{
	"credit": "Made by p_uuu",
	"texture_size": [32, 32],
	"textures": {
		"0": "item/models/missile",
		"particle": "item/models/missile"
	},
	"elements": [
		{
			"from": [8, 1, 17],
			"to": [8, 13, 22],
			"rotation": {"angle": 0, "axis": "y", "origin": [7, 6, 20]},
			"faces": {
				"north": {"uv": [2.5, 8.5, 2.5, 14.5], "texture": "#0"},
				"east": {"uv": [0, 8.5, 2.5, 14.5], "texture": "#0"},
				"south": {"uv": [5, 8.5, 5, 14.5], "texture": "#0"},
				"west": {"uv": [2.5, 8.5, 0, 14.5], "texture": "#0"},
				"up": {"uv": [2.5, 8.5, 2.5, 6], "texture": "#0"},
				"down": {"uv": [2.5, 6, 2.5, 8.5], "texture": "#0"}
			}
		},
		{
			"from": [2, 7, 17],
			"to": [14, 7, 22],
			"rotation": {"angle": 0, "axis": "z", "origin": [8, 7, 19.5]},
			"faces": {
				"north": {"uv": [2.5, 8.5, 2.5, 14.5], "rotation": 270, "texture": "#0"},
				"east": {"uv": [2.5, 8.5, 2.5, 6], "rotation": 90, "texture": "#0"},
				"south": {"uv": [5, 8.5, 5, 14.5], "rotation": 90, "texture": "#0"},
				"west": {"uv": [2.5, 6, 2.5, 8.5], "rotation": 90, "texture": "#0"},
				"up": {"uv": [2.5, 8.5, 0, 14.5], "rotation": 90, "texture": "#0"},
				"down": {"uv": [0, 8.5, 2.5, 14.5], "rotation": 90, "texture": "#0"}
			}
		},
		{
			"from": [5, 4, 13],
			"to": [11, 10, 17],
			"rotation": {"angle": 0, "axis": "z", "origin": [8, 7, 14.5]},
			"faces": {
				"north": {"uv": [3, 5, 6, 8], "rotation": 270, "texture": "#0"},
				"east": {"uv": [0, 6, 3, 8], "rotation": 90, "texture": "#0"},
				"south": {"uv": [3, 5, 6, 8], "rotation": 90, "texture": "#0"},
				"west": {"uv": [0, 6, 3, 8], "rotation": 270, "texture": "#0"},
				"up": {"uv": [0, 6, 3, 8], "texture": "#0"},
				"down": {"uv": [0, 6, 3, 8], "rotation": 180, "texture": "#0"}
			}
		},
		{
			"from": [5, 4, 0],
			"to": [11, 10, 12],
			"rotation": {"angle": 0, "axis": "z", "origin": [8, 7, 9.5]},
			"faces": {
				"north": {"uv": [3, 5, 6, 8], "texture": "#0"},
				"east": {"uv": [3, 0, 0, 6], "rotation": 270, "texture": "#0"},
				"south": {"uv": [3, 5, 6, 8], "texture": "#0"},
				"west": {"uv": [0, 0, 3, 6], "rotation": 90, "texture": "#0"},
				"up": {"uv": [3, 6, 0, 0], "texture": "#0"},
				"down": {"uv": [3, 0, 0, 6], "texture": "#0"}
			}
		},
		{
			"from": [5.5, 4.5, -2],
			"to": [10.5, 9.5, 0],
			"rotation": {"angle": 0, "axis": "z", "origin": [8, 7, -2.5]},
			"faces": {
				"north": {"uv": [6.5, 3, 9, 5.5], "texture": "#0"},
				"east": {"uv": [6.5, 0, 7.5, 2.5], "texture": "#0"},
				"south": {"uv": [6.5, 3, 9, 5.5], "texture": "#0"},
				"west": {"uv": [6.5, 0, 7.5, 2.5], "texture": "#0"},
				"up": {"uv": [9, 1, 6.5, 0], "texture": "#0"},
				"down": {"uv": [9, 0, 6.5, 1], "texture": "#0"}
			}
		},
		{
			"from": [6, 5, -4],
			"to": [10, 9, -2],
			"rotation": {"angle": 0, "axis": "z", "origin": [8, 7, -4.5]},
			"faces": {
				"north": {"uv": [3.5, 5.5, 5.5, 7.5], "texture": "#0"},
				"east": {"uv": [6.5, 3.5, 7.5, 5.5], "texture": "#0"},
				"south": {"uv": [3.5, 5.5, 5.5, 7.5], "texture": "#0"},
				"west": {"uv": [6.5, 3.5, 7.5, 5.5], "texture": "#0"},
				"up": {"uv": [8.5, 4, 6.5, 3], "texture": "#0"},
				"down": {"uv": [8.5, 3, 6.5, 4], "texture": "#0"}
			}
		},
		{
			"from": [7, 6, -5],
			"to": [9, 8, -4],
			"rotation": {"angle": 0, "axis": "z", "origin": [8, 7, -6.5]},
			"faces": {
				"north": {"uv": [4, 6, 5, 7], "texture": "#0"},
				"east": {"uv": [6.5, 3.5, 7, 4.5], "texture": "#0"},
				"south": {"uv": [4, 6, 5, 7], "texture": "#0"},
				"west": {"uv": [6.5, 3.5, 7, 4.5], "texture": "#0"},
				"up": {"uv": [7.5, 3.5, 6.5, 3], "texture": "#0"},
				"down": {"uv": [7.5, 3, 6.5, 3.5], "texture": "#0"}
			}
		},
		{
			"from": [5.5, 4.5, 12],
			"to": [10.5, 9.5, 13],
			"rotation": {"angle": 0, "axis": "z", "origin": [8, 7, 10.5]},
			"faces": {
				"north": {"uv": [3, 5.5, 5.5, 8], "rotation": 270, "texture": "#0"},
				"east": {"uv": [3, 4.5, 5.5, 5], "rotation": 90, "texture": "#0"},
				"south": {"uv": [3, 5.5, 5.5, 8], "rotation": 90, "texture": "#0"},
				"west": {"uv": [3, 4.5, 5.5, 5], "rotation": 90, "texture": "#0"},
				"up": {"uv": [3, 4.5, 5.5, 5], "rotation": 180, "texture": "#0"},
				"down": {"uv": [3, 4.5, 5.5, 5], "rotation": 180, "texture": "#0"}
			}
		},
		{
			"from": [6, 5, 17],
			"to": [10, 9, 20],
			"rotation": {"angle": -45, "axis": "z", "origin": [8, 7, 18.5]},
			"faces": {
				"north": {"uv": [5.5, 5.5, 3.5, 7.5], "texture": "#0"},
				"east": {"uv": [8, 6, 6.5, 8], "texture": "#0"},
				"south": {"uv": [5.5, 5.5, 3.5, 7.5], "texture": "#0"},
				"west": {"uv": [8, 6, 6.5, 8], "rotation": 180, "texture": "#0"},
				"up": {"uv": [6.5, 8, 8, 6], "rotation": 90, "texture": "#0"},
				"down": {"uv": [8, 8, 6.5, 6], "rotation": 90, "texture": "#0"}
			}
		}
	],
	"display": {
		"thirdperson_righthand": {
			"rotation": [75, 45, 0],
			"translation": [0, 2.5, 0],
			"scale": [0.375, 0.375, 0.375]
		},
		"firstperson_righthand": {
			"rotation": [77, 9, 0],
			"translation": [0, 3, 0],
			"scale": [0.4, 0.4, 0.4]
		},
		"ground": {
			"translation": [0, 2, 0],
			"scale": [0.5, 0.5, 0.5]
		},
		"gui": {
			"rotation": [30, 225, 0],
			"translation": [1, -0.5, 0],
			"scale": [0.625, 0.625, 0.625]
		},
		"fixed": {
			"rotation": [0, 90, 0]
		}
	}
}