{"model":{"type":"minecraft:composite","models":[{"type":"model","model":"bm:player_limb/chest_0","tints":[{"type":"minecraft:custom_model_data","index":0,"default":0},{"type":"minecraft:custom_model_data","index":1,"default":0},{"type":"minecraft:custom_model_data","index":2,"default":0},{"type":"minecraft:custom_model_data","index":3,"default":0},{"type":"minecraft:custom_model_data","index":4,"default":0},{"type":"minecraft:custom_model_data","index":5,"default":0},{"type":"minecraft:custom_model_data","index":6,"default":0},{"type":"minecraft:custom_model_data","index":7,"default":0},{"type":"minecraft:custom_model_data","index":8,"default":0},{"type":"minecraft:custom_model_data","index":9,"default":0},{"type":"minecraft:custom_model_data","index":10,"default":0},{"type":"minecraft:custom_model_data","index":11,"default":0},{"type":"minecraft:custom_model_data","index":12,"default":0},{"type":"minecraft:custom_model_data","index":13,"default":0},{"type":"minecraft:custom_model_data","index":14,"default":0},{"type":"minecraft:custom_model_data","index":15,"default":0},{"type":"minecraft:custom_model_data","index":16,"default":0},{"type":"minecraft:custom_model_data","index":17,"default":0},{"type":"minecraft:custom_model_data","index":18,"default":0},{"type":"minecraft:custom_model_data","index":19,"default":0},{"type":"minecraft:custom_model_data","index":20,"default":0},{"type":"minecraft:custom_model_data","index":21,"default":0},{"type":"minecraft:custom_model_data","index":22,"default":0},{"type":"minecraft:custom_model_data","index":23,"default":0},{"type":"minecraft:custom_model_data","index":24,"default":0},{"type":"minecraft:custom_model_data","index":25,"default":0},{"type":"minecraft:custom_model_data","index":26,"default":0},{"type":"minecraft:custom_model_data","index":27,"default":0},{"type":"minecraft:custom_model_data","index":28,"default":0},{"type":"minecraft:custom_model_data","index":29,"default":0},{"type":"minecraft:custom_model_data","index":30,"default":0},{"type":"minecraft:custom_model_data","index":31,"default":0},{"type":"minecraft:custom_model_data","index":32,"default":0},{"type":"minecraft:custom_model_data","index":33,"default":0},{"type":"minecraft:custom_model_data","index":34,"default":0},{"type":"minecraft:custom_model_data","index":35,"default":0},{"type":"minecraft:custom_model_data","index":36,"default":0},{"type":"minecraft:custom_model_data","index":37,"default":0},{"type":"minecraft:custom_model_data","index":38,"default":0},{"type":"minecraft:custom_model_data","index":39,"default":0},{"type":"minecraft:custom_model_data","index":40,"default":0},{"type":"minecraft:custom_model_data","index":41,"default":0},{"type":"minecraft:custom_model_data","index":42,"default":0},{"type":"minecraft:custom_model_data","index":43,"default":0},{"type":"minecraft:custom_model_data","index":44,"default":0},{"type":"minecraft:custom_model_data","index":45,"default":0},{"type":"minecraft:custom_model_data","index":46,"default":0},{"type":"minecraft:custom_model_data","index":47,"default":0},{"type":"minecraft:custom_model_data","index":48,"default":0},{"type":"minecraft:custom_model_data","index":49,"default":0},{"type":"minecraft:custom_model_data","index":50,"default":0},{"type":"minecraft:custom_model_data","index":51,"default":0},{"type":"minecraft:custom_model_data","index":52,"default":0},{"type":"minecraft:custom_model_data","index":53,"default":0},{"type":"minecraft:custom_model_data","index":54,"default":0},{"type":"minecraft:custom_model_data","index":55,"default":0},{"type":"minecraft:custom_model_data","index":56,"default":0},{"type":"minecraft:custom_model_data","index":57,"default":0},{"type":"minecraft:custom_model_data","index":58,"default":0},{"type":"minecraft:custom_model_data","index":59,"default":0},{"type":"minecraft:custom_model_data","index":60,"default":0},{"type":"minecraft:custom_model_data","index":61,"default":0},{"type":"minecraft:custom_model_data","index":62,"default":0},{"type":"minecraft:custom_model_data","index":63,"default":0},{"type":"minecraft:custom_model_data","index":64,"default":0},{"type":"minecraft:custom_model_data","index":65,"default":0},{"type":"minecraft:custom_model_data","index":66,"default":0},{"type":"minecraft:custom_model_data","index":67,"default":0},{"type":"minecraft:custom_model_data","index":68,"default":0},{"type":"minecraft:custom_model_data","index":69,"default":0},{"type":"minecraft:custom_model_data","index":70,"default":0},{"type":"minecraft:custom_model_data","index":71,"default":0},{"type":"minecraft:custom_model_data","index":72,"default":0},{"type":"minecraft:custom_model_data","index":73,"default":0},{"type":"minecraft:custom_model_data","index":74,"default":0},{"type":"minecraft:custom_model_data","index":75,"default":0},{"type":"minecraft:custom_model_data","index":76,"default":0},{"type":"minecraft:custom_model_data","index":77,"default":0},{"type":"minecraft:custom_model_data","index":78,"default":0},{"type":"minecraft:custom_model_data","index":79,"default":0},{"type":"minecraft:custom_model_data","index":80,"default":0},{"type":"minecraft:custom_model_data","index":81,"default":0},{"type":"minecraft:custom_model_data","index":82,"default":0},{"type":"minecraft:custom_model_data","index":83,"default":0},{"type":"minecraft:custom_model_data","index":84,"default":0},{"type":"minecraft:custom_model_data","index":85,"default":0},{"type":"minecraft:custom_model_data","index":86,"default":0},{"type":"minecraft:custom_model_data","index":87,"default":0},{"type":"minecraft:custom_model_data","index":88,"default":0},{"type":"minecraft:custom_model_data","index":89,"default":0},{"type":"minecraft:custom_model_data","index":90,"default":0},{"type":"minecraft:custom_model_data","index":91,"default":0},{"type":"minecraft:custom_model_data","index":92,"default":0},{"type":"minecraft:custom_model_data","index":93,"default":0},{"type":"minecraft:custom_model_data","index":94,"default":0},{"type":"minecraft:custom_model_data","index":95,"default":0},{"type":"minecraft:custom_model_data","index":96,"default":0},{"type":"minecraft:custom_model_data","index":97,"default":0},{"type":"minecraft:custom_model_data","index":98,"default":0},{"type":"minecraft:custom_model_data","index":99,"default":0},{"type":"minecraft:custom_model_data","index":100,"default":0},{"type":"minecraft:custom_model_data","index":101,"default":0},{"type":"minecraft:custom_model_data","index":102,"default":0},{"type":"minecraft:custom_model_data","index":103,"default":0},{"type":"minecraft:custom_model_data","index":104,"default":0},{"type":"minecraft:custom_model_data","index":105,"default":0},{"type":"minecraft:custom_model_data","index":106,"default":0},{"type":"minecraft:custom_model_data","index":107,"default":0},{"type":"minecraft:custom_model_data","index":108,"default":0},{"type":"minecraft:custom_model_data","index":109,"default":0},{"type":"minecraft:custom_model_data","index":110,"default":0},{"type":"minecraft:custom_model_data","index":111,"default":0},{"type":"minecraft:custom_model_data","index":112,"default":0},{"type":"minecraft:custom_model_data","index":113,"default":0},{"type":"minecraft:custom_model_data","index":114,"default":0},{"type":"minecraft:custom_model_data","index":115,"default":0},{"type":"minecraft:custom_model_data","index":116,"default":0},{"type":"minecraft:custom_model_data","index":117,"default":0},{"type":"minecraft:custom_model_data","index":118,"default":0},{"type":"minecraft:custom_model_data","index":119,"default":0},{"type":"minecraft:custom_model_data","index":120,"default":0},{"type":"minecraft:custom_model_data","index":121,"default":0},{"type":"minecraft:custom_model_data","index":122,"default":0},{"type":"minecraft:custom_model_data","index":123,"default":0},{"type":"minecraft:custom_model_data","index":124,"default":0},{"type":"minecraft:custom_model_data","index":125,"default":0},{"type":"minecraft:custom_model_data","index":126,"default":0},{"type":"minecraft:custom_model_data","index":127,"default":0}]},{"type":"minecraft:condition","property":"minecraft:custom_model_data","index":0,"on_true":{"type":"model","model":"bm:player_limb/chest_1","tints":[{"type":"minecraft:custom_model_data","index":128,"default":0}]},"on_false":{"type":"empty"}},{"type":"minecraft:condition","property":"minecraft:custom_model_data","index":1,"on_true":{"type":"model","model":"bm:player_limb/chest_2","tints":[{"type":"minecraft:custom_model_data","index":129,"default":0}]},"on_false":{"type":"empty"}},{"type":"minecraft:condition","property":"minecraft:custom_model_data","index":2,"on_true":{"type":"model","model":"bm:player_limb/chest_3","tints":[{"type":"minecraft:custom_model_data","index":130,"default":0}]},"on_false":{"type":"empty"}},{"type":"minecraft:condition","property":"minecraft:custom_model_data","index":3,"on_true":{"type":"model","model":"bm:player_limb/chest_4","tints":[{"type":"minecraft:custom_model_data","index":131,"default":0}]},"on_false":{"type":"empty"}},{"type":"minecraft:condition","property":"minecraft:custom_model_data","index":4,"on_true":{"type":"model","model":"bm:player_limb/chest_5","tints":[{"type":"minecraft:custom_model_data","index":132,"default":0}]},"on_false":{"type":"empty"}},{"type":"minecraft:condition","property":"minecraft:custom_model_data","index":5,"on_true":{"type":"model","model":"bm:player_limb/chest_6","tints":[{"type":"minecraft:custom_model_data","index":133,"default":0}]},"on_false":{"type":"empty"}},{"type":"minecraft:condition","property":"minecraft:custom_model_data","index":6,"on_true":{"type":"model","model":"bm:player_limb/chest_7","tints":[{"type":"minecraft:custom_model_data","index":134,"default":0}]},"on_false":{"type":"empty"}},{"type":"minecraft:condition","property":"minecraft:custom_model_data","index":7,"on_true":{"type":"model","model":"bm:player_limb/chest_8","tints":[{"type":"minecraft:custom_model_data","index":135,"default":0}]},"on_false":{"type":"empty"}},{"type":"minecraft:condition","property":"minecraft:custom_model_data","index":8,"on_true":{"type":"model","model":"bm:player_limb/chest_9","tints":[{"type":"minecraft:custom_model_data","index":136,"default":0}]},"on_false":{"type":"empty"}},{"type":"minecraft:condition","property":"minecraft:custom_model_data","index":9,"on_true":{"type":"model","model":"bm:player_limb/chest_10","tints":[{"type":"minecraft:custom_model_data","index":137,"default":0}]},"on_false":{"type":"empty"}},{"type":"minecraft:condition","property":"minecraft:custom_model_data","index":10,"on_true":{"type":"model","model":"bm:player_limb/chest_11","tints":[{"type":"minecraft:custom_model_data","index":138,"default":0}]},"on_false":{"type":"empty"}},{"type":"minecraft:condition","property":"minecraft:custom_model_data","index":11,"on_true":{"type":"model","model":"bm:player_limb/chest_12","tints":[{"type":"minecraft:custom_model_data","index":139,"default":0}]},"on_false":{"type":"empty"}},{"type":"minecraft:condition","property":"minecraft:custom_model_data","index":12,"on_true":{"type":"model","model":"bm:player_limb/chest_13","tints":[{"type":"minecraft:custom_model_data","index":140,"default":0}]},"on_false":{"type":"empty"}},{"type":"minecraft:condition","property":"minecraft:custom_model_data","index":13,"on_true":{"type":"model","model":"bm:player_limb/chest_14","tints":[{"type":"minecraft:custom_model_data","index":141,"default":0}]},"on_false":{"type":"empty"}},{"type":"minecraft:condition","property":"minecraft:custom_model_data","index":14,"on_true":{"type":"model","model":"bm:player_limb/chest_15","tints":[{"type":"minecraft:custom_model_data","index":142,"default":0}]},"on_false":{"type":"empty"}},{"type":"minecraft:condition","property":"minecraft:custom_model_data","index":15,"on_true":{"type":"model","model":"bm:player_limb/chest_16","tints":[{"type":"minecraft:custom_model_data","index":143,"default":0}]},"on_false":{"type":"empty"}},{"type":"minecraft:condition","property":"minecraft:custom_model_data","index":16,"on_true":{"type":"model","model":"bm:player_limb/chest_17","tints":[{"type":"minecraft:custom_model_data","index":144,"default":0}]},"on_false":{"type":"empty"}},{"type":"minecraft:condition","property":"minecraft:custom_model_data","index":17,"on_true":{"type":"model","model":"bm:player_limb/chest_18","tints":[{"type":"minecraft:custom_model_data","index":145,"default":0}]},"on_false":{"type":"empty"}},{"type":"minecraft:condition","property":"minecraft:custom_model_data","index":18,"on_true":{"type":"model","model":"bm:player_limb/chest_19","tints":[{"type":"minecraft:custom_model_data","index":146,"default":0}]},"on_false":{"type":"empty"}},{"type":"minecraft:condition","property":"minecraft:custom_model_data","index":19,"on_true":{"type":"model","model":"bm:player_limb/chest_20","tints":[{"type":"minecraft:custom_model_data","index":147,"default":0}]},"on_false":{"type":"empty"}},{"type":"minecraft:condition","property":"minecraft:custom_model_data","index":20,"on_true":{"type":"model","model":"bm:player_limb/chest_21","tints":[{"type":"minecraft:custom_model_data","index":148,"default":0}]},"on_false":{"type":"empty"}},{"type":"minecraft:condition","property":"minecraft:custom_model_data","index":21,"on_true":{"type":"model","model":"bm:player_limb/chest_22","tints":[{"type":"minecraft:custom_model_data","index":149,"default":0}]},"on_false":{"type":"empty"}},{"type":"minecraft:condition","property":"minecraft:custom_model_data","index":22,"on_true":{"type":"model","model":"bm:player_limb/chest_23","tints":[{"type":"minecraft:custom_model_data","index":150,"default":0}]},"on_false":{"type":"empty"}},{"type":"minecraft:condition","property":"minecraft:custom_model_data","index":23,"on_true":{"type":"model","model":"bm:player_limb/chest_24","tints":[{"type":"minecraft:custom_model_data","index":151,"default":0}]},"on_false":{"type":"empty"}},{"type":"minecraft:condition","property":"minecraft:custom_model_data","index":24,"on_true":{"type":"model","model":"bm:player_limb/chest_25","tints":[{"type":"minecraft:custom_model_data","index":152,"default":0}]},"on_false":{"type":"empty"}},{"type":"minecraft:condition","property":"minecraft:custom_model_data","index":25,"on_true":{"type":"model","model":"bm:player_limb/chest_26","tints":[{"type":"minecraft:custom_model_data","index":153,"default":0}]},"on_false":{"type":"empty"}},{"type":"minecraft:condition","property":"minecraft:custom_model_data","index":26,"on_true":{"type":"model","model":"bm:player_limb/chest_27","tints":[{"type":"minecraft:custom_model_data","index":154,"default":0}]},"on_false":{"type":"empty"}},{"type":"minecraft:condition","property":"minecraft:custom_model_data","index":27,"on_true":{"type":"model","model":"bm:player_limb/chest_28","tints":[{"type":"minecraft:custom_model_data","index":155,"default":0}]},"on_false":{"type":"empty"}},{"type":"minecraft:condition","property":"minecraft:custom_model_data","index":28,"on_true":{"type":"model","model":"bm:player_limb/chest_29","tints":[{"type":"minecraft:custom_model_data","index":156,"default":0}]},"on_false":{"type":"empty"}},{"type":"minecraft:condition","property":"minecraft:custom_model_data","index":29,"on_true":{"type":"model","model":"bm:player_limb/chest_30","tints":[{"type":"minecraft:custom_model_data","index":157,"default":0}]},"on_false":{"type":"empty"}},{"type":"minecraft:condition","property":"minecraft:custom_model_data","index":30,"on_true":{"type":"model","model":"bm:player_limb/chest_31","tints":[{"type":"minecraft:custom_model_data","index":158,"default":0}]},"on_false":{"type":"empty"}},{"type":"minecraft:condition","property":"minecraft:custom_model_data","index":31,"on_true":{"type":"model","model":"bm:player_limb/chest_32","tints":[{"type":"minecraft:custom_model_data","index":159,"default":0}]},"on_false":{"type":"empty"}},{"type":"minecraft:condition","property":"minecraft:custom_model_data","index":32,"on_true":{"type":"model","model":"bm:player_limb/chest_33","tints":[{"type":"minecraft:custom_model_data","index":160,"default":0}]},"on_false":{"type":"empty"}},{"type":"minecraft:condition","property":"minecraft:custom_model_data","index":33,"on_true":{"type":"model","model":"bm:player_limb/chest_34","tints":[{"type":"minecraft:custom_model_data","index":161,"default":0}]},"on_false":{"type":"empty"}},{"type":"minecraft:condition","property":"minecraft:custom_model_data","index":34,"on_true":{"type":"model","model":"bm:player_limb/chest_35","tints":[{"type":"minecraft:custom_model_data","index":162,"default":0}]},"on_false":{"type":"empty"}},{"type":"minecraft:condition","property":"minecraft:custom_model_data","index":35,"on_true":{"type":"model","model":"bm:player_limb/chest_36","tints":[{"type":"minecraft:custom_model_data","index":163,"default":0}]},"on_false":{"type":"empty"}},{"type":"minecraft:condition","property":"minecraft:custom_model_data","index":36,"on_true":{"type":"model","model":"bm:player_limb/chest_37","tints":[{"type":"minecraft:custom_model_data","index":164,"default":0}]},"on_false":{"type":"empty"}},{"type":"minecraft:condition","property":"minecraft:custom_model_data","index":37,"on_true":{"type":"model","model":"bm:player_limb/chest_38","tints":[{"type":"minecraft:custom_model_data","index":165,"default":0}]},"on_false":{"type":"empty"}},{"type":"minecraft:condition","property":"minecraft:custom_model_data","index":38,"on_true":{"type":"model","model":"bm:player_limb/chest_39","tints":[{"type":"minecraft:custom_model_data","index":166,"default":0}]},"on_false":{"type":"empty"}},{"type":"minecraft:condition","property":"minecraft:custom_model_data","index":39,"on_true":{"type":"model","model":"bm:player_limb/chest_40","tints":[{"type":"minecraft:custom_model_data","index":167,"default":0}]},"on_false":{"type":"empty"}},{"type":"minecraft:condition","property":"minecraft:custom_model_data","index":40,"on_true":{"type":"model","model":"bm:player_limb/chest_41","tints":[{"type":"minecraft:custom_model_data","index":168,"default":0}]},"on_false":{"type":"empty"}},{"type":"minecraft:condition","property":"minecraft:custom_model_data","index":41,"on_true":{"type":"model","model":"bm:player_limb/chest_42","tints":[{"type":"minecraft:custom_model_data","index":169,"default":0}]},"on_false":{"type":"empty"}},{"type":"minecraft:condition","property":"minecraft:custom_model_data","index":42,"on_true":{"type":"model","model":"bm:player_limb/chest_43","tints":[{"type":"minecraft:custom_model_data","index":170,"default":0}]},"on_false":{"type":"empty"}},{"type":"minecraft:condition","property":"minecraft:custom_model_data","index":43,"on_true":{"type":"model","model":"bm:player_limb/chest_44","tints":[{"type":"minecraft:custom_model_data","index":171,"default":0}]},"on_false":{"type":"empty"}},{"type":"minecraft:condition","property":"minecraft:custom_model_data","index":44,"on_true":{"type":"model","model":"bm:player_limb/chest_45","tints":[{"type":"minecraft:custom_model_data","index":172,"default":0}]},"on_false":{"type":"empty"}},{"type":"minecraft:condition","property":"minecraft:custom_model_data","index":45,"on_true":{"type":"model","model":"bm:player_limb/chest_46","tints":[{"type":"minecraft:custom_model_data","index":173,"default":0}]},"on_false":{"type":"empty"}},{"type":"minecraft:condition","property":"minecraft:custom_model_data","index":46,"on_true":{"type":"model","model":"bm:player_limb/chest_47","tints":[{"type":"minecraft:custom_model_data","index":174,"default":0}]},"on_false":{"type":"empty"}},{"type":"minecraft:condition","property":"minecraft:custom_model_data","index":47,"on_true":{"type":"model","model":"bm:player_limb/chest_48","tints":[{"type":"minecraft:custom_model_data","index":175,"default":0}]},"on_false":{"type":"empty"}},{"type":"minecraft:condition","property":"minecraft:custom_model_data","index":48,"on_true":{"type":"model","model":"bm:player_limb/chest_49","tints":[{"type":"minecraft:custom_model_data","index":176,"default":0}]},"on_false":{"type":"empty"}},{"type":"minecraft:condition","property":"minecraft:custom_model_data","index":49,"on_true":{"type":"model","model":"bm:player_limb/chest_50","tints":[{"type":"minecraft:custom_model_data","index":177,"default":0}]},"on_false":{"type":"empty"}},{"type":"minecraft:condition","property":"minecraft:custom_model_data","index":50,"on_true":{"type":"model","model":"bm:player_limb/chest_51","tints":[{"type":"minecraft:custom_model_data","index":178,"default":0}]},"on_false":{"type":"empty"}},{"type":"minecraft:condition","property":"minecraft:custom_model_data","index":51,"on_true":{"type":"model","model":"bm:player_limb/chest_52","tints":[{"type":"minecraft:custom_model_data","index":179,"default":0}]},"on_false":{"type":"empty"}},{"type":"minecraft:condition","property":"minecraft:custom_model_data","index":52,"on_true":{"type":"model","model":"bm:player_limb/chest_53","tints":[{"type":"minecraft:custom_model_data","index":180,"default":0}]},"on_false":{"type":"empty"}},{"type":"minecraft:condition","property":"minecraft:custom_model_data","index":53,"on_true":{"type":"model","model":"bm:player_limb/chest_54","tints":[{"type":"minecraft:custom_model_data","index":181,"default":0}]},"on_false":{"type":"empty"}},{"type":"minecraft:condition","property":"minecraft:custom_model_data","index":54,"on_true":{"type":"model","model":"bm:player_limb/chest_55","tints":[{"type":"minecraft:custom_model_data","index":182,"default":0}]},"on_false":{"type":"empty"}},{"type":"minecraft:condition","property":"minecraft:custom_model_data","index":55,"on_true":{"type":"model","model":"bm:player_limb/chest_56","tints":[{"type":"minecraft:custom_model_data","index":183,"default":0}]},"on_false":{"type":"empty"}},{"type":"minecraft:condition","property":"minecraft:custom_model_data","index":56,"on_true":{"type":"model","model":"bm:player_limb/chest_57","tints":[{"type":"minecraft:custom_model_data","index":184,"default":0}]},"on_false":{"type":"empty"}},{"type":"minecraft:condition","property":"minecraft:custom_model_data","index":57,"on_true":{"type":"model","model":"bm:player_limb/chest_58","tints":[{"type":"minecraft:custom_model_data","index":185,"default":0}]},"on_false":{"type":"empty"}},{"type":"minecraft:condition","property":"minecraft:custom_model_data","index":58,"on_true":{"type":"model","model":"bm:player_limb/chest_59","tints":[{"type":"minecraft:custom_model_data","index":186,"default":0}]},"on_false":{"type":"empty"}},{"type":"minecraft:condition","property":"minecraft:custom_model_data","index":59,"on_true":{"type":"model","model":"bm:player_limb/chest_60","tints":[{"type":"minecraft:custom_model_data","index":187,"default":0}]},"on_false":{"type":"empty"}},{"type":"minecraft:condition","property":"minecraft:custom_model_data","index":60,"on_true":{"type":"model","model":"bm:player_limb/chest_61","tints":[{"type":"minecraft:custom_model_data","index":188,"default":0}]},"on_false":{"type":"empty"}},{"type":"minecraft:condition","property":"minecraft:custom_model_data","index":61,"on_true":{"type":"model","model":"bm:player_limb/chest_62","tints":[{"type":"minecraft:custom_model_data","index":189,"default":0}]},"on_false":{"type":"empty"}},{"type":"minecraft:condition","property":"minecraft:custom_model_data","index":62,"on_true":{"type":"model","model":"bm:player_limb/chest_63","tints":[{"type":"minecraft:custom_model_data","index":190,"default":0}]},"on_false":{"type":"empty"}},{"type":"minecraft:condition","property":"minecraft:custom_model_data","index":63,"on_true":{"type":"model","model":"bm:player_limb/chest_64","tints":[{"type":"minecraft:custom_model_data","index":191,"default":0}]},"on_false":{"type":"empty"}},{"type":"minecraft:condition","property":"minecraft:custom_model_data","index":64,"on_true":{"type":"model","model":"bm:player_limb/chest_65","tints":[{"type":"minecraft:custom_model_data","index":192,"default":0}]},"on_false":{"type":"empty"}},{"type":"minecraft:condition","property":"minecraft:custom_model_data","index":65,"on_true":{"type":"model","model":"bm:player_limb/chest_66","tints":[{"type":"minecraft:custom_model_data","index":193,"default":0}]},"on_false":{"type":"empty"}},{"type":"minecraft:condition","property":"minecraft:custom_model_data","index":66,"on_true":{"type":"model","model":"bm:player_limb/chest_67","tints":[{"type":"minecraft:custom_model_data","index":194,"default":0}]},"on_false":{"type":"empty"}},{"type":"minecraft:condition","property":"minecraft:custom_model_data","index":67,"on_true":{"type":"model","model":"bm:player_limb/chest_68","tints":[{"type":"minecraft:custom_model_data","index":195,"default":0}]},"on_false":{"type":"empty"}},{"type":"minecraft:condition","property":"minecraft:custom_model_data","index":68,"on_true":{"type":"model","model":"bm:player_limb/chest_69","tints":[{"type":"minecraft:custom_model_data","index":196,"default":0}]},"on_false":{"type":"empty"}},{"type":"minecraft:condition","property":"minecraft:custom_model_data","index":69,"on_true":{"type":"model","model":"bm:player_limb/chest_70","tints":[{"type":"minecraft:custom_model_data","index":197,"default":0}]},"on_false":{"type":"empty"}},{"type":"minecraft:condition","property":"minecraft:custom_model_data","index":70,"on_true":{"type":"model","model":"bm:player_limb/chest_71","tints":[{"type":"minecraft:custom_model_data","index":198,"default":0}]},"on_false":{"type":"empty"}},{"type":"minecraft:condition","property":"minecraft:custom_model_data","index":71,"on_true":{"type":"model","model":"bm:player_limb/chest_72","tints":[{"type":"minecraft:custom_model_data","index":199,"default":0}]},"on_false":{"type":"empty"}},{"type":"minecraft:condition","property":"minecraft:custom_model_data","index":72,"on_true":{"type":"model","model":"bm:player_limb/chest_73","tints":[{"type":"minecraft:custom_model_data","index":200,"default":0}]},"on_false":{"type":"empty"}},{"type":"minecraft:condition","property":"minecraft:custom_model_data","index":73,"on_true":{"type":"model","model":"bm:player_limb/chest_74","tints":[{"type":"minecraft:custom_model_data","index":201,"default":0}]},"on_false":{"type":"empty"}},{"type":"minecraft:condition","property":"minecraft:custom_model_data","index":74,"on_true":{"type":"model","model":"bm:player_limb/chest_75","tints":[{"type":"minecraft:custom_model_data","index":202,"default":0}]},"on_false":{"type":"empty"}},{"type":"minecraft:condition","property":"minecraft:custom_model_data","index":75,"on_true":{"type":"model","model":"bm:player_limb/chest_76","tints":[{"type":"minecraft:custom_model_data","index":203,"default":0}]},"on_false":{"type":"empty"}},{"type":"minecraft:condition","property":"minecraft:custom_model_data","index":76,"on_true":{"type":"model","model":"bm:player_limb/chest_77","tints":[{"type":"minecraft:custom_model_data","index":204,"default":0}]},"on_false":{"type":"empty"}},{"type":"minecraft:condition","property":"minecraft:custom_model_data","index":77,"on_true":{"type":"model","model":"bm:player_limb/chest_78","tints":[{"type":"minecraft:custom_model_data","index":205,"default":0}]},"on_false":{"type":"empty"}},{"type":"minecraft:condition","property":"minecraft:custom_model_data","index":78,"on_true":{"type":"model","model":"bm:player_limb/chest_79","tints":[{"type":"minecraft:custom_model_data","index":206,"default":0}]},"on_false":{"type":"empty"}},{"type":"minecraft:condition","property":"minecraft:custom_model_data","index":79,"on_true":{"type":"model","model":"bm:player_limb/chest_80","tints":[{"type":"minecraft:custom_model_data","index":207,"default":0}]},"on_false":{"type":"empty"}},{"type":"minecraft:condition","property":"minecraft:custom_model_data","index":80,"on_true":{"type":"model","model":"bm:player_limb/chest_81","tints":[{"type":"minecraft:custom_model_data","index":208,"default":0}]},"on_false":{"type":"empty"}},{"type":"minecraft:condition","property":"minecraft:custom_model_data","index":81,"on_true":{"type":"model","model":"bm:player_limb/chest_82","tints":[{"type":"minecraft:custom_model_data","index":209,"default":0}]},"on_false":{"type":"empty"}},{"type":"minecraft:condition","property":"minecraft:custom_model_data","index":82,"on_true":{"type":"model","model":"bm:player_limb/chest_83","tints":[{"type":"minecraft:custom_model_data","index":210,"default":0}]},"on_false":{"type":"empty"}},{"type":"minecraft:condition","property":"minecraft:custom_model_data","index":83,"on_true":{"type":"model","model":"bm:player_limb/chest_84","tints":[{"type":"minecraft:custom_model_data","index":211,"default":0}]},"on_false":{"type":"empty"}},{"type":"minecraft:condition","property":"minecraft:custom_model_data","index":84,"on_true":{"type":"model","model":"bm:player_limb/chest_85","tints":[{"type":"minecraft:custom_model_data","index":212,"default":0}]},"on_false":{"type":"empty"}},{"type":"minecraft:condition","property":"minecraft:custom_model_data","index":85,"on_true":{"type":"model","model":"bm:player_limb/chest_86","tints":[{"type":"minecraft:custom_model_data","index":213,"default":0}]},"on_false":{"type":"empty"}},{"type":"minecraft:condition","property":"minecraft:custom_model_data","index":86,"on_true":{"type":"model","model":"bm:player_limb/chest_87","tints":[{"type":"minecraft:custom_model_data","index":214,"default":0}]},"on_false":{"type":"empty"}},{"type":"minecraft:condition","property":"minecraft:custom_model_data","index":87,"on_true":{"type":"model","model":"bm:player_limb/chest_88","tints":[{"type":"minecraft:custom_model_data","index":215,"default":0}]},"on_false":{"type":"empty"}},{"type":"minecraft:condition","property":"minecraft:custom_model_data","index":88,"on_true":{"type":"model","model":"bm:player_limb/chest_89","tints":[{"type":"minecraft:custom_model_data","index":216,"default":0}]},"on_false":{"type":"empty"}},{"type":"minecraft:condition","property":"minecraft:custom_model_data","index":89,"on_true":{"type":"model","model":"bm:player_limb/chest_90","tints":[{"type":"minecraft:custom_model_data","index":217,"default":0}]},"on_false":{"type":"empty"}},{"type":"minecraft:condition","property":"minecraft:custom_model_data","index":90,"on_true":{"type":"model","model":"bm:player_limb/chest_91","tints":[{"type":"minecraft:custom_model_data","index":218,"default":0}]},"on_false":{"type":"empty"}},{"type":"minecraft:condition","property":"minecraft:custom_model_data","index":91,"on_true":{"type":"model","model":"bm:player_limb/chest_92","tints":[{"type":"minecraft:custom_model_data","index":219,"default":0}]},"on_false":{"type":"empty"}},{"type":"minecraft:condition","property":"minecraft:custom_model_data","index":92,"on_true":{"type":"model","model":"bm:player_limb/chest_93","tints":[{"type":"minecraft:custom_model_data","index":220,"default":0}]},"on_false":{"type":"empty"}},{"type":"minecraft:condition","property":"minecraft:custom_model_data","index":93,"on_true":{"type":"model","model":"bm:player_limb/chest_94","tints":[{"type":"minecraft:custom_model_data","index":221,"default":0}]},"on_false":{"type":"empty"}},{"type":"minecraft:condition","property":"minecraft:custom_model_data","index":94,"on_true":{"type":"model","model":"bm:player_limb/chest_95","tints":[{"type":"minecraft:custom_model_data","index":222,"default":0}]},"on_false":{"type":"empty"}},{"type":"minecraft:condition","property":"minecraft:custom_model_data","index":95,"on_true":{"type":"model","model":"bm:player_limb/chest_96","tints":[{"type":"minecraft:custom_model_data","index":223,"default":0}]},"on_false":{"type":"empty"}},{"type":"minecraft:condition","property":"minecraft:custom_model_data","index":96,"on_true":{"type":"model","model":"bm:player_limb/chest_97","tints":[{"type":"minecraft:custom_model_data","index":224,"default":0}]},"on_false":{"type":"empty"}},{"type":"minecraft:condition","property":"minecraft:custom_model_data","index":97,"on_true":{"type":"model","model":"bm:player_limb/chest_98","tints":[{"type":"minecraft:custom_model_data","index":225,"default":0}]},"on_false":{"type":"empty"}},{"type":"minecraft:condition","property":"minecraft:custom_model_data","index":98,"on_true":{"type":"model","model":"bm:player_limb/chest_99","tints":[{"type":"minecraft:custom_model_data","index":226,"default":0}]},"on_false":{"type":"empty"}},{"type":"minecraft:condition","property":"minecraft:custom_model_data","index":99,"on_true":{"type":"model","model":"bm:player_limb/chest_100","tints":[{"type":"minecraft:custom_model_data","index":227,"default":0}]},"on_false":{"type":"empty"}},{"type":"minecraft:condition","property":"minecraft:custom_model_data","index":100,"on_true":{"type":"model","model":"bm:player_limb/chest_101","tints":[{"type":"minecraft:custom_model_data","index":228,"default":0}]},"on_false":{"type":"empty"}},{"type":"minecraft:condition","property":"minecraft:custom_model_data","index":101,"on_true":{"type":"model","model":"bm:player_limb/chest_102","tints":[{"type":"minecraft:custom_model_data","index":229,"default":0}]},"on_false":{"type":"empty"}},{"type":"minecraft:condition","property":"minecraft:custom_model_data","index":102,"on_true":{"type":"model","model":"bm:player_limb/chest_103","tints":[{"type":"minecraft:custom_model_data","index":230,"default":0}]},"on_false":{"type":"empty"}},{"type":"minecraft:condition","property":"minecraft:custom_model_data","index":103,"on_true":{"type":"model","model":"bm:player_limb/chest_104","tints":[{"type":"minecraft:custom_model_data","index":231,"default":0}]},"on_false":{"type":"empty"}},{"type":"minecraft:condition","property":"minecraft:custom_model_data","index":104,"on_true":{"type":"model","model":"bm:player_limb/chest_105","tints":[{"type":"minecraft:custom_model_data","index":232,"default":0}]},"on_false":{"type":"empty"}},{"type":"minecraft:condition","property":"minecraft:custom_model_data","index":105,"on_true":{"type":"model","model":"bm:player_limb/chest_106","tints":[{"type":"minecraft:custom_model_data","index":233,"default":0}]},"on_false":{"type":"empty"}},{"type":"minecraft:condition","property":"minecraft:custom_model_data","index":106,"on_true":{"type":"model","model":"bm:player_limb/chest_107","tints":[{"type":"minecraft:custom_model_data","index":234,"default":0}]},"on_false":{"type":"empty"}},{"type":"minecraft:condition","property":"minecraft:custom_model_data","index":107,"on_true":{"type":"model","model":"bm:player_limb/chest_108","tints":[{"type":"minecraft:custom_model_data","index":235,"default":0}]},"on_false":{"type":"empty"}},{"type":"minecraft:condition","property":"minecraft:custom_model_data","index":108,"on_true":{"type":"model","model":"bm:player_limb/chest_109","tints":[{"type":"minecraft:custom_model_data","index":236,"default":0}]},"on_false":{"type":"empty"}},{"type":"minecraft:condition","property":"minecraft:custom_model_data","index":109,"on_true":{"type":"model","model":"bm:player_limb/chest_110","tints":[{"type":"minecraft:custom_model_data","index":237,"default":0}]},"on_false":{"type":"empty"}},{"type":"minecraft:condition","property":"minecraft:custom_model_data","index":110,"on_true":{"type":"model","model":"bm:player_limb/chest_111","tints":[{"type":"minecraft:custom_model_data","index":238,"default":0}]},"on_false":{"type":"empty"}},{"type":"minecraft:condition","property":"minecraft:custom_model_data","index":111,"on_true":{"type":"model","model":"bm:player_limb/chest_112","tints":[{"type":"minecraft:custom_model_data","index":239,"default":0}]},"on_false":{"type":"empty"}},{"type":"minecraft:condition","property":"minecraft:custom_model_data","index":112,"on_true":{"type":"model","model":"bm:player_limb/chest_113","tints":[{"type":"minecraft:custom_model_data","index":240,"default":0}]},"on_false":{"type":"empty"}},{"type":"minecraft:condition","property":"minecraft:custom_model_data","index":113,"on_true":{"type":"model","model":"bm:player_limb/chest_114","tints":[{"type":"minecraft:custom_model_data","index":241,"default":0}]},"on_false":{"type":"empty"}},{"type":"minecraft:condition","property":"minecraft:custom_model_data","index":114,"on_true":{"type":"model","model":"bm:player_limb/chest_115","tints":[{"type":"minecraft:custom_model_data","index":242,"default":0}]},"on_false":{"type":"empty"}},{"type":"minecraft:condition","property":"minecraft:custom_model_data","index":115,"on_true":{"type":"model","model":"bm:player_limb/chest_116","tints":[{"type":"minecraft:custom_model_data","index":243,"default":0}]},"on_false":{"type":"empty"}},{"type":"minecraft:condition","property":"minecraft:custom_model_data","index":116,"on_true":{"type":"model","model":"bm:player_limb/chest_117","tints":[{"type":"minecraft:custom_model_data","index":244,"default":0}]},"on_false":{"type":"empty"}},{"type":"minecraft:condition","property":"minecraft:custom_model_data","index":117,"on_true":{"type":"model","model":"bm:player_limb/chest_118","tints":[{"type":"minecraft:custom_model_data","index":245,"default":0}]},"on_false":{"type":"empty"}},{"type":"minecraft:condition","property":"minecraft:custom_model_data","index":118,"on_true":{"type":"model","model":"bm:player_limb/chest_119","tints":[{"type":"minecraft:custom_model_data","index":246,"default":0}]},"on_false":{"type":"empty"}},{"type":"minecraft:condition","property":"minecraft:custom_model_data","index":119,"on_true":{"type":"model","model":"bm:player_limb/chest_120","tints":[{"type":"minecraft:custom_model_data","index":247,"default":0}]},"on_false":{"type":"empty"}},{"type":"minecraft:condition","property":"minecraft:custom_model_data","index":120,"on_true":{"type":"model","model":"bm:player_limb/chest_121","tints":[{"type":"minecraft:custom_model_data","index":248,"default":0}]},"on_false":{"type":"empty"}},{"type":"minecraft:condition","property":"minecraft:custom_model_data","index":121,"on_true":{"type":"model","model":"bm:player_limb/chest_122","tints":[{"type":"minecraft:custom_model_data","index":249,"default":0}]},"on_false":{"type":"empty"}},{"type":"minecraft:condition","property":"minecraft:custom_model_data","index":122,"on_true":{"type":"model","model":"bm:player_limb/chest_123","tints":[{"type":"minecraft:custom_model_data","index":250,"default":0}]},"on_false":{"type":"empty"}},{"type":"minecraft:condition","property":"minecraft:custom_model_data","index":123,"on_true":{"type":"model","model":"bm:player_limb/chest_124","tints":[{"type":"minecraft:custom_model_data","index":251,"default":0}]},"on_false":{"type":"empty"}},{"type":"minecraft:condition","property":"minecraft:custom_model_data","index":124,"on_true":{"type":"model","model":"bm:player_limb/chest_125","tints":[{"type":"minecraft:custom_model_data","index":252,"default":0}]},"on_false":{"type":"empty"}},{"type":"minecraft:condition","property":"minecraft:custom_model_data","index":125,"on_true":{"type":"model","model":"bm:player_limb/chest_126","tints":[{"type":"minecraft:custom_model_data","index":253,"default":0}]},"on_false":{"type":"empty"}},{"type":"minecraft:condition","property":"minecraft:custom_model_data","index":126,"on_true":{"type":"model","model":"bm:player_limb/chest_127","tints":[{"type":"minecraft:custom_model_data","index":254,"default":0}]},"on_false":{"type":"empty"}},{"type":"minecraft:condition","property":"minecraft:custom_model_data","index":127,"on_true":{"type":"model","model":"bm:player_limb/chest_128","tints":[{"type":"minecraft:custom_model_data","index":255,"default":0}]},"on_false":{"type":"empty"}}]}}