{
	"format_version": "1.21.6",
	"credit": "Made with Blockbench",
	"texture_size": [16, 25],
	"textures": {
		"0": "item/mana/1"
	},
	"elements": [
		{
			"from": [12.75, 11.5, 9],
			"to": [15.25, 15.5, 9],
			"light_emission": 15,
			"rotation": {"angle": 0, "axis": "y", "origin": [12.75, 11.5, 9]},
			"faces": {
				"north": {"uv": [0, 0, 16, 12.8], "texture": "#missing"},
				"east": {"uv": [0, 0, 16, 12.8], "texture": "#missing"},
				"south": {"uv": [0, 0, 16, 16], "texture": "#0", "tintindex": 0},
				"west": {"uv": [0, 0, 16, 12.8], "texture": "#missing"},
				"up": {"uv": [0, 0, 16, 12.8], "texture": "#missing"},
				"down": {"uv": [0, 0, 16, 12.8], "texture": "#missing"}
			}
		}
	],
	"gui_light": "front",
	"display": {
		"thirdperson_righthand": {
			"scale": [0, 0, 0]
		},
		"thirdperson_lefthand": {
			"scale": [0, 0, 0]
		},
		"firstperson_righthand": {
			"scale": [0, 0, 0]
		},
		"firstperson_lefthand": {
			"scale": [0, 0, 0]
		},
		"gui": {
			"translation": [-6, 0, 0]
		}
	}
}