{
	"credit": "Made by p_uuu",
	"texture_size": [32, 32],
	"textures": {
		"0": "item/models/parachute",
		"particle": "item/models/parachute"
	},
	"elements": [
		{
			"from": [0, 16, 0],
			"to": [16, 16, 16],
			"rotation": {"angle": 0, "axis": "y", "origin": [7, 16, 0]},
			"faces": {
				"north": {"uv": [-8, 8, 0, 8], "texture": "#0"},
				"east": {"uv": [-16, 8, -8, 8], "texture": "#0"},
				"south": {"uv": [8, 8, 16, 8], "texture": "#0"},
				"west": {"uv": [0, 8, 8, 8], "texture": "#0"},
				"up": {"uv": [8, 8, 0, 0], "texture": "#0"},
				"down": {"uv": [8, 0, 0, 8], "texture": "#0"}
			}
		},
		{
			"from": [7, 10.7, 7],
			"to": [9, 17.7, 9],
			"rotation": {"angle": 0, "axis": "y", "origin": [7, 16, 0]},
			"faces": {
				"north": {"uv": [13, 0, 14, 3.5], "texture": "#0"},
				"east": {"uv": [13, 0, 14, 3.5], "texture": "#0"},
				"south": {"uv": [13, 0, 14, 3.5], "texture": "#0"},
				"west": {"uv": [13, 0, 14, 3.5], "texture": "#0"},
				"up": {"uv": [14, 4.5, 13, 3.5], "texture": "#0"},
				"down": {"uv": [14, 3.5, 13, 4.5], "texture": "#0"}
			}
		},
		{
			"from": [7.5, 11.6, -4.2],
			"to": [8.5, 11.6, 20.2],
			"rotation": {"angle": 0, "axis": "y", "origin": [8, 12.9, 8]},
			"faces": {
				"north": {"uv": [15, 11, 15.5, 11], "texture": "#0"},
				"east": {"uv": [4, 11, 15, 11], "texture": "#0"},
				"south": {"uv": [26.5, 11, 27, 11], "texture": "#0"},
				"west": {"uv": [15.5, 11, 26.5, 11], "texture": "#0"},
				"up": {"uv": [16, 11, 15.5, 0], "texture": "#0"},
				"down": {"uv": [16, 0, 15.5, 11], "texture": "#0"}
			}
		},
		{
			"from": [-4.2, 11.6, 7.5],
			"to": [20.2, 11.6, 8.5],
			"rotation": {"angle": 0, "axis": "y", "origin": [8, 12.9, 8]},
			"faces": {
				"north": {"uv": [4, 11, 15, 11], "texture": "#0"},
				"east": {"uv": [26.5, 11, 27, 11], "texture": "#0"},
				"south": {"uv": [15.5, 11, 26.5, 11], "texture": "#0"},
				"west": {"uv": [15, 11, 15.5, 11], "texture": "#0"},
				"up": {"uv": [16, 11, 15.5, 0], "rotation": 270, "texture": "#0"},
				"down": {"uv": [16, 0, 15.5, 11], "rotation": 90, "texture": "#0"}
			}
		},
		{
			"from": [7.5, 13.6, -6.2],
			"to": [8.5, 13.6, 22.2],
			"rotation": {"angle": 45, "axis": "y", "origin": [8, 12.9, 8]},
			"faces": {
				"north": {"uv": [15, 11, 15.5, 11], "texture": "#0"},
				"east": {"uv": [4, 11, 15, 11], "texture": "#0"},
				"south": {"uv": [26.5, 11, 27, 11], "texture": "#0"},
				"west": {"uv": [15.5, 11, 26.5, 11], "texture": "#0"},
				"up": {"uv": [16, 11, 15.5, 0], "texture": "#0"},
				"down": {"uv": [16, 0, 15.5, 11], "texture": "#0"}
			}
		},
		{
			"from": [-6.2, 13.6, 7.5],
			"to": [22.2, 13.6, 8.5],
			"rotation": {"angle": 45, "axis": "y", "origin": [8, 12.9, 8]},
			"faces": {
				"north": {"uv": [4, 11, 15, 11], "texture": "#0"},
				"east": {"uv": [26.5, 11, 27, 11], "texture": "#0"},
				"south": {"uv": [15.5, 11, 26.5, 11], "texture": "#0"},
				"west": {"uv": [15, 11, 15.5, 11], "texture": "#0"},
				"up": {"uv": [16, 11, 15.5, 0], "rotation": 270, "texture": "#0"},
				"down": {"uv": [16, 0, 15.5, 11], "rotation": 90, "texture": "#0"}
			}
		},
		{
			"from": [-5, 16, -7],
			"to": [21, 16, 0],
			"rotation": {"angle": -45, "axis": "x", "origin": [8, 16, 0]},
			"faces": {
				"north": {"uv": [0, 12, 13, 12], "texture": "#0"},
				"east": {"uv": [-3.5, 12, 0, 12], "texture": "#0"},
				"south": {"uv": [16.5, 12, 29.5, 12], "texture": "#0"},
				"west": {"uv": [13, 12, 16.5, 12], "texture": "#0"},
				"up": {"uv": [13, 12, 0, 8.5], "texture": "#0"},
				"down": {"uv": [13, 8.5, 0, 12], "texture": "#0"}
			}
		},
		{
			"from": [-5, 16, 16],
			"to": [21, 16, 23],
			"rotation": {"angle": 45, "axis": "x", "origin": [8, 16, 16]},
			"faces": {
				"north": {"uv": [29.5, 12, 16.5, 12], "texture": "#0"},
				"east": {"uv": [0, 12, -3.5, 12], "texture": "#0"},
				"south": {"uv": [13, 12, 0, 12], "texture": "#0"},
				"west": {"uv": [16.5, 12, 13, 12], "texture": "#0"},
				"up": {"uv": [0, 8.5, 13, 12], "texture": "#0"},
				"down": {"uv": [13, 12, 0, 8.5], "texture": "#0"}
			}
		},
		{
			"from": [16, 16, -5],
			"to": [23, 16, 21],
			"rotation": {"angle": -45, "axis": "z", "origin": [16, 16, 8]},
			"faces": {
				"north": {"uv": [13, 12, 16.5, 12], "texture": "#0"},
				"east": {"uv": [0, 12, 13, 12], "texture": "#0"},
				"south": {"uv": [-3.5, 12, 0, 12], "texture": "#0"},
				"west": {"uv": [16.5, 12, 29.5, 12], "texture": "#0"},
				"up": {"uv": [13, 12, 0, 8.5], "rotation": 90, "texture": "#0"},
				"down": {"uv": [13, 8.5, 0, 12], "rotation": 270, "texture": "#0"}
			}
		},
		{
			"from": [-7, 16, -5],
			"to": [0, 16, 21],
			"rotation": {"angle": 45, "axis": "z", "origin": [0, 16, 8]},
			"faces": {
				"north": {"uv": [-3.5, 12, 0, 12], "texture": "#0"},
				"east": {"uv": [16.5, 12, 29.5, 12], "texture": "#0"},
				"south": {"uv": [13, 12, 16.5, 12], "texture": "#0"},
				"west": {"uv": [0, 12, 13, 12], "texture": "#0"},
				"up": {"uv": [13, 12, 0, 8.5], "rotation": 270, "texture": "#0"},
				"down": {"uv": [13, 8.5, 0, 12], "rotation": 90, "texture": "#0"}
			}
		},
		{
			"from": [2.37842, -5.38059, 7.5],
			"to": [2.37842, 11.61941, 8.5],
			"rotation": {"angle": 45, "axis": "z", "origin": [-0.92158, 3.71941, 8]},
			"faces": {
				"north": {"uv": [15, 0, 15, 8.5], "texture": "#0"},
				"east": {"uv": [14.5, 0, 15, 8.5], "texture": "#0"},
				"south": {"uv": [15.5, 0, 15.5, 8.5], "texture": "#0"},
				"west": {"uv": [14.5, 0, 15, 8.5], "texture": "#0"},
				"up": {"uv": [15, 0, 15, -0.5], "texture": "#0"},
				"down": {"uv": [15, -0.5, 15, 0], "texture": "#0"}
			}
		},
		{
			"from": [13.62158, -5.38059, 7.5],
			"to": [13.62158, 11.61941, 8.5],
			"rotation": {"angle": -45, "axis": "z", "origin": [16.92158, 3.71941, 8]},
			"faces": {
				"north": {"uv": [15, 0, 15, 8.5], "texture": "#0"},
				"east": {"uv": [15, 0, 14.5, 8.5], "texture": "#0"},
				"south": {"uv": [15.5, 0, 15.5, 8.5], "texture": "#0"},
				"west": {"uv": [15, 0, 14.5, 8.5], "texture": "#0"},
				"up": {"uv": [15, 0, 15, -0.5], "texture": "#0"},
				"down": {"uv": [15, -0.5, 15, 0], "texture": "#0"}
			}
		},
		{
			"from": [7.42158, -5.38059, 13.7],
			"to": [8.42158, 11.61941, 13.7],
			"rotation": {"angle": 45, "axis": "x", "origin": [7.92158, 3.71941, 17]},
			"faces": {
				"north": {"uv": [15, 0, 14.5, 8.5], "texture": "#0"},
				"east": {"uv": [15, 0, 15, 8.5], "texture": "#0"},
				"south": {"uv": [15, 0, 14.5, 8.5], "texture": "#0"},
				"west": {"uv": [15.5, 0, 15.5, 8.5], "texture": "#0"},
				"up": {"uv": [15, 0, 15, -0.5], "rotation": 90, "texture": "#0"},
				"down": {"uv": [15, -0.5, 15, 0], "rotation": 270, "texture": "#0"}
			}
		},
		{
			"from": [7.42158, -5.38059, 2.45685],
			"to": [8.42158, 11.61941, 2.45685],
			"rotation": {"angle": -45, "axis": "x", "origin": [7.92158, 3.71941, -0.84315]},
			"faces": {
				"north": {"uv": [14.5, 0, 15, 8.5], "texture": "#0"},
				"east": {"uv": [15, 0, 15, 8.5], "texture": "#0"},
				"south": {"uv": [14.5, 0, 15, 8.5], "texture": "#0"},
				"west": {"uv": [15.5, 0, 15.5, 8.5], "texture": "#0"},
				"up": {"uv": [15, 0, 15, -0.5], "rotation": 90, "texture": "#0"},
				"down": {"uv": [15, -0.5, 15, 0], "rotation": 270, "texture": "#0"}
			}
		}
	],
	"display": {
		"thirdperson_righthand": {
			"rotation": [75, 45, 0],
			"translation": [0, 2.5, 0],
			"scale": [0.375, 0.375, 0.375]
		},
		"firstperson_righthand": {
			"rotation": [0, 45, 0],
			"translation": [0, 3, 0],
			"scale": [0.4, 0.4, 0.4]
		},
		"ground": {
			"translation": [0, 2, 0],
			"scale": [0.5, 0.5, 0.5]
		},
		"gui": {
			"rotation": [30, 225, 0],
			"scale": [0.625, 0.625, 0.625]
		}
	}
}