{
	"textures": {
		"2": "minecraft:block/anvil",
		"5": "minecraft:block/oak_planks"
	},
	"display": {
		"head": {
			"rotation": [0, 180, 0]
		}
	},
	"elements": [
		{
			"from": [3, 9.83211, 2.87623],
			"to": [13, 11.83211, 12.87623],
			"rotation": {
				"angle": 0,
				"axis": "y",
				"origin": [8, 9.83211, 3.87623]
			},
			"faces": {
				"north": {
					"uv": [0, 0, 10, 2],
					"texture": "#5"
				},
				"east": {
					"uv": [0, 0, 10, 2],
					"texture": "#5"
				},
				"south": {
					"uv": [0, 0, 10, 2],
					"texture": "#5"
				},
				"west": {
					"uv": [0, 0, 10, 2],
					"texture": "#5"
				},
				"up": {
					"uv": [0, 0, 10, 10],
					"texture": "#5"
				},
				"down": {
					"uv": [0, 0, 10, 10],
					"texture": "#5"
				}
			}
		},
		{
			"from": [3.25, -0.16789, 7.12623],
			"to": [4.25, 11.83211, 8.12623],
			"rotation": {
				"angle": -45,
				"axis": "x",
				"origin": [3.75, 7.33211, 7.62623]
			},
			"faces": {
				"north": {
					"uv": [8, 5, 7, 14],
					"texture": "#2"
				},
				"east": {
					"uv": [9, 5, 8, 14],
					"texture": "#2"
				},
				"south": {
					"uv": [10, 5, 9, 14],
					"texture": "#2"
				},
				"west": {
					"uv": [7, 5, 6, 14],
					"texture": "#2"
				},
				"up": {
					"uv": [7, 5, 8, 4],
					"texture": "#2"
				},
				"down": {
					"uv": [8, 4, 9, 5],
					"texture": "#2"
				}
			}
		},
		{
			"from": [4.25, 0.27145, 6.93689],
			"to": [5.25, 12.27145, 7.93689],
			"rotation": {
				"angle": 45,
				"axis": "x",
				"origin": [4.75, 6.27145, 7.43689]
			},
			"faces": {
				"north": {
					"uv": [8, 5, 7, 14],
					"texture": "#2"
				},
				"east": {
					"uv": [9, 5, 8, 14],
					"texture": "#2"
				},
				"south": {
					"uv": [10, 5, 9, 14],
					"texture": "#2"
				},
				"west": {
					"uv": [7, 5, 6, 14],
					"texture": "#2"
				},
				"up": {
					"uv": [7, 5, 8, 4],
					"texture": "#2"
				},
				"down": {
					"uv": [8, 4, 9, 5],
					"texture": "#2"
				}
			}
		},
		{
			"from": [11.75, -0.16789, 7.12623],
			"to": [12.75, 11.83211, 8.12623],
			"rotation": {
				"angle": -45,
				"axis": "x",
				"origin": [12.25, 7.33211, 7.62623]
			},
			"faces": {
				"north": {
					"uv": [7, 5, 8, 14],
					"texture": "#2"
				},
				"east": {
					"uv": [6, 5, 7, 14],
					"texture": "#2"
				},
				"south": {
					"uv": [9, 5, 10, 14],
					"texture": "#2"
				},
				"west": {
					"uv": [8, 5, 9, 14],
					"texture": "#2"
				},
				"up": {
					"uv": [8, 5, 7, 4],
					"texture": "#2"
				},
				"down": {
					"uv": [9, 4, 8, 5],
					"texture": "#2"
				}
			}
		},
		{
			"from": [10.75, 0.27145, 6.93689],
			"to": [11.75, 12.27145, 7.93689],
			"rotation": {
				"angle": 45,
				"axis": "x",
				"origin": [11.25, 6.27145, 7.43689]
			},
			"faces": {
				"north": {
					"uv": [7, 5, 8, 14],
					"texture": "#2"
				},
				"east": {
					"uv": [6, 5, 7, 14],
					"texture": "#2"
				},
				"south": {
					"uv": [9, 5, 10, 14],
					"texture": "#2"
				},
				"west": {
					"uv": [8, 5, 9, 14],
					"texture": "#2"
				},
				"up": {
					"uv": [8, 5, 7, 4],
					"texture": "#2"
				},
				"down": {
					"uv": [9, 4, 8, 5],
					"texture": "#2"
				}
			}
		}
	]
}