{
	"credit": "Made with Blockbench",
	"textures": {
		"0": "animated_java:item/reus_aj/head"
	},
	"elements": [
		{
			"from": [9.15, 6.45263, 8.33178],
			"to": [9.4, 7.20263, 8.83178],
			"rotation": {"angle": -22.5, "axis": "x", "origin": [8, 8.01129, 6.16189]},
			"faces": {
				"north": {"uv": [6, 1.5, 4.5, 2], "texture": "#0"},
				"east": {"uv": [6, 1.5, 4.5, 2], "texture": "#0"},
				"south": {"uv": [6, 1.5, 4.5, 2], "texture": "#0"},
				"west": {"uv": [6, 1.5, 4.5, 2], "texture": "#0"},
				"up": {"uv": [6, 1.5, 4.5, 2], "texture": "#0"},
				"down": {"uv": [6, 1.5, 4.5, 2], "texture": "#0"}
			}
		},
		{
			"from": [9.15, 6.80263, 8.83178],
			"to": [9.4, 7.20263, 9.08178],
			"rotation": {"angle": -22.5, "axis": "x", "origin": [8, 8.01129, 6.16189]},
			"faces": {
				"north": {"uv": [6, 1.5, 4.5, 2], "texture": "#0"},
				"east": {"uv": [6, 1.5, 4.5, 2], "texture": "#0"},
				"south": {"uv": [6, 1.5, 4.5, 2], "texture": "#0"},
				"west": {"uv": [6, 1.5, 4.5, 2], "texture": "#0"},
				"up": {"uv": [6, 1.5, 4.5, 2], "texture": "#0"},
				"down": {"uv": [6, 1.5, 4.5, 2], "texture": "#0"}
			}
		},
		{
			"from": [9.15, 6.20263, 7.08178],
			"to": [9.4, 7.20263, 8.33178],
			"rotation": {"angle": -22.5, "axis": "x", "origin": [8, 8.01129, 6.16189]},
			"faces": {
				"north": {"uv": [6, 1.5, 4.5, 2], "texture": "#0"},
				"east": {"uv": [12.5, 0, 10.5, 1.5], "texture": "#0"},
				"south": {"uv": [6, 1.5, 4.5, 2], "texture": "#0"},
				"west": {"uv": [6, 1.5, 4.5, 2], "texture": "#0"},
				"up": {"uv": [6, 1.5, 4.5, 2], "texture": "#0"},
				"down": {"uv": [6, 1.5, 4.5, 2], "texture": "#0"}
			}
		},
		{
			"from": [6.6, 6.45263, 8.33178],
			"to": [6.85, 7.20263, 8.83178],
			"rotation": {"angle": -22.5, "axis": "x", "origin": [8, 8.01129, 6.16189]},
			"faces": {
				"north": {"uv": [4.5, 1.5, 6, 2], "texture": "#0"},
				"east": {"uv": [4.5, 1.5, 6, 2], "texture": "#0"},
				"south": {"uv": [4.5, 1.5, 6, 2], "texture": "#0"},
				"west": {"uv": [4.5, 1.5, 6, 2], "texture": "#0"},
				"up": {"uv": [4.5, 1.5, 6, 2], "texture": "#0"},
				"down": {"uv": [4.5, 1.5, 6, 2], "texture": "#0"}
			}
		},
		{
			"from": [6.6, 6.80263, 8.83178],
			"to": [6.85, 7.20263, 9.08178],
			"rotation": {"angle": -22.5, "axis": "x", "origin": [8, 8.01129, 6.16189]},
			"faces": {
				"north": {"uv": [4.5, 1.5, 6, 2], "texture": "#0"},
				"east": {"uv": [4.5, 1.5, 6, 2], "texture": "#0"},
				"south": {"uv": [4.5, 1.5, 6, 2], "texture": "#0"},
				"west": {"uv": [4.5, 1.5, 6, 2], "texture": "#0"},
				"up": {"uv": [4.5, 1.5, 6, 2], "texture": "#0"},
				"down": {"uv": [4.5, 1.5, 6, 2], "texture": "#0"}
			}
		},
		{
			"from": [6.6, 6.20263, 7.08178],
			"to": [6.85, 7.20263, 8.33178],
			"rotation": {"angle": -22.5, "axis": "x", "origin": [8, 8.01129, 6.16189]},
			"faces": {
				"north": {"uv": [4.5, 1.5, 6, 2], "texture": "#0"},
				"east": {"uv": [4.5, 1.5, 6, 2], "texture": "#0"},
				"south": {"uv": [4.5, 1.5, 6, 2], "texture": "#0"},
				"west": {"uv": [10.5, 0, 12.5, 1.5], "texture": "#0"},
				"up": {"uv": [4.5, 1.5, 6, 2], "texture": "#0"},
				"down": {"uv": [4.5, 1.5, 6, 2], "texture": "#0"}
			}
		},
		{
			"from": [8.6, 7.20638, 3.50095],
			"to": [7.4, 7.35638, 4.25095],
			"rotation": {"angle": 0, "axis": "y", "origin": [10.7, 8.70638, 5.50095]},
			"faces": {
				"north": {"uv": [0.25, 11.75, 2.5, 12], "texture": "#0"},
				"east": {"uv": [0, 11.75, 1.25, 12], "texture": "#0"},
				"west": {"uv": [0, 11.75, 1.25, 12], "texture": "#0"}
			}
		},
		{
			"from": [7.4, 7.20638, 3.50095],
			"to": [8.6, 7.35638, 4.25095],
			"rotation": {"angle": 0, "axis": "y", "origin": [9.5, 8.70638, 5.50095]},
			"faces": {
				"north": {"uv": [0.25, 11.75, 2.5, 12], "texture": "#0"},
				"east": {"uv": [0, 11.75, 1.25, 12], "texture": "#0"},
				"west": {"uv": [0, 11.75, 1.25, 12], "texture": "#0"}
			}
		},
		{
			"from": [8.7, 7.20638, 4.42595],
			"to": [7.3, 7.35638, 6.50095],
			"rotation": {"angle": 0, "axis": "y", "origin": [10.9, 8.70638, 7.75095]},
			"faces": {
				"east": {"uv": [0, 11.75, 3.25, 12], "texture": "#0"},
				"west": {"uv": [0, 11.75, 3.25, 12], "texture": "#0"}
			}
		},
		{
			"from": [7.3, 7.20638, 4.42595],
			"to": [8.7, 7.35638, 6.50095],
			"rotation": {"angle": 0, "axis": "y", "origin": [9.5, 8.70638, 7.75095]},
			"faces": {
				"east": {"uv": [0, 11.75, 3.25, 12], "texture": "#0"},
				"west": {"uv": [0, 11.75, 3.25, 12], "texture": "#0"}
			}
		},
		{
			"from": [7.075, 8.05638, 4.45095],
			"to": [8.925, 8.15638, 5.15095],
			"rotation": {"angle": 0, "axis": "y", "origin": [9.5, 9.55638, 8.40095]},
			"faces": {
				"north": {"uv": [11, 4.25, 11.25, 4.5], "rotation": 180, "texture": "#0"},
				"east": {"uv": [11, 4.25, 11.25, 4.5], "rotation": 180, "texture": "#0"},
				"south": {"uv": [11, 4.25, 11.25, 4.5], "rotation": 180, "texture": "#0"},
				"west": {"uv": [11, 4.25, 11.25, 4.5], "rotation": 180, "texture": "#0"},
				"up": {"uv": [11, 4.25, 11.25, 4.5], "rotation": 180, "texture": "#0"},
				"down": {"uv": [11, 4.25, 11.25, 4.5], "rotation": 180, "texture": "#0"}
			}
		},
		{
			"from": [7.05, 8.35638, 4.40095],
			"to": [8.95, 8.65638, 5.17595],
			"rotation": {"angle": -22.5, "axis": "x", "origin": [8, 8.33138, 4.72595]},
			"faces": {
				"north": {"uv": [0.25, 3.5, 0.5, 4], "texture": "#0"},
				"east": {"uv": [0.25, 3.5, 0.5, 4], "texture": "#0"},
				"south": {"uv": [0.25, 3.5, 0.5, 4], "texture": "#0"},
				"west": {"uv": [0.25, 3.5, 0.5, 4], "texture": "#0"},
				"up": {"uv": [0.25, 3.5, 0.5, 4], "texture": "#0"},
				"down": {"uv": [0.25, 3.5, 0.5, 4], "texture": "#0"}
			}
		},
		{
			"from": [9.25, 5.60638, 6.35095],
			"to": [9.5, 5.85638, 7.10095],
			"rotation": {"angle": -22.5, "axis": "x", "origin": [9.3625, 5.77513, 6.5947]},
			"faces": {
				"north": {"uv": [10, 1.5, 10.5, 2], "texture": "#0"},
				"east": {"uv": [10, 2, 10.5, 2.5], "texture": "#0"},
				"south": {"uv": [10, 2.5, 10.5, 3], "texture": "#0"},
				"west": {"uv": [10, 3, 10.5, 3.5], "texture": "#0"},
				"up": {"uv": [10.5, 4, 10, 3.5], "texture": "#0"},
				"down": {"uv": [10.5, 4, 10, 4.5], "texture": "#0"}
			}
		},
		{
			"from": [9.25, 6.25638, 6.35095],
			"to": [9.5, 6.50638, 7.10095],
			"rotation": {"angle": -22.5, "axis": "x", "origin": [9.3625, 5.77513, 6.5947]},
			"faces": {
				"north": {"uv": [9, 10, 9.5, 10.5], "texture": "#0"},
				"east": {"uv": [9.5, 10, 10, 10.5], "texture": "#0"},
				"south": {"uv": [10, 10, 10.5, 10.5], "texture": "#0"},
				"west": {"uv": [10, 0, 10.5, 0.5], "texture": "#0"},
				"up": {"uv": [10.5, 1, 10, 0.5], "texture": "#0"},
				"down": {"uv": [10.5, 1, 10, 1.5], "texture": "#0"}
			}
		},
		{
			"from": [9.1, 5.35638, 6.85095],
			"to": [9.65, 6.85638, 7.60095],
			"rotation": {"angle": -22.5, "axis": "x", "origin": [9.3625, 5.77513, 6.5947]},
			"faces": {
				"north": {"uv": [6, 10, 6.5, 10.5], "texture": "#0"},
				"east": {"uv": [6.5, 10, 7, 10.5], "texture": "#0"},
				"south": {"uv": [7, 10, 7.5, 10.5], "texture": "#0"},
				"west": {"uv": [7.5, 10, 8, 10.5], "texture": "#0"},
				"up": {"uv": [8.5, 10.5, 8, 10], "texture": "#0"},
				"down": {"uv": [9, 10, 8.5, 10.5], "texture": "#0"}
			}
		},
		{
			"from": [9.1, 5.85638, 7.60095],
			"to": [9.55, 6.90638, 8.60095],
			"rotation": {"angle": -22.5, "axis": "x", "origin": [9.3625, 5.77513, 6.5947]},
			"faces": {
				"north": {"uv": [3, 10, 3.5, 10.5], "texture": "#0"},
				"east": {"uv": [3.5, 10, 4, 10.5], "texture": "#0"},
				"south": {"uv": [4, 10, 4.5, 10.5], "texture": "#0"},
				"west": {"uv": [4.5, 10, 5, 10.5], "texture": "#0"},
				"up": {"uv": [5.5, 10.5, 5, 10], "texture": "#0"},
				"down": {"uv": [6, 10, 5.5, 10.5], "texture": "#0"}
			}
		},
		{
			"from": [9.1, 6.90638, 7.60095],
			"to": [9.45, 7.90638, 8.60095],
			"rotation": {"angle": -22.5, "axis": "x", "origin": [9.3625, 5.77513, 6.5947]},
			"faces": {
				"north": {"uv": [0, 10, 0.5, 10.5], "texture": "#0"},
				"east": {"uv": [0.5, 10, 1, 10.5], "texture": "#0"},
				"south": {"uv": [1, 10, 1.5, 10.5], "texture": "#0"},
				"west": {"uv": [1.5, 10, 2, 10.5], "texture": "#0"},
				"up": {"uv": [2.5, 10.5, 2, 10], "texture": "#0"},
				"down": {"uv": [3, 10, 2.5, 10.5], "texture": "#0"}
			}
		},
		{
			"from": [11.79975, 8.75638, 6.27921],
			"to": [12.29975, 9.00638, 6.52921],
			"rotation": {"angle": -45, "axis": "y", "origin": [9.29975, 7.90638, 4.77921]},
			"faces": {
				"north": {"uv": [9.5, 6.5, 10, 7], "texture": "#0"},
				"east": {"uv": [9.5, 7, 10, 7.5], "texture": "#0"},
				"south": {"uv": [9.5, 7.5, 10, 8], "texture": "#0"},
				"west": {"uv": [9.5, 8, 10, 8.5], "texture": "#0"},
				"up": {"uv": [10, 9, 9.5, 8.5], "texture": "#0"},
				"down": {"uv": [10, 9, 9.5, 9.5], "texture": "#0"}
			}
		},
		{
			"from": [11.04975, 8.50638, 6.27921],
			"to": [11.79975, 9.00638, 6.77921],
			"rotation": {"angle": -45, "axis": "y", "origin": [9.29975, 7.90638, 4.77921]},
			"faces": {
				"north": {"uv": [9.5, 3.5, 10, 4], "texture": "#0"},
				"east": {"uv": [9.5, 4, 10, 4.5], "texture": "#0"},
				"south": {"uv": [9.5, 4.5, 10, 5], "texture": "#0"},
				"west": {"uv": [9.5, 5, 10, 5.5], "texture": "#0"},
				"up": {"uv": [10, 6, 9.5, 5.5], "texture": "#0"},
				"down": {"uv": [10, 6, 9.5, 6.5], "texture": "#0"}
			}
		},
		{
			"from": [10.29975, 8.25638, 6.27921],
			"to": [11.04975, 9.00638, 7.02921],
			"rotation": {"angle": -45, "axis": "y", "origin": [9.29975, 7.90638, 4.77921]},
			"faces": {
				"north": {"uv": [9.5, 0.5, 10, 1], "texture": "#0"},
				"east": {"uv": [9.5, 1, 10, 1.5], "texture": "#0"},
				"south": {"uv": [9.5, 1.5, 10, 2], "texture": "#0"},
				"west": {"uv": [9.5, 2, 10, 2.5], "texture": "#0"},
				"up": {"uv": [10, 3, 9.5, 2.5], "texture": "#0"},
				"down": {"uv": [10, 3, 9.5, 3.5], "texture": "#0"}
			}
		},
		{
			"from": [10.79975, 8.75638, 5.27921],
			"to": [11.29975, 9.00638, 5.52921],
			"rotation": {"angle": -45, "axis": "y", "origin": [9.29975, 7.90638, 4.77921]},
			"faces": {
				"north": {"uv": [7.5, 9.5, 8, 10], "texture": "#0"},
				"east": {"uv": [8, 9.5, 8.5, 10], "texture": "#0"},
				"south": {"uv": [8.5, 9.5, 9, 10], "texture": "#0"},
				"west": {"uv": [9, 9.5, 9.5, 10], "texture": "#0"},
				"up": {"uv": [10, 10, 9.5, 9.5], "texture": "#0"},
				"down": {"uv": [10, 0, 9.5, 0.5], "texture": "#0"}
			}
		},
		{
			"from": [10.04975, 8.50638, 5.27921],
			"to": [10.79975, 9.00638, 5.77921],
			"rotation": {"angle": -45, "axis": "y", "origin": [9.29975, 7.90638, 4.77921]},
			"faces": {
				"north": {"uv": [4.5, 9.5, 5, 10], "texture": "#0"},
				"east": {"uv": [5, 9.5, 5.5, 10], "texture": "#0"},
				"south": {"uv": [5.5, 9.5, 6, 10], "texture": "#0"},
				"west": {"uv": [6, 9.5, 6.5, 10], "texture": "#0"},
				"up": {"uv": [7, 10, 6.5, 9.5], "texture": "#0"},
				"down": {"uv": [7.5, 9.5, 7, 10], "texture": "#0"}
			}
		},
		{
			"from": [9.29975, 8.25638, 5.27921],
			"to": [10.04975, 9.00638, 6.02921],
			"rotation": {"angle": -45, "axis": "y", "origin": [9.29975, 7.90638, 4.77921]},
			"faces": {
				"north": {"uv": [1.5, 9.5, 2, 10], "texture": "#0"},
				"east": {"uv": [2, 9.5, 2.5, 10], "texture": "#0"},
				"south": {"uv": [2.5, 9.5, 3, 10], "texture": "#0"},
				"west": {"uv": [3, 9.5, 3.5, 10], "texture": "#0"},
				"up": {"uv": [4, 10, 3.5, 9.5], "texture": "#0"},
				"down": {"uv": [4.5, 9.5, 4, 10], "texture": "#0"}
			}
		},
		{
			"from": [10.67825, 8.15638, 6.45256],
			"to": [11.17825, 8.40638, 6.70256],
			"rotation": {"angle": -22.5, "axis": "y", "origin": [9.42825, 8.15638, 7.70256]},
			"faces": {
				"north": {"uv": [9, 7.5, 9.5, 8], "texture": "#0"},
				"east": {"uv": [9, 8, 9.5, 8.5], "texture": "#0"},
				"south": {"uv": [9, 8.5, 9.5, 9], "texture": "#0"},
				"west": {"uv": [0, 9.5, 0.5, 10], "texture": "#0"},
				"up": {"uv": [1, 10, 0.5, 9.5], "texture": "#0"},
				"down": {"uv": [1.5, 9.5, 1, 10], "texture": "#0"}
			}
		},
		{
			"from": [9.92825, 7.90638, 6.45256],
			"to": [10.67825, 8.40638, 6.95256],
			"rotation": {"angle": -22.5, "axis": "y", "origin": [9.42825, 8.15638, 7.70256]},
			"faces": {
				"north": {"uv": [9, 4.5, 9.5, 5], "texture": "#0"},
				"east": {"uv": [9, 5, 9.5, 5.5], "texture": "#0"},
				"south": {"uv": [9, 5.5, 9.5, 6], "texture": "#0"},
				"west": {"uv": [9, 6, 9.5, 6.5], "texture": "#0"},
				"up": {"uv": [9.5, 7, 9, 6.5], "texture": "#0"},
				"down": {"uv": [9.5, 7, 9, 7.5], "texture": "#0"}
			}
		},
		{
			"from": [8.67825, 7.65638, 6.45256],
			"to": [9.92825, 8.40638, 7.20256],
			"rotation": {"angle": -22.5, "axis": "y", "origin": [9.42825, 8.15638, 7.70256]},
			"faces": {
				"north": {"uv": [9, 1.5, 9.5, 2], "texture": "#0"},
				"east": {"uv": [9, 2, 9.5, 2.5], "texture": "#0"},
				"south": {"uv": [9, 2.5, 9.5, 3], "texture": "#0"},
				"west": {"uv": [9, 3, 9.5, 3.5], "texture": "#0"},
				"up": {"uv": [9.5, 4, 9, 3.5], "texture": "#0"},
				"down": {"uv": [9.5, 4, 9, 4.5], "texture": "#0"}
			}
		},
		{
			"from": [10.35, 7.85638, 6.20095],
			"to": [10.6, 8.10638, 6.70095],
			"rotation": {"angle": 45, "axis": "y", "origin": [10.3, 8.05638, 6.50095]},
			"faces": {
				"north": {"uv": [8, 9, 8.5, 9.5], "texture": "#0"},
				"east": {"uv": [8.5, 9, 9, 9.5], "texture": "#0"},
				"south": {"uv": [9, 9, 9.5, 9.5], "texture": "#0"},
				"west": {"uv": [9, 0, 9.5, 0.5], "texture": "#0"},
				"up": {"uv": [9.5, 1, 9, 0.5], "texture": "#0"},
				"down": {"uv": [9.5, 1, 9, 1.5], "texture": "#0"}
			}
		},
		{
			"from": [10.1, 7.60638, 5.45095],
			"to": [10.6, 8.10638, 6.20095],
			"rotation": {"angle": 45, "axis": "y", "origin": [10.3, 8.05638, 6.50095]},
			"faces": {
				"north": {"uv": [5, 9, 5.5, 9.5], "texture": "#0"},
				"east": {"uv": [5.5, 9, 6, 9.5], "texture": "#0"},
				"south": {"uv": [6, 9, 6.5, 9.5], "texture": "#0"},
				"west": {"uv": [6.5, 9, 7, 9.5], "texture": "#0"},
				"up": {"uv": [7.5, 9.5, 7, 9], "texture": "#0"},
				"down": {"uv": [8, 9, 7.5, 9.5], "texture": "#0"}
			}
		},
		{
			"from": [9.85, 7.35638, 4.20095],
			"to": [10.6, 8.10638, 5.45095],
			"rotation": {"angle": 45, "axis": "y", "origin": [10.3, 8.05638, 6.50095]},
			"faces": {
				"north": {"uv": [2, 9, 2.5, 9.5], "texture": "#0"},
				"east": {"uv": [2.5, 9, 3, 9.5], "texture": "#0"},
				"south": {"uv": [3, 9, 3.5, 9.5], "texture": "#0"},
				"west": {"uv": [3.5, 9, 4, 9.5], "texture": "#0"},
				"up": {"uv": [4.5, 9.5, 4, 9], "texture": "#0"},
				"down": {"uv": [5, 9, 4.5, 9.5], "texture": "#0"}
			}
		},
		{
			"from": [6.5, 5.60638, 6.35095],
			"to": [6.75, 5.85638, 7.10095],
			"rotation": {"angle": -22.5, "axis": "x", "origin": [6.6375, 5.77513, 6.5947]},
			"faces": {
				"north": {"uv": [8.5, 7.5, 9, 8], "texture": "#0"},
				"east": {"uv": [8.5, 8, 9, 8.5], "texture": "#0"},
				"south": {"uv": [0, 9, 0.5, 9.5], "texture": "#0"},
				"west": {"uv": [0.5, 9, 1, 9.5], "texture": "#0"},
				"up": {"uv": [1.5, 9.5, 1, 9], "texture": "#0"},
				"down": {"uv": [2, 9, 1.5, 9.5], "texture": "#0"}
			}
		},
		{
			"from": [6.5, 6.25638, 6.35095],
			"to": [6.75, 6.50638, 7.10095],
			"rotation": {"angle": -22.5, "axis": "x", "origin": [6.6375, 5.77513, 6.5947]},
			"faces": {
				"north": {"uv": [8.5, 4.5, 9, 5], "texture": "#0"},
				"east": {"uv": [8.5, 5, 9, 5.5], "texture": "#0"},
				"south": {"uv": [8.5, 5.5, 9, 6], "texture": "#0"},
				"west": {"uv": [8.5, 6, 9, 6.5], "texture": "#0"},
				"up": {"uv": [9, 7, 8.5, 6.5], "texture": "#0"},
				"down": {"uv": [9, 7, 8.5, 7.5], "texture": "#0"}
			}
		},
		{
			"from": [6.35, 5.35638, 6.85095],
			"to": [6.9, 6.85638, 7.60095],
			"rotation": {"angle": -22.5, "axis": "x", "origin": [6.6375, 5.77513, 6.5947]},
			"faces": {
				"north": {"uv": [8.5, 1.5, 9, 2], "texture": "#0"},
				"east": {"uv": [8.5, 2, 9, 2.5], "texture": "#0"},
				"south": {"uv": [8.5, 2.5, 9, 3], "texture": "#0"},
				"west": {"uv": [8.5, 3, 9, 3.5], "texture": "#0"},
				"up": {"uv": [9, 4, 8.5, 3.5], "texture": "#0"},
				"down": {"uv": [9, 4, 8.5, 4.5], "texture": "#0"}
			}
		},
		{
			"from": [6.45, 5.85638, 7.60095],
			"to": [6.9, 6.90638, 8.60095],
			"rotation": {"angle": -22.5, "axis": "x", "origin": [6.6375, 5.77513, 6.5947]},
			"faces": {
				"north": {"uv": [7.5, 8.5, 8, 9], "texture": "#0"},
				"east": {"uv": [8, 8.5, 8.5, 9], "texture": "#0"},
				"south": {"uv": [8.5, 8.5, 9, 9], "texture": "#0"},
				"west": {"uv": [8.5, 0, 9, 0.5], "texture": "#0"},
				"up": {"uv": [9, 1, 8.5, 0.5], "texture": "#0"},
				"down": {"uv": [9, 1, 8.5, 1.5], "texture": "#0"}
			}
		},
		{
			"from": [6.55, 6.90638, 7.60095],
			"to": [6.9, 7.90638, 8.60095],
			"rotation": {"angle": -22.5, "axis": "x", "origin": [6.6375, 5.77513, 6.5947]},
			"faces": {
				"north": {"uv": [4.5, 8.5, 5, 9], "texture": "#0"},
				"east": {"uv": [5, 8.5, 5.5, 9], "texture": "#0"},
				"south": {"uv": [5.5, 8.5, 6, 9], "texture": "#0"},
				"west": {"uv": [6, 8.5, 6.5, 9], "texture": "#0"},
				"up": {"uv": [7, 9, 6.5, 8.5], "texture": "#0"},
				"down": {"uv": [7.5, 8.5, 7, 9], "texture": "#0"}
			}
		},
		{
			"from": [3.70025, 8.75638, 6.27921],
			"to": [4.20025, 9.00638, 6.52921],
			"rotation": {"angle": 45, "axis": "y", "origin": [6.70025, 7.90638, 4.77921]},
			"faces": {
				"north": {"uv": [1.5, 8.5, 2, 9], "texture": "#0"},
				"east": {"uv": [2, 8.5, 2.5, 9], "texture": "#0"},
				"south": {"uv": [2.5, 8.5, 3, 9], "texture": "#0"},
				"west": {"uv": [3, 8.5, 3.5, 9], "texture": "#0"},
				"up": {"uv": [4, 9, 3.5, 8.5], "texture": "#0"},
				"down": {"uv": [4.5, 8.5, 4, 9], "texture": "#0"}
			}
		},
		{
			"from": [4.20025, 8.50638, 6.27921],
			"to": [4.95025, 9.00638, 6.77921],
			"rotation": {"angle": 45, "axis": "y", "origin": [6.70025, 7.90638, 4.77921]},
			"faces": {
				"north": {"uv": [8, 6.5, 8.5, 7], "texture": "#0"},
				"east": {"uv": [8, 7, 8.5, 7.5], "texture": "#0"},
				"south": {"uv": [8, 7.5, 8.5, 8], "texture": "#0"},
				"west": {"uv": [0, 8.5, 0.5, 9], "texture": "#0"},
				"up": {"uv": [1, 9, 0.5, 8.5], "texture": "#0"},
				"down": {"uv": [1.5, 8.5, 1, 9], "texture": "#0"}
			}
		},
		{
			"from": [4.95025, 8.25638, 6.27921],
			"to": [5.70025, 9.00638, 7.02921],
			"rotation": {"angle": 45, "axis": "y", "origin": [6.70025, 7.90638, 4.77921]},
			"faces": {
				"north": {"uv": [8, 3.5, 8.5, 4], "texture": "#0"},
				"east": {"uv": [8, 4, 8.5, 4.5], "texture": "#0"},
				"south": {"uv": [8, 4.5, 8.5, 5], "texture": "#0"},
				"west": {"uv": [8, 5, 8.5, 5.5], "texture": "#0"},
				"up": {"uv": [8.5, 6, 8, 5.5], "texture": "#0"},
				"down": {"uv": [8.5, 6, 8, 6.5], "texture": "#0"}
			}
		},
		{
			"from": [4.70025, 8.75638, 5.27921],
			"to": [5.20025, 9.00638, 5.52921],
			"rotation": {"angle": 45, "axis": "y", "origin": [6.70025, 7.90638, 4.77921]},
			"faces": {
				"north": {"uv": [8, 0.5, 8.5, 1], "texture": "#0"},
				"east": {"uv": [8, 1, 8.5, 1.5], "texture": "#0"},
				"south": {"uv": [8, 1.5, 8.5, 2], "texture": "#0"},
				"west": {"uv": [8, 2, 8.5, 2.5], "texture": "#0"},
				"up": {"uv": [8.5, 3, 8, 2.5], "texture": "#0"},
				"down": {"uv": [8.5, 3, 8, 3.5], "texture": "#0"}
			}
		},
		{
			"from": [5.20025, 8.50638, 5.27921],
			"to": [5.95025, 9.00638, 5.77921],
			"rotation": {"angle": 45, "axis": "y", "origin": [6.70025, 7.90638, 4.77921]},
			"faces": {
				"north": {"uv": [6, 8, 6.5, 8.5], "texture": "#0"},
				"east": {"uv": [6.5, 8, 7, 8.5], "texture": "#0"},
				"south": {"uv": [7, 8, 7.5, 8.5], "texture": "#0"},
				"west": {"uv": [7.5, 8, 8, 8.5], "texture": "#0"},
				"up": {"uv": [8.5, 8.5, 8, 8], "texture": "#0"},
				"down": {"uv": [8.5, 0, 8, 0.5], "texture": "#0"}
			}
		},
		{
			"from": [5.95025, 8.25638, 5.27921],
			"to": [6.70025, 9.00638, 6.02921],
			"rotation": {"angle": 45, "axis": "y", "origin": [6.70025, 7.90638, 4.77921]},
			"faces": {
				"north": {"uv": [3, 8, 3.5, 8.5], "texture": "#0"},
				"east": {"uv": [3.5, 8, 4, 8.5], "texture": "#0"},
				"south": {"uv": [4, 8, 4.5, 8.5], "texture": "#0"},
				"west": {"uv": [4.5, 8, 5, 8.5], "texture": "#0"},
				"up": {"uv": [5.5, 8.5, 5, 8], "texture": "#0"},
				"down": {"uv": [6, 8, 5.5, 8.5], "texture": "#0"}
			}
		},
		{
			"from": [4.82175, 8.15638, 6.45256],
			"to": [5.32175, 8.40638, 6.70256],
			"rotation": {"angle": 22.5, "axis": "y", "origin": [6.57175, 8.15638, 7.70256]},
			"faces": {
				"north": {"uv": [0, 8, 0.5, 8.5], "texture": "#0"},
				"east": {"uv": [0.5, 8, 1, 8.5], "texture": "#0"},
				"south": {"uv": [1, 8, 1.5, 8.5], "texture": "#0"},
				"west": {"uv": [1.5, 8, 2, 8.5], "texture": "#0"},
				"up": {"uv": [2.5, 8.5, 2, 8], "texture": "#0"},
				"down": {"uv": [3, 8, 2.5, 8.5], "texture": "#0"}
			}
		},
		{
			"from": [5.32175, 7.90638, 6.45256],
			"to": [6.07175, 8.40638, 6.95256],
			"rotation": {"angle": 22.5, "axis": "y", "origin": [6.57175, 8.15638, 7.70256]},
			"faces": {
				"north": {"uv": [7.5, 4.5, 8, 5], "texture": "#0"},
				"east": {"uv": [7.5, 5, 8, 5.5], "texture": "#0"},
				"south": {"uv": [7.5, 5.5, 8, 6], "texture": "#0"},
				"west": {"uv": [7.5, 6, 8, 6.5], "texture": "#0"},
				"up": {"uv": [8, 7, 7.5, 6.5], "texture": "#0"},
				"down": {"uv": [8, 7, 7.5, 7.5], "texture": "#0"}
			}
		},
		{
			"from": [6.07175, 7.65638, 6.45256],
			"to": [7.32175, 8.40638, 7.20256],
			"rotation": {"angle": 22.5, "axis": "y", "origin": [6.57175, 8.15638, 7.70256]},
			"faces": {
				"north": {"uv": [7.5, 1.5, 8, 2], "texture": "#0"},
				"east": {"uv": [7.5, 2, 8, 2.5], "texture": "#0"},
				"south": {"uv": [7.5, 2.5, 8, 3], "texture": "#0"},
				"west": {"uv": [7.5, 3, 8, 3.5], "texture": "#0"},
				"up": {"uv": [8, 4, 7.5, 3.5], "texture": "#0"},
				"down": {"uv": [8, 4, 7.5, 4.5], "texture": "#0"}
			}
		},
		{
			"from": [5.4, 7.85638, 6.20095],
			"to": [5.65, 8.10638, 6.70095],
			"rotation": {"angle": -45, "axis": "y", "origin": [5.7, 8.05638, 6.50095]},
			"faces": {
				"north": {"uv": [6.5, 7.5, 7, 8], "texture": "#0"},
				"east": {"uv": [7, 7.5, 7.5, 8], "texture": "#0"},
				"south": {"uv": [7.5, 7.5, 8, 8], "texture": "#0"},
				"west": {"uv": [7.5, 0, 8, 0.5], "texture": "#0"},
				"up": {"uv": [8, 1, 7.5, 0.5], "texture": "#0"},
				"down": {"uv": [8, 1, 7.5, 1.5], "texture": "#0"}
			}
		},
		{
			"from": [5.4, 7.60638, 5.45095],
			"to": [5.9, 8.10638, 6.20095],
			"rotation": {"angle": -45, "axis": "y", "origin": [5.7, 8.05638, 6.50095]},
			"faces": {
				"north": {"uv": [3.5, 7.5, 4, 8], "texture": "#0"},
				"east": {"uv": [4, 7.5, 4.5, 8], "texture": "#0"},
				"south": {"uv": [4.5, 7.5, 5, 8], "texture": "#0"},
				"west": {"uv": [5, 7.5, 5.5, 8], "texture": "#0"},
				"up": {"uv": [6, 8, 5.5, 7.5], "texture": "#0"},
				"down": {"uv": [6.5, 7.5, 6, 8], "texture": "#0"}
			}
		},
		{
			"from": [5.4, 7.35638, 4.20095],
			"to": [6.15, 8.10638, 5.45095],
			"rotation": {"angle": -45, "axis": "y", "origin": [5.7, 8.05638, 6.50095]},
			"faces": {
				"north": {"uv": [0.5, 7.5, 1, 8], "texture": "#0"},
				"east": {"uv": [1, 7.5, 1.5, 8], "texture": "#0"},
				"south": {"uv": [1.5, 7.5, 2, 8], "texture": "#0"},
				"west": {"uv": [2, 7.5, 2.5, 8], "texture": "#0"},
				"up": {"uv": [3, 8, 2.5, 7.5], "texture": "#0"},
				"down": {"uv": [3.5, 7.5, 3, 8], "texture": "#0"}
			}
		},
		{
			"from": [7.85, 10.36805, 9.89512],
			"to": [8.15, 10.66805, 10.39512],
			"rotation": {"angle": -45, "axis": "x", "origin": [8, 9.72639, 8.60345]},
			"faces": {
				"north": {"uv": [7, 4.5, 7.5, 5], "texture": "#0"},
				"east": {"uv": [7, 5, 7.5, 5.5], "texture": "#0"},
				"south": {"uv": [7, 5.5, 7.5, 6], "texture": "#0"},
				"west": {"uv": [7, 6, 7.5, 6.5], "texture": "#0"},
				"up": {"uv": [7.5, 7, 7, 6.5], "texture": "#0"},
				"down": {"uv": [0.5, 7.5, 0, 8], "texture": "#0"}
			}
		},
		{
			"from": [7.75, 10.36805, 9.14512],
			"to": [8.25, 10.86805, 9.89512],
			"rotation": {"angle": -45, "axis": "x", "origin": [8, 9.72639, 8.60345]},
			"faces": {
				"north": {"uv": [7, 1.5, 7.5, 2], "texture": "#0"},
				"east": {"uv": [7, 2, 7.5, 2.5], "texture": "#0"},
				"south": {"uv": [7, 2.5, 7.5, 3], "texture": "#0"},
				"west": {"uv": [7, 3, 7.5, 3.5], "texture": "#0"},
				"up": {"uv": [7.5, 4, 7, 3.5], "texture": "#0"},
				"down": {"uv": [7.5, 4, 7, 4.5], "texture": "#0"}
			}
		},
		{
			"from": [7.5, 9.26512, 7.64509],
			"to": [8.5, 11.01512, 8.39509],
			"rotation": {"angle": 22.5, "axis": "x", "origin": [8, 10.01512, 8.02009]},
			"faces": {
				"north": {"uv": [7.5, 1, 7, 0.5], "rotation": 180, "texture": "#0"},
				"east": {"uv": [6.5, 7, 7, 7.5], "rotation": 90, "texture": "#0"},
				"south": {"uv": [7.5, 1, 7, 1.5], "texture": "#0"},
				"west": {"uv": [7, 0, 7.5, 0.5], "rotation": 270, "texture": "#0"},
				"up": {"uv": [7, 7, 7.5, 7.5], "texture": "#0"},
				"down": {"uv": [6, 7, 6.5, 7.5], "rotation": 180, "texture": "#0"}
			}
		},
		{
			"from": [7.85, 9.46747, 7.6727],
			"to": [8.15, 9.76747, 8.1727],
			"rotation": {"angle": -45, "axis": "x", "origin": [8, 9.70914, 6.13104]},
			"faces": {
				"north": {"uv": [3, 7, 3.5, 7.5], "texture": "#0"},
				"east": {"uv": [3.5, 7, 4, 7.5], "texture": "#0"},
				"south": {"uv": [4, 7, 4.5, 7.5], "texture": "#0"},
				"west": {"uv": [4.5, 7, 5, 7.5], "texture": "#0"},
				"up": {"uv": [5.5, 7.5, 5, 7], "texture": "#0"},
				"down": {"uv": [6, 7, 5.5, 7.5], "texture": "#0"}
			}
		},
		{
			"from": [7.75, 9.46747, 6.9227],
			"to": [8.25, 9.96747, 7.6727],
			"rotation": {"angle": -45, "axis": "x", "origin": [8, 9.70914, 6.13104]},
			"faces": {
				"north": {"uv": [0, 7, 0.5, 7.5], "texture": "#0"},
				"east": {"uv": [0.5, 7, 1, 7.5], "texture": "#0"},
				"south": {"uv": [1, 7, 1.5, 7.5], "texture": "#0"},
				"west": {"uv": [1.5, 7, 2, 7.5], "texture": "#0"},
				"up": {"uv": [2.5, 7.5, 2, 7], "texture": "#0"},
				"down": {"uv": [3, 7, 2.5, 7.5], "texture": "#0"}
			}
		},
		{
			"from": [7.5, 9.30081, 6.0227],
			"to": [8.5, 10.65081, 6.7727],
			"rotation": {"angle": 22.5, "axis": "x", "origin": [8, 9.70914, 6.13104]},
			"faces": {
				"north": {"uv": [7, 6, 6.5, 5.5], "rotation": 180, "texture": "#0"},
				"east": {"uv": [6.5, 4, 7, 4.5], "rotation": 90, "texture": "#0"},
				"south": {"uv": [7, 6, 6.5, 6.5], "texture": "#0"},
				"west": {"uv": [6.5, 5, 7, 5.5], "rotation": 270, "texture": "#0"},
				"up": {"uv": [6.5, 4.5, 7, 5], "texture": "#0"},
				"down": {"uv": [6.5, 3.5, 7, 4], "rotation": 180, "texture": "#0"}
			}
		},
		{
			"from": [7.85, 10.25081, 5.5727],
			"to": [8.15, 10.75081, 5.8727],
			"rotation": {"angle": 22.5, "axis": "x", "origin": [8, 9.70914, 6.13104]},
			"faces": {
				"north": {"uv": [6.5, 0.5, 7, 1], "texture": "#0"},
				"east": {"uv": [6.5, 1, 7, 1.5], "texture": "#0"},
				"south": {"uv": [6.5, 1.5, 7, 2], "texture": "#0"},
				"west": {"uv": [6.5, 2, 7, 2.5], "texture": "#0"},
				"up": {"uv": [7, 3, 6.5, 2.5], "texture": "#0"},
				"down": {"uv": [7, 3, 6.5, 3.5], "texture": "#0"}
			}
		},
		{
			"from": [7.75, 9.50081, 5.3727],
			"to": [8.25, 10.25081, 5.8727],
			"rotation": {"angle": 22.5, "axis": "x", "origin": [8, 9.70914, 6.13104]},
			"faces": {
				"north": {"uv": [4.5, 6.5, 5, 7], "texture": "#0"},
				"east": {"uv": [5, 6.5, 5.5, 7], "texture": "#0"},
				"south": {"uv": [5.5, 6.5, 6, 7], "texture": "#0"},
				"west": {"uv": [6, 6.5, 6.5, 7], "texture": "#0"},
				"up": {"uv": [7, 7, 6.5, 6.5], "texture": "#0"},
				"down": {"uv": [7, 0, 6.5, 0.5], "texture": "#0"}
			}
		},
		{
			"from": [7.5, 8.00081, 5.1227],
			"to": [8.5, 9.50081, 5.8727],
			"rotation": {"angle": 22.5, "axis": "x", "origin": [8, 9.70914, 6.13104]},
			"faces": {
				"north": {"uv": [1.5, 6.5, 2, 7], "texture": "#0"},
				"east": {"uv": [2, 6.5, 2.5, 7], "texture": "#0"},
				"south": {"uv": [2.5, 6.5, 3, 7], "texture": "#0"},
				"west": {"uv": [3, 6.5, 3.5, 7], "texture": "#0"},
				"up": {"uv": [4, 7, 3.5, 6.5], "texture": "#0"},
				"down": {"uv": [4.5, 6.5, 4, 7], "texture": "#0"}
			}
		},
		{
			"from": [7.8875, 9.27792, 4.82016],
			"to": [8.1125, 9.65292, 5.04516],
			"rotation": {"angle": 22.5, "axis": "x", "origin": [8, 9.62167, 5.78891]},
			"faces": {
				"north": {"uv": [6, 4.5, 6.5, 5], "texture": "#0"},
				"east": {"uv": [6, 5, 6.5, 5.5], "texture": "#0"},
				"south": {"uv": [6, 5.5, 6.5, 6], "texture": "#0"},
				"west": {"uv": [0, 6.5, 0.5, 7], "texture": "#0"},
				"up": {"uv": [1, 7, 0.5, 6.5], "texture": "#0"},
				"down": {"uv": [1.5, 6.5, 1, 7], "texture": "#0"}
			}
		},
		{
			"from": [7.8125, 8.71542, 4.67016],
			"to": [8.1875, 9.27792, 5.04516],
			"rotation": {"angle": 22.5, "axis": "x", "origin": [8, 9.62167, 5.78891]},
			"faces": {
				"north": {"uv": [6, 1.5, 6.5, 2], "texture": "#0"},
				"east": {"uv": [6, 2, 6.5, 2.5], "texture": "#0"},
				"south": {"uv": [6, 2.5, 6.5, 3], "texture": "#0"},
				"west": {"uv": [6, 3, 6.5, 3.5], "texture": "#0"},
				"up": {"uv": [6.5, 4, 6, 3.5], "texture": "#0"},
				"down": {"uv": [6.5, 4, 6, 4.5], "texture": "#0"}
			}
		},
		{
			"from": [7.625, 7.34042, 4.47016],
			"to": [8.375, 8.71542, 5.03266],
			"rotation": {"angle": 22.5, "axis": "x", "origin": [8, 9.62167, 5.78891]},
			"faces": {
				"north": {"uv": [5, 6, 5.5, 6.5], "texture": "#0"},
				"east": {"uv": [5.5, 6, 6, 6.5], "texture": "#0"},
				"south": {"uv": [6, 6, 6.5, 6.5], "texture": "#0"},
				"west": {"uv": [6, 0, 6.5, 0.5], "texture": "#0"},
				"up": {"uv": [6.5, 1, 6, 0.5], "texture": "#0"},
				"down": {"uv": [6.5, 1, 6, 1.5], "texture": "#0"}
			}
		},
		{
			"from": [7.825, 7.34042, 4.22016],
			"to": [8.175, 8.21542, 4.48266],
			"rotation": {"angle": 22.5, "axis": "x", "origin": [8, 9.62167, 5.78891]},
			"faces": {
				"north": {"uv": [2, 6, 2.5, 6.5], "texture": "#0"},
				"east": {"uv": [2.5, 6, 3, 6.5], "texture": "#0"},
				"south": {"uv": [3, 6, 3.5, 6.5], "texture": "#0"},
				"west": {"uv": [3.5, 6, 4, 6.5], "texture": "#0"},
				"up": {"uv": [4.5, 6.5, 4, 6], "texture": "#0"},
				"down": {"uv": [5, 6, 4.5, 6.5], "texture": "#0"}
			}
		},
		{
			"from": [7.85, 6.85638, 2.50095],
			"to": [8.15, 7.35638, 2.80095],
			"rotation": {"angle": 45, "axis": "x", "origin": [8.5, 7.10638, 2.85095]},
			"faces": {
				"north": {"uv": [5.5, 3.5, 6, 4], "texture": "#0"},
				"east": {"uv": [5.5, 4, 6, 4.5], "texture": "#0"},
				"south": {"uv": [0, 6, 0.5, 6.5], "texture": "#0"},
				"west": {"uv": [0.5, 6, 1, 6.5], "texture": "#0"},
				"up": {"uv": [1.5, 6.5, 1, 6], "texture": "#0"},
				"down": {"uv": [2, 6, 1.5, 6.5], "texture": "#0"}
			}
		},
		{
			"from": [7.75, 7.35638, 2.60095],
			"to": [8.25, 7.85638, 3.25095],
			"rotation": {"angle": 0, "axis": "y", "origin": [9.5, 8.85638, 7.75095]},
			"faces": {
				"north": {"uv": [2, 4, 2.5, 4.5], "texture": "#0"},
				"east": {"uv": [4, 5.5, 4.5, 6], "texture": "#0"},
				"south": {"uv": [4.5, 5.5, 5, 6], "texture": "#0"},
				"west": {"uv": [5, 5.5, 5.5, 6], "texture": "#0"},
				"up": {"uv": [6, 6, 5.5, 5.5], "texture": "#0"},
				"down": {"uv": [6, 2, 5.5, 2.5], "texture": "#0"}
			}
		},
		{
			"from": [7.25, 7.35638, 3.25095],
			"to": [8.75, 8.15638, 4.25095],
			"rotation": {"angle": 0, "axis": "y", "origin": [9.5, 8.85638, 7.75095]},
			"faces": {
				"north": {"uv": [2, 5, 3, 5.5], "texture": "#0"},
				"east": {"uv": [1, 3, 1.5, 3.5], "texture": "#0"},
				"south": {"uv": [3, 5, 4, 5.5], "texture": "#0"},
				"west": {"uv": [2, 3.5, 2.5, 4], "texture": "#0"},
				"up": {"uv": [5, 5.5, 4, 5], "texture": "#0"},
				"down": {"uv": [6, 5, 5, 5.5], "texture": "#0"}
			}
		},
		{
			"from": [6.95, 6.85638, 7.30095],
			"to": [9.15, 8.40638, 7.95095],
			"rotation": {"angle": 0, "axis": "y", "origin": [9.5, 8.85638, 7.75095]},
			"faces": {
				"north": {"uv": [0, 5, 1, 5.5], "texture": "#0"},
				"east": {"uv": [2.5, 1.5, 4.25, 2], "texture": "#0"},
				"south": {"uv": [1, 5, 2, 5.5], "texture": "#0"},
				"west": {"uv": [2.75, 2, 4.5, 2.5], "texture": "#0"},
				"up": {"uv": [2.5, 3.5, 1.5, 1.5], "texture": "#0"},
				"down": {"uv": [3.5, 2.5, 2.5, 4.5], "texture": "#0"}
			}
		},
		{
			"from": [6.85, 6.20638, 6.75095],
			"to": [9.15, 7.35638, 8.25095],
			"rotation": {"angle": 0, "axis": "y", "origin": [9.5, 8.85638, 7.75095]},
			"faces": {
				"north": {"uv": [0, 5, 1, 5.5], "texture": "#0"},
				"east": {"uv": [2.5, 1.5, 4.25, 2], "texture": "#0"},
				"south": {"uv": [1, 5, 2, 5.5], "texture": "#0"},
				"west": {"uv": [2.75, 2, 4.5, 2.5], "texture": "#0"},
				"up": {"uv": [2.5, 3.5, 1.5, 1.5], "texture": "#0"},
				"down": {"uv": [3.5, 2.5, 2.5, 4.5], "texture": "#0"}
			}
		},
		{
			"from": [6.85, 7.35638, 5.00095],
			"to": [9.15, 8.60638, 8.25095],
			"rotation": {"angle": 0, "axis": "y", "origin": [9.5, 8.85638, 7.75095]},
			"faces": {
				"north": {"uv": [0, 5, 1, 5.5], "texture": "#0"},
				"east": {"uv": [2.5, 1.5, 4.25, 2], "texture": "#0"},
				"south": {"uv": [1, 5, 2, 5.5], "texture": "#0"},
				"west": {"uv": [2.75, 2, 4.5, 2.5], "texture": "#0"},
				"up": {"uv": [2.5, 3.5, 1.5, 1.5], "texture": "#0"},
				"down": {"uv": [3.5, 2.5, 2.5, 4.5], "texture": "#0"}
			}
		},
		{
			"from": [7.1, 7.35638, 4.25095],
			"to": [8.9, 8.60638, 5.00095],
			"rotation": {"angle": 0, "axis": "y", "origin": [9.5, 8.85638, 7.75095]},
			"faces": {
				"north": {"uv": [10.5, 1.5, 12.5, 3], "texture": "#0"},
				"east": {"uv": [4.25, 1.5, 4.5, 2], "texture": "#0"},
				"south": {"uv": [1, 5, 2, 5.5], "texture": "#0"},
				"west": {"uv": [2.5, 2, 2.75, 2.5], "texture": "#0"},
				"up": {"uv": [2.5, 3.5, 1.5, 3.25], "texture": "#0"},
				"down": {"uv": [3.5, 4.25, 2.5, 4.5], "texture": "#0"}
			}
		},
		{
			"from": [7, 8.60638, 5.00095],
			"to": [9, 9.10638, 8.25095],
			"rotation": {"angle": 0, "axis": "y", "origin": [9.5, 8.85638, 7.75095]},
			"faces": {
				"north": {"uv": [4.5, 3.5, 5.5, 4], "texture": "#0"},
				"east": {"uv": [3.5, 3, 5, 3.5], "texture": "#0"},
				"south": {"uv": [4.5, 4, 5.5, 4.5], "texture": "#0"},
				"west": {"uv": [2, 4.5, 3.5, 5], "texture": "#0"},
				"up": {"uv": [1, 4.5, 0, 3], "texture": "#0"},
				"down": {"uv": [2, 3.5, 1, 5], "texture": "#0"}
			}
		},
		{
			"from": [7.25, 9.10638, 7.00095],
			"to": [8.75, 9.85638, 8.25095],
			"rotation": {"angle": 0, "axis": "y", "origin": [9.5, 8.85638, 7.75095]},
			"faces": {
				"north": {"uv": [8.25, 1.75, 10.25, 2.75], "texture": "#0"},
				"east": {"uv": [9.75, 6.75, 10.25, 9.5], "rotation": 90, "texture": "#0"},
				"south": {"uv": [4.5, 2, 5.5, 2.5], "texture": "#0"},
				"west": {"uv": [9.5, 7.25, 10, 9.5], "rotation": 90, "texture": "#0"},
				"up": {"uv": [10.25, 3.25, 8.25, 1.5], "texture": "#0"},
				"down": {"uv": [3.5, 0, 2.5, 1.5], "texture": "#0"}
			}
		},
		{
			"from": [7.25, 9.10638, 5.50095],
			"to": [8.75, 9.60638, 7.00095],
			"rotation": {"angle": 0, "axis": "y", "origin": [9.5, 8.85638, 7.75095]},
			"faces": {
				"north": {"uv": [8.25, 1.75, 10.25, 2.75], "texture": "#0"},
				"east": {"uv": [9.75, 6.75, 10.25, 9.5], "rotation": 90, "texture": "#0"},
				"south": {"uv": [4.5, 2, 5.5, 2.5], "texture": "#0"},
				"west": {"uv": [9.5, 7.25, 10, 9.5], "rotation": 90, "texture": "#0"},
				"up": {"uv": [10.25, 3.25, 8.25, 1.5], "texture": "#0"},
				"down": {"uv": [3.5, 0, 2.5, 1.5], "texture": "#0"}
			}
		},
		{
			"from": [6.975, 6.9714, 5.66486],
			"to": [7, 8.2714, 6.91486],
			"rotation": {"angle": 0, "axis": "y", "origin": [8, 8.01129, 6.16189]},
			"faces": {
				"north": {"uv": [8.5, 1.5, 9, 2], "texture": "#0"},
				"east": {"uv": [8.5, 2, 9, 2.5], "texture": "#0"},
				"south": {"uv": [8.5, 2.5, 9, 3], "texture": "#0"},
				"west": {"uv": [8.5, 3, 9, 3.5], "texture": "#0"},
				"up": {"uv": [9, 4, 8.5, 3.5], "texture": "#0"},
				"down": {"uv": [9, 4, 8.5, 4.5], "texture": "#0"}
			}
		},
		{
			"from": [9, 6.9714, 5.66486],
			"to": [9.025, 8.2714, 6.91486],
			"rotation": {"angle": 0, "axis": "y", "origin": [8, 8.01129, 6.16189]},
			"faces": {
				"north": {"uv": [9, 1.5, 8.5, 2], "texture": "#0"},
				"east": {"uv": [9, 3, 8.5, 3.5], "texture": "#0"},
				"south": {"uv": [9, 2.5, 8.5, 3], "texture": "#0"},
				"west": {"uv": [9, 2, 8.5, 2.5], "texture": "#0"},
				"up": {"uv": [8.5, 4, 9, 3.5], "texture": "#0"},
				"down": {"uv": [8.5, 4, 9, 4.5], "texture": "#0"}
			}
		}
	],
	"display": {
		"head": {
			"rotation": [0, 180, 0]
		}
	}
}