{
    "providers": [
        {
            "type": "bitmap",
            "file": "minecraft:font/ui/sharpness/0.png",
            "ascent": 10,
            "height": 10,
            "chars": [
                "0"
            ]
        },
        {
            "type": "bitmap",
            "file": "minecraft:font/ui/sharpness/1.png",
            "ascent": 10,
            "height": 10,
            "chars": [
                "1"
            ]
        },
        {
            "type": "bitmap",
            "file": "minecraft:font/ui/sharpness/2.png",
            "ascent": 10,
            "height": 10,
            "chars": [
                "2"
            ]
        },
        {
            "type": "bitmap",
            "file": "minecraft:font/ui/sharpness/3.png",
            "ascent": 10,
            "height": 10,
            "chars": [
                "3"
            ]
        },
        {
            "type": "bitmap",
            "file": "minecraft:font/ui/sharpness/4.png",
            "ascent": 10,
            "height": 10,
            "chars": [
                "4"
            ]
        },
        {
            "type": "bitmap",
            "file": "minecraft:font/ui/sharpness/5.png",
            "ascent": 10,
            "height": 10,
            "chars": [
                "5"
            ]
        },
        {
            "type": "bitmap",
            "file": "minecraft:font/ui/sharpness/6.png",
            "ascent": 10,
            "height": 10,
            "chars": [
                "6"
            ]
        }
    ]
}