{
    "providers": [
        {
            "type": "bitmap",
            "file": "minecraft:font/ui/stamina/10.png",
            "ascent": -26,
            "height": 8,
            "chars": [
                "#"
            ]
        },
        {
            "type": "bitmap",
            "file": "minecraft:font/ui/stamina/_.png",
            "ascent": -25,
            "height": 10,
            "chars": [
                "_"
            ]
        },
        {
            "type": "bitmap",
            "file": "minecraft:font/ui/stamina/0.png",
            "ascent": -26,
            "height": 8,
            "chars": [
                "0"
            ]
        },
        {
            "type": "bitmap",
            "file": "minecraft:font/ui/stamina/1.png",
            "ascent": -26,
            "height": 8,
            "chars": [
                "1"
            ]
        },
        {
            "type": "bitmap",
            "file": "minecraft:font/ui/stamina/2.png",
            "ascent": -26,
            "height": 8,
            "chars": [
                "2"
            ]
        },
        {
            "type": "bitmap",
            "file": "minecraft:font/ui/stamina/3.png",
            "ascent": -26,
            "height": 8,
            "chars": [
                "3"
            ]
        },
        {
            "type": "bitmap",
            "file": "minecraft:font/ui/stamina/4.png",
            "ascent": -26,
            "height": 8,
            "chars": [
                "4"
            ]
        },
        {
            "type": "bitmap",
            "file": "minecraft:font/ui/stamina/5.png",
            "ascent": -26,
            "height": 8,
            "chars": [
                "5"
            ]
        },
        {
            "type": "bitmap",
            "file": "minecraft:font/ui/stamina/6.png",
            "ascent": -26,
            "height": 8,
            "chars": [
                "6"
            ]
        },
        {
            "type": "bitmap",
            "file": "minecraft:font/ui/stamina/7.png",
            "ascent": -26,
            "height": 8,
            "chars": [
                "7"
            ]
        },
        {
            "type": "bitmap",
            "file": "minecraft:font/ui/stamina/8.png",
            "ascent": -26,
            "height": 8,
            "chars": [
                "8"
            ]
        },
        {
            "type": "bitmap",
            "file": "minecraft:font/ui/stamina/9.png",
            "ascent": -26,
            "height": 8,
            "chars": [
                "9"
            ]
        }
    ]
}