{
    "providers": [
        {
            "type": "bitmap",
            "file": "minecraft:font/icons/questcleared.png",
            "ascent": 40,
            "height": 90,
            "chars": [
                "#"
            ]
        },
        {
            "type": "bitmap",
            "file": "minecraft:font/icons/quest_owner.png",
            "ascent": 7,
            "height": 8,
            "chars": [
                "a"
            ]
        },
        {
            "type": "bitmap",
            "file": "minecraft:font/icons/quest_member.png",
            "ascent": 7,
            "height": 8,
            "chars": [
                "b"
            ]
        },
        {
            "type": "bitmap",
            "file": "minecraft:font/icons/quest_playing.png",
            "ascent": 7,
            "height": 8,
            "chars": [
                "c"
            ]
        },
        {
            "type": "bitmap",
            "file": "minecraft:font/icons/hatena.png",
            "ascent": 16,
            "height": 16,
            "chars": [
                "\uE000"
            ]
        },
        {
            "type": "bitmap",
            "file": "minecraft:font/icons/reus.png",
            "ascent": 16,
            "height": 16,
            "chars": [
                "\uE001"
            ]
        },
        {
            "type": "bitmap",
            "file": "minecraft:font/icons/reia.png",
            "ascent": 16,
            "height": 16,
            "chars": [
                "\uE002"
            ]
        },
        {
            "type": "bitmap",
            "file": "minecraft:font/icons/dino.png",
            "ascent": 16,
            "height": 16,
            "chars": [
                "\uE003"
            ]
        },
        {
            "type": "bitmap",
            "file": "minecraft:font/icons/ogre.png",
            "ascent": 16,
            "height": 16,
            "chars": [
                "\uE004"
            ]
        },
        {
            "type": "bitmap",
            "file": "minecraft:font/icons/ranposu.png",
            "ascent": 16,
            "height": 16,
            "chars": [
                "\uE011"
            ]
        },
        {
            "type": "bitmap",
            "file": "minecraft:font/icons/reus.png",
            "ascent": 16,
            "height": 16,
            "chars": [
                "\uE012"
            ]
        },
        {
            "type": "bitmap",
            "file": "minecraft:font/icons/dino.png",
            "ascent": 16,
            "height": 16,
            "chars": [
                "\uE013"
            ]
        },
        {
            "type": "bitmap",
            "file": "minecraft:font/icons/valk.png",
            "ascent": 16,
            "height": 16,
            "chars": [
                "\uE014"
            ]
        }
    ]
}