{
	"credit": "Made with Blockbench",
	"textures": {
		"1": "animated_java:item/dino_aj/texture"
	},
	"elements": [
		{
			"from": [7.5, 6.75, 3.73809],
			"to": [8.5, 7.5, 4.23809],
			"rotation": {"angle": 0, "axis": "y", "origin": [0, 6, 7.23809]},
			"faces": {
				"north": {"uv": [13.375, 5.75, 13.5, 5.84375], "texture": "#1"},
				"east": {"uv": [6, 14.25, 6.0625, 14.34375], "texture": "#1"},
				"south": {"uv": [13.375, 6, 13.5, 6.09375], "texture": "#1"},
				"west": {"uv": [14.25, 6, 14.3125, 6.09375], "texture": "#1"},
				"up": {"uv": [1.5, 14.0625, 1.375, 14], "texture": "#1"},
				"down": {"uv": [14.125, 1.375, 14, 1.4375], "texture": "#1"}
			}
		},
		{
			"from": [7.125, 6.825, 6.51309],
			"to": [8.875, 7.825, 8.76309],
			"rotation": {"angle": -22.5, "axis": "x", "origin": [0, 6, 7.23809]},
			"faces": {
				"north": {"uv": [11.75, 11.625, 11.96875, 11.75], "texture": "#1"},
				"east": {"uv": [11.125, 6.75, 11.40625, 6.875], "texture": "#1"},
				"south": {"uv": [11.75, 11.75, 11.96875, 11.875], "texture": "#1"},
				"west": {"uv": [7.125, 11.125, 7.40625, 11.25], "texture": "#1"},
				"up": {"uv": [6.21875, 9.28125, 6, 9], "texture": "#1"},
				"down": {"uv": [6.46875, 9, 6.25, 9.28125], "texture": "#1"}
			}
		},
		{
			"from": [7.5, 7, 4.23809],
			"to": [8.5, 7.5, 4.73809],
			"rotation": {"angle": 0, "axis": "y", "origin": [0, 6, 7.23809]},
			"faces": {
				"north": {"uv": [14, 1, 14.125, 1.0625], "texture": "#1"},
				"east": {"uv": [8.75, 14.5, 8.8125, 14.5625], "texture": "#1"},
				"south": {"uv": [14, 1.125, 14.125, 1.1875], "texture": "#1"},
				"west": {"uv": [14.5, 8.75, 14.5625, 8.8125], "texture": "#1"},
				"up": {"uv": [1.375, 14.0625, 1.25, 14], "texture": "#1"},
				"down": {"uv": [14.125, 1.25, 14, 1.3125], "texture": "#1"}
			}
		},
		{
			"from": [7.75, 8.15, 4.11309],
			"to": [8.25, 8.45, 4.61309],
			"rotation": {"angle": 0, "axis": "y", "origin": [0, 6, 7.23809]},
			"faces": {
				"north": {"uv": [14.375, 14.75, 14.4375, 14.78125], "texture": "#1"},
				"east": {"uv": [14.75, 14.375, 14.8125, 14.40625], "texture": "#1"},
				"south": {"uv": [14.5, 14.75, 14.5625, 14.78125], "texture": "#1"},
				"west": {"uv": [14.75, 14.5, 14.8125, 14.53125], "texture": "#1"},
				"up": {"uv": [8.6875, 14.5625, 8.625, 14.5], "texture": "#1"},
				"down": {"uv": [14.5625, 8.625, 14.5, 8.6875], "texture": "#1"}
			}
		},
		{
			"from": [7.675, 8.15, 4.61309],
			"to": [8.325, 8.45, 5.26309],
			"rotation": {"angle": 0, "axis": "y", "origin": [0, 6, 7.23809]},
			"faces": {
				"north": {"uv": [14.625, 9.75, 14.71875, 9.78125], "texture": "#1"},
				"east": {"uv": [9.875, 14.625, 9.96875, 14.65625], "texture": "#1"},
				"south": {"uv": [14.625, 9.875, 14.71875, 9.90625], "texture": "#1"},
				"west": {"uv": [10, 14.625, 10.09375, 14.65625], "texture": "#1"},
				"up": {"uv": [12.71875, 13.84375, 12.625, 13.75], "texture": "#1"},
				"down": {"uv": [13.84375, 12.625, 13.75, 12.71875], "texture": "#1"}
			}
		},
		{
			"from": [7.65, 7.125, 4.46309],
			"to": [8.35, 7.525, 6.96309],
			"rotation": {"angle": 22.5, "axis": "x", "origin": [0, 6, 7.23809]},
			"faces": {
				"north": {"uv": [5.875, 14.25, 5.96875, 14.3125], "texture": "#1"},
				"east": {"uv": [12.5, 5, 12.8125, 5.0625], "texture": "#1"},
				"south": {"uv": [14.25, 5.875, 14.34375, 5.9375], "texture": "#1"},
				"west": {"uv": [12.5, 5.25, 12.8125, 5.3125], "texture": "#1"},
				"up": {"uv": [11.46875, 11.9375, 11.375, 11.625], "texture": "#1"},
				"down": {"uv": [11.71875, 11.5, 11.625, 11.8125], "texture": "#1"}
			}
		},
		{
			"from": [7.35, 5.75, 4.58809],
			"to": [7.6, 8.25, 6.08809],
			"rotation": {"angle": 45, "axis": "x", "origin": [15.9, 6, 7.23809]},
			"faces": {
				"north": {"uv": [10, 13.625, 10.03125, 13.9375], "texture": "#1"},
				"east": {"uv": [7.75, 9.25, 7.9375, 9.5625], "texture": "#1"},
				"south": {"uv": [10.125, 13.625, 10.15625, 13.9375], "texture": "#1"},
				"west": {"uv": [8, 9.25, 8.1875, 9.5625], "texture": "#1"},
				"up": {"uv": [14.28125, 5.8125, 14.25, 5.625], "texture": "#1"},
				"down": {"uv": [5.78125, 14.25, 5.75, 14.4375], "texture": "#1"}
			}
		},
		{
			"from": [8.4, 5.75, 4.58809],
			"to": [8.65, 8.25, 6.08809],
			"rotation": {"angle": 45, "axis": "x", "origin": [0.1, 6, 7.23809]},
			"faces": {
				"north": {"uv": [9.875, 13.625, 9.90625, 13.9375], "texture": "#1"},
				"east": {"uv": [9.25, 5.5, 9.4375, 5.8125], "texture": "#1"},
				"south": {"uv": [13.625, 9.875, 13.65625, 10.1875], "texture": "#1"},
				"west": {"uv": [7.125, 9.25, 7.3125, 9.5625], "texture": "#1"},
				"up": {"uv": [5.53125, 14.4375, 5.5, 14.25], "texture": "#1"},
				"down": {"uv": [5.65625, 14.25, 5.625, 14.4375], "texture": "#1"}
			}
		},
		{
			"from": [7.5, 6.5, 4.73809],
			"to": [8.5, 7.5, 6.48809],
			"rotation": {"angle": 0, "axis": "y", "origin": [0, 6, 7.23809]},
			"faces": {
				"north": {"uv": [10.375, 0.875, 10.5, 1], "texture": "#1"},
				"east": {"uv": [11.75, 7, 11.96875, 7.125], "texture": "#1"},
				"south": {"uv": [10.375, 1.5, 10.5, 1.625], "texture": "#1"},
				"west": {"uv": [11.75, 9.625, 11.96875, 9.75], "texture": "#1"},
				"up": {"uv": [11.875, 11.59375, 11.75, 11.375], "texture": "#1"},
				"down": {"uv": [11.625, 11.75, 11.5, 11.96875], "texture": "#1"}
			}
		},
		{
			"from": [7.25, 6.25, 6.48809],
			"to": [8.75, 6.5, 8.48809],
			"rotation": {"angle": 0, "axis": "y", "origin": [0, 6, 7.23809]},
			"faces": {
				"north": {"uv": [14.25, 5.125, 14.4375, 5.15625], "texture": "#1"},
				"east": {"uv": [14, 0.875, 14.25, 0.90625], "texture": "#1"},
				"south": {"uv": [5.25, 14.25, 5.4375, 14.28125], "texture": "#1"},
				"west": {"uv": [1, 14, 1.25, 14.03125], "texture": "#1"},
				"up": {"uv": [2.1875, 10.5, 2, 10.25], "texture": "#1"},
				"down": {"uv": [10.4375, 2.5, 10.25, 2.75], "texture": "#1"}
			}
		},
		{
			"from": [7, 6.5, 6.48809],
			"to": [9, 7.5, 8.48809],
			"rotation": {"angle": 0, "axis": "y", "origin": [0, 6, 7.23809]},
			"faces": {
				"north": {"uv": [11.625, 0.5, 11.875, 0.625], "texture": "#1"},
				"east": {"uv": [11.625, 0.625, 11.875, 0.75], "texture": "#1"},
				"south": {"uv": [1.75, 11.625, 2, 11.75], "texture": "#1"},
				"west": {"uv": [2, 11.625, 2.25, 11.75], "texture": "#1"},
				"up": {"uv": [0.75, 9.125, 0.5, 8.875], "texture": "#1"},
				"down": {"uv": [1, 8.875, 0.75, 9.125], "texture": "#1"}
			}
		},
		{
			"from": [6.501, 7, 7.73809],
			"to": [7.251, 8, 8.48809],
			"rotation": {"angle": 0, "axis": "y", "origin": [16, 6, 7.23809]},
			"faces": {
				"north": {"uv": [2.625, 13.25, 2.71875, 13.375], "texture": "#1"},
				"east": {"uv": [13.25, 2.75, 13.34375, 2.875], "texture": "#1"},
				"south": {"uv": [2.875, 13.25, 2.96875, 13.375], "texture": "#1"},
				"west": {"uv": [13.25, 2.875, 13.34375, 3], "texture": "#1"},
				"up": {"uv": [3.96875, 13.84375, 3.875, 13.75], "texture": "#1"},
				"down": {"uv": [13.84375, 3.875, 13.75, 3.96875], "texture": "#1"}
			}
		},
		{
			"from": [7, 7.25, 5.46309],
			"to": [7.35, 7.75, 6.96309],
			"rotation": {"angle": 22.5, "axis": "x", "origin": [16, 6, 7.23809]},
			"faces": {
				"north": {"uv": [7.125, 14.75, 7.15625, 14.8125], "texture": "#1"},
				"east": {"uv": [13.25, 2.25, 13.4375, 2.3125], "texture": "#1"},
				"south": {"uv": [14.75, 7.125, 14.78125, 7.1875], "texture": "#1"},
				"west": {"uv": [2.375, 13.25, 2.5625, 13.3125], "texture": "#1"},
				"up": {"uv": [4.78125, 14.3125, 4.75, 14.125], "texture": "#1"},
				"down": {"uv": [14.15625, 4.75, 14.125, 4.9375], "texture": "#1"}
			}
		},
		{
			"from": [6.5, 5.9, 7.48809],
			"to": [7.25, 8, 8.48809],
			"rotation": {"angle": -22.5, "axis": "x", "origin": [16, 6, 7.23809]},
			"faces": {
				"north": {"uv": [12, 0.125, 12.09375, 0.375], "texture": "#1"},
				"east": {"uv": [4.25, 8.75, 4.375, 9], "texture": "#1"},
				"south": {"uv": [0.25, 12, 0.34375, 12.25], "texture": "#1"},
				"west": {"uv": [5.375, 9, 5.5, 9.25], "texture": "#1"},
				"up": {"uv": [13.34375, 2.25, 13.25, 2.125], "texture": "#1"},
				"down": {"uv": [2.34375, 13.25, 2.25, 13.375], "texture": "#1"}
			}
		},
		{
			"from": [6.75, 6.15, 6.73809],
			"to": [7.25, 8.25, 7.73809],
			"rotation": {"angle": -22.5, "axis": "x", "origin": [16, 6, 7.23809]},
			"faces": {
				"north": {"uv": [4.125, 12.75, 4.1875, 13], "texture": "#1"},
				"east": {"uv": [1.125, 6.875, 1.25, 7.125], "texture": "#1"},
				"south": {"uv": [12.75, 4.25, 12.8125, 4.5], "texture": "#1"},
				"west": {"uv": [0.875, 8.625, 1, 8.875], "texture": "#1"},
				"up": {"uv": [7.8125, 14, 7.75, 13.875], "texture": "#1"},
				"down": {"uv": [7.9375, 13.875, 7.875, 14], "texture": "#1"}
			}
		},
		{
			"from": [7, 6.5, 6.23809],
			"to": [7.35, 8.5, 7.23809],
			"rotation": {"angle": -22.5, "axis": "x", "origin": [16, 6, 7.23809]},
			"faces": {
				"north": {"uv": [7.625, 13.875, 7.65625, 14.125], "texture": "#1"},
				"east": {"uv": [5.5, 6.375, 5.625, 6.625], "texture": "#1"},
				"south": {"uv": [13.875, 7.625, 13.90625, 7.875], "texture": "#1"},
				"west": {"uv": [5.875, 6.625, 6, 6.875], "texture": "#1"},
				"up": {"uv": [14.40625, 13.625, 14.375, 13.5], "texture": "#1"},
				"down": {"uv": [14.40625, 13.625, 14.375, 13.75], "texture": "#1"}
			}
		},
		{
			"from": [7.2501, 5.85, 5.48809],
			"to": [7.5001, 6.1, 6.23809],
			"rotation": {"angle": 22.5, "axis": "x", "origin": [16.15, 6, 7.23809]},
			"faces": {
				"north": {"uv": [14.875, 6.75, 14.90625, 6.78125], "texture": "#1"},
				"east": {"uv": [14.625, 6.875, 14.71875, 6.90625], "texture": "#1"},
				"south": {"uv": [6.875, 14.875, 6.90625, 14.90625], "texture": "#1"},
				"west": {"uv": [7, 14.625, 7.09375, 14.65625], "texture": "#1"},
				"up": {"uv": [14.65625, 7.09375, 14.625, 7], "texture": "#1"},
				"down": {"uv": [7.15625, 14.625, 7.125, 14.71875], "texture": "#1"}
			}
		},
		{
			"from": [7.225, 6.5, 4.73809],
			"to": [7.5, 7.9, 6.73809],
			"rotation": {"angle": 0, "axis": "y", "origin": [16.15, 6, 7.23809]},
			"faces": {
				"north": {"uv": [14.125, 4.5, 14.15625, 4.6875], "texture": "#1"},
				"east": {"uv": [6, 10, 6.25, 10.1875], "texture": "#1"},
				"south": {"uv": [4.625, 14.125, 4.65625, 14.3125], "texture": "#1"},
				"west": {"uv": [10, 6.375, 10.25, 6.5625], "texture": "#1"},
				"up": {"uv": [13.90625, 7.625, 13.875, 7.375], "texture": "#1"},
				"down": {"uv": [7.53125, 13.875, 7.5, 14.125], "texture": "#1"}
			}
		},
		{
			"from": [7.199, 6.6, 4.81309],
			"to": [7.499, 7.7, 5.08809],
			"rotation": {"angle": 0, "axis": "y", "origin": [16, 6, 7.23809]},
			"faces": {
				"north": {"uv": [13.25, 14.375, 13.28125, 14.5], "texture": "#1"},
				"east": {"uv": [14.375, 13.25, 14.40625, 13.375], "texture": "#1"},
				"south": {"uv": [13.375, 14.375, 13.40625, 14.5], "texture": "#1"},
				"west": {"uv": [14.375, 13.375, 14.40625, 13.5], "texture": "#1"},
				"up": {"uv": [14.90625, 6.65625, 14.875, 6.625], "texture": "#1"},
				"down": {"uv": [6.78125, 14.875, 6.75, 14.90625], "texture": "#1"}
			}
		},
		{
			"from": [7.2, 6.05, 3.88809],
			"to": [7.5, 6.6, 4.63809],
			"rotation": {"angle": 22.5, "axis": "x", "origin": [8, 6, 7.23809]},
			"faces": {
				"north": {"uv": [7, 14.75, 7.03125, 14.8125], "texture": "#1"},
				"east": {"uv": [4.375, 14.125, 4.46875, 14.1875], "texture": "#1"},
				"south": {"uv": [14.75, 7, 14.78125, 7.0625], "texture": "#1"},
				"west": {"uv": [4.5, 14.125, 4.59375, 14.1875], "texture": "#1"},
				"up": {"uv": [14.65625, 6.84375, 14.625, 6.75], "texture": "#1"},
				"down": {"uv": [6.90625, 14.625, 6.875, 14.71875], "texture": "#1"}
			}
		},
		{
			"from": [7.201, 5.275, 3.91309],
			"to": [7.501, 5.675, 4.51309],
			"rotation": {"angle": 45, "axis": "x", "origin": [8, 6, 7.23809]},
			"faces": {
				"north": {"uv": [6.75, 14.75, 6.78125, 14.8125], "texture": "#1"},
				"east": {"uv": [13, 14.375, 13.0625, 14.4375], "texture": "#1"},
				"south": {"uv": [14.75, 6.75, 14.78125, 6.8125], "texture": "#1"},
				"west": {"uv": [13.125, 14.375, 13.1875, 14.4375], "texture": "#1"},
				"up": {"uv": [6.90625, 14.8125, 6.875, 14.75], "texture": "#1"},
				"down": {"uv": [14.78125, 6.875, 14.75, 6.9375], "texture": "#1"}
			}
		},
		{
			"from": [7.2, 4.25, 4.63809],
			"to": [7.5, 4.9, 5.28809],
			"rotation": {"angle": 45, "axis": "x", "origin": [16, 6, 7.23809]},
			"faces": {
				"north": {"uv": [14.625, 6.5, 14.65625, 6.59375], "texture": "#1"},
				"east": {"uv": [3.75, 13.75, 3.84375, 13.84375], "texture": "#1"},
				"south": {"uv": [6.625, 14.625, 6.65625, 14.71875], "texture": "#1"},
				"west": {"uv": [13.75, 3.75, 13.84375, 3.84375], "texture": "#1"},
				"up": {"uv": [14.65625, 6.71875, 14.625, 6.625], "texture": "#1"},
				"down": {"uv": [6.78125, 14.625, 6.75, 14.71875], "texture": "#1"}
			}
		},
		{
			"from": [7.199, 6.6, 4.16309],
			"to": [7.499, 7.325, 4.81309],
			"rotation": {"angle": 0, "axis": "y", "origin": [16, 6, 7.23809]},
			"faces": {
				"north": {"uv": [14.625, 6.25, 14.65625, 6.34375], "texture": "#1"},
				"east": {"uv": [3.625, 13.75, 3.71875, 13.84375], "texture": "#1"},
				"south": {"uv": [6.375, 14.625, 6.40625, 14.71875], "texture": "#1"},
				"west": {"uv": [13.75, 3.625, 13.84375, 3.71875], "texture": "#1"},
				"up": {"uv": [14.65625, 6.46875, 14.625, 6.375], "texture": "#1"},
				"down": {"uv": [6.53125, 14.625, 6.5, 14.71875], "texture": "#1"}
			}
		},
		{
			"from": [7.4, 6.6, 3.98809],
			"to": [7.65, 6.85, 4.66309],
			"rotation": {"angle": 0, "axis": "y", "origin": [16, 6, 7.23809]},
			"faces": {
				"north": {"uv": [14.875, 6.5, 14.90625, 6.53125], "texture": "#1"},
				"east": {"uv": [14.625, 6, 14.71875, 6.03125], "texture": "#1"},
				"south": {"uv": [6.625, 14.875, 6.65625, 14.90625], "texture": "#1"},
				"west": {"uv": [6.125, 14.625, 6.21875, 14.65625], "texture": "#1"},
				"up": {"uv": [14.65625, 6.21875, 14.625, 6.125], "texture": "#1"},
				"down": {"uv": [6.28125, 14.625, 6.25, 14.71875], "texture": "#1"}
			}
		},
		{
			"from": [7.4, 8.7, 5.53809],
			"to": [7.675, 9.7, 6.03809],
			"rotation": {"angle": -45, "axis": "x", "origin": [16, 6, 7.23809]},
			"faces": {
				"north": {"uv": [12.875, 14.375, 12.90625, 14.5], "texture": "#1"},
				"east": {"uv": [13.875, 7.25, 13.9375, 7.375], "texture": "#1"},
				"south": {"uv": [14.375, 12.875, 14.40625, 13], "texture": "#1"},
				"west": {"uv": [7.375, 13.875, 7.4375, 14], "texture": "#1"},
				"up": {"uv": [6.65625, 14.8125, 6.625, 14.75], "texture": "#1"},
				"down": {"uv": [14.78125, 6.625, 14.75, 6.6875], "texture": "#1"}
			}
		},
		{
			"from": [7.45, 7.35, 3.83809],
			"to": [7.65, 7.85, 4.83809],
			"rotation": {"angle": 0, "axis": "y", "origin": [16, 6, 7.23809]},
			"faces": {
				"north": {"uv": [6.5, 14.75, 6.53125, 14.8125], "texture": "#1"},
				"east": {"uv": [13.875, 7.125, 14, 7.1875], "texture": "#1"},
				"south": {"uv": [14.75, 6.5, 14.78125, 6.5625], "texture": "#1"},
				"west": {"uv": [7.25, 13.875, 7.375, 13.9375], "texture": "#1"},
				"up": {"uv": [12.78125, 14.5, 12.75, 14.375], "texture": "#1"},
				"down": {"uv": [14.40625, 12.75, 14.375, 12.875], "texture": "#1"}
			}
		},
		{
			"from": [7.4, 9.7, 5.78809],
			"to": [7.75, 10.05, 6.13809],
			"rotation": {"angle": -45, "axis": "x", "origin": [16, 6, 7.23809]},
			"faces": {
				"north": {"uv": [14.875, 6.125, 14.90625, 6.15625], "texture": "#1"},
				"east": {"uv": [6.25, 14.875, 6.28125, 14.90625], "texture": "#1"},
				"south": {"uv": [14.875, 6.25, 14.90625, 6.28125], "texture": "#1"},
				"west": {"uv": [6.375, 14.875, 6.40625, 14.90625], "texture": "#1"},
				"up": {"uv": [14.90625, 6.40625, 14.875, 6.375], "texture": "#1"},
				"down": {"uv": [6.53125, 14.875, 6.5, 14.90625], "texture": "#1"}
			}
		},
		{
			"from": [7.399, 6.75, 3.33809],
			"to": [7.749, 7.85, 3.83809],
			"rotation": {"angle": 0, "axis": "y", "origin": [16, 6, 7.23809]},
			"faces": {
				"north": {"uv": [12.625, 14.375, 12.65625, 14.5], "texture": "#1"},
				"east": {"uv": [13.875, 7, 13.9375, 7.125], "texture": "#1"},
				"south": {"uv": [14.375, 12.625, 14.40625, 12.75], "texture": "#1"},
				"west": {"uv": [7.125, 13.875, 7.1875, 14], "texture": "#1"},
				"up": {"uv": [6.40625, 14.8125, 6.375, 14.75], "texture": "#1"},
				"down": {"uv": [14.78125, 6.375, 14.75, 6.4375], "texture": "#1"}
			}
		},
		{
			"from": [7.4, 3.775, 3.93809],
			"to": [7.75, 4.3, 4.53809],
			"rotation": {"angle": 45, "axis": "x", "origin": [16, 6, 7.23809]},
			"faces": {
				"north": {"uv": [6.125, 14.75, 6.15625, 14.8125], "texture": "#1"},
				"east": {"uv": [12.5, 14.375, 12.5625, 14.4375], "texture": "#1"},
				"south": {"uv": [14.75, 6.125, 14.78125, 6.1875], "texture": "#1"},
				"west": {"uv": [14.375, 12.5, 14.4375, 12.5625], "texture": "#1"},
				"up": {"uv": [6.28125, 14.8125, 6.25, 14.75], "texture": "#1"},
				"down": {"uv": [14.78125, 6.25, 14.75, 6.3125], "texture": "#1"}
			}
		},
		{
			"from": [6.275, 6.75, 3.73809],
			"to": [6.675, 7.85, 3.98809],
			"rotation": {"angle": -22.5, "axis": "y", "origin": [8, 6, 7.23809]},
			"faces": {
				"north": {"uv": [6.875, 13.875, 6.9375, 14], "texture": "#1"},
				"east": {"uv": [14.375, 12.25, 14.40625, 12.375], "texture": "#1"},
				"south": {"uv": [7, 13.875, 7.0625, 14], "texture": "#1"},
				"west": {"uv": [12.375, 14.375, 12.40625, 14.5], "texture": "#1"},
				"up": {"uv": [6.0625, 14.78125, 6, 14.75], "texture": "#1"},
				"down": {"uv": [14.8125, 6, 14.75, 6.03125], "texture": "#1"}
			}
		},
		{
			"from": [8.4999, 5.85, 5.48809],
			"to": [8.7499, 6.1, 6.23809],
			"rotation": {"angle": 22.5, "axis": "x", "origin": [-0.15, 6, 7.23809]},
			"faces": {
				"north": {"uv": [14.875, 6, 14.90625, 6.03125], "texture": "#1"},
				"east": {"uv": [14.625, 5.75, 14.71875, 5.78125], "texture": "#1"},
				"south": {"uv": [6.125, 14.875, 6.15625, 14.90625], "texture": "#1"},
				"west": {"uv": [5.875, 14.625, 5.96875, 14.65625], "texture": "#1"},
				"up": {"uv": [14.65625, 5.96875, 14.625, 5.875], "texture": "#1"},
				"down": {"uv": [6.03125, 14.625, 6, 14.71875], "texture": "#1"}
			}
		},
		{
			"from": [8.5, 6.5, 4.73809],
			"to": [8.775, 7.9, 6.73809],
			"rotation": {"angle": 0, "axis": "y", "origin": [-0.15, 6, 7.23809]},
			"faces": {
				"north": {"uv": [4.25, 14.125, 4.28125, 14.3125], "texture": "#1"},
				"east": {"uv": [5.5, 10, 5.75, 10.1875], "texture": "#1"},
				"south": {"uv": [14.125, 4.25, 14.15625, 4.4375], "texture": "#1"},
				"west": {"uv": [5.75, 10, 6, 10.1875], "texture": "#1"},
				"up": {"uv": [6.78125, 14.125, 6.75, 13.875], "texture": "#1"},
				"down": {"uv": [13.90625, 6.75, 13.875, 7], "texture": "#1"}
			}
		},
		{
			"from": [6.75, 7.401, 7.73809],
			"to": [6.875, 8.151, 8.73809],
			"rotation": {"angle": -22.5, "axis": "x", "origin": [15.9, 6, 7.23809]},
			"faces": {
				"north": {"uv": [14.625, 5.625, 14.65625, 5.71875], "texture": "#1"},
				"east": {"uv": [13.25, 1.75, 13.375, 1.84375], "texture": "#1"},
				"south": {"uv": [5.75, 14.625, 5.78125, 14.71875], "texture": "#1"},
				"west": {"uv": [13.25, 2, 13.375, 2.09375], "texture": "#1"},
				"up": {"uv": [14.40625, 12.25, 14.375, 12.125], "texture": "#1"},
				"down": {"uv": [12.28125, 14.375, 12.25, 14.5], "texture": "#1"}
			}
		},
		{
			"from": [6.875, 7.401, 7.23809],
			"to": [7.375, 8.151, 8.73809],
			"rotation": {"angle": -22.5, "axis": "x", "origin": [15.9, 6, 7.23809]},
			"faces": {
				"north": {"uv": [4.125, 14.125, 4.1875, 14.21875], "texture": "#1"},
				"east": {"uv": [7.125, 12.5, 7.3125, 12.59375], "texture": "#1"},
				"south": {"uv": [14.125, 4.125, 14.1875, 4.21875], "texture": "#1"},
				"west": {"uv": [12.5, 7.125, 12.6875, 7.21875], "texture": "#1"},
				"up": {"uv": [1.9375, 13.4375, 1.875, 13.25], "texture": "#1"},
				"down": {"uv": [2.0625, 13.25, 2, 13.4375], "texture": "#1"}
			}
		},
		{
			"from": [9.125, 7.401, 7.73809],
			"to": [9.25, 8.151, 8.73809],
			"rotation": {"angle": -22.5, "axis": "x", "origin": [0.1, 6, 7.23809]},
			"faces": {
				"north": {"uv": [14.625, 5.5, 14.65625, 5.59375], "texture": "#1"},
				"east": {"uv": [1.625, 13.25, 1.75, 13.34375], "texture": "#1"},
				"south": {"uv": [5.625, 14.625, 5.65625, 14.71875], "texture": "#1"},
				"west": {"uv": [13.25, 1.625, 13.375, 1.71875], "texture": "#1"},
				"up": {"uv": [14.40625, 12.125, 14.375, 12], "texture": "#1"},
				"down": {"uv": [12.15625, 14.375, 12.125, 14.5], "texture": "#1"}
			}
		},
		{
			"from": [8.625, 7.401, 7.23809],
			"to": [9.125, 8.151, 8.73809],
			"rotation": {"angle": -22.5, "axis": "x", "origin": [0.1, 6, 7.23809]},
			"faces": {
				"north": {"uv": [4, 14.125, 4.0625, 14.21875], "texture": "#1"},
				"east": {"uv": [6.875, 12.5, 7.0625, 12.59375], "texture": "#1"},
				"south": {"uv": [14.125, 4, 14.1875, 4.09375], "texture": "#1"},
				"west": {"uv": [12.5, 7, 12.6875, 7.09375], "texture": "#1"},
				"up": {"uv": [1.4375, 13.4375, 1.375, 13.25], "texture": "#1"},
				"down": {"uv": [1.5625, 13.25, 1.5, 13.4375], "texture": "#1"}
			}
		},
		{
			"from": [8.65, 7.25, 5.46309],
			"to": [9, 7.75, 6.96309],
			"rotation": {"angle": 22.5, "axis": "x", "origin": [0, 6, 7.23809]},
			"faces": {
				"north": {"uv": [5.875, 14.75, 5.90625, 14.8125], "texture": "#1"},
				"east": {"uv": [0.75, 13.25, 0.9375, 13.3125], "texture": "#1"},
				"south": {"uv": [14.75, 5.875, 14.78125, 5.9375], "texture": "#1"},
				"west": {"uv": [1.125, 13.25, 1.3125, 13.3125], "texture": "#1"},
				"up": {"uv": [3.53125, 14.3125, 3.5, 14.125], "texture": "#1"},
				"down": {"uv": [14.15625, 3.5, 14.125, 3.6875], "texture": "#1"}
			}
		},
		{
			"from": [8.749, 7, 7.73809],
			"to": [9.499, 8, 8.48809],
			"rotation": {"angle": 0, "axis": "y", "origin": [0, 6, 7.23809]},
			"faces": {
				"north": {"uv": [0.25, 13.25, 0.34375, 13.375], "texture": "#1"},
				"east": {"uv": [0.375, 13.25, 0.46875, 13.375], "texture": "#1"},
				"south": {"uv": [0.5, 13.25, 0.59375, 13.375], "texture": "#1"},
				"west": {"uv": [0.625, 13.25, 0.71875, 13.375], "texture": "#1"},
				"up": {"uv": [3.59375, 13.84375, 3.5, 13.75], "texture": "#1"},
				"down": {"uv": [13.84375, 3.5, 13.75, 3.59375], "texture": "#1"}
			}
		},
		{
			"from": [8.25, 9.7, 5.78809],
			"to": [8.6, 10.05, 6.13809],
			"rotation": {"angle": -45, "axis": "x", "origin": [0, 6, 7.23809]},
			"faces": {
				"north": {"uv": [14.875, 5.625, 14.90625, 5.65625], "texture": "#1"},
				"east": {"uv": [5.75, 14.875, 5.78125, 14.90625], "texture": "#1"},
				"south": {"uv": [14.875, 5.75, 14.90625, 5.78125], "texture": "#1"},
				"west": {"uv": [5.875, 14.875, 5.90625, 14.90625], "texture": "#1"},
				"up": {"uv": [14.90625, 5.90625, 14.875, 5.875], "texture": "#1"},
				"down": {"uv": [6.03125, 14.875, 6, 14.90625], "texture": "#1"}
			}
		},
		{
			"from": [8.325, 8.7, 5.53809],
			"to": [8.6, 9.7, 6.03809],
			"rotation": {"angle": -45, "axis": "x", "origin": [0, 6, 7.23809]},
			"faces": {
				"north": {"uv": [14.375, 11.875, 14.40625, 12], "texture": "#1"},
				"east": {"uv": [6.625, 13.875, 6.6875, 14], "texture": "#1"},
				"south": {"uv": [12, 14.375, 12.03125, 14.5], "texture": "#1"},
				"west": {"uv": [13.875, 6.625, 13.9375, 6.75], "texture": "#1"},
				"up": {"uv": [5.78125, 14.8125, 5.75, 14.75], "texture": "#1"},
				"down": {"uv": [14.78125, 5.75, 14.75, 5.8125], "texture": "#1"}
			}
		},
		{
			"from": [8.35, 6.6, 3.98809],
			"to": [8.6, 6.85, 4.66309],
			"rotation": {"angle": 0, "axis": "y", "origin": [0, 6, 7.23809]},
			"faces": {
				"north": {"uv": [14.875, 5.5, 14.90625, 5.53125], "texture": "#1"},
				"east": {"uv": [14.625, 5.25, 14.71875, 5.28125], "texture": "#1"},
				"south": {"uv": [5.625, 14.875, 5.65625, 14.90625], "texture": "#1"},
				"west": {"uv": [5.375, 14.625, 5.46875, 14.65625], "texture": "#1"},
				"up": {"uv": [14.65625, 5.46875, 14.625, 5.375], "texture": "#1"},
				"down": {"uv": [5.53125, 14.625, 5.5, 14.71875], "texture": "#1"}
			}
		},
		{
			"from": [8.25, 3.775, 3.93809],
			"to": [8.6, 4.3, 4.53809],
			"rotation": {"angle": 45, "axis": "x", "origin": [0, 6, 7.23809]},
			"faces": {
				"north": {"uv": [5.5, 14.75, 5.53125, 14.8125], "texture": "#1"},
				"east": {"uv": [14.375, 11.75, 14.4375, 11.8125], "texture": "#1"},
				"south": {"uv": [14.75, 5.5, 14.78125, 5.5625], "texture": "#1"},
				"west": {"uv": [11.875, 14.375, 11.9375, 14.4375], "texture": "#1"},
				"up": {"uv": [5.65625, 14.8125, 5.625, 14.75], "texture": "#1"},
				"down": {"uv": [14.78125, 5.625, 14.75, 5.6875], "texture": "#1"}
			}
		},
		{
			"from": [9.325, 6.75, 3.73809],
			"to": [9.725, 7.85, 3.98809],
			"rotation": {"angle": 22.5, "axis": "y", "origin": [8, 6, 7.23809]},
			"faces": {
				"north": {"uv": [6.5, 13.875, 6.5625, 14], "texture": "#1"},
				"east": {"uv": [14.375, 11.625, 14.40625, 11.75], "texture": "#1"},
				"south": {"uv": [13.875, 6.5, 13.9375, 6.625], "texture": "#1"},
				"west": {"uv": [11.75, 14.375, 11.78125, 14.5], "texture": "#1"},
				"up": {"uv": [5.4375, 14.78125, 5.375, 14.75], "texture": "#1"},
				"down": {"uv": [14.8125, 5.375, 14.75, 5.40625], "texture": "#1"}
			}
		},
		{
			"from": [8.251, 6.75, 3.33809],
			"to": [8.601, 7.85, 3.83809],
			"rotation": {"angle": 0, "axis": "y", "origin": [0, 6, 7.23809]},
			"faces": {
				"north": {"uv": [11.5, 14.375, 11.53125, 14.5], "texture": "#1"},
				"east": {"uv": [6.375, 13.875, 6.4375, 14], "texture": "#1"},
				"south": {"uv": [11.625, 14.375, 11.65625, 14.5], "texture": "#1"},
				"west": {"uv": [13.875, 6.375, 13.9375, 6.5], "texture": "#1"},
				"up": {"uv": [5.28125, 14.8125, 5.25, 14.75], "texture": "#1"},
				"down": {"uv": [14.78125, 5.25, 14.75, 5.3125], "texture": "#1"}
			}
		},
		{
			"from": [7.5, 6.75, 3.48809],
			"to": [8.5, 7.85, 3.73809],
			"rotation": {"angle": 0, "axis": "y", "origin": [0, 6, 7.23809]},
			"faces": {
				"north": {"uv": [8, 3.625, 8.125, 3.75], "texture": "#1"},
				"east": {"uv": [11.25, 14.375, 11.28125, 14.5], "texture": "#1"},
				"south": {"uv": [8, 7.625, 8.125, 7.75], "texture": "#1"},
				"west": {"uv": [14.375, 11.25, 14.40625, 11.375], "texture": "#1"},
				"up": {"uv": [11.5, 14.40625, 11.375, 14.375], "texture": "#1"},
				"down": {"uv": [14.5, 11.375, 14.375, 11.40625], "texture": "#1"}
			}
		},
		{
			"from": [7.525, 8, 4.08809],
			"to": [7.525, 8.25, 6.08809],
			"rotation": {"angle": 0, "axis": "y", "origin": [16, 6, 7.23809]},
			"faces": {
				"north": {"uv": [0, 0, 0, 0.03125], "texture": "#1"},
				"east": {"uv": [0.6875, 14.96875, 0.34375, 15], "texture": "#1"},
				"south": {"uv": [0, 0, 0, 0.03125], "texture": "#1"},
				"west": {"uv": [0.34375, 15.03125, 0.6875, 15.0625], "texture": "#1"},
				"up": {"uv": [0, 0.34375, 0, 0], "texture": "#1"},
				"down": {"uv": [0, 0, 0, 0.34375], "texture": "#1"}
			}
		},
		{
			"from": [7.5, 7.5, 3.98809],
			"to": [7.7, 8, 5.73809],
			"rotation": {"angle": 0, "axis": "y", "origin": [16, 6, 7.23809]},
			"faces": {
				"north": {"uv": [5.125, 14.75, 5.15625, 14.8125], "texture": "#1"},
				"east": {"uv": [0.0625, 15.0625, 0.28125, 15], "texture": "#1"},
				"south": {"uv": [14.75, 5.125, 14.78125, 5.1875], "texture": "#1"},
				"west": {"uv": [12.375, 13, 12.59375, 13.0625], "texture": "#1"},
				"up": {"uv": [0, 15.09375, 0.03125, 15.3125], "texture": "#1"},
				"down": {"uv": [7.03125, 14, 7, 14.21875], "texture": "#1"}
			}
		},
		{
			"from": [8.3, 7.5, 3.98809],
			"to": [8.5, 8, 5.73809],
			"rotation": {"angle": 0, "axis": "y", "origin": [0, 6, 7.23809]},
			"faces": {
				"north": {"uv": [5, 14.75, 5.03125, 14.8125], "texture": "#1"},
				"east": {"uv": [13, 11.5, 13.21875, 11.5625], "texture": "#1"},
				"south": {"uv": [14.75, 5, 14.78125, 5.0625], "texture": "#1"},
				"west": {"uv": [0.28125, 15.0625, 0.0625, 15], "texture": "#1"},
				"up": {"uv": [0, 15.09375, 0.03125, 15.3125], "texture": "#1"},
				"down": {"uv": [14.03125, 6.75, 14, 6.96875], "texture": "#1"}
			}
		},
		{
			"from": [7.725, 8, 3.78809],
			"to": [7.925, 8.25, 3.78809],
			"rotation": {"angle": 0, "axis": "y", "origin": [16, 6, 7.23809]},
			"faces": {
				"north": {"uv": [0.34375, 15.03125, 0.375, 15.0625], "texture": "#1"},
				"east": {"uv": [0, 0, 0, 0.03125], "texture": "#1"},
				"south": {"uv": [0.34375, 14.96875, 0.375, 15], "texture": "#1"},
				"west": {"uv": [0, 0, 0, 0.03125], "texture": "#1"},
				"up": {"uv": [0.03125, 0, 0, 0], "texture": "#1"},
				"down": {"uv": [0.03125, 0, 0, 0], "texture": "#1"}
			}
		},
		{
			"from": [8.075, 8, 3.78809],
			"to": [8.275, 8.25, 3.78809],
			"rotation": {"angle": 0, "axis": "y", "origin": [0, 6, 7.23809]},
			"faces": {
				"north": {"uv": [0.34375, 15.03125, 0.375, 15.0625], "texture": "#1"},
				"east": {"uv": [0, 0, 0, 0.03125], "texture": "#1"},
				"south": {"uv": [0.34375, 14.96875, 0.375, 15], "texture": "#1"},
				"west": {"uv": [0, 0, 0, 0.03125], "texture": "#1"},
				"up": {"uv": [0.03125, 0, 0, 0], "texture": "#1"},
				"down": {"uv": [0.03125, 0, 0, 0], "texture": "#1"}
			}
		},
		{
			"from": [7.65, 7.5, 3.73809],
			"to": [8.35, 8, 3.98809],
			"rotation": {"angle": 0, "axis": "y", "origin": [0, 6, 7.23809]},
			"faces": {
				"north": {"uv": [3.25, 14.125, 3.34375, 14.1875], "texture": "#1"},
				"east": {"uv": [4.875, 14.75, 4.90625, 14.8125], "texture": "#1"},
				"south": {"uv": [0.1875, 15.0625, 0.09375, 15], "texture": "#1"},
				"west": {"uv": [14.75, 4.875, 14.78125, 4.9375], "texture": "#1"},
				"up": {"uv": [0.03125, 15.09375, 0.125, 15.125], "texture": "#1"},
				"down": {"uv": [5.34375, 14.625, 5.25, 14.65625], "texture": "#1"}
			}
		},
		{
			"from": [7.35, 5.95, 5.68809],
			"to": [8.65, 6.2, 6.43809],
			"rotation": {"angle": 22.5, "axis": "x", "origin": [0, 6, 7.23809]},
			"faces": {
				"north": {"uv": [13.75, 14.25, 13.90625, 14.28125], "texture": "#1"},
				"east": {"uv": [14.625, 4.75, 14.71875, 4.78125], "texture": "#1"},
				"south": {"uv": [14.25, 13.875, 14.40625, 13.90625], "texture": "#1"},
				"west": {"uv": [4.875, 14.625, 4.96875, 14.65625], "texture": "#1"},
				"up": {"uv": [13.03125, 0.09375, 12.875, 0], "texture": "#1"},
				"down": {"uv": [13.03125, 0.625, 12.875, 0.71875], "texture": "#1"}
			}
		},
		{
			"from": [7.875, 6.55, 7.23809],
			"to": [8.125, 7.05, 7.73809],
			"rotation": {"angle": 45, "axis": "x", "origin": [0, 6, 7.23809]},
			"faces": {
				"north": {"uv": [4.375, 14.75, 4.40625, 14.8125], "texture": "#1"},
				"east": {"uv": [10.75, 14.375, 10.8125, 14.4375], "texture": "#1"},
				"south": {"uv": [14.75, 4.375, 14.78125, 4.4375], "texture": "#1"},
				"west": {"uv": [14.375, 10.75, 14.4375, 10.8125], "texture": "#1"},
				"up": {"uv": [4.53125, 14.8125, 4.5, 14.75], "texture": "#1"},
				"down": {"uv": [14.78125, 4.5, 14.75, 4.5625], "texture": "#1"}
			}
		},
		{
			"from": [7.875, 5.95, 6.73809],
			"to": [8.125, 6.45, 7.23809],
			"rotation": {"angle": 45, "axis": "x", "origin": [0, 6, 7.23809]},
			"faces": {
				"north": {"uv": [4.125, 14.75, 4.15625, 14.8125], "texture": "#1"},
				"east": {"uv": [10.625, 14.375, 10.6875, 14.4375], "texture": "#1"},
				"south": {"uv": [14.75, 4.125, 14.78125, 4.1875], "texture": "#1"},
				"west": {"uv": [14.375, 10.625, 14.4375, 10.6875], "texture": "#1"},
				"up": {"uv": [4.28125, 14.8125, 4.25, 14.75], "texture": "#1"},
				"down": {"uv": [14.78125, 4.25, 14.75, 4.3125], "texture": "#1"}
			}
		},
		{
			"from": [7.25, 6.25, 6.48809],
			"to": [8.75, 6.5, 8.48809],
			"rotation": {"angle": 0, "axis": "y", "origin": [0, 6, 7.23809]},
			"faces": {
				"north": {"uv": [14.125, 2.875, 14.3125, 2.90625], "texture": "#1"},
				"east": {"uv": [13.875, 5.75, 14.125, 5.78125], "texture": "#1"},
				"south": {"uv": [3, 14.125, 3.1875, 14.15625], "texture": "#1"},
				"west": {"uv": [5.875, 13.875, 6.125, 13.90625], "texture": "#1"},
				"up": {"uv": [5.4375, 10.25, 5.25, 10], "texture": "#1"},
				"down": {"uv": [10.1875, 5.375, 10, 5.625], "texture": "#1"}
			}
		},
		{
			"from": [7, 6.5, 6.48809],
			"to": [9, 7.5, 8.48809],
			"rotation": {"angle": 0, "axis": "y", "origin": [0, 6, 7.23809]},
			"faces": {
				"north": {"uv": [0.625, 5.875, 0.875, 6], "texture": "#1"},
				"east": {"uv": [4.875, 6.625, 5.125, 6.75], "texture": "#1"},
				"south": {"uv": [2.75, 6.75, 3, 6.875], "texture": "#1"},
				"west": {"uv": [6.75, 5, 7, 5.125], "texture": "#1"},
				"up": {"uv": [2, 4, 1.75, 3.75], "texture": "#1"},
				"down": {"uv": [1.875, 5.5, 1.625, 5.75], "texture": "#1"}
			}
		},
		{
			"from": [7.5, 5.5, 3.98809],
			"to": [8.5, 6, 4.73809],
			"rotation": {"angle": 22.5, "axis": "x", "origin": [0, 6, 7.23809]},
			"faces": {
				"north": {"uv": [5.625, 13.875, 5.75, 13.9375], "texture": "#1"},
				"east": {"uv": [14.125, 2.75, 14.21875, 2.8125], "texture": "#1"},
				"south": {"uv": [5.75, 13.875, 5.875, 13.9375], "texture": "#1"},
				"west": {"uv": [2.875, 14.125, 2.96875, 14.1875], "texture": "#1"},
				"up": {"uv": [13.125, 13.21875, 13, 13.125], "texture": "#1"},
				"down": {"uv": [13.25, 13.125, 13.125, 13.21875], "texture": "#1"}
			}
		},
		{
			"from": [8.499, 5.275, 3.91309],
			"to": [8.799, 5.675, 4.51309],
			"rotation": {"angle": 45, "axis": "x", "origin": [8, 6, 7.23809]},
			"faces": {
				"north": {"uv": [3.875, 14.75, 3.90625, 14.8125], "texture": "#1"},
				"east": {"uv": [10.5, 14.375, 10.5625, 14.4375], "texture": "#1"},
				"south": {"uv": [14.75, 3.875, 14.78125, 3.9375], "texture": "#1"},
				"west": {"uv": [14.375, 10.5, 14.4375, 10.5625], "texture": "#1"},
				"up": {"uv": [4.03125, 14.8125, 4, 14.75], "texture": "#1"},
				"down": {"uv": [14.78125, 4, 14.75, 4.0625], "texture": "#1"}
			}
		},
		{
			"from": [8.5, 6.05, 3.88809],
			"to": [8.8, 6.6, 4.63809],
			"rotation": {"angle": 22.5, "axis": "x", "origin": [8, 6, 7.23809]},
			"faces": {
				"north": {"uv": [3.75, 14.75, 3.78125, 14.8125], "texture": "#1"},
				"east": {"uv": [14.125, 2.625, 14.21875, 2.6875], "texture": "#1"},
				"south": {"uv": [14.75, 3.75, 14.78125, 3.8125], "texture": "#1"},
				"west": {"uv": [2.75, 14.125, 2.84375, 14.1875], "texture": "#1"},
				"up": {"uv": [14.65625, 4.71875, 14.625, 4.625], "texture": "#1"},
				"down": {"uv": [4.78125, 14.625, 4.75, 14.71875], "texture": "#1"}
			}
		},
		{
			"from": [8.65, 6.5, 6.23809],
			"to": [9, 8.5, 7.23809],
			"rotation": {"angle": -22.5, "axis": "x", "origin": [0, 6, 7.23809]},
			"faces": {
				"north": {"uv": [5.5, 13.875, 5.53125, 14.125], "texture": "#1"},
				"east": {"uv": [3.25, 6.25, 3.375, 6.5], "texture": "#1"},
				"south": {"uv": [13.875, 5.5, 13.90625, 5.75], "texture": "#1"},
				"west": {"uv": [4.375, 6.25, 4.5, 6.5], "texture": "#1"},
				"up": {"uv": [10.40625, 14.5, 10.375, 14.375], "texture": "#1"},
				"down": {"uv": [14.40625, 10.375, 14.375, 10.5], "texture": "#1"}
			}
		},
		{
			"from": [8.75, 5.9, 7.48809],
			"to": [9.5, 8, 8.48809],
			"rotation": {"angle": -22.5, "axis": "x", "origin": [0, 6, 7.23809]},
			"faces": {
				"north": {"uv": [5.125, 11.875, 5.21875, 12.125], "texture": "#1"},
				"east": {"uv": [1.75, 5, 1.875, 5.25], "texture": "#1"},
				"south": {"uv": [5.75, 11.875, 5.84375, 12.125], "texture": "#1"},
				"west": {"uv": [2.375, 5.375, 2.5, 5.625], "texture": "#1"},
				"up": {"uv": [13.21875, 12.875, 13.125, 12.75], "texture": "#1"},
				"down": {"uv": [12.96875, 13.125, 12.875, 13.25], "texture": "#1"}
			}
		},
		{
			"from": [8.75, 6.15, 6.73809],
			"to": [9.25, 8.25, 7.73809],
			"rotation": {"angle": -22.5, "axis": "x", "origin": [0, 6, 7.23809]},
			"faces": {
				"north": {"uv": [12.75, 3.625, 12.8125, 3.875], "texture": "#1"},
				"east": {"uv": [0.75, 1.5, 0.875, 1.75], "texture": "#1"},
				"south": {"uv": [4, 12.75, 4.0625, 13], "texture": "#1"},
				"west": {"uv": [4.5, 4.75, 4.625, 5], "texture": "#1"},
				"up": {"uv": [5.4375, 14, 5.375, 13.875], "texture": "#1"},
				"down": {"uv": [13.9375, 5.375, 13.875, 5.5], "texture": "#1"}
			}
		},
		{
			"from": [8.5, 4.25, 4.63809],
			"to": [8.8, 4.9, 5.28809],
			"rotation": {"angle": 45, "axis": "x", "origin": [0, 6, 7.23809]},
			"faces": {
				"north": {"uv": [14.625, 4.375, 14.65625, 4.46875], "texture": "#1"},
				"east": {"uv": [3, 13.75, 3.09375, 13.84375], "texture": "#1"},
				"south": {"uv": [4.5, 14.625, 4.53125, 14.71875], "texture": "#1"},
				"west": {"uv": [3.125, 13.75, 3.21875, 13.84375], "texture": "#1"},
				"up": {"uv": [14.65625, 4.59375, 14.625, 4.5], "texture": "#1"},
				"down": {"uv": [4.65625, 14.625, 4.625, 14.71875], "texture": "#1"}
			}
		},
		{
			"from": [8.475, 8, 4.08809],
			"to": [8.475, 8.25, 6.08809],
			"rotation": {"angle": 0, "axis": "y", "origin": [0, 6, 7.23809]},
			"faces": {
				"north": {"uv": [0, 0, 0, 0.03125], "texture": "#1"},
				"east": {"uv": [0.6875, 15.03125, 0.34375, 15.0625], "texture": "#1"},
				"south": {"uv": [0, 0, 0, 0.03125], "texture": "#1"},
				"west": {"uv": [0.34375, 14.96875, 0.6875, 15], "texture": "#1"},
				"up": {"uv": [0, 0.34375, 0, 0], "texture": "#1"},
				"down": {"uv": [0, 0, 0, 0.34375], "texture": "#1"}
			}
		},
		{
			"from": [8.35, 7.35, 3.83809],
			"to": [8.55, 7.85, 4.83809],
			"rotation": {"angle": 0, "axis": "y", "origin": [0, 6, 7.23809]},
			"faces": {
				"north": {"uv": [3.625, 14.75, 3.65625, 14.8125], "texture": "#1"},
				"east": {"uv": [5.25, 13.875, 5.375, 13.9375], "texture": "#1"},
				"south": {"uv": [14.75, 3.625, 14.78125, 3.6875], "texture": "#1"},
				"west": {"uv": [13.875, 5.25, 14, 5.3125], "texture": "#1"},
				"up": {"uv": [10.28125, 14.5, 10.25, 14.375], "texture": "#1"},
				"down": {"uv": [14.40625, 10.25, 14.375, 10.375], "texture": "#1"}
			}
		},
		{
			"from": [8.501, 6.6, 4.81309],
			"to": [8.801, 7.7, 5.08809],
			"rotation": {"angle": 0, "axis": "y", "origin": [0, 6, 7.23809]},
			"faces": {
				"north": {"uv": [10, 14.375, 10.03125, 14.5], "texture": "#1"},
				"east": {"uv": [14.375, 10, 14.40625, 10.125], "texture": "#1"},
				"south": {"uv": [10.125, 14.375, 10.15625, 14.5], "texture": "#1"},
				"west": {"uv": [14.375, 10.125, 14.40625, 10.25], "texture": "#1"},
				"up": {"uv": [14.90625, 5.15625, 14.875, 5.125], "texture": "#1"},
				"down": {"uv": [5.28125, 14.875, 5.25, 14.90625], "texture": "#1"}
			}
		},
		{
			"from": [8.501, 6.6, 4.16309],
			"to": [8.801, 7.325, 4.81309],
			"rotation": {"angle": 0, "axis": "y", "origin": [0, 6, 7.23809]},
			"faces": {
				"north": {"uv": [14.625, 4.125, 14.65625, 4.21875], "texture": "#1"},
				"east": {"uv": [2.75, 13.75, 2.84375, 13.84375], "texture": "#1"},
				"south": {"uv": [4.25, 14.625, 4.28125, 14.71875], "texture": "#1"},
				"west": {"uv": [2.875, 13.75, 2.96875, 13.84375], "texture": "#1"},
				"up": {"uv": [14.65625, 4.34375, 14.625, 4.25], "texture": "#1"},
				"down": {"uv": [4.40625, 14.625, 4.375, 14.71875], "texture": "#1"}
			}
		}
	],
	"display": {
		"head": {
			"rotation": [0, 180, 0]
		}
	}
}