{
	"credit": "Made with Blockbench",
	"textures": {
		"5": "animated_java:item/dino_aj/texture",
		"particle": "animated_java:item/dino_aj/texture"
	},
	"elements": [
		{
			"from": [7.3625, 6.15947, -1.50045],
			"to": [8.5875, 6.40447, 0.21455],
			"rotation": {"angle": 45, "axis": "x", "origin": [0.16, 1.32299, 6.61662]},
			"faces": {
				"north": {"uv": [0.375, 14.375, 0.53125, 14.40625], "texture": "#5"},
				"east": {"uv": [8.125, 14, 8.34375, 14.03125], "texture": "#5"},
				"south": {"uv": [14.375, 0.375, 14.53125, 0.40625], "texture": "#5"},
				"west": {"uv": [8.375, 14, 8.59375, 14.03125], "texture": "#5"},
				"up": {"uv": [11.53125, 11.09375, 11.375, 10.875], "texture": "#5"},
				"down": {"uv": [11.15625, 11.375, 11, 11.59375], "texture": "#5"}
			}
		},
		{
			"from": [6.848, 6.15947, 0.21455],
			"to": [9.102, 6.89447, 1.43955],
			"rotation": {"angle": 45, "axis": "x", "origin": [0.16, 1.32299, 6.61662]},
			"faces": {
				"north": {"uv": [5.375, 11.875, 5.65625, 11.96875], "texture": "#5"},
				"east": {"uv": [13, 4.625, 13.15625, 4.71875], "texture": "#5"},
				"south": {"uv": [11.875, 5.375, 12.15625, 5.46875], "texture": "#5"},
				"west": {"uv": [4.875, 13, 5.03125, 13.09375], "texture": "#5"},
				"up": {"uv": [10.78125, 2.53125, 10.5, 2.375], "texture": "#5"},
				"down": {"uv": [10.78125, 2.625, 10.5, 2.78125], "texture": "#5"}
			}
		},
		{
			"from": [6.8725, 6.5724, 8.77152],
			"to": [9.0775, 9.0224, 9.50652],
			"rotation": {"angle": -22.5, "axis": "x", "origin": [0.16, 1.32299, 6.61662]},
			"faces": {
				"north": {"uv": [7.625, 2.125, 7.90625, 2.4375], "texture": "#5"},
				"east": {"uv": [5.875, 11.625, 5.96875, 11.9375], "texture": "#5"},
				"south": {"uv": [2.625, 7.625, 2.90625, 7.9375], "texture": "#5"},
				"west": {"uv": [11.25, 11.625, 11.34375, 11.9375], "texture": "#5"},
				"up": {"uv": [12.15625, 5.09375, 11.875, 5], "texture": "#5"},
				"down": {"uv": [12.15625, 5.25, 11.875, 5.34375], "texture": "#5"}
			}
		},
		{
			"from": [7.33898, 5.76747, -1.25545],
			"to": [7.58398, 6.40447, 0.45955],
			"rotation": {"angle": 45, "axis": "x", "origin": [15.84, 1.32299, 6.61662]},
			"faces": {
				"north": {"uv": [14.125, 14.5, 14.15625, 14.59375], "texture": "#5"},
				"east": {"uv": [0, 14.96875, 0.21875, 15.0625], "texture": "#5"},
				"south": {"uv": [14.5, 14.125, 14.53125, 14.21875], "texture": "#5"},
				"west": {"uv": [12.25, 6.625, 12.46875, 6.71875], "texture": "#5"},
				"up": {"uv": [6.15625, 14.21875, 6.125, 14], "texture": "#5"},
				"down": {"uv": [0, 15.09375, 0.03125, 15.3125], "texture": "#5"}
			}
		},
		{
			"from": [7.4605, 5.52247, -1.25545],
			"to": [7.4605, 5.76747, 0.70455],
			"rotation": {"angle": 45, "axis": "x", "origin": [15.84, 1.32299, 6.61662]},
			"faces": {
				"north": {"uv": [0, 0, 0, 0.03125], "texture": "#5"},
				"east": {"uv": [0.75, 14.96875, 0.40625, 15], "texture": "#5"},
				"south": {"uv": [0, 0, 0, 0.03125], "texture": "#5"},
				"west": {"uv": [0.40625, 15.03125, 0.75, 15.0625], "texture": "#5"},
				"up": {"uv": [0, 0.34375, 0, 0], "texture": "#5"},
				"down": {"uv": [0, 0, 0, 0.34375], "texture": "#5"}
			}
		},
		{
			"from": [8.36602, 5.76747, -1.25545],
			"to": [8.61102, 6.40447, 0.45955],
			"rotation": {"angle": 45, "axis": "x", "origin": [0.16, 1.32299, 6.61662]},
			"faces": {
				"north": {"uv": [13.875, 14.5, 13.90625, 14.59375], "texture": "#5"},
				"east": {"uv": [6.25, 12.25, 6.46875, 12.34375], "texture": "#5"},
				"south": {"uv": [14.5, 13.875, 14.53125, 13.96875], "texture": "#5"},
				"west": {"uv": [0.21875, 14.96875, 0, 15.0625], "texture": "#5"},
				"up": {"uv": [14.03125, 6.09375, 14, 5.875], "texture": "#5"},
				"down": {"uv": [0, 15.09375, 0.03125, 15.3125], "texture": "#5"}
			}
		},
		{
			"from": [8.4895, 5.52247, -1.25545],
			"to": [8.4895, 5.76747, 0.70455],
			"rotation": {"angle": 45, "axis": "x", "origin": [0.16, 1.32299, 6.61662]},
			"faces": {
				"north": {"uv": [0, 0, 0, 0.03125], "texture": "#5"},
				"east": {"uv": [0.75, 15.03125, 0.40625, 15.0625], "texture": "#5"},
				"south": {"uv": [0, 0, 0, 0.03125], "texture": "#5"},
				"west": {"uv": [0.40625, 14.96875, 0.75, 15], "texture": "#5"},
				"up": {"uv": [0, 0.34375, 0, 0], "texture": "#5"},
				"down": {"uv": [0, 0, 0, 0.34375], "texture": "#5"}
			}
		},
		{
			"from": [8.22, 5.76747, -1.64745],
			"to": [8.465, 6.15947, -1.25545],
			"rotation": {"angle": 45, "axis": "x", "origin": [0.16, 1.32299, 6.61662]},
			"faces": {
				"north": {"uv": [14.625, 10.625, 14.65625, 10.6875], "texture": "#5"},
				"east": {"uv": [14.375, 0.625, 14.4375, 0.6875], "texture": "#5"},
				"south": {"uv": [0.15625, 15, 0.1875, 15.0625], "texture": "#5"},
				"west": {"uv": [0.21875, 15, 0.15625, 15.0625], "texture": "#5"},
				"up": {"uv": [14.65625, 10.8125, 14.625, 10.75], "texture": "#5"},
				"down": {"uv": [0, 15.25, 0.03125, 15.3125], "texture": "#5"}
			}
		},
		{
			"from": [7.485, 5.76747, -1.64745],
			"to": [7.73, 6.15947, -1.25545],
			"rotation": {"angle": 45, "axis": "x", "origin": [15.84, 1.32299, 6.61662]},
			"faces": {
				"north": {"uv": [14.625, 11, 14.65625, 11.0625], "texture": "#5"},
				"east": {"uv": [0.15625, 15, 0.21875, 15.0625], "texture": "#5"},
				"south": {"uv": [0.15625, 15, 0.1875, 15.0625], "texture": "#5"},
				"west": {"uv": [0.875, 14.375, 0.9375, 14.4375], "texture": "#5"},
				"up": {"uv": [14.65625, 11.1875, 14.625, 11.125], "texture": "#5"},
				"down": {"uv": [0, 15.25, 0.03125, 15.3125], "texture": "#5"}
			}
		},
		{
			"from": [7.6565, 5.76747, -1.89245],
			"to": [8.2935, 6.15947, -1.64745],
			"rotation": {"angle": 45, "axis": "x", "origin": [0.16, 1.32299, 6.61662]},
			"faces": {
				"north": {"uv": [14, 8.625, 14.09375, 8.6875], "texture": "#5"},
				"east": {"uv": [14.625, 10.875, 14.65625, 10.9375], "texture": "#5"},
				"south": {"uv": [0.09375, 15, 0.1875, 15.0625], "texture": "#5"},
				"west": {"uv": [11, 14.625, 11.03125, 14.6875], "texture": "#5"},
				"up": {"uv": [14.09375, 14.53125, 14, 14.5], "texture": "#5"},
				"down": {"uv": [0.03125, 15.09375, 0.125, 15.125], "texture": "#5"}
			}
		},
		{
			"from": [8.0485, 5.52247, -1.69645],
			"to": [8.2445, 5.76747, -1.69645],
			"rotation": {"angle": 45, "axis": "x", "origin": [0.16, 1.32299, 6.61662]},
			"faces": {
				"north": {"uv": [0.34375, 15.03125, 0.375, 15.0625], "texture": "#5"},
				"east": {"uv": [0, 0, 0, 0.03125], "texture": "#5"},
				"south": {"uv": [0.34375, 14.96875, 0.375, 15], "texture": "#5"},
				"west": {"uv": [0, 0, 0, 0.03125], "texture": "#5"},
				"up": {"uv": [0.03125, 0, 0, 0], "texture": "#5"},
				"down": {"uv": [0.03125, 0, 0, 0], "texture": "#5"}
			}
		},
		{
			"from": [7.7055, 5.52247, -1.69645],
			"to": [7.9015, 5.76747, -1.69645],
			"rotation": {"angle": 45, "axis": "x", "origin": [15.84, 1.32299, 6.61662]},
			"faces": {
				"north": {"uv": [0.34375, 15.03125, 0.375, 15.0625], "texture": "#5"},
				"east": {"uv": [0, 0, 0, 0.03125], "texture": "#5"},
				"south": {"uv": [0.34375, 14.96875, 0.375, 15], "texture": "#5"},
				"west": {"uv": [0, 0, 0, 0.03125], "texture": "#5"},
				"up": {"uv": [0.03125, 0, 0, 0], "texture": "#5"},
				"down": {"uv": [0.03125, 0, 0, 0], "texture": "#5"}
			}
		},
		{
			"from": [7.3625, 7.23299, 5.11062],
			"to": [7.6075, 9.92799, 6.58062],
			"rotation": {"angle": 0, "axis": "y", "origin": [15.84, 1.32299, 6.61662]},
			"faces": {
				"north": {"uv": [13.5, 10, 13.53125, 10.34375], "texture": "#5"},
				"east": {"uv": [8.625, 6.125, 8.8125, 6.46875], "texture": "#5"},
				"south": {"uv": [10.25, 13.5, 10.28125, 13.84375], "texture": "#5"},
				"west": {"uv": [6.25, 8.625, 6.4375, 8.96875], "texture": "#5"},
				"up": {"uv": [14.28125, 4.4375, 14.25, 4.25], "texture": "#5"},
				"down": {"uv": [4.40625, 14.25, 4.375, 14.4375], "texture": "#5"}
			}
		},
		{
			"from": [8.3425, 7.23299, 5.11062],
			"to": [8.5875, 9.92799, 6.58062],
			"rotation": {"angle": 0, "axis": "y", "origin": [0.16, 1.32299, 6.61662]},
			"faces": {
				"north": {"uv": [13.5, 9.25, 13.53125, 9.59375], "texture": "#5"},
				"east": {"uv": [5.75, 8.625, 5.9375, 8.96875], "texture": "#5"},
				"south": {"uv": [13.5, 9.625, 13.53125, 9.96875], "texture": "#5"},
				"west": {"uv": [6, 8.625, 6.1875, 8.96875], "texture": "#5"},
				"up": {"uv": [14.28125, 4.1875, 14.25, 4], "texture": "#5"},
				"down": {"uv": [4.15625, 14.25, 4.125, 14.4375], "texture": "#5"}
			}
		},
		{
			"from": [7.6565, 6.15947, -1.89245],
			"to": [8.2935, 6.40447, -1.50045],
			"rotation": {"angle": 45, "axis": "x", "origin": [0.16, 1.32299, 6.61662]},
			"faces": {
				"north": {"uv": [14.625, 9.625, 14.71875, 9.65625], "texture": "#5"},
				"east": {"uv": [14, 14.75, 14.0625, 14.78125], "texture": "#5"},
				"south": {"uv": [9.75, 14.625, 9.84375, 14.65625], "texture": "#5"},
				"west": {"uv": [14.75, 14, 14.8125, 14.03125], "texture": "#5"},
				"up": {"uv": [14.34375, 3.9375, 14.25, 3.875], "texture": "#5"},
				"down": {"uv": [4.09375, 14.25, 4, 14.3125], "texture": "#5"}
			}
		},
		{
			"from": [9.54773, 8.70299, 3.22907],
			"to": [10.03773, 9.68299, 4.69907],
			"rotation": {"angle": 22.5, "axis": "y", "origin": [15.84, 1.32299, 6.61662]},
			"faces": {
				"north": {"uv": [14, 4.75, 14.0625, 4.875], "texture": "#5"},
				"east": {"uv": [12.25, 4.625, 12.4375, 4.75], "texture": "#5"},
				"south": {"uv": [4.875, 14, 4.9375, 14.125], "texture": "#5"},
				"west": {"uv": [12.25, 4.75, 12.4375, 4.875], "texture": "#5"},
				"up": {"uv": [3.8125, 13.6875, 3.75, 13.5], "texture": "#5"},
				"down": {"uv": [3.9375, 13.5, 3.875, 13.6875], "texture": "#5"}
			}
		},
		{
			"from": [9.44973, 8.45799, 3.71907],
			"to": [9.93973, 9.43799, 5.18907],
			"rotation": {"angle": 22.5, "axis": "y", "origin": [15.84, 1.32299, 6.61662]},
			"faces": {
				"north": {"uv": [14, 4.625, 14.0625, 4.75], "texture": "#5"},
				"east": {"uv": [12.25, 4.375, 12.4375, 4.5], "texture": "#5"},
				"south": {"uv": [4.75, 14, 4.8125, 14.125], "texture": "#5"},
				"west": {"uv": [12.25, 4.5, 12.4375, 4.625], "texture": "#5"},
				"up": {"uv": [13.5625, 3.6875, 13.5, 3.5], "texture": "#5"},
				"down": {"uv": [3.6875, 13.5, 3.625, 13.6875], "texture": "#5"}
			}
		},
		{
			"from": [9.44973, 8.21299, 3.96407],
			"to": [9.93973, 8.45799, 4.94407],
			"rotation": {"angle": 22.5, "axis": "y", "origin": [15.84, 1.32299, 6.61662]},
			"faces": {
				"north": {"uv": [14.875, 1.75, 14.9375, 1.78125], "texture": "#5"},
				"east": {"uv": [11.875, 14.5, 12, 14.53125], "texture": "#5"},
				"south": {"uv": [1.875, 14.875, 1.9375, 14.90625], "texture": "#5"},
				"west": {"uv": [14.5, 11.875, 14.625, 11.90625], "texture": "#5"},
				"up": {"uv": [14.0625, 4.625, 14, 4.5], "texture": "#5"},
				"down": {"uv": [4.6875, 14, 4.625, 14.125], "texture": "#5"}
			}
		},
		{
			"from": [9.44973, 8.70299, 5.18907],
			"to": [9.93973, 9.19299, 5.92407],
			"rotation": {"angle": 22.5, "axis": "y", "origin": [15.84, 1.32299, 6.61662]},
			"faces": {
				"north": {"uv": [11.75, 14.5, 11.8125, 14.5625], "texture": "#5"},
				"east": {"uv": [10.5, 14.25, 10.59375, 14.3125], "texture": "#5"},
				"south": {"uv": [14.5, 11.75, 14.5625, 11.8125], "texture": "#5"},
				"west": {"uv": [14.25, 10.5, 14.34375, 10.5625], "texture": "#5"},
				"up": {"uv": [10.6875, 14.34375, 10.625, 14.25], "texture": "#5"},
				"down": {"uv": [14.3125, 10.625, 14.25, 10.71875], "texture": "#5"}
			}
		},
		{
			"from": [5.81807, 8.94799, 2.7582],
			"to": [6.30807, 9.92799, 4.2282],
			"rotation": {"angle": -22.5, "axis": "y", "origin": [0.16, 1.32299, 6.61662]},
			"faces": {
				"north": {"uv": [14, 4.375, 14.0625, 4.5], "texture": "#5"},
				"east": {"uv": [4.25, 12.25, 4.4375, 12.375], "texture": "#5"},
				"south": {"uv": [4.5, 14, 4.5625, 14.125], "texture": "#5"},
				"west": {"uv": [12.25, 4.25, 12.4375, 4.375], "texture": "#5"},
				"up": {"uv": [3.4375, 13.6875, 3.375, 13.5], "texture": "#5"},
				"down": {"uv": [3.5625, 13.5, 3.5, 13.6875], "texture": "#5"}
			}
		},
		{
			"from": [5.91607, 8.70299, 3.2482],
			"to": [6.40607, 9.68299, 4.7182],
			"rotation": {"angle": -22.5, "axis": "y", "origin": [0.16, 1.32299, 6.61662]},
			"faces": {
				"north": {"uv": [14, 4.25, 14.0625, 4.375], "texture": "#5"},
				"east": {"uv": [12.25, 4, 12.4375, 4.125], "texture": "#5"},
				"south": {"uv": [4.375, 14, 4.4375, 14.125], "texture": "#5"},
				"west": {"uv": [12.25, 4.125, 12.4375, 4.25], "texture": "#5"},
				"up": {"uv": [2.8125, 13.6875, 2.75, 13.5], "texture": "#5"},
				"down": {"uv": [13.5625, 3, 13.5, 3.1875], "texture": "#5"}
			}
		},
		{
			"from": [6.01407, 8.45799, 3.7382],
			"to": [6.50407, 9.43799, 5.2082],
			"rotation": {"angle": -22.5, "axis": "y", "origin": [0.16, 1.32299, 6.61662]},
			"faces": {
				"north": {"uv": [4.125, 14, 4.1875, 14.125], "texture": "#5"},
				"east": {"uv": [12.25, 3.875, 12.4375, 4], "texture": "#5"},
				"south": {"uv": [4.25, 14, 4.3125, 14.125], "texture": "#5"},
				"west": {"uv": [4, 12.25, 4.1875, 12.375], "texture": "#5"},
				"up": {"uv": [2.6875, 13.6875, 2.625, 13.5], "texture": "#5"},
				"down": {"uv": [13.5625, 2.625, 13.5, 2.8125], "texture": "#5"}
			}
		},
		{
			"from": [6.01407, 8.70299, 5.2082],
			"to": [6.50407, 9.19299, 5.9432],
			"rotation": {"angle": -22.5, "axis": "y", "origin": [0.16, 1.32299, 6.61662]},
			"faces": {
				"north": {"uv": [11.625, 14.5, 11.6875, 14.5625], "texture": "#5"},
				"east": {"uv": [10.25, 14.25, 10.34375, 14.3125], "texture": "#5"},
				"south": {"uv": [14.5, 11.625, 14.5625, 11.6875], "texture": "#5"},
				"west": {"uv": [14.25, 10.25, 14.34375, 10.3125], "texture": "#5"},
				"up": {"uv": [10.4375, 14.34375, 10.375, 14.25], "texture": "#5"},
				"down": {"uv": [14.3125, 10.375, 14.25, 10.46875], "texture": "#5"}
			}
		},
		{
			"from": [6.01407, 8.21299, 3.9832],
			"to": [6.50407, 8.45799, 4.9632],
			"rotation": {"angle": -22.5, "axis": "y", "origin": [0.16, 1.32299, 6.61662]},
			"faces": {
				"north": {"uv": [14.875, 1.625, 14.9375, 1.65625], "texture": "#5"},
				"east": {"uv": [11.5, 14.5, 11.625, 14.53125], "texture": "#5"},
				"south": {"uv": [1.75, 14.875, 1.8125, 14.90625], "texture": "#5"},
				"west": {"uv": [14.5, 11.5, 14.625, 11.53125], "texture": "#5"},
				"up": {"uv": [4.0625, 14.125, 4, 14], "texture": "#5"},
				"down": {"uv": [14.0625, 4, 14, 4.125], "texture": "#5"}
			}
		},
		{
			"from": [9.64573, 8.94799, 2.73907],
			"to": [10.13573, 9.92799, 4.20907],
			"rotation": {"angle": 22.5, "axis": "y", "origin": [15.84, 1.32299, 6.61662]},
			"faces": {
				"north": {"uv": [3.875, 14, 3.9375, 14.125], "texture": "#5"},
				"east": {"uv": [3.75, 12.25, 3.9375, 12.375], "texture": "#5"},
				"south": {"uv": [14, 3.875, 14.0625, 4], "texture": "#5"},
				"west": {"uv": [12.25, 3.75, 12.4375, 3.875], "texture": "#5"},
				"up": {"uv": [2.4375, 13.6875, 2.375, 13.5], "texture": "#5"},
				"down": {"uv": [2.5625, 13.5, 2.5, 13.6875], "texture": "#5"}
			}
		},
		{
			"from": [10.39829, 9.34763, 7.14412],
			"to": [11.08429, 10.57263, 7.87912],
			"rotation": {"angle": 22.5, "axis": "z", "origin": [8.49, 1.32299, 9.80162]},
			"faces": {
				"north": {"uv": [10.375, 13, 10.46875, 13.15625], "texture": "#5"},
				"east": {"uv": [13, 10.375, 13.09375, 10.53125], "texture": "#5"},
				"south": {"uv": [10.5, 13, 10.59375, 13.15625], "texture": "#5"},
				"west": {"uv": [10.625, 13, 10.71875, 13.15625], "texture": "#5"},
				"up": {"uv": [13.96875, 0.96875, 13.875, 0.875], "texture": "#5"},
				"down": {"uv": [1.09375, 13.875, 1, 13.96875], "texture": "#5"}
			}
		},
		{
			"from": [10.93729, 10.00913, 5.67412],
			"to": [11.42729, 11.47913, 6.16412],
			"rotation": {"angle": 22.5, "axis": "z", "origin": [8.196, 1.32299, 9.55662]},
			"faces": {
				"north": {"uv": [7.125, 13.5, 7.1875, 13.6875], "texture": "#5"},
				"east": {"uv": [7.25, 13.5, 7.3125, 13.6875], "texture": "#5"},
				"south": {"uv": [7.375, 13.5, 7.4375, 13.6875], "texture": "#5"},
				"west": {"uv": [7.5, 13.5, 7.5625, 13.6875], "texture": "#5"},
				"up": {"uv": [13.4375, 14.5625, 13.375, 14.5], "texture": "#5"},
				"down": {"uv": [14.5625, 13.375, 14.5, 13.4375], "texture": "#5"}
			}
		},
		{
			"from": [6.5295, 11.29999, 5.67314],
			"to": [7.2645, 11.88799, 6.65412],
			"rotation": {"angle": 0, "axis": "y", "origin": [8.196, 1.42099, 9.36062]},
			"faces": {
				"north": {"uv": [12.875, 14.25, 12.96875, 14.3125], "texture": "#5"},
				"east": {"uv": [14, 5.25, 14.125, 5.3125], "texture": "#5"},
				"south": {"uv": [14.25, 12.875, 14.34375, 12.9375], "texture": "#5"},
				"west": {"uv": [5.375, 14, 5.5, 14.0625], "texture": "#5"},
				"up": {"uv": [13.59375, 6.625, 13.5, 6.5], "texture": "#5"},
				"down": {"uv": [13.59375, 6.625, 13.5, 6.75], "texture": "#5"}
			}
		},
		{
			"from": [6.53048, 11.40176, 10.59359],
			"to": [7.26352, 12.13676, 11.08359],
			"rotation": {"angle": -22.5, "axis": "x", "origin": [8.19502, 1.44836, 9.36968]},
			"faces": {
				"north": {"uv": [13.875, 0.625, 13.96875, 0.71875], "texture": "#5"},
				"east": {"uv": [12.625, 14.25, 12.6875, 14.34375], "texture": "#5"},
				"south": {"uv": [13.875, 0.75, 13.96875, 0.84375], "texture": "#5"},
				"west": {"uv": [14.25, 12.625, 14.3125, 12.71875], "texture": "#5"},
				"up": {"uv": [12.84375, 14.3125, 12.75, 14.25], "texture": "#5"},
				"down": {"uv": [14.34375, 12.75, 14.25, 12.8125], "texture": "#5"}
			}
		},
		{
			"from": [6.5295, 10.95699, 5.67412],
			"to": [7.2645, 11.29999, 7.1451],
			"rotation": {"angle": 0, "axis": "y", "origin": [8.196, 1.42099, 9.36062]},
			"faces": {
				"north": {"uv": [14.625, 10.375, 14.71875, 10.40625], "texture": "#5"},
				"east": {"uv": [12.375, 14.25, 12.5625, 14.28125], "texture": "#5"},
				"south": {"uv": [10.5, 14.625, 10.59375, 14.65625], "texture": "#5"},
				"west": {"uv": [14.25, 12.375, 14.4375, 12.40625], "texture": "#5"},
				"up": {"uv": [3.21875, 12.9375, 3.125, 12.75], "texture": "#5"},
				"down": {"uv": [3.34375, 12.75, 3.25, 12.9375], "texture": "#5"}
			}
		},
		{
			"from": [0.15804, 7.02259, 5.67412],
			"to": [1.62804, 7.51259, 7.14412],
			"rotation": {"angle": -45, "axis": "z", "origin": [8.1715, 1.32299, 9.55662]},
			"faces": {
				"north": {"uv": [13.5, 6, 13.6875, 6.0625], "texture": "#5"},
				"east": {"uv": [13.5, 6.125, 13.6875, 6.1875], "texture": "#5"},
				"south": {"uv": [13.5, 6.25, 13.6875, 6.3125], "texture": "#5"},
				"west": {"uv": [13.5, 6.375, 13.6875, 6.4375], "texture": "#5"},
				"up": {"uv": [10.9375, 11.3125, 10.75, 11.15625], "texture": "#5"},
				"down": {"uv": [11.3125, 10.875, 11.125, 11.0625], "texture": "#5"}
			}
		},
		{
			"from": [6.60202, 10.8354, 10.92752],
			"to": [7.19198, 11.5949, 11.66252],
			"rotation": {"angle": -22.5, "axis": "x", "origin": [8.49, 1.32299, 9.89962]},
			"faces": {
				"north": {"uv": [14.25, 12, 14.3125, 12.09375], "texture": "#5"},
				"east": {"uv": [0.5, 13.875, 0.59375, 13.96875], "texture": "#5"},
				"south": {"uv": [12.125, 14.25, 12.1875, 14.34375], "texture": "#5"},
				"west": {"uv": [13.875, 0.5, 13.96875, 0.59375], "texture": "#5"},
				"up": {"uv": [14.3125, 12.21875, 14.25, 12.125], "texture": "#5"},
				"down": {"uv": [12.3125, 14.25, 12.25, 14.34375], "texture": "#5"}
			}
		},
		{
			"from": [6.60104, 9.80549, 7.14412],
			"to": [7.338, 10.78549, 7.8801],
			"rotation": {"angle": 0, "axis": "y", "origin": [8.49, 1.32299, 9.80162]},
			"faces": {
				"north": {"uv": [5.625, 13.5, 5.71875, 13.625], "texture": "#5"},
				"east": {"uv": [13.5, 5.625, 13.59375, 5.75], "texture": "#5"},
				"south": {"uv": [13.5, 5.75, 13.59375, 5.875], "texture": "#5"},
				"west": {"uv": [13.5, 5.875, 13.59375, 6], "texture": "#5"},
				"up": {"uv": [0.46875, 13.96875, 0.375, 13.875], "texture": "#5"},
				"down": {"uv": [13.96875, 0.375, 13.875, 0.46875], "texture": "#5"}
			}
		},
		{
			"from": [4.86952, 9.3285, 7.14412],
			"to": [5.55552, 10.5535, 7.87912],
			"rotation": {"angle": -22.5, "axis": "z", "origin": [7.51, 1.32299, 9.80162]},
			"faces": {
				"north": {"uv": [13, 9.5, 13.09375, 9.65625], "texture": "#5"},
				"east": {"uv": [9.875, 13, 9.96875, 13.15625], "texture": "#5"},
				"south": {"uv": [10, 13, 10.09375, 13.15625], "texture": "#5"},
				"west": {"uv": [13, 10.125, 13.09375, 10.28125], "texture": "#5"},
				"up": {"uv": [0.34375, 13.96875, 0.25, 13.875], "texture": "#5"},
				"down": {"uv": [13.96875, 0.25, 13.875, 0.34375], "texture": "#5"}
			}
		},
		{
			"from": [8.612, 9.80549, 7.14412],
			"to": [9.34896, 10.78549, 7.8801],
			"rotation": {"angle": 0, "axis": "y", "origin": [7.51, 1.32299, 9.80162]},
			"faces": {
				"north": {"uv": [13.5, 5.25, 13.59375, 5.375], "texture": "#5"},
				"east": {"uv": [13.5, 5.375, 13.59375, 5.5], "texture": "#5"},
				"south": {"uv": [5.5, 13.5, 5.59375, 13.625], "texture": "#5"},
				"west": {"uv": [13.5, 5.5, 13.59375, 5.625], "texture": "#5"},
				"up": {"uv": [0.21875, 13.96875, 0.125, 13.875], "texture": "#5"},
				"down": {"uv": [13.96875, 0.125, 13.875, 0.21875], "texture": "#5"}
			}
		},
		{
			"from": [14.3366, 7.05794, 5.67412],
			"to": [15.8066, 7.54794, 7.14412],
			"rotation": {"angle": 45, "axis": "z", "origin": [7.8285, 1.32299, 9.55662]},
			"faces": {
				"north": {"uv": [4.75, 13.5, 4.9375, 13.5625], "texture": "#5"},
				"east": {"uv": [13.5, 4.875, 13.6875, 4.9375], "texture": "#5"},
				"south": {"uv": [5, 13.5, 5.1875, 13.5625], "texture": "#5"},
				"west": {"uv": [5.25, 13.5, 5.4375, 13.5625], "texture": "#5"},
				"up": {"uv": [10.6875, 11.3125, 10.5, 11.15625], "texture": "#5"},
				"down": {"uv": [11.3125, 10.625, 11.125, 10.8125], "texture": "#5"}
			}
		},
		{
			"from": [8.6855, 11.88799, 6.16412],
			"to": [9.4205, 13.11299, 6.75212],
			"rotation": {"angle": 0, "axis": "y", "origin": [8.49, 1.00449, 6.76362]},
			"faces": {
				"north": {"uv": [9.25, 13, 9.34375, 13.15625], "texture": "#5"},
				"east": {"uv": [13.625, 13.125, 13.6875, 13.28125], "texture": "#5"},
				"south": {"uv": [9.375, 13, 9.46875, 13.15625], "texture": "#5"},
				"west": {"uv": [13.25, 13.625, 13.3125, 13.78125], "texture": "#5"},
				"up": {"uv": [14.34375, 11.9375, 14.25, 11.875], "texture": "#5"},
				"down": {"uv": [12.09375, 14.25, 12, 14.3125], "texture": "#5"}
			}
		},
		{
			"from": [8.68648, 10.65824, 1.57675],
			"to": [9.41952, 11.95674, 2.04225],
			"rotation": {"angle": 22.5, "axis": "x", "origin": [8.49, 1.00449, 6.76362]},
			"faces": {
				"north": {"uv": [9, 13, 9.09375, 13.15625], "texture": "#5"},
				"east": {"uv": [13.625, 12.625, 13.6875, 12.78125], "texture": "#5"},
				"south": {"uv": [9.125, 13, 9.21875, 13.15625], "texture": "#5"},
				"west": {"uv": [13.625, 12.875, 13.6875, 13.03125], "texture": "#5"},
				"up": {"uv": [14.34375, 11.8125, 14.25, 11.75], "texture": "#5"},
				"down": {"uv": [11.96875, 14.25, 11.875, 14.3125], "texture": "#5"}
			}
		},
		{
			"from": [4.52652, 9.99, 5.67412],
			"to": [5.01652, 11.46, 6.16412],
			"rotation": {"angle": -22.5, "axis": "z", "origin": [7.804, 1.32299, 9.55662]},
			"faces": {
				"north": {"uv": [4.375, 13.5, 4.4375, 13.6875], "texture": "#5"},
				"east": {"uv": [4.5, 13.5, 4.5625, 13.6875], "texture": "#5"},
				"south": {"uv": [4.625, 13.5, 4.6875, 13.6875], "texture": "#5"},
				"west": {"uv": [13.5, 4.625, 13.5625, 4.8125], "texture": "#5"},
				"up": {"uv": [13.3125, 14.5625, 13.25, 14.5], "texture": "#5"},
				"down": {"uv": [14.5625, 13.25, 14.5, 13.3125], "texture": "#5"}
			}
		},
		{
			"from": [8.68648, 11.40176, 10.59359],
			"to": [9.41952, 12.62676, 11.08359],
			"rotation": {"angle": -22.5, "axis": "x", "origin": [7.80498, 1.44836, 9.36968]},
			"faces": {
				"north": {"uv": [8.75, 13, 8.84375, 13.15625], "texture": "#5"},
				"east": {"uv": [13.625, 12, 13.6875, 12.15625], "texture": "#5"},
				"south": {"uv": [8.875, 13, 8.96875, 13.15625], "texture": "#5"},
				"west": {"uv": [13.625, 12.25, 13.6875, 12.40625], "texture": "#5"},
				"up": {"uv": [14.34375, 11.6875, 14.25, 11.625], "texture": "#5"},
				"down": {"uv": [11.84375, 14.25, 11.75, 14.3125], "texture": "#5"}
			}
		},
		{
			"from": [8.6855, 10.95699, 5.67412],
			"to": [9.4205, 11.29999, 7.1451],
			"rotation": {"angle": 0, "axis": "y", "origin": [7.804, 1.42099, 9.36062]},
			"faces": {
				"north": {"uv": [14.625, 10.25, 14.71875, 10.28125], "texture": "#5"},
				"east": {"uv": [11.5, 14.25, 11.6875, 14.28125], "texture": "#5"},
				"south": {"uv": [10.375, 14.625, 10.46875, 14.65625], "texture": "#5"},
				"west": {"uv": [14.25, 11.5, 14.4375, 11.53125], "texture": "#5"},
				"up": {"uv": [2.71875, 12.9375, 2.625, 12.75], "texture": "#5"},
				"down": {"uv": [2.96875, 12.75, 2.875, 12.9375], "texture": "#5"}
			}
		},
		{
			"from": [8.6855, 11.29999, 5.67314],
			"to": [9.4205, 11.88799, 6.65412],
			"rotation": {"angle": 0, "axis": "y", "origin": [7.804, 1.42099, 9.36062]},
			"faces": {
				"north": {"uv": [11.375, 14.25, 11.46875, 14.3125], "texture": "#5"},
				"east": {"uv": [14, 5.125, 14.125, 5.1875], "texture": "#5"},
				"south": {"uv": [14.25, 11.375, 14.34375, 11.4375], "texture": "#5"},
				"west": {"uv": [5.25, 14, 5.375, 14.0625], "texture": "#5"},
				"up": {"uv": [13.59375, 2.375, 13.5, 2.25], "texture": "#5"},
				"down": {"uv": [13.59375, 4.25, 13.5, 4.375], "texture": "#5"}
			}
		},
		{
			"from": [3.79152, 7.834, 4.81662],
			"to": [4.28152, 8.569, 6.77662],
			"rotation": {"angle": -22.5, "axis": "z", "origin": [8, 1.32299, 6.61662]},
			"faces": {
				"north": {"uv": [14.25, 11.125, 14.3125, 11.21875], "texture": "#5"},
				"east": {"uv": [12.25, 5.25, 12.5, 5.34375], "texture": "#5"},
				"south": {"uv": [14.25, 11.25, 14.3125, 11.34375], "texture": "#5"},
				"west": {"uv": [12.25, 5.375, 12.5, 5.46875], "texture": "#5"},
				"up": {"uv": [12.8125, 12.375, 12.75, 12.125], "texture": "#5"},
				"down": {"uv": [12.3125, 12.75, 12.25, 13], "texture": "#5"}
			}
		},
		{
			"from": [3.88952, 7.344, 5.06162],
			"to": [4.37952, 7.834, 6.77662],
			"rotation": {"angle": -22.5, "axis": "z", "origin": [8, 1.32299, 6.61662]},
			"faces": {
				"north": {"uv": [13.125, 14.5, 13.1875, 14.5625], "texture": "#5"},
				"east": {"uv": [13.125, 6.375, 13.34375, 6.4375], "texture": "#5"},
				"south": {"uv": [14.5, 13.125, 14.5625, 13.1875], "texture": "#5"},
				"west": {"uv": [13.125, 6.5, 13.34375, 6.5625], "texture": "#5"},
				"up": {"uv": [13.1875, 6.84375, 13.125, 6.625], "texture": "#5"},
				"down": {"uv": [6.8125, 13.125, 6.75, 13.34375], "texture": "#5"}
			}
		},
		{
			"from": [3.98752, 6.364, 5.79662],
			"to": [4.47752, 6.854, 6.28662],
			"rotation": {"angle": -22.5, "axis": "z", "origin": [8, 1.32299, 6.61662]},
			"faces": {
				"north": {"uv": [12.75, 14.5, 12.8125, 14.5625], "texture": "#5"},
				"east": {"uv": [14.5, 12.75, 14.5625, 12.8125], "texture": "#5"},
				"south": {"uv": [12.875, 14.5, 12.9375, 14.5625], "texture": "#5"},
				"west": {"uv": [14.5, 12.875, 14.5625, 12.9375], "texture": "#5"},
				"up": {"uv": [13.0625, 14.5625, 13, 14.5], "texture": "#5"},
				"down": {"uv": [14.5625, 13, 14.5, 13.0625], "texture": "#5"}
			}
		},
		{
			"from": [3.98752, 6.854, 5.55162],
			"to": [4.47752, 7.099, 6.53162],
			"rotation": {"angle": -22.5, "axis": "z", "origin": [8, 1.32299, 6.61662]},
			"faces": {
				"north": {"uv": [14.875, 2.25, 14.9375, 2.28125], "texture": "#5"},
				"east": {"uv": [12.625, 14.5, 12.75, 14.53125], "texture": "#5"},
				"south": {"uv": [2.375, 14.875, 2.4375, 14.90625], "texture": "#5"},
				"west": {"uv": [14.5, 12.625, 14.625, 12.65625], "texture": "#5"},
				"up": {"uv": [14.0625, 5.125, 14, 5], "texture": "#5"},
				"down": {"uv": [5.1875, 14, 5.125, 14.125], "texture": "#5"}
			}
		},
		{
			"from": [3.88952, 7.099, 5.30662],
			"to": [4.37952, 7.344, 6.77662],
			"rotation": {"angle": -22.5, "axis": "z", "origin": [8, 1.32299, 6.61662]},
			"faces": {
				"north": {"uv": [14.875, 2.125, 14.9375, 2.15625], "texture": "#5"},
				"east": {"uv": [14.25, 11, 14.4375, 11.03125], "texture": "#5"},
				"south": {"uv": [2.25, 14.875, 2.3125, 14.90625], "texture": "#5"},
				"west": {"uv": [11.125, 14.25, 11.3125, 14.28125], "texture": "#5"},
				"up": {"uv": [4.1875, 13.6875, 4.125, 13.5], "texture": "#5"},
				"down": {"uv": [4.3125, 13.5, 4.25, 13.6875], "texture": "#5"}
			}
		},
		{
			"from": [11.57429, 7.11813, 5.30662],
			"to": [12.06429, 7.36313, 6.77662],
			"rotation": {"angle": 22.5, "axis": "z", "origin": [8, 1.32299, 6.61662]},
			"faces": {
				"north": {"uv": [14.875, 2, 14.9375, 2.03125], "texture": "#5"},
				"east": {"uv": [10.875, 14.25, 11.0625, 14.28125], "texture": "#5"},
				"south": {"uv": [2.125, 14.875, 2.1875, 14.90625], "texture": "#5"},
				"west": {"uv": [14.25, 10.875, 14.4375, 10.90625], "texture": "#5"},
				"up": {"uv": [4.0625, 13.6875, 4, 13.5], "texture": "#5"},
				"down": {"uv": [13.5625, 4, 13.5, 4.1875], "texture": "#5"}
			}
		},
		{
			"from": [11.47629, 6.38313, 5.79662],
			"to": [11.96629, 6.87313, 6.28662],
			"rotation": {"angle": 22.5, "axis": "z", "origin": [8, 1.32299, 6.61662]},
			"faces": {
				"north": {"uv": [12.25, 14.5, 12.3125, 14.5625], "texture": "#5"},
				"east": {"uv": [14.5, 12.25, 14.5625, 12.3125], "texture": "#5"},
				"south": {"uv": [12.375, 14.5, 12.4375, 14.5625], "texture": "#5"},
				"west": {"uv": [14.5, 12.375, 14.5625, 12.4375], "texture": "#5"},
				"up": {"uv": [12.5625, 14.5625, 12.5, 14.5], "texture": "#5"},
				"down": {"uv": [14.5625, 12.5, 14.5, 12.5625], "texture": "#5"}
			}
		},
		{
			"from": [11.47629, 6.87313, 5.55162],
			"to": [11.96629, 7.11813, 6.53162],
			"rotation": {"angle": 22.5, "axis": "z", "origin": [8, 1.32299, 6.61662]},
			"faces": {
				"north": {"uv": [14.875, 1.875, 14.9375, 1.90625], "texture": "#5"},
				"east": {"uv": [12.125, 14.5, 12.25, 14.53125], "texture": "#5"},
				"south": {"uv": [2, 14.875, 2.0625, 14.90625], "texture": "#5"},
				"west": {"uv": [14.5, 12.125, 14.625, 12.15625], "texture": "#5"},
				"up": {"uv": [14.0625, 5, 14, 4.875], "texture": "#5"},
				"down": {"uv": [5.0625, 14, 5, 14.125], "texture": "#5"}
			}
		},
		{
			"from": [11.57429, 7.36313, 5.06162],
			"to": [12.06429, 7.85313, 6.77662],
			"rotation": {"angle": 22.5, "axis": "z", "origin": [8, 1.32299, 6.61662]},
			"faces": {
				"north": {"uv": [12, 14.5, 12.0625, 14.5625], "texture": "#5"},
				"east": {"uv": [13.125, 5.75, 13.34375, 5.8125], "texture": "#5"},
				"south": {"uv": [14.5, 12, 14.5625, 12.0625], "texture": "#5"},
				"west": {"uv": [13.125, 6, 13.34375, 6.0625], "texture": "#5"},
				"up": {"uv": [6.0625, 13.34375, 6, 13.125], "texture": "#5"},
				"down": {"uv": [13.1875, 6.125, 13.125, 6.34375], "texture": "#5"}
			}
		},
		{
			"from": [11.67229, 7.85313, 4.81662],
			"to": [12.16229, 8.58813, 6.77662],
			"rotation": {"angle": 22.5, "axis": "z", "origin": [8, 1.32299, 6.61662]},
			"faces": {
				"north": {"uv": [10.75, 14.25, 10.8125, 14.34375], "texture": "#5"},
				"east": {"uv": [12.25, 4.875, 12.5, 4.96875], "texture": "#5"},
				"south": {"uv": [14.25, 10.75, 14.3125, 10.84375], "texture": "#5"},
				"west": {"uv": [12.25, 5, 12.5, 5.09375], "texture": "#5"},
				"up": {"uv": [11.9375, 13, 11.875, 12.75], "texture": "#5"},
				"down": {"uv": [12.1875, 12.75, 12.125, 13], "texture": "#5"}
			}
		},
		{
			"from": [0.18254, 7.51259, 5.67412],
			"to": [1.21154, 8.00259, 5.96812],
			"rotation": {"angle": -45, "axis": "z", "origin": [8.1715, 1.32299, 9.55662]},
			"faces": {
				"north": {"uv": [12.875, 13.875, 13, 13.9375], "texture": "#5"},
				"east": {"uv": [13.625, 14.75, 13.65625, 14.8125], "texture": "#5"},
				"south": {"uv": [13.875, 12.875, 14, 12.9375], "texture": "#5"},
				"west": {"uv": [14.75, 13.625, 14.78125, 13.6875], "texture": "#5"},
				"up": {"uv": [8, 14.53125, 7.875, 14.5], "texture": "#5"},
				"down": {"uv": [14.625, 7.875, 14.5, 7.90625], "texture": "#5"}
			}
		},
		{
			"from": [10.93729, 10.00913, 6.16412],
			"to": [11.18229, 10.98913, 6.65412],
			"rotation": {"angle": 22.5, "axis": "z", "origin": [8.196, 1.32299, 9.55662]},
			"faces": {
				"north": {"uv": [7.625, 14.5, 7.65625, 14.625], "texture": "#5"},
				"east": {"uv": [12.75, 13.875, 12.8125, 14], "texture": "#5"},
				"south": {"uv": [14.5, 7.625, 14.53125, 7.75], "texture": "#5"},
				"west": {"uv": [13.875, 12.75, 13.9375, 12.875], "texture": "#5"},
				"up": {"uv": [13.53125, 14.8125, 13.5, 14.75], "texture": "#5"},
				"down": {"uv": [14.78125, 13.5, 14.75, 13.5625], "texture": "#5"}
			}
		},
		{
			"from": [6.53048, 11.7174, 9.67802],
			"to": [7.26548, 11.9379, 9.92302],
			"rotation": {"angle": -22.5, "axis": "x", "origin": [8, 1.32299, 9.55662]},
			"faces": {
				"north": {"uv": [14.625, 9.375, 14.71875, 9.40625], "texture": "#5"},
				"east": {"uv": [14.875, 7.75, 14.90625, 7.78125], "texture": "#5"},
				"south": {"uv": [9.5, 14.625, 9.59375, 14.65625], "texture": "#5"},
				"west": {"uv": [7.875, 14.875, 7.90625, 14.90625], "texture": "#5"},
				"up": {"uv": [14.71875, 9.53125, 14.625, 9.5], "texture": "#5"},
				"down": {"uv": [9.71875, 14.625, 9.625, 14.65625], "texture": "#5"}
			}
		},
		{
			"from": [6.53048, 8.99224, 2.14025],
			"to": [7.51048, 9.23724, 2.38525],
			"rotation": {"angle": 22.5, "axis": "x", "origin": [8.196, 1.42099, 9.36062]},
			"faces": {
				"north": {"uv": [7.375, 14.5, 7.5, 14.53125], "texture": "#5"},
				"east": {"uv": [14.875, 7.625, 14.90625, 7.65625], "texture": "#5"},
				"south": {"uv": [14.5, 7.375, 14.625, 7.40625], "texture": "#5"},
				"west": {"uv": [7.75, 14.875, 7.78125, 14.90625], "texture": "#5"},
				"up": {"uv": [7.625, 14.53125, 7.5, 14.5], "texture": "#5"},
				"down": {"uv": [14.625, 7.5, 14.5, 7.53125], "texture": "#5"}
			}
		},
		{
			"from": [6.995, 8.25724, 2.85075],
			"to": [7.485, 8.74724, 3.34075],
			"rotation": {"angle": 22.5, "axis": "x", "origin": [8.1715, 1.32299, 9.55662]},
			"faces": {
				"north": {"uv": [7, 14.5, 7.0625, 14.5625], "texture": "#5"},
				"east": {"uv": [14.5, 7, 14.5625, 7.0625], "texture": "#5"},
				"south": {"uv": [7.125, 14.5, 7.1875, 14.5625], "texture": "#5"},
				"west": {"uv": [14.5, 7.125, 14.5625, 7.1875], "texture": "#5"},
				"up": {"uv": [7.3125, 14.5625, 7.25, 14.5], "texture": "#5"},
				"down": {"uv": [14.5625, 7.25, 14.5, 7.3125], "texture": "#5"}
			}
		},
		{
			"from": [7.093, 8.50224, 2.11575],
			"to": [7.6565, 8.91874, 2.36075],
			"rotation": {"angle": 22.5, "axis": "x", "origin": [8, 1.32299, 9.55662]},
			"faces": {
				"north": {"uv": [6.875, 14.5, 6.9375, 14.5625], "texture": "#5"},
				"east": {"uv": [13.25, 14.75, 13.28125, 14.8125], "texture": "#5"},
				"south": {"uv": [14.5, 6.875, 14.5625, 6.9375], "texture": "#5"},
				"west": {"uv": [14.75, 13.25, 14.78125, 13.3125], "texture": "#5"},
				"up": {"uv": [13.4375, 14.78125, 13.375, 14.75], "texture": "#5"},
				"down": {"uv": [14.8125, 13.375, 14.75, 13.40625], "texture": "#5"}
			}
		},
		{
			"from": [7.093, 8.25724, 2.36075],
			"to": [7.485, 8.74724, 2.85075],
			"rotation": {"angle": 22.5, "axis": "x", "origin": [8.1715, 1.32299, 9.55662]},
			"faces": {
				"north": {"uv": [6.5, 14.5, 6.5625, 14.5625], "texture": "#5"},
				"east": {"uv": [14.5, 6.5, 14.5625, 6.5625], "texture": "#5"},
				"south": {"uv": [6.625, 14.5, 6.6875, 14.5625], "texture": "#5"},
				"west": {"uv": [14.5, 6.625, 14.5625, 6.6875], "texture": "#5"},
				"up": {"uv": [6.8125, 14.5625, 6.75, 14.5], "texture": "#5"},
				"down": {"uv": [14.5625, 6.75, 14.5, 6.8125], "texture": "#5"}
			}
		},
		{
			"from": [5.54857, 10.17299, 6.8987],
			"to": [6.03857, 10.95699, 7.5112],
			"rotation": {"angle": -22.5, "axis": "y", "origin": [8.1715, 1.32299, 9.55662]},
			"faces": {
				"north": {"uv": [1.875, 14.25, 1.9375, 14.34375], "texture": "#5"},
				"east": {"uv": [2, 14.25, 2.0625, 14.34375], "texture": "#5"},
				"south": {"uv": [14.25, 2, 14.3125, 2.09375], "texture": "#5"},
				"west": {"uv": [2.125, 14.25, 2.1875, 14.34375], "texture": "#5"},
				"up": {"uv": [6.4375, 14.5625, 6.375, 14.5], "texture": "#5"},
				"down": {"uv": [14.5625, 6.375, 14.5, 6.4375], "texture": "#5"}
			}
		},
		{
			"from": [10.03079, 9.98463, 6.65412],
			"to": [10.27579, 10.15613, 7.14412],
			"rotation": {"angle": 22.5, "axis": "z", "origin": [8.196, 1.42099, 9.36062]},
			"faces": {
				"north": {"uv": [14.875, 7.5, 14.90625, 7.53125], "texture": "#5"},
				"east": {"uv": [13, 14.75, 13.0625, 14.78125], "texture": "#5"},
				"south": {"uv": [7.625, 14.875, 7.65625, 14.90625], "texture": "#5"},
				"west": {"uv": [14.75, 13, 14.8125, 13.03125], "texture": "#5"},
				"up": {"uv": [13.15625, 14.8125, 13.125, 14.75], "texture": "#5"},
				"down": {"uv": [14.78125, 13.125, 14.75, 13.1875], "texture": "#5"}
			}
		},
		{
			"from": [6.5295, 10.17299, 6.65412],
			"to": [7.2645, 10.95699, 7.1451],
			"rotation": {"angle": 0, "axis": "y", "origin": [8.196, 1.42099, 9.36062]},
			"faces": {
				"north": {"uv": [9.75, 13.75, 9.84375, 13.84375], "texture": "#5"},
				"east": {"uv": [1.625, 14.25, 1.6875, 14.34375], "texture": "#5"},
				"south": {"uv": [13.75, 9.875, 13.84375, 9.96875], "texture": "#5"},
				"west": {"uv": [14.25, 1.625, 14.3125, 1.71875], "texture": "#5"},
				"up": {"uv": [1.84375, 14.3125, 1.75, 14.25], "texture": "#5"},
				"down": {"uv": [14.34375, 1.75, 14.25, 1.8125], "texture": "#5"}
			}
		},
		{
			"from": [6.603, 5.54697, 1.51305],
			"to": [7.338, 5.79197, 2.00305],
			"rotation": {"angle": 45, "axis": "x", "origin": [8.098, 1.32299, 9.55662]},
			"faces": {
				"north": {"uv": [14.625, 9, 14.71875, 9.03125], "texture": "#5"},
				"east": {"uv": [12.625, 14.75, 12.6875, 14.78125], "texture": "#5"},
				"south": {"uv": [9.125, 14.625, 9.21875, 14.65625], "texture": "#5"},
				"west": {"uv": [14.75, 12.625, 14.8125, 12.65625], "texture": "#5"},
				"up": {"uv": [1.21875, 14.3125, 1.125, 14.25], "texture": "#5"},
				"down": {"uv": [14.34375, 1.125, 14.25, 1.1875], "texture": "#5"}
			}
		},
		{
			"from": [6.603, 8.25724, 3.48775],
			"to": [7.338, 8.74724, 3.97775],
			"rotation": {"angle": 22.5, "axis": "x", "origin": [8.098, 1.32299, 9.55662]},
			"faces": {
				"north": {"uv": [0.875, 14.25, 0.96875, 14.3125], "texture": "#5"},
				"east": {"uv": [6.125, 14.5, 6.1875, 14.5625], "texture": "#5"},
				"south": {"uv": [14.25, 0.875, 14.34375, 0.9375], "texture": "#5"},
				"west": {"uv": [14.5, 6.125, 14.5625, 6.1875], "texture": "#5"},
				"up": {"uv": [1.09375, 14.3125, 1, 14.25], "texture": "#5"},
				"down": {"uv": [14.34375, 1, 14.25, 1.0625], "texture": "#5"}
			}
		},
		{
			"from": [6.603, 8.11024, 4.19825],
			"to": [7.583, 8.52674, 4.83525],
			"rotation": {"angle": 22.5, "axis": "x", "origin": [8.098, 1.32299, 9.55662]},
			"faces": {
				"north": {"uv": [12.375, 13.875, 12.5, 13.9375], "texture": "#5"},
				"east": {"uv": [0.75, 14.25, 0.84375, 14.3125], "texture": "#5"},
				"south": {"uv": [13.875, 12.375, 14, 12.4375], "texture": "#5"},
				"west": {"uv": [14.25, 0.75, 14.34375, 0.8125], "texture": "#5"},
				"up": {"uv": [13.5, 1.84375, 13.375, 1.75], "texture": "#5"},
				"down": {"uv": [13.5, 1.875, 13.375, 1.96875], "texture": "#5"}
			}
		},
		{
			"from": [8.68452, 11.7174, 9.67802],
			"to": [9.41952, 11.9379, 9.92302],
			"rotation": {"angle": -22.5, "axis": "x", "origin": [8, 1.32299, 9.55662]},
			"faces": {
				"north": {"uv": [14.625, 8.625, 14.71875, 8.65625], "texture": "#5"},
				"east": {"uv": [14.875, 7.375, 14.90625, 7.40625], "texture": "#5"},
				"south": {"uv": [8.75, 14.625, 8.84375, 14.65625], "texture": "#5"},
				"west": {"uv": [7.5, 14.875, 7.53125, 14.90625], "texture": "#5"},
				"up": {"uv": [14.71875, 8.78125, 14.625, 8.75], "texture": "#5"},
				"down": {"uv": [8.96875, 14.625, 8.875, 14.65625], "texture": "#5"}
			}
		},
		{
			"from": [8.22, 11.3254, 9.38402],
			"to": [8.857, 11.6684, 9.80052],
			"rotation": {"angle": -22.5, "axis": "x", "origin": [8, 1.32299, 9.55662]},
			"faces": {
				"north": {"uv": [14.625, 2.875, 14.71875, 2.90625], "texture": "#5"},
				"east": {"uv": [0.5, 14.75, 0.5625, 14.78125], "texture": "#5"},
				"south": {"uv": [3, 14.625, 3.09375, 14.65625], "texture": "#5"},
				"west": {"uv": [14.75, 0.5, 14.8125, 0.53125], "texture": "#5"},
				"up": {"uv": [13.96875, 14.0625, 13.875, 14], "texture": "#5"},
				"down": {"uv": [14.09375, 13.875, 14, 13.9375], "texture": "#5"}
			}
		},
		{
			"from": [7.093, 11.3254, 9.38402],
			"to": [7.73, 11.6684, 9.80052],
			"rotation": {"angle": -22.5, "axis": "x", "origin": [8, 1.32299, 9.55662]},
			"faces": {
				"north": {"uv": [14.625, 3.75, 14.71875, 3.78125], "texture": "#5"},
				"east": {"uv": [2.75, 14.75, 2.8125, 14.78125], "texture": "#5"},
				"south": {"uv": [3.875, 14.625, 3.96875, 14.65625], "texture": "#5"},
				"west": {"uv": [14.75, 2.75, 14.8125, 2.78125], "texture": "#5"},
				"up": {"uv": [14.21875, 2.0625, 14.125, 2], "texture": "#5"},
				"down": {"uv": [2.21875, 14.125, 2.125, 14.1875], "texture": "#5"}
			}
		},
		{
			"from": [8.2935, 8.50224, 2.11575],
			"to": [8.857, 8.91874, 2.36075],
			"rotation": {"angle": 22.5, "axis": "x", "origin": [8, 1.32299, 9.55662]},
			"faces": {
				"north": {"uv": [5.875, 14.5, 5.9375, 14.5625], "texture": "#5"},
				"east": {"uv": [12.125, 14.75, 12.15625, 14.8125], "texture": "#5"},
				"south": {"uv": [14.5, 5.875, 14.5625, 5.9375], "texture": "#5"},
				"west": {"uv": [14.75, 12.125, 14.78125, 12.1875], "texture": "#5"},
				"up": {"uv": [12.3125, 14.78125, 12.25, 14.75], "texture": "#5"},
				"down": {"uv": [14.8125, 12.25, 14.75, 12.28125], "texture": "#5"}
			}
		},
		{
			"from": [14.7531, 7.54794, 5.67412],
			"to": [15.7821, 8.03794, 5.96812],
			"rotation": {"angle": 45, "axis": "z", "origin": [7.8285, 1.32299, 9.55662]},
			"faces": {
				"north": {"uv": [12.125, 13.875, 12.25, 13.9375], "texture": "#5"},
				"east": {"uv": [12, 14.75, 12.03125, 14.8125], "texture": "#5"},
				"south": {"uv": [13.875, 12.125, 14, 12.1875], "texture": "#5"},
				"west": {"uv": [14.75, 12, 14.78125, 12.0625], "texture": "#5"},
				"up": {"uv": [5.875, 14.53125, 5.75, 14.5], "texture": "#5"},
				"down": {"uv": [14.625, 5.75, 14.5, 5.78125], "texture": "#5"}
			}
		},
		{
			"from": [9.91523, 10.17299, 6.87957],
			"to": [10.40523, 10.95699, 7.49207],
			"rotation": {"angle": 22.5, "axis": "y", "origin": [7.8285, 1.32299, 9.55662]},
			"faces": {
				"north": {"uv": [0.125, 14.25, 0.1875, 14.34375], "texture": "#5"},
				"east": {"uv": [14.25, 0.125, 14.3125, 0.21875], "texture": "#5"},
				"south": {"uv": [0.25, 14.25, 0.3125, 14.34375], "texture": "#5"},
				"west": {"uv": [14.25, 0.25, 14.3125, 0.34375], "texture": "#5"},
				"up": {"uv": [5.6875, 14.5625, 5.625, 14.5], "texture": "#5"},
				"down": {"uv": [14.5625, 5.625, 14.5, 5.6875], "texture": "#5"}
			}
		},
		{
			"from": [8.465, 8.25724, 2.36075],
			"to": [8.857, 8.74724, 2.85075],
			"rotation": {"angle": 22.5, "axis": "x", "origin": [7.8285, 1.32299, 9.55662]},
			"faces": {
				"north": {"uv": [5.25, 14.5, 5.3125, 14.5625], "texture": "#5"},
				"east": {"uv": [14.5, 5.25, 14.5625, 5.3125], "texture": "#5"},
				"south": {"uv": [5.375, 14.5, 5.4375, 14.5625], "texture": "#5"},
				"west": {"uv": [14.5, 5.375, 14.5625, 5.4375], "texture": "#5"},
				"up": {"uv": [5.5625, 14.5625, 5.5, 14.5], "texture": "#5"},
				"down": {"uv": [14.5625, 5.5, 14.5, 5.5625], "texture": "#5"}
			}
		},
		{
			"from": [8.465, 8.25724, 2.85075],
			"to": [8.955, 8.74724, 3.34075],
			"rotation": {"angle": 22.5, "axis": "x", "origin": [7.8285, 1.32299, 9.55662]},
			"faces": {
				"north": {"uv": [4.875, 14.5, 4.9375, 14.5625], "texture": "#5"},
				"east": {"uv": [14.5, 4.875, 14.5625, 4.9375], "texture": "#5"},
				"south": {"uv": [5, 14.5, 5.0625, 14.5625], "texture": "#5"},
				"west": {"uv": [14.5, 5, 14.5625, 5.0625], "texture": "#5"},
				"up": {"uv": [5.1875, 14.5625, 5.125, 14.5], "texture": "#5"},
				"down": {"uv": [14.5625, 5.125, 14.5, 5.1875], "texture": "#5"}
			}
		},
		{
			"from": [8.612, 8.25724, 3.48775],
			"to": [9.347, 8.74724, 3.97775],
			"rotation": {"angle": 22.5, "axis": "x", "origin": [7.902, 1.32299, 9.55662]},
			"faces": {
				"north": {"uv": [14.125, 14, 14.21875, 14.0625], "texture": "#5"},
				"east": {"uv": [4.75, 14.5, 4.8125, 14.5625], "texture": "#5"},
				"south": {"uv": [14.125, 14.125, 14.21875, 14.1875], "texture": "#5"},
				"west": {"uv": [14.5, 4.75, 14.5625, 4.8125], "texture": "#5"},
				"up": {"uv": [0.09375, 14.3125, 0, 14.25], "texture": "#5"},
				"down": {"uv": [14.34375, 0, 14.25, 0.0625], "texture": "#5"}
			}
		},
		{
			"from": [8.612, 5.54697, 1.51305],
			"to": [9.347, 5.79197, 2.00305],
			"rotation": {"angle": 45, "axis": "x", "origin": [7.902, 1.32299, 9.55662]},
			"faces": {
				"north": {"uv": [14.625, 8.5, 14.71875, 8.53125], "texture": "#5"},
				"east": {"uv": [11.875, 14.75, 11.9375, 14.78125], "texture": "#5"},
				"south": {"uv": [8.625, 14.625, 8.71875, 14.65625], "texture": "#5"},
				"west": {"uv": [14.75, 11.875, 14.8125, 11.90625], "texture": "#5"},
				"up": {"uv": [14.21875, 13.9375, 14.125, 13.875], "texture": "#5"},
				"down": {"uv": [14.09375, 14.125, 14, 14.1875], "texture": "#5"}
			}
		},
		{
			"from": [8.367, 8.11024, 4.19825],
			"to": [9.347, 8.52674, 4.83525],
			"rotation": {"angle": 22.5, "axis": "x", "origin": [7.902, 1.32299, 9.55662]},
			"faces": {
				"north": {"uv": [12, 13.875, 12.125, 13.9375], "texture": "#5"},
				"east": {"uv": [14.125, 13.75, 14.21875, 13.8125], "texture": "#5"},
				"south": {"uv": [13.875, 12, 14, 12.0625], "texture": "#5"},
				"west": {"uv": [13.875, 14.125, 13.96875, 14.1875], "texture": "#5"},
				"up": {"uv": [1.125, 13.46875, 1, 13.375], "texture": "#5"},
				"down": {"uv": [1.25, 13.375, 1.125, 13.46875], "texture": "#5"}
			}
		},
		{
			"from": [4.77152, 9.99, 6.16412],
			"to": [5.01652, 10.97, 6.65412],
			"rotation": {"angle": -22.5, "axis": "z", "origin": [7.804, 1.32299, 9.55662]},
			"faces": {
				"north": {"uv": [4.625, 14.5, 4.65625, 14.625], "texture": "#5"},
				"east": {"uv": [11.875, 13.875, 11.9375, 14], "texture": "#5"},
				"south": {"uv": [14.5, 4.625, 14.53125, 4.75], "texture": "#5"},
				"west": {"uv": [13.875, 11.875, 13.9375, 12], "texture": "#5"},
				"up": {"uv": [11.78125, 14.8125, 11.75, 14.75], "texture": "#5"},
				"down": {"uv": [14.78125, 11.75, 14.75, 11.8125], "texture": "#5"}
			}
		},
		{
			"from": [8.43952, 8.99224, 2.14025],
			"to": [9.41952, 9.23724, 2.38525],
			"rotation": {"angle": 22.5, "axis": "x", "origin": [7.804, 1.42099, 9.36062]},
			"faces": {
				"north": {"uv": [4.25, 14.5, 4.375, 14.53125], "texture": "#5"},
				"east": {"uv": [14.875, 7.25, 14.90625, 7.28125], "texture": "#5"},
				"south": {"uv": [14.5, 4.25, 14.625, 4.28125], "texture": "#5"},
				"west": {"uv": [7.375, 14.875, 7.40625, 14.90625], "texture": "#5"},
				"up": {"uv": [4.5, 14.53125, 4.375, 14.5], "texture": "#5"},
				"down": {"uv": [14.625, 4.375, 14.5, 4.40625], "texture": "#5"}
			}
		},
		{
			"from": [5.67802, 9.9655, 6.65412],
			"to": [5.92302, 10.137, 7.14412],
			"rotation": {"angle": -22.5, "axis": "z", "origin": [7.804, 1.42099, 9.36062]},
			"faces": {
				"north": {"uv": [14.875, 7.125, 14.90625, 7.15625], "texture": "#5"},
				"east": {"uv": [11.5, 14.75, 11.5625, 14.78125], "texture": "#5"},
				"south": {"uv": [7.25, 14.875, 7.28125, 14.90625], "texture": "#5"},
				"west": {"uv": [14.75, 11.5, 14.8125, 11.53125], "texture": "#5"},
				"up": {"uv": [11.65625, 14.8125, 11.625, 14.75], "texture": "#5"},
				"down": {"uv": [14.78125, 11.625, 14.75, 11.6875], "texture": "#5"}
			}
		},
		{
			"from": [8.6855, 10.17299, 6.65412],
			"to": [9.4205, 10.95699, 7.1451],
			"rotation": {"angle": 0, "axis": "y", "origin": [7.804, 1.42099, 9.36062]},
			"faces": {
				"north": {"uv": [13.75, 8.125, 13.84375, 8.21875], "texture": "#5"},
				"east": {"uv": [13, 14.125, 13.0625, 14.21875], "texture": "#5"},
				"south": {"uv": [13.75, 8.25, 13.84375, 8.34375], "texture": "#5"},
				"west": {"uv": [14.125, 13, 14.1875, 13.09375], "texture": "#5"},
				"up": {"uv": [13.21875, 14.1875, 13.125, 14.125], "texture": "#5"},
				"down": {"uv": [14.21875, 13.125, 14.125, 13.1875], "texture": "#5"}
			}
		},
		{
			"from": [7.38607, 9.68299, 9.0057],
			"to": [7.87607, 10.17299, 10.2307],
			"rotation": {"angle": -22.5, "axis": "y", "origin": [15.84, 1.32299, 6.61662]},
			"faces": {
				"north": {"uv": [2.875, 14.5, 2.9375, 14.5625], "texture": "#5"},
				"east": {"uv": [6.875, 13.625, 7.03125, 13.6875], "texture": "#5"},
				"south": {"uv": [14.5, 2.875, 14.5625, 2.9375], "texture": "#5"},
				"west": {"uv": [13.625, 6.875, 13.78125, 6.9375], "texture": "#5"},
				"up": {"uv": [13.6875, 7.15625, 13.625, 7], "texture": "#5"},
				"down": {"uv": [13.6875, 7.25, 13.625, 7.40625], "texture": "#5"}
			}
		},
		{
			"from": [4.37952, 6.119, 4.91462],
			"to": [4.62452, 6.7805, 6.62962],
			"rotation": {"angle": -22.5, "axis": "z", "origin": [15.84, 1.32299, 6.61662]},
			"faces": {
				"north": {"uv": [14.625, 8.25, 14.65625, 8.34375], "texture": "#5"},
				"east": {"uv": [2, 12.375, 2.21875, 12.46875], "texture": "#5"},
				"south": {"uv": [8.375, 14.625, 8.40625, 14.71875], "texture": "#5"},
				"west": {"uv": [12.375, 2.125, 12.59375, 2.21875], "texture": "#5"},
				"up": {"uv": [14.03125, 8.09375, 14, 7.875], "texture": "#5"},
				"down": {"uv": [8.03125, 14, 8, 14.21875], "texture": "#5"}
			}
		},
		{
			"from": [7.1175, 6.91897, -0.59395],
			"to": [7.338, 7.01897, -0.29995],
			"rotation": {"angle": 45, "axis": "x", "origin": [0.16, 1.32299, 6.61662]},
			"faces": {
				"north": {"uv": [5.625, 9.25, 5.75, 9.375], "texture": "#5"},
				"east": {"uv": [7.375, 9.25, 7.5, 9.375], "texture": "#5"},
				"south": {"uv": [9.375, 3, 9.5, 3.125], "texture": "#5"},
				"west": {"uv": [0.40625, 15.28125, 0.28125, 15.3125], "texture": "#5"},
				"up": {"uv": [9.625, 3.375, 9.5, 3.25], "texture": "#5"},
				"down": {"uv": [9.375, 9.75, 9.25, 9.875], "texture": "#5"}
			}
		},
		{
			"from": [8.612, 6.91897, -0.59395],
			"to": [8.8325, 7.01897, -0.29995],
			"rotation": {"angle": 45, "axis": "x", "origin": [15.84, 1.32299, 6.61662]},
			"faces": {
				"north": {"uv": [2.375, 9, 2.5, 9.125], "texture": "#5"},
				"east": {"uv": [0.28125, 15.28125, 0.40625, 15.3125], "texture": "#5"},
				"south": {"uv": [1.375, 9.125, 1.5, 9.25], "texture": "#5"},
				"west": {"uv": [7.125, 9.125, 7.25, 9.25], "texture": "#5"},
				"up": {"uv": [9.125, 9.25, 9, 9.125], "texture": "#5"},
				"down": {"uv": [2.375, 9.25, 2.25, 9.375], "texture": "#5"}
			}
		},
		{
			"from": [8.07773, 9.68299, 8.98657],
			"to": [8.56773, 10.17299, 10.21157],
			"rotation": {"angle": 22.5, "axis": "y", "origin": [0.16, 1.32299, 6.61662]},
			"faces": {
				"north": {"uv": [2.75, 14.5, 2.8125, 14.5625], "texture": "#5"},
				"east": {"uv": [6.25, 13.625, 6.40625, 13.6875], "texture": "#5"},
				"south": {"uv": [14.5, 2.75, 14.5625, 2.8125], "texture": "#5"},
				"west": {"uv": [6.5, 13.625, 6.65625, 13.6875], "texture": "#5"},
				"up": {"uv": [13.6875, 6.65625, 13.625, 6.5], "texture": "#5"},
				"down": {"uv": [6.8125, 13.625, 6.75, 13.78125], "texture": "#5"}
			}
		},
		{
			"from": [7.338, 10.51599, 4.91462],
			"to": [8.612, 10.76099, 5.64962],
			"rotation": {"angle": 0, "axis": "y", "origin": [0.16, 1.32299, 6.61662]},
			"faces": {
				"north": {"uv": [14.375, 0, 14.53125, 0.03125], "texture": "#5"},
				"east": {"uv": [14.625, 8.125, 14.71875, 8.15625], "texture": "#5"},
				"south": {"uv": [0.125, 14.375, 0.28125, 14.40625], "texture": "#5"},
				"west": {"uv": [8.25, 14.625, 8.34375, 14.65625], "texture": "#5"},
				"up": {"uv": [12.53125, 12.96875, 12.375, 12.875], "texture": "#5"},
				"down": {"uv": [13.03125, 12.75, 12.875, 12.84375], "texture": "#5"}
			}
		},
		{
			"from": [11.32929, 6.13813, 4.91462],
			"to": [11.57429, 6.79963, 6.62962],
			"rotation": {"angle": 22.5, "axis": "z", "origin": [0.16, 1.32299, 6.61662]},
			"faces": {
				"north": {"uv": [14.625, 8, 14.65625, 8.09375], "texture": "#5"},
				"east": {"uv": [12.375, 1.625, 12.59375, 1.71875], "texture": "#5"},
				"south": {"uv": [8.125, 14.625, 8.15625, 14.71875], "texture": "#5"},
				"west": {"uv": [12.375, 1.75, 12.59375, 1.84375], "texture": "#5"},
				"up": {"uv": [7.78125, 14.21875, 7.75, 14], "texture": "#5"},
				"down": {"uv": [7.90625, 14, 7.875, 14.21875], "texture": "#5"}
			}
		},
		{
			"from": [6.5295, 8.72274, 3.78175],
			"to": [7.0195, 9.21274, 4.02675],
			"rotation": {"angle": 22.5, "axis": "x", "origin": [7.265, -1.22501, 8.67462]},
			"faces": {
				"north": {"uv": [9.875, 14.375, 9.9375, 14.4375], "texture": "#5"},
				"east": {"uv": [3.375, 14.75, 3.40625, 14.8125], "texture": "#5"},
				"south": {"uv": [14.375, 9.875, 14.4375, 9.9375], "texture": "#5"},
				"west": {"uv": [14.75, 3.375, 14.78125, 3.4375], "texture": "#5"},
				"up": {"uv": [3.5625, 14.78125, 3.5, 14.75], "texture": "#5"},
				"down": {"uv": [14.8125, 3.5, 14.75, 3.53125], "texture": "#5"}
			}
		},
		{
			"from": [6.52852, 5.79197, 3.27705],
			"to": [6.77548, 6.23297, 3.76705],
			"rotation": {"angle": 45, "axis": "x", "origin": [8, 1.32299, 9.55662]},
			"faces": {
				"north": {"uv": [1.875, 14.75, 1.90625, 14.8125], "texture": "#5"},
				"east": {"uv": [7.75, 14.375, 7.8125, 14.4375], "texture": "#5"},
				"south": {"uv": [14.75, 1.875, 14.78125, 1.9375], "texture": "#5"},
				"west": {"uv": [14.375, 7.75, 14.4375, 7.8125], "texture": "#5"},
				"up": {"uv": [2.03125, 14.8125, 2, 14.75], "texture": "#5"},
				"down": {"uv": [14.78125, 2, 14.75, 2.0625], "texture": "#5"}
			}
		},
		{
			"from": [6.53048, 8.8509, 12.49552],
			"to": [7.01852, 9.3164, 12.59352],
			"rotation": {"angle": -22.5, "axis": "x", "origin": [7.265, -1.22501, 8.67462]},
			"faces": {
				"north": {"uv": [7.625, 14.375, 7.6875, 14.4375], "texture": "#5"},
				"east": {"uv": [1.625, 14.75, 1.65625, 14.8125], "texture": "#5"},
				"south": {"uv": [14.375, 7.625, 14.4375, 7.6875], "texture": "#5"},
				"west": {"uv": [14.75, 1.625, 14.78125, 1.6875], "texture": "#5"},
				"up": {"uv": [1.8125, 14.78125, 1.75, 14.75], "texture": "#5"},
				"down": {"uv": [14.8125, 1.75, 14.75, 1.78125], "texture": "#5"}
			}
		},
		{
			"from": [6.52754, 8.5569, 12.59352],
			"to": [7.02146, 9.6104, 12.78952],
			"rotation": {"angle": -22.5, "axis": "x", "origin": [7.265, -1.22501, 8.67462]},
			"faces": {
				"north": {"uv": [4.5, 13.875, 4.5625, 14], "texture": "#5"},
				"east": {"uv": [7.5, 14.375, 7.53125, 14.5], "texture": "#5"},
				"south": {"uv": [13.875, 4.5, 13.9375, 4.625], "texture": "#5"},
				"west": {"uv": [14.375, 7.5, 14.40625, 7.625], "texture": "#5"},
				"up": {"uv": [1.5625, 14.78125, 1.5, 14.75], "texture": "#5"},
				"down": {"uv": [14.8125, 1.5, 14.75, 1.53125], "texture": "#5"}
			}
		},
		{
			"from": [6.52852, 5.79197, 2.39505],
			"to": [7.02048, 6.45347, 3.27705],
			"rotation": {"angle": 45, "axis": "x", "origin": [8, 1.32299, 9.55662]},
			"faces": {
				"north": {"uv": [14.125, 0.25, 14.1875, 0.34375], "texture": "#5"},
				"east": {"uv": [13.125, 11.125, 13.25, 11.21875], "texture": "#5"},
				"south": {"uv": [0.375, 14.125, 0.4375, 14.21875], "texture": "#5"},
				"west": {"uv": [11.25, 13.125, 11.375, 13.21875], "texture": "#5"},
				"up": {"uv": [4.4375, 14, 4.375, 13.875], "texture": "#5"},
				"down": {"uv": [13.9375, 4.375, 13.875, 4.5], "texture": "#5"}
			}
		},
		{
			"from": [8.9305, 8.72274, 3.78175],
			"to": [9.4205, 9.21274, 4.02675],
			"rotation": {"angle": 22.5, "axis": "x", "origin": [8.735, -1.22501, 8.67462]},
			"faces": {
				"north": {"uv": [7.375, 14.375, 7.4375, 14.4375], "texture": "#5"},
				"east": {"uv": [1.25, 14.75, 1.28125, 14.8125], "texture": "#5"},
				"south": {"uv": [14.375, 7.375, 14.4375, 7.4375], "texture": "#5"},
				"west": {"uv": [14.75, 1.25, 14.78125, 1.3125], "texture": "#5"},
				"up": {"uv": [1.4375, 14.78125, 1.375, 14.75], "texture": "#5"},
				"down": {"uv": [14.8125, 1.375, 14.75, 1.40625], "texture": "#5"}
			}
		},
		{
			"from": [8.93148, 8.8509, 12.49552],
			"to": [9.41952, 9.3164, 12.59352],
			"rotation": {"angle": -22.5, "axis": "x", "origin": [8.735, -1.22501, 8.67462]},
			"faces": {
				"north": {"uv": [14.375, 7.125, 14.4375, 7.1875], "texture": "#5"},
				"east": {"uv": [1, 14.75, 1.03125, 14.8125], "texture": "#5"},
				"south": {"uv": [7.25, 14.375, 7.3125, 14.4375], "texture": "#5"},
				"west": {"uv": [14.75, 1, 14.78125, 1.0625], "texture": "#5"},
				"up": {"uv": [1.1875, 14.78125, 1.125, 14.75], "texture": "#5"},
				"down": {"uv": [14.8125, 1.125, 14.75, 1.15625], "texture": "#5"}
			}
		},
		{
			"from": [8.92854, 8.5569, 12.59352],
			"to": [9.42246, 9.6104, 12.78952],
			"rotation": {"angle": -22.5, "axis": "x", "origin": [8.735, -1.22501, 8.67462]},
			"faces": {
				"north": {"uv": [4.25, 13.875, 4.3125, 14], "texture": "#5"},
				"east": {"uv": [14.375, 7, 14.40625, 7.125], "texture": "#5"},
				"south": {"uv": [13.875, 4.25, 13.9375, 4.375], "texture": "#5"},
				"west": {"uv": [7.125, 14.375, 7.15625, 14.5], "texture": "#5"},
				"up": {"uv": [0.9375, 14.78125, 0.875, 14.75], "texture": "#5"},
				"down": {"uv": [14.8125, 0.875, 14.75, 0.90625], "texture": "#5"}
			}
		},
		{
			"from": [9.17452, 5.79197, 3.27705],
			"to": [9.42148, 6.23297, 3.76705],
			"rotation": {"angle": 45, "axis": "x", "origin": [8, 1.32299, 9.55662]},
			"faces": {
				"north": {"uv": [14.625, 14.5, 14.65625, 14.5625], "texture": "#5"},
				"east": {"uv": [14.375, 5.375, 14.4375, 5.4375], "texture": "#5"},
				"south": {"uv": [14.625, 14.625, 14.65625, 14.6875], "texture": "#5"},
				"west": {"uv": [14.375, 5.5, 14.4375, 5.5625], "texture": "#5"},
				"up": {"uv": [0.03125, 14.8125, 0, 14.75], "texture": "#5"},
				"down": {"uv": [14.78125, 0, 14.75, 0.0625], "texture": "#5"}
			}
		},
		{
			"from": [8.92952, 5.79197, 2.39505],
			"to": [9.42148, 6.45347, 3.27705],
			"rotation": {"angle": 45, "axis": "x", "origin": [8, 1.32299, 9.55662]},
			"faces": {
				"north": {"uv": [13.5, 14, 13.5625, 14.09375], "texture": "#5"},
				"east": {"uv": [13.125, 7.625, 13.25, 7.71875], "texture": "#5"},
				"south": {"uv": [14, 13.5, 14.0625, 13.59375], "texture": "#5"},
				"west": {"uv": [13.125, 8.75, 13.25, 8.84375], "texture": "#5"},
				"up": {"uv": [13.9375, 3.875, 13.875, 3.75], "texture": "#5"},
				"down": {"uv": [3.9375, 13.875, 3.875, 14], "texture": "#5"}
			}
		},
		{
			"from": [7.485, 9.26174, 1.35625],
			"to": [8.465, 9.75174, 1.65025],
			"rotation": {"angle": 22.5, "axis": "x", "origin": [0.16, 1.32299, 6.61662]},
			"faces": {
				"north": {"uv": [13.875, 3.25, 14, 3.3125], "texture": "#5"},
				"east": {"uv": [14.625, 13.875, 14.65625, 13.9375], "texture": "#5"},
				"south": {"uv": [3.375, 13.875, 3.5, 13.9375], "texture": "#5"},
				"west": {"uv": [14, 14.625, 14.03125, 14.6875], "texture": "#5"},
				"up": {"uv": [4.75, 14.40625, 4.625, 14.375], "texture": "#5"},
				"down": {"uv": [14.5, 4.625, 14.375, 4.65625], "texture": "#5"}
			}
		},
		{
			"from": [7.485, 9.26174, 1.11125],
			"to": [8.465, 9.75174, 1.35625],
			"rotation": {"angle": 22.5, "axis": "x", "origin": [0.16, 1.32299, 6.61662]},
			"faces": {
				"north": {"uv": [13.875, 3.125, 14, 3.1875], "texture": "#5"},
				"east": {"uv": [14.625, 13.75, 14.65625, 13.8125], "texture": "#5"},
				"south": {"uv": [3.25, 13.875, 3.375, 13.9375], "texture": "#5"},
				"west": {"uv": [13.875, 14.625, 13.90625, 14.6875], "texture": "#5"},
				"up": {"uv": [4.625, 14.40625, 4.5, 14.375], "texture": "#5"},
				"down": {"uv": [14.5, 4.5, 14.375, 4.53125], "texture": "#5"}
			}
		},
		{
			"from": [7.48402, 10.7374, 8.18352],
			"to": [8.46598, 11.1784, 8.67352],
			"rotation": {"angle": -22.5, "axis": "x", "origin": [0.16, 1.32299, 6.61662]},
			"faces": {
				"north": {"uv": [13.875, 2.75, 14, 2.8125], "texture": "#5"},
				"east": {"uv": [14.375, 4.25, 14.4375, 4.3125], "texture": "#5"},
				"south": {"uv": [2.875, 13.875, 3, 13.9375], "texture": "#5"},
				"west": {"uv": [14.375, 4.375, 14.4375, 4.4375], "texture": "#5"},
				"up": {"uv": [3.125, 13.9375, 3, 13.875], "texture": "#5"},
				"down": {"uv": [3.25, 13.875, 3.125, 13.9375], "texture": "#5"}
			}
		},
		{
			"from": [7.485, 5.91447, -1.89245],
			"to": [7.6565, 6.55147, -1.40245],
			"rotation": {"angle": 45, "axis": "x", "origin": [15.84, 1.32299, 6.61662]},
			"faces": {
				"north": {"uv": [14.625, 2.5, 14.65625, 2.59375], "texture": "#5"},
				"east": {"uv": [14, 11.875, 14.0625, 11.96875], "texture": "#5"},
				"south": {"uv": [2.625, 14.625, 2.65625, 14.71875], "texture": "#5"},
				"west": {"uv": [12, 14, 12.0625, 14.09375], "texture": "#5"},
				"up": {"uv": [14.65625, 13.6875, 14.625, 13.625], "texture": "#5"},
				"down": {"uv": [13.78125, 14.625, 13.75, 14.6875], "texture": "#5"}
			}
		},
		{
			"from": [8.2935, 5.91447, -1.89245],
			"to": [8.465, 6.55147, -1.40245],
			"rotation": {"angle": 45, "axis": "x", "origin": [0.16, 1.32299, 6.61662]},
			"faces": {
				"north": {"uv": [14.625, 2.375, 14.65625, 2.46875], "texture": "#5"},
				"east": {"uv": [14, 11.75, 14.0625, 11.84375], "texture": "#5"},
				"south": {"uv": [2.5, 14.625, 2.53125, 14.71875], "texture": "#5"},
				"west": {"uv": [11.875, 14, 11.9375, 14.09375], "texture": "#5"},
				"up": {"uv": [14.65625, 13.5625, 14.625, 13.5], "texture": "#5"},
				"down": {"uv": [13.65625, 14.625, 13.625, 14.6875], "texture": "#5"}
			}
		},
		{
			"from": [7.6565, 11.0559, 8.18352],
			"to": [8.2935, 11.4479, 8.91852],
			"rotation": {"angle": -22.5, "axis": "x", "origin": [0.16, 1.32299, 6.61662]},
			"faces": {
				"north": {"uv": [14, 11.5, 14.09375, 11.5625], "texture": "#5"},
				"east": {"uv": [11.625, 14, 11.71875, 14.0625], "texture": "#5"},
				"south": {"uv": [14, 11.625, 14.09375, 11.6875], "texture": "#5"},
				"west": {"uv": [11.75, 14, 11.84375, 14.0625], "texture": "#5"},
				"up": {"uv": [13.84375, 0.96875, 13.75, 0.875], "texture": "#5"},
				"down": {"uv": [1.09375, 13.75, 1, 13.84375], "texture": "#5"}
			}
		},
		{
			"from": [7.6566, 5.91447, -2.13745],
			"to": [8.2934, 6.64947, -1.89245],
			"rotation": {"angle": 45, "axis": "x", "origin": [0.16, 1.32299, 6.61662]},
			"faces": {
				"north": {"uv": [13.75, 0.625, 13.84375, 0.71875], "texture": "#5"},
				"east": {"uv": [14.625, 2.125, 14.65625, 2.21875], "texture": "#5"},
				"south": {"uv": [13.75, 0.75, 13.84375, 0.84375], "texture": "#5"},
				"west": {"uv": [2.25, 14.625, 2.28125, 14.71875], "texture": "#5"},
				"up": {"uv": [14.71875, 2.28125, 14.625, 2.25], "texture": "#5"},
				"down": {"uv": [2.46875, 14.625, 2.375, 14.65625], "texture": "#5"}
			}
		},
		{
			"from": [7.6564, 9.28624, 1.08675],
			"to": [8.2936, 10.11924, 1.82175],
			"rotation": {"angle": 22.5, "axis": "x", "origin": [0.16, 1.32299, 6.61662]},
			"faces": {
				"north": {"uv": [13.625, 13.625, 13.71875, 13.71875], "texture": "#5"},
				"east": {"uv": [0, 13.75, 0.09375, 13.84375], "texture": "#5"},
				"south": {"uv": [13.75, 0.125, 13.84375, 0.21875], "texture": "#5"},
				"west": {"uv": [13.75, 0.25, 13.84375, 0.34375], "texture": "#5"},
				"up": {"uv": [13.84375, 0.46875, 13.75, 0.375], "texture": "#5"},
				"down": {"uv": [13.84375, 0.5, 13.75, 0.59375], "texture": "#5"}
			}
		},
		{
			"from": [7.6565, 8.99224, 2.31175],
			"to": [8.2935, 9.97224, 3.53675],
			"rotation": {"angle": 22.5, "axis": "x", "origin": [0.16, 1.32299, 6.61662]},
			"faces": {
				"north": {"uv": [11.25, 5, 11.34375, 5.125], "texture": "#5"},
				"east": {"uv": [7, 12.375, 7.15625, 12.5], "texture": "#5"},
				"south": {"uv": [6.625, 11.25, 6.71875, 11.375], "texture": "#5"},
				"west": {"uv": [7.25, 12.375, 7.40625, 12.5], "texture": "#5"},
				"up": {"uv": [12.84375, 12.90625, 12.75, 12.75], "texture": "#5"},
				"down": {"uv": [0.21875, 12.875, 0.125, 13.03125], "texture": "#5"}
			}
		},
		{
			"from": [7.6565, 9.55574, 1.82175],
			"to": [8.2935, 10.04574, 2.31175],
			"rotation": {"angle": 22.5, "axis": "x", "origin": [0.16, 1.32299, 6.61662]},
			"faces": {
				"north": {"uv": [14, 11.25, 14.09375, 11.3125], "texture": "#5"},
				"east": {"uv": [14.375, 4.125, 14.4375, 4.1875], "texture": "#5"},
				"south": {"uv": [11.375, 14, 11.46875, 14.0625], "texture": "#5"},
				"west": {"uv": [4.25, 14.375, 4.3125, 14.4375], "texture": "#5"},
				"up": {"uv": [14.09375, 11.4375, 14, 11.375], "texture": "#5"},
				"down": {"uv": [11.59375, 14, 11.5, 14.0625], "texture": "#5"}
			}
		},
		{
			"from": [7.1664, 5.47347, -1.64745],
			"to": [7.485, 6.20847, -1.32895],
			"rotation": {"angle": 45, "axis": "x", "origin": [15.84, 1.32299, 6.61662]},
			"faces": {
				"north": {"uv": [14.625, 1.875, 14.65625, 1.96875], "texture": "#5"},
				"east": {"uv": [2, 14.625, 2.03125, 14.71875], "texture": "#5"},
				"south": {"uv": [14.625, 2, 14.65625, 2.09375], "texture": "#5"},
				"west": {"uv": [2.125, 14.625, 2.15625, 14.71875], "texture": "#5"},
				"up": {"uv": [14.90625, 4.28125, 14.875, 4.25], "texture": "#5"},
				"down": {"uv": [4.40625, 14.875, 4.375, 14.90625], "texture": "#5"}
			}
		},
		{
			"from": [7.1665, 9.82999, 3.71412],
			"to": [7.485, 10.09949, 3.93462],
			"rotation": {"angle": 0, "axis": "y", "origin": [15.84, 1.32299, 6.61662]},
			"faces": {
				"north": {"uv": [14.875, 3.875, 14.90625, 3.90625], "texture": "#5"},
				"east": {"uv": [4, 14.875, 4.03125, 14.90625], "texture": "#5"},
				"south": {"uv": [14.875, 4, 14.90625, 4.03125], "texture": "#5"},
				"west": {"uv": [4.125, 14.875, 4.15625, 14.90625], "texture": "#5"},
				"up": {"uv": [14.90625, 4.15625, 14.875, 4.125], "texture": "#5"},
				"down": {"uv": [4.28125, 14.875, 4.25, 14.90625], "texture": "#5"}
			}
		},
		{
			"from": [7.1665, 10.1739, 7.17902],
			"to": [7.485, 10.2964, 7.91402],
			"rotation": {"angle": -22.5, "axis": "x", "origin": [15.84, 1.32299, 6.61662]},
			"faces": {
				"north": {"uv": [14.875, 3.75, 14.90625, 3.78125], "texture": "#5"},
				"east": {"uv": [14.625, 1.625, 14.71875, 1.65625], "texture": "#5"},
				"south": {"uv": [3.875, 14.875, 3.90625, 14.90625], "texture": "#5"},
				"west": {"uv": [1.75, 14.625, 1.84375, 14.65625], "texture": "#5"},
				"up": {"uv": [14.65625, 1.84375, 14.625, 1.75], "texture": "#5"},
				"down": {"uv": [1.90625, 14.625, 1.875, 14.71875], "texture": "#5"}
			}
		},
		{
			"from": [7.2155, 5.91447, -1.08395],
			"to": [7.4605, 6.15947, -0.59395],
			"rotation": {"angle": 45, "axis": "x", "origin": [15.84, 1.32299, 6.61662]},
			"faces": {
				"north": {"uv": [14.875, 3.625, 14.90625, 3.65625], "texture": "#5"},
				"east": {"uv": [14.625, 13.25, 14.6875, 13.28125], "texture": "#5"},
				"south": {"uv": [3.75, 14.875, 3.78125, 14.90625], "texture": "#5"},
				"west": {"uv": [13.375, 14.625, 13.4375, 14.65625], "texture": "#5"},
				"up": {"uv": [14.65625, 13.4375, 14.625, 13.375], "texture": "#5"},
				"down": {"uv": [13.53125, 14.625, 13.5, 14.6875], "texture": "#5"}
			}
		},
		{
			"from": [7.1665, 9.92799, 3.98362],
			"to": [7.485, 10.31999, 4.74312],
			"rotation": {"angle": 0, "axis": "y", "origin": [15.84, 1.32299, 6.61662]},
			"faces": {
				"north": {"uv": [14.625, 13.125, 14.65625, 13.1875], "texture": "#5"},
				"east": {"uv": [14, 11.125, 14.09375, 11.1875], "texture": "#5"},
				"south": {"uv": [13.25, 14.625, 13.28125, 14.6875], "texture": "#5"},
				"west": {"uv": [11.25, 14, 11.34375, 14.0625], "texture": "#5"},
				"up": {"uv": [14.65625, 1.59375, 14.625, 1.5], "texture": "#5"},
				"down": {"uv": [1.65625, 14.625, 1.625, 14.71875], "texture": "#5"}
			}
		},
		{
			"from": [7.1663, 10.1004, 7.96302],
			"to": [7.485, 10.8354, 8.69802],
			"rotation": {"angle": -22.5, "axis": "x", "origin": [15.84, 1.32299, 6.61662]},
			"faces": {
				"north": {"uv": [14.625, 1.25, 14.65625, 1.34375], "texture": "#5"},
				"east": {"uv": [13.5, 13.625, 13.59375, 13.71875], "texture": "#5"},
				"south": {"uv": [1.375, 14.625, 1.40625, 14.71875], "texture": "#5"},
				"west": {"uv": [13.625, 13.5, 13.71875, 13.59375], "texture": "#5"},
				"up": {"uv": [14.65625, 1.46875, 14.625, 1.375], "texture": "#5"},
				"down": {"uv": [1.53125, 14.625, 1.5, 14.71875], "texture": "#5"}
			}
		},
		{
			"from": [6.9951, 9.31549, 4.66962],
			"to": [7.3381, 10.41799, 5.18412],
			"rotation": {"angle": 0, "axis": "y", "origin": [15.84, 1.32299, 6.61662]},
			"faces": {
				"north": {"uv": [13.625, 14.25, 13.65625, 14.40625], "texture": "#5"},
				"east": {"uv": [12.5, 13.5, 12.5625, 13.65625], "texture": "#5"},
				"south": {"uv": [14.25, 13.625, 14.28125, 13.78125], "texture": "#5"},
				"west": {"uv": [12.625, 13.5, 12.6875, 13.65625], "texture": "#5"},
				"up": {"uv": [14.65625, 13.0625, 14.625, 13], "texture": "#5"},
				"down": {"uv": [13.15625, 14.625, 13.125, 14.6875], "texture": "#5"}
			}
		},
		{
			"from": [6.995, 8.33074, 1.96875],
			"to": [7.24, 9.11474, 2.94875],
			"rotation": {"angle": 22.5, "axis": "x", "origin": [15.84, 1.32299, 6.61662]},
			"faces": {
				"north": {"uv": [14.625, 1.125, 14.65625, 1.21875], "texture": "#5"},
				"east": {"uv": [11.25, 2.125, 11.375, 2.21875], "texture": "#5"},
				"south": {"uv": [1.25, 14.625, 1.28125, 14.71875], "texture": "#5"},
				"west": {"uv": [2.375, 11.25, 2.5, 11.34375], "texture": "#5"},
				"up": {"uv": [4.03125, 14.5, 4, 14.375], "texture": "#5"},
				"down": {"uv": [14.40625, 4, 14.375, 4.125], "texture": "#5"}
			}
		},
		{
			"from": [7.28807, 9.80549, 8.6382],
			"to": [7.53307, 10.09949, 9.6182],
			"rotation": {"angle": -22.5, "axis": "y", "origin": [15.84, 1.32299, 6.61662]},
			"faces": {
				"north": {"uv": [14.875, 3.5, 14.90625, 3.53125], "texture": "#5"},
				"east": {"uv": [3.75, 14.375, 3.875, 14.40625], "texture": "#5"},
				"south": {"uv": [3.625, 14.875, 3.65625, 14.90625], "texture": "#5"},
				"west": {"uv": [14.375, 3.75, 14.5, 3.78125], "texture": "#5"},
				"up": {"uv": [3.90625, 14.5, 3.875, 14.375], "texture": "#5"},
				"down": {"uv": [14.40625, 3.875, 14.375, 4], "texture": "#5"}
			}
		},
		{
			"from": [8.465, 10.1004, 7.96302],
			"to": [8.7837, 10.8354, 8.69802],
			"rotation": {"angle": -22.5, "axis": "x", "origin": [0.16, 1.32299, 6.61662]},
			"faces": {
				"north": {"uv": [14.625, 0.875, 14.65625, 0.96875], "texture": "#5"},
				"east": {"uv": [13.375, 13.625, 13.46875, 13.71875], "texture": "#5"},
				"south": {"uv": [1, 14.625, 1.03125, 14.71875], "texture": "#5"},
				"west": {"uv": [13.625, 13.375, 13.71875, 13.46875], "texture": "#5"},
				"up": {"uv": [14.65625, 1.09375, 14.625, 1], "texture": "#5"},
				"down": {"uv": [1.15625, 14.625, 1.125, 14.71875], "texture": "#5"}
			}
		},
		{
			"from": [8.465, 10.1739, 7.17902],
			"to": [8.7835, 10.2964, 7.91402],
			"rotation": {"angle": -22.5, "axis": "x", "origin": [0.16, 1.32299, 6.61662]},
			"faces": {
				"north": {"uv": [14.875, 3.375, 14.90625, 3.40625], "texture": "#5"},
				"east": {"uv": [14.625, 0.625, 14.71875, 0.65625], "texture": "#5"},
				"south": {"uv": [3.5, 14.875, 3.53125, 14.90625], "texture": "#5"},
				"west": {"uv": [0.75, 14.625, 0.84375, 14.65625], "texture": "#5"},
				"up": {"uv": [14.65625, 0.84375, 14.625, 0.75], "texture": "#5"},
				"down": {"uv": [0.90625, 14.625, 0.875, 14.71875], "texture": "#5"}
			}
		},
		{
			"from": [8.465, 9.82999, 3.71412],
			"to": [8.7835, 10.09949, 3.93462],
			"rotation": {"angle": 0, "axis": "y", "origin": [0.16, 1.32299, 6.61662]},
			"faces": {
				"north": {"uv": [14.875, 3, 14.90625, 3.03125], "texture": "#5"},
				"east": {"uv": [3.125, 14.875, 3.15625, 14.90625], "texture": "#5"},
				"south": {"uv": [14.875, 3.125, 14.90625, 3.15625], "texture": "#5"},
				"west": {"uv": [3.25, 14.875, 3.28125, 14.90625], "texture": "#5"},
				"up": {"uv": [14.90625, 3.28125, 14.875, 3.25], "texture": "#5"},
				"down": {"uv": [3.40625, 14.875, 3.375, 14.90625], "texture": "#5"}
			}
		},
		{
			"from": [8.465, 9.92799, 3.98362],
			"to": [8.7835, 10.31999, 4.74312],
			"rotation": {"angle": 0, "axis": "y", "origin": [0.16, 1.32299, 6.61662]},
			"faces": {
				"north": {"uv": [14.625, 12.5, 14.65625, 12.5625], "texture": "#5"},
				"east": {"uv": [10.5, 14, 10.59375, 14.0625], "texture": "#5"},
				"south": {"uv": [12.625, 14.625, 12.65625, 14.6875], "texture": "#5"},
				"west": {"uv": [14, 10.5, 14.09375, 10.5625], "texture": "#5"},
				"up": {"uv": [14.65625, 0.59375, 14.625, 0.5], "texture": "#5"},
				"down": {"uv": [0.65625, 14.625, 0.625, 14.71875], "texture": "#5"}
			}
		},
		{
			"from": [8.465, 5.47347, -1.64745],
			"to": [8.7836, 6.20847, -1.32895],
			"rotation": {"angle": 45, "axis": "x", "origin": [0.16, 1.32299, 6.61662]},
			"faces": {
				"north": {"uv": [14.625, 0.25, 14.65625, 0.34375], "texture": "#5"},
				"east": {"uv": [0.375, 14.625, 0.40625, 14.71875], "texture": "#5"},
				"south": {"uv": [14.625, 0.375, 14.65625, 0.46875], "texture": "#5"},
				"west": {"uv": [0.5, 14.625, 0.53125, 14.71875], "texture": "#5"},
				"up": {"uv": [14.90625, 2.90625, 14.875, 2.875], "texture": "#5"},
				"down": {"uv": [3.03125, 14.875, 3, 14.90625], "texture": "#5"}
			}
		},
		{
			"from": [8.465, 8.4589, 8.64902],
			"to": [8.955, 9.1939, 8.89402],
			"rotation": {"angle": -22.5, "axis": "x", "origin": [0.16, 1.32299, 6.61662]},
			"faces": {
				"north": {"uv": [10.375, 14, 10.4375, 14.09375], "texture": "#5"},
				"east": {"uv": [14.625, 0.125, 14.65625, 0.21875], "texture": "#5"},
				"south": {"uv": [14, 10.375, 14.0625, 10.46875], "texture": "#5"},
				"west": {"uv": [0.25, 14.625, 0.28125, 14.71875], "texture": "#5"},
				"up": {"uv": [14.6875, 12.40625, 14.625, 12.375], "texture": "#5"},
				"down": {"uv": [12.5625, 14.625, 12.5, 14.65625], "texture": "#5"}
			}
		},
		{
			"from": [8.42073, 9.80549, 8.61907],
			"to": [8.66573, 10.09949, 9.59907],
			"rotation": {"angle": 22.5, "axis": "y", "origin": [0.16, 1.32299, 6.61662]},
			"faces": {
				"north": {"uv": [14.875, 2.75, 14.90625, 2.78125], "texture": "#5"},
				"east": {"uv": [14.375, 1.625, 14.5, 1.65625], "texture": "#5"},
				"south": {"uv": [2.875, 14.875, 2.90625, 14.90625], "texture": "#5"},
				"west": {"uv": [1.75, 14.375, 1.875, 14.40625], "texture": "#5"},
				"up": {"uv": [14.40625, 1.875, 14.375, 1.75], "texture": "#5"},
				"down": {"uv": [1.90625, 14.375, 1.875, 14.5], "texture": "#5"}
			}
		},
		{
			"from": [8.71, 8.33074, 1.96875],
			"to": [8.955, 9.11474, 2.94875],
			"rotation": {"angle": 22.5, "axis": "x", "origin": [0.16, 1.32299, 6.61662]},
			"faces": {
				"north": {"uv": [14.625, 0, 14.65625, 0.09375], "texture": "#5"},
				"east": {"uv": [0.25, 11.25, 0.375, 11.34375], "texture": "#5"},
				"south": {"uv": [0.125, 14.625, 0.15625, 14.71875], "texture": "#5"},
				"west": {"uv": [11.25, 0.625, 11.375, 0.71875], "texture": "#5"},
				"up": {"uv": [14.40625, 1.625, 14.375, 1.5], "texture": "#5"},
				"down": {"uv": [1.65625, 14.375, 1.625, 14.5], "texture": "#5"}
			}
		},
		{
			"from": [8.6119, 9.31549, 4.66962],
			"to": [8.9549, 10.41799, 5.18412],
			"rotation": {"angle": 0, "axis": "y", "origin": [0.16, 1.32299, 6.61662]},
			"faces": {
				"north": {"uv": [14.25, 13.375, 14.28125, 13.53125], "texture": "#5"},
				"east": {"uv": [13.5, 12.25, 13.5625, 12.40625], "texture": "#5"},
				"south": {"uv": [13.5, 14.25, 13.53125, 14.40625], "texture": "#5"},
				"west": {"uv": [12.375, 13.5, 12.4375, 13.65625], "texture": "#5"},
				"up": {"uv": [14.65625, 11.9375, 14.625, 11.875], "texture": "#5"},
				"down": {"uv": [12.03125, 14.625, 12, 14.6875], "texture": "#5"}
			}
		},
		{
			"from": [8.4895, 5.91447, -1.08395],
			"to": [8.7345, 6.15947, -0.59395],
			"rotation": {"angle": 45, "axis": "x", "origin": [0.16, 1.32299, 6.61662]},
			"faces": {
				"north": {"uv": [14.875, 2.625, 14.90625, 2.65625], "texture": "#5"},
				"east": {"uv": [14.625, 11.625, 14.6875, 11.65625], "texture": "#5"},
				"south": {"uv": [2.75, 14.875, 2.78125, 14.90625], "texture": "#5"},
				"west": {"uv": [11.75, 14.625, 11.8125, 14.65625], "texture": "#5"},
				"up": {"uv": [14.65625, 11.8125, 14.625, 11.75], "texture": "#5"},
				"down": {"uv": [11.90625, 14.625, 11.875, 14.6875], "texture": "#5"}
			}
		},
		{
			"from": [6.9949, 6.37997, -1.20645],
			"to": [8.9551, 6.79647, -0.34895],
			"rotation": {"angle": 45, "axis": "x", "origin": [0.16, 1.32299, 6.61662]},
			"faces": {
				"north": {"uv": [12.75, 1, 13, 1.0625], "texture": "#5"},
				"east": {"uv": [13.875, 1.125, 14, 1.1875], "texture": "#5"},
				"south": {"uv": [12.75, 2.25, 13, 2.3125], "texture": "#5"},
				"west": {"uv": [1.25, 13.875, 1.375, 13.9375], "texture": "#5"},
				"up": {"uv": [4.875, 1, 4.625, 0.875], "texture": "#5"},
				"down": {"uv": [5.875, 1.875, 5.625, 2], "texture": "#5"}
			}
		},
		{
			"from": [6.6275, 6.60047, 0.45955],
			"to": [9.3225, 8.11947, 1.68455],
			"rotation": {"angle": 45, "axis": "x", "origin": [0.16, 1.32299, 6.61662]},
			"faces": {
				"north": {"uv": [4.625, 8.5, 4.96875, 8.6875], "texture": "#5"},
				"east": {"uv": [11.625, 3.125, 11.78125, 3.3125], "texture": "#5"},
				"south": {"uv": [8.5, 4.625, 8.84375, 4.8125], "texture": "#5"},
				"west": {"uv": [3.25, 11.625, 3.40625, 11.8125], "texture": "#5"},
				"up": {"uv": [1.59375, 9.65625, 1.25, 9.5], "texture": "#5"},
				"down": {"uv": [9.84375, 2.125, 9.5, 2.28125], "texture": "#5"}
			}
		},
		{
			"from": [6.8725, 8.0424, 8.28152],
			"to": [7.3625, 9.3654, 8.77152],
			"rotation": {"angle": -22.5, "axis": "x", "origin": [15.84, 1.32299, 6.61662]},
			"faces": {
				"north": {"uv": [12, 13.5, 12.0625, 13.65625], "texture": "#5"},
				"east": {"uv": [13.5, 12, 13.5625, 12.15625], "texture": "#5"},
				"south": {"uv": [12.125, 13.5, 12.1875, 13.65625], "texture": "#5"},
				"west": {"uv": [12.25, 13.5, 12.3125, 13.65625], "texture": "#5"},
				"up": {"uv": [14.4375, 1.4375, 14.375, 1.375], "texture": "#5"},
				"down": {"uv": [1.5625, 14.375, 1.5, 14.4375], "texture": "#5"}
			}
		},
		{
			"from": [6.6275, 5.42447, 1.04745],
			"to": [7.3625, 5.91447, 2.66445],
			"rotation": {"angle": 45, "axis": "x", "origin": [15.84, 1.32299, 6.61662]},
			"faces": {
				"north": {"uv": [14, 9.125, 14.09375, 9.1875], "texture": "#5"},
				"east": {"uv": [13, 9.875, 13.21875, 9.9375], "texture": "#5"},
				"south": {"uv": [9.25, 14, 9.34375, 14.0625], "texture": "#5"},
				"west": {"uv": [13, 10.625, 13.21875, 10.6875], "texture": "#5"},
				"up": {"uv": [12.34375, 7.46875, 12.25, 7.25], "texture": "#5"},
				"down": {"uv": [12.34375, 7.5, 12.25, 7.71875], "texture": "#5"}
			}
		},
		{
			"from": [8.5875, 5.42447, 1.04745],
			"to": [9.3225, 5.91447, 2.66445],
			"rotation": {"angle": 45, "axis": "x", "origin": [0.16, 1.32299, 6.61662]},
			"faces": {
				"north": {"uv": [14, 9, 14.09375, 9.0625], "texture": "#5"},
				"east": {"uv": [13, 8.375, 13.21875, 8.4375], "texture": "#5"},
				"south": {"uv": [9.125, 14, 9.21875, 14.0625], "texture": "#5"},
				"west": {"uv": [13, 8.875, 13.21875, 8.9375], "texture": "#5"},
				"up": {"uv": [4.59375, 12.46875, 4.5, 12.25], "texture": "#5"},
				"down": {"uv": [6.96875, 12.25, 6.875, 12.46875], "texture": "#5"}
			}
		},
		{
			"from": [8.5875, 8.0424, 8.28152],
			"to": [9.0775, 9.3654, 8.77152],
			"rotation": {"angle": -22.5, "axis": "x", "origin": [0.16, 1.32299, 6.61662]},
			"faces": {
				"north": {"uv": [11.5, 13.5, 11.5625, 13.65625], "texture": "#5"},
				"east": {"uv": [13.5, 11.5, 13.5625, 11.65625], "texture": "#5"},
				"south": {"uv": [11.75, 13.5, 11.8125, 13.65625], "texture": "#5"},
				"west": {"uv": [11.875, 13.5, 11.9375, 13.65625], "texture": "#5"},
				"up": {"uv": [14.4375, 1.3125, 14.375, 1.25], "texture": "#5"},
				"down": {"uv": [1.4375, 14.375, 1.375, 14.4375], "texture": "#5"}
			}
		},
		{
			"from": [6.554, 5.91447, 1.68455],
			"to": [9.396, 8.11947, 2.90955],
			"rotation": {"angle": 45, "axis": "x", "origin": [0.16, 1.32299, 6.61662]},
			"faces": {
				"north": {"uv": [1.5, 6.75, 1.875, 7.03125], "texture": "#5"},
				"east": {"uv": [6.375, 10.25, 6.53125, 10.53125], "texture": "#5"},
				"south": {"uv": [6.75, 1.5, 7.125, 1.78125], "texture": "#5"},
				"west": {"uv": [6.625, 10.25, 6.78125, 10.53125], "texture": "#5"},
				"up": {"uv": [9.5, 0.15625, 9.125, 0], "texture": "#5"},
				"down": {"uv": [9.5, 0.25, 9.125, 0.40625], "texture": "#5"}
			}
		},
		{
			"from": [7.8525, 7.8709, 10.95202],
			"to": [8.0975, 8.8509, 11.44202],
			"rotation": {"angle": -22.5, "axis": "x", "origin": [0.16, 1.32299, 6.61662]},
			"faces": {
				"north": {"uv": [14.375, 1.125, 14.40625, 1.25], "texture": "#5"},
				"east": {"uv": [13.875, 1, 13.9375, 1.125], "texture": "#5"},
				"south": {"uv": [1.25, 14.375, 1.28125, 14.5], "texture": "#5"},
				"west": {"uv": [1.125, 13.875, 1.1875, 14], "texture": "#5"},
				"up": {"uv": [14.65625, 11.5625, 14.625, 11.5], "texture": "#5"},
				"down": {"uv": [11.65625, 14.625, 11.625, 14.6875], "texture": "#5"}
			}
		},
		{
			"from": [7.8525, 9.3409, 10.07002],
			"to": [8.0975, 10.0759, 10.56002],
			"rotation": {"angle": -22.5, "axis": "x", "origin": [0.16, 1.32299, 6.61662]},
			"faces": {
				"north": {"uv": [14.5, 14.5, 14.53125, 14.59375], "texture": "#5"},
				"east": {"uv": [14, 8.875, 14.0625, 8.96875], "texture": "#5"},
				"south": {"uv": [0, 14.625, 0.03125, 14.71875], "texture": "#5"},
				"west": {"uv": [9, 14, 9.0625, 14.09375], "texture": "#5"},
				"up": {"uv": [14.65625, 11.4375, 14.625, 11.375], "texture": "#5"},
				"down": {"uv": [11.53125, 14.625, 11.5, 14.6875], "texture": "#5"}
			}
		},
		{
			"from": [7.73, 8.11947, 0.55755],
			"to": [8.22, 8.36447, 1.29255],
			"rotation": {"angle": 45, "axis": "x", "origin": [0.16, 1.32299, 6.61662]},
			"faces": {
				"north": {"uv": [14.625, 11.25, 14.6875, 11.28125], "texture": "#5"},
				"east": {"uv": [14.375, 14.5, 14.46875, 14.53125], "texture": "#5"},
				"south": {"uv": [11.375, 14.625, 11.4375, 14.65625], "texture": "#5"},
				"west": {"uv": [14.5, 14.375, 14.59375, 14.40625], "texture": "#5"},
				"up": {"uv": [14.0625, 8.84375, 14, 8.75], "texture": "#5"},
				"down": {"uv": [8.9375, 14, 8.875, 14.09375], "texture": "#5"}
			}
		},
		{
			"from": [7.485, 8.11947, 1.29255],
			"to": [8.465, 8.36447, 2.90955],
			"rotation": {"angle": 45, "axis": "x", "origin": [0.16, 1.32299, 6.61662]},
			"faces": {
				"north": {"uv": [14.375, 1, 14.5, 1.03125], "texture": "#5"},
				"east": {"uv": [14, 6.375, 14.21875, 6.40625], "texture": "#5"},
				"south": {"uv": [1.125, 14.375, 1.25, 14.40625], "texture": "#5"},
				"west": {"uv": [6.5, 14, 6.71875, 14.03125], "texture": "#5"},
				"up": {"uv": [11.875, 1.21875, 11.75, 1], "texture": "#5"},
				"down": {"uv": [1.375, 11.75, 1.25, 11.96875], "texture": "#5"}
			}
		},
		{
			"from": [7.338, 10.51599, 4.91462],
			"to": [8.612, 10.76099, 5.64962],
			"rotation": {"angle": 0, "axis": "y", "origin": [0.16, 1.32299, 6.61662]},
			"faces": {
				"north": {"uv": [13, 14.25, 13.15625, 14.28125], "texture": "#5"},
				"east": {"uv": [13.625, 14.5, 13.71875, 14.53125], "texture": "#5"},
				"south": {"uv": [14.25, 13, 14.40625, 13.03125], "texture": "#5"},
				"west": {"uv": [14.5, 13.625, 14.59375, 13.65625], "texture": "#5"},
				"up": {"uv": [12.90625, 12.59375, 12.75, 12.5], "texture": "#5"},
				"down": {"uv": [12.90625, 12.625, 12.75, 12.71875], "texture": "#5"}
			}
		},
		{
			"from": [7.5095, 8.91874, 1.28275],
			"to": [8.4405, 9.65374, 2.26275],
			"rotation": {"angle": 22.5, "axis": "x", "origin": [0.16, 1.32299, 6.61662]},
			"faces": {
				"north": {"uv": [9.25, 10.875, 9.375, 10.96875], "texture": "#5"},
				"east": {"uv": [3, 11.125, 3.125, 11.21875], "texture": "#5"},
				"south": {"uv": [7.875, 11.125, 8, 11.21875], "texture": "#5"},
				"west": {"uv": [8.5, 11.125, 8.625, 11.21875], "texture": "#5"},
				"up": {"uv": [3, 3.75, 2.875, 3.625], "texture": "#5"},
				"down": {"uv": [0.75, 4.25, 0.625, 4.375], "texture": "#5"}
			}
		}
	],
	"display": {
		"head": {
			"rotation": [0, 180, 0]
		}
	}
}