{
	"credit": "Made with Blockbench",
	"textures": {
		"5": "animated_java:item/dino_aj/texture",
		"particle": "animated_java:item/dino_aj/texture"
	},
	"elements": [
		{
			"from": [7.7305, 5.66583, 1.26069],
			"to": [7.9265, 5.91083, 1.26069],
			"rotation": {"angle": 45, "axis": "x", "origin": [8, 5.01943, 7.97]},
			"faces": {
				"north": {"uv": [0.34375, 15.03125, 0.375, 15.0625], "texture": "#5"},
				"east": {"uv": [0, 0, 0, 0.03125], "texture": "#5"},
				"south": {"uv": [0.34375, 14.96875, 0.375, 15], "texture": "#5"},
				"west": {"uv": [0, 0, 0, 0.03125], "texture": "#5"},
				"up": {"uv": [0.03125, 0, 0, 0], "texture": "#5"},
				"down": {"uv": [0.03125, 0, 0, 0], "texture": "#5"}
			}
		},
		{
			"from": [8.0735, 5.66583, 1.26069],
			"to": [8.2695, 5.91083, 1.26069],
			"rotation": {"angle": 45, "axis": "x", "origin": [8, 5.01943, 7.97]},
			"faces": {
				"north": {"uv": [0.34375, 15.03125, 0.375, 15.0625], "texture": "#5"},
				"east": {"uv": [0, 0, 0, 0.03125], "texture": "#5"},
				"south": {"uv": [0.34375, 14.96875, 0.375, 15], "texture": "#5"},
				"west": {"uv": [0, 0, 0, 0.03125], "texture": "#5"},
				"up": {"uv": [0.03125, 0, 0, 0], "texture": "#5"},
				"down": {"uv": [0.03125, 0, 0, 0], "texture": "#5"}
			}
		},
		{
			"from": [7.6815, 5.91083, 1.06469],
			"to": [8.3185, 6.30283, 1.30969],
			"rotation": {"angle": 45, "axis": "x", "origin": [8, 5.01943, 7.97]},
			"faces": {
				"north": {"uv": [14, 8.625, 14.09375, 8.6875], "texture": "#5"},
				"east": {"uv": [14.625, 10.875, 14.65625, 10.9375], "texture": "#5"},
				"south": {"uv": [0.09375, 15, 0.1875, 15.0625], "texture": "#5"},
				"west": {"uv": [11, 14.625, 11.03125, 14.6875], "texture": "#5"},
				"up": {"uv": [14.09375, 14.53125, 14, 14.5], "texture": "#5"},
				"down": {"uv": [0.03125, 15.09375, 0.125, 15.125], "texture": "#5"}
			}
		},
		{
			"from": [7.51, 5.91083, 1.30969],
			"to": [7.755, 6.30283, 1.70169],
			"rotation": {"angle": 45, "axis": "x", "origin": [8, 5.01943, 7.97]},
			"faces": {
				"north": {"uv": [14.625, 11, 14.65625, 11.0625], "texture": "#5"},
				"east": {"uv": [0.15625, 15, 0.21875, 15.0625], "texture": "#5"},
				"south": {"uv": [0.15625, 15, 0.1875, 15.0625], "texture": "#5"},
				"west": {"uv": [0.875, 14.375, 0.9375, 14.4375], "texture": "#5"},
				"up": {"uv": [14.65625, 11.1875, 14.625, 11.125], "texture": "#5"},
				"down": {"uv": [0, 15.25, 0.03125, 15.3125], "texture": "#5"}
			}
		},
		{
			"from": [8.245, 5.91083, 1.30969],
			"to": [8.49, 6.30283, 1.70169],
			"rotation": {"angle": 45, "axis": "x", "origin": [8, 5.01943, 7.97]},
			"faces": {
				"north": {"uv": [14.625, 10.625, 14.65625, 10.6875], "texture": "#5"},
				"east": {"uv": [14.375, 0.625, 14.4375, 0.6875], "texture": "#5"},
				"south": {"uv": [0.15625, 15, 0.1875, 15.0625], "texture": "#5"},
				"west": {"uv": [0.21875, 15, 0.15625, 15.0625], "texture": "#5"},
				"up": {"uv": [14.65625, 10.8125, 14.625, 10.75], "texture": "#5"},
				"down": {"uv": [0, 15.25, 0.03125, 15.3125], "texture": "#5"}
			}
		},
		{
			"from": [8.5145, 5.66583, 1.70169],
			"to": [8.5145, 5.91083, 3.66169],
			"rotation": {"angle": 45, "axis": "x", "origin": [8, 5.01943, 7.97]},
			"faces": {
				"north": {"uv": [0, 0, 0, 0.03125], "texture": "#5"},
				"east": {"uv": [0.75, 15.03125, 0.40625, 15.0625], "texture": "#5"},
				"south": {"uv": [0, 0, 0, 0.03125], "texture": "#5"},
				"west": {"uv": [0.40625, 14.96875, 0.75, 15], "texture": "#5"},
				"up": {"uv": [0, 0.34375, 0, 0], "texture": "#5"},
				"down": {"uv": [0, 0, 0, 0.34375], "texture": "#5"}
			}
		},
		{
			"from": [8.39102, 5.91083, 1.70169],
			"to": [8.63602, 6.54783, 3.41669],
			"rotation": {"angle": 45, "axis": "x", "origin": [8, 5.01943, 7.97]},
			"faces": {
				"north": {"uv": [13.875, 14.5, 13.90625, 14.59375], "texture": "#5"},
				"east": {"uv": [6.25, 12.25, 6.46875, 12.34375], "texture": "#5"},
				"south": {"uv": [14.5, 13.875, 14.53125, 13.96875], "texture": "#5"},
				"west": {"uv": [0.21875, 14.96875, 0, 15.0625], "texture": "#5"},
				"up": {"uv": [14.03125, 6.09375, 14, 5.875], "texture": "#5"},
				"down": {"uv": [0, 15.09375, 0.03125, 15.3125], "texture": "#5"}
			}
		},
		{
			"from": [7.4855, 5.66583, 1.70169],
			"to": [7.4855, 5.91083, 3.66169],
			"rotation": {"angle": 45, "axis": "x", "origin": [8, 5.01943, 7.97]},
			"faces": {
				"north": {"uv": [0, 0, 0, 0.03125], "texture": "#5"},
				"east": {"uv": [0.75, 14.96875, 0.40625, 15], "texture": "#5"},
				"south": {"uv": [0, 0, 0, 0.03125], "texture": "#5"},
				"west": {"uv": [0.40625, 15.03125, 0.75, 15.0625], "texture": "#5"},
				"up": {"uv": [0, 0.34375, 0, 0], "texture": "#5"},
				"down": {"uv": [0, 0, 0, 0.34375], "texture": "#5"}
			}
		},
		{
			"from": [7.36398, 5.91083, 1.70169],
			"to": [7.60898, 6.54783, 3.41669],
			"rotation": {"angle": 45, "axis": "x", "origin": [8, 5.01943, 7.97]},
			"faces": {
				"north": {"uv": [14.125, 14.5, 14.15625, 14.59375], "texture": "#5"},
				"east": {"uv": [0, 14.96875, 0.21875, 15.0625], "texture": "#5"},
				"south": {"uv": [14.5, 14.125, 14.53125, 14.21875], "texture": "#5"},
				"west": {"uv": [12.25, 6.625, 12.46875, 6.71875], "texture": "#5"},
				"up": {"uv": [6.15625, 14.21875, 6.125, 14], "texture": "#5"},
				"down": {"uv": [0, 15.09375, 0.03125, 15.3125], "texture": "#5"}
			}
		},
		{
			"from": [7.6815, 6.30283, 1.06469],
			"to": [8.3185, 6.54783, 1.45669],
			"rotation": {"angle": 45, "axis": "x", "origin": [8, 5.01943, 7.97]},
			"faces": {
				"north": {"uv": [14.625, 9.625, 14.71875, 9.65625], "texture": "#5"},
				"east": {"uv": [14, 14.75, 14.0625, 14.78125], "texture": "#5"},
				"south": {"uv": [9.75, 14.625, 9.84375, 14.65625], "texture": "#5"},
				"west": {"uv": [14.75, 14, 14.8125, 14.03125], "texture": "#5"},
				"up": {"uv": [14.34375, 3.9375, 14.25, 3.875], "texture": "#5"},
				"down": {"uv": [4.09375, 14.25, 4, 14.3125], "texture": "#5"}
			}
		},
		{
			"from": [7.3875, 6.30283, 1.45669],
			"to": [8.6125, 6.54783, 3.17169],
			"rotation": {"angle": 45, "axis": "x", "origin": [8, 5.01943, 7.97]},
			"faces": {
				"north": {"uv": [0.375, 14.375, 0.53125, 14.40625], "texture": "#5"},
				"east": {"uv": [8.125, 14, 8.34375, 14.03125], "texture": "#5"},
				"south": {"uv": [14.375, 0.375, 14.53125, 0.40625], "texture": "#5"},
				"west": {"uv": [8.375, 14, 8.59375, 14.03125], "texture": "#5"},
				"up": {"uv": [11.53125, 11.09375, 11.375, 10.875], "texture": "#5"},
				"down": {"uv": [11.15625, 11.375, 11, 11.59375], "texture": "#5"}
			}
		},
		{
			"from": [6.873, 6.30283, 3.17169],
			"to": [9.127, 7.03783, 4.39669],
			"rotation": {"angle": 45, "axis": "x", "origin": [8, 5.01943, 7.97]},
			"faces": {
				"north": {"uv": [5.375, 11.875, 5.65625, 11.96875], "texture": "#5"},
				"east": {"uv": [13, 4.625, 13.15625, 4.71875], "texture": "#5"},
				"south": {"uv": [11.875, 5.375, 12.15625, 5.46875], "texture": "#5"},
				"west": {"uv": [4.875, 13, 5.03125, 13.09375], "texture": "#5"},
				"up": {"uv": [10.78125, 2.53125, 10.5, 2.375], "texture": "#5"},
				"down": {"uv": [10.78125, 2.625, 10.5, 2.78125], "texture": "#5"}
			}
		},
		{
			"from": [8.3675, 7.28299, 5.08562],
			"to": [8.6125, 9.97799, 6.55562],
			"rotation": {"angle": 0, "axis": "y", "origin": [8, 5.01943, 7.97]},
			"faces": {
				"north": {"uv": [13.5, 9.25, 13.53125, 9.59375], "texture": "#5"},
				"east": {"uv": [5.75, 8.625, 5.9375, 8.96875], "texture": "#5"},
				"south": {"uv": [13.5, 9.625, 13.53125, 9.96875], "texture": "#5"},
				"west": {"uv": [6, 8.625, 6.1875, 8.96875], "texture": "#5"},
				"up": {"uv": [14.28125, 4.1875, 14.25, 4], "texture": "#5"},
				"down": {"uv": [4.15625, 14.25, 4.125, 14.4375], "texture": "#5"}
			}
		},
		{
			"from": [7.3875, 7.28299, 5.08562],
			"to": [7.6325, 9.97799, 6.55562],
			"rotation": {"angle": 0, "axis": "y", "origin": [8, 5.01943, 7.97]},
			"faces": {
				"north": {"uv": [13.5, 10, 13.53125, 10.34375], "texture": "#5"},
				"east": {"uv": [8.625, 6.125, 8.8125, 6.46875], "texture": "#5"},
				"south": {"uv": [10.25, 13.5, 10.28125, 13.84375], "texture": "#5"},
				"west": {"uv": [6.25, 8.625, 6.4375, 8.96875], "texture": "#5"},
				"up": {"uv": [14.28125, 4.4375, 14.25, 4.25], "texture": "#5"},
				"down": {"uv": [4.40625, 14.25, 4.375, 14.4375], "texture": "#5"}
			}
		},
		{
			"from": [6.8975, 7.42745, 7.45601],
			"to": [9.1025, 9.87745, 8.19101],
			"rotation": {"angle": -22.5, "axis": "x", "origin": [8, 5.01943, 7.97]},
			"faces": {
				"north": {"uv": [7.625, 2.125, 7.90625, 2.4375], "texture": "#5"},
				"east": {"uv": [5.875, 11.625, 5.96875, 11.9375], "texture": "#5"},
				"south": {"uv": [2.625, 7.625, 2.90625, 7.9375], "texture": "#5"},
				"west": {"uv": [11.25, 11.625, 11.34375, 11.9375], "texture": "#5"},
				"up": {"uv": [12.15625, 5.09375, 11.875, 5], "texture": "#5"},
				"down": {"uv": [12.15625, 5.25, 11.875, 5.34375], "texture": "#5"}
			}
		},
		{
			"from": [8.98865, 9.47812, 7.11912],
			"to": [9.67465, 10.70312, 7.85412],
			"rotation": {"angle": 22.5, "axis": "z", "origin": [8, 5.01943, 7.97]},
			"faces": {
				"north": {"uv": [13, 1.75, 13.09375, 1.90625], "texture": "#5"},
				"east": {"uv": [2.25, 13, 2.34375, 13.15625], "texture": "#5"},
				"south": {"uv": [13, 2.25, 13.09375, 2.40625], "texture": "#5"},
				"west": {"uv": [2.375, 13, 2.46875, 13.15625], "texture": "#5"},
				"up": {"uv": [13.84375, 10.09375, 13.75, 10], "texture": "#5"},
				"down": {"uv": [13.84375, 10.125, 13.75, 10.21875], "texture": "#5"}
			}
		},
		{
			"from": [2.72842, 8.76955, 5.64912],
			"to": [3.75742, 9.25955, 5.94312],
			"rotation": {"angle": -45, "axis": "z", "origin": [8, 5.01943, 7.97]},
			"faces": {
				"north": {"uv": [12.875, 13.875, 13, 13.9375], "texture": "#5"},
				"east": {"uv": [13.625, 14.75, 13.65625, 14.8125], "texture": "#5"},
				"south": {"uv": [13.875, 12.875, 14, 12.9375], "texture": "#5"},
				"west": {"uv": [14.75, 13.625, 14.78125, 13.6875], "texture": "#5"},
				"up": {"uv": [8, 14.53125, 7.875, 14.5], "texture": "#5"},
				"down": {"uv": [14.625, 7.875, 14.5, 7.90625], "texture": "#5"}
			}
		},
		{
			"from": [9.55003, 10.25213, 5.64912],
			"to": [10.04003, 11.72213, 6.13912],
			"rotation": {"angle": 22.5, "axis": "z", "origin": [8, 5.01943, 7.97]},
			"faces": {
				"north": {"uv": [2.875, 13.375, 2.9375, 13.5625], "texture": "#5"},
				"east": {"uv": [3, 13.375, 3.0625, 13.5625], "texture": "#5"},
				"south": {"uv": [3.125, 13.375, 3.1875, 13.5625], "texture": "#5"},
				"west": {"uv": [3.25, 13.375, 3.3125, 13.5625], "texture": "#5"},
				"up": {"uv": [7.8125, 14.5625, 7.75, 14.5], "texture": "#5"},
				"down": {"uv": [14.5625, 7.75, 14.5, 7.8125], "texture": "#5"}
			}
		},
		{
			"from": [9.55003, 10.25213, 6.13912],
			"to": [9.79503, 11.23213, 6.62912],
			"rotation": {"angle": 22.5, "axis": "z", "origin": [8, 5.01943, 7.97]},
			"faces": {
				"north": {"uv": [7.625, 14.5, 7.65625, 14.625], "texture": "#5"},
				"east": {"uv": [12.75, 13.875, 12.8125, 14], "texture": "#5"},
				"south": {"uv": [14.5, 7.625, 14.53125, 7.75], "texture": "#5"},
				"west": {"uv": [13.875, 12.75, 13.9375, 12.875], "texture": "#5"},
				"up": {"uv": [13.53125, 14.8125, 13.5, 14.75], "texture": "#5"},
				"down": {"uv": [14.78125, 13.5, 14.75, 13.5625], "texture": "#5"}
			}
		},
		{
			"from": [6.55548, 10.53882, 3.1628],
			"to": [7.28852, 11.83732, 3.6283],
			"rotation": {"angle": 22.5, "axis": "x", "origin": [8, 5.01943, 7.97]},
			"faces": {
				"north": {"uv": [13, 1.25, 13.09375, 1.40625], "texture": "#5"},
				"east": {"uv": [8.625, 13.625, 8.6875, 13.78125], "texture": "#5"},
				"south": {"uv": [13, 1.5, 13.09375, 1.65625], "texture": "#5"},
				"west": {"uv": [8.75, 13.625, 8.8125, 13.78125], "texture": "#5"},
				"up": {"uv": [2.84375, 14.3125, 2.75, 14.25], "texture": "#5"},
				"down": {"uv": [14.34375, 2.75, 14.25, 2.8125], "texture": "#5"}
			}
		},
		{
			"from": [6.5545, 11.93799, 6.13912],
			"to": [7.2895, 13.16299, 6.72712],
			"rotation": {"angle": 0, "axis": "y", "origin": [8, 5.01943, 7.97]},
			"faces": {
				"north": {"uv": [13, 1, 13.09375, 1.15625], "texture": "#5"},
				"east": {"uv": [13.625, 8.25, 13.6875, 8.40625], "texture": "#5"},
				"south": {"uv": [1.125, 13, 1.21875, 13.15625], "texture": "#5"},
				"west": {"uv": [13.625, 8.5, 13.6875, 8.65625], "texture": "#5"},
				"up": {"uv": [2.71875, 14.3125, 2.625, 14.25], "texture": "#5"},
				"down": {"uv": [14.34375, 2.625, 14.25, 2.6875], "texture": "#5"}
			}
		},
		{
			"from": [6.5545, 11.34999, 5.64814],
			"to": [7.2895, 11.93799, 6.62912],
			"rotation": {"angle": 0, "axis": "y", "origin": [8, 5.01943, 7.97]},
			"faces": {
				"north": {"uv": [2.5, 14.25, 2.59375, 14.3125], "texture": "#5"},
				"east": {"uv": [12.625, 13.875, 12.75, 13.9375], "texture": "#5"},
				"south": {"uv": [14.25, 2.5, 14.34375, 2.5625], "texture": "#5"},
				"west": {"uv": [13.875, 12.625, 14, 12.6875], "texture": "#5"},
				"up": {"uv": [13.46875, 2.75, 13.375, 2.625], "texture": "#5"},
				"down": {"uv": [13.46875, 2.75, 13.375, 2.875], "texture": "#5"}
			}
		},
		{
			"from": [6.55548, 11.19372, 9.11649],
			"to": [7.28852, 12.41872, 9.60649],
			"rotation": {"angle": -22.5, "axis": "x", "origin": [8, 5.01943, 7.97]},
			"faces": {
				"north": {"uv": [13, 0.75, 13.09375, 0.90625], "texture": "#5"},
				"east": {"uv": [8.125, 13.625, 8.1875, 13.78125], "texture": "#5"},
				"south": {"uv": [0.875, 13, 0.96875, 13.15625], "texture": "#5"},
				"west": {"uv": [8.25, 13.625, 8.3125, 13.78125], "texture": "#5"},
				"up": {"uv": [14.34375, 2.3125, 14.25, 2.25], "texture": "#5"},
				"down": {"uv": [14.34375, 2.375, 14.25, 2.4375], "texture": "#5"}
			}
		},
		{
			"from": [6.55548, 11.44736, 8.13872],
			"to": [7.29048, 11.66786, 8.38372],
			"rotation": {"angle": -22.5, "axis": "x", "origin": [8, 5.01943, 7.97]},
			"faces": {
				"north": {"uv": [14.625, 9.375, 14.71875, 9.40625], "texture": "#5"},
				"east": {"uv": [14.875, 7.75, 14.90625, 7.78125], "texture": "#5"},
				"south": {"uv": [9.5, 14.625, 9.59375, 14.65625], "texture": "#5"},
				"west": {"uv": [7.875, 14.875, 7.90625, 14.90625], "texture": "#5"},
				"up": {"uv": [14.71875, 9.53125, 14.625, 9.5], "texture": "#5"},
				"down": {"uv": [9.71875, 14.625, 9.625, 14.65625], "texture": "#5"}
			}
		},
		{
			"from": [6.55548, 9.83494, 3.36923],
			"to": [7.53548, 10.07994, 3.61423],
			"rotation": {"angle": 22.5, "axis": "x", "origin": [8, 5.01943, 7.97]},
			"faces": {
				"north": {"uv": [7.375, 14.5, 7.5, 14.53125], "texture": "#5"},
				"east": {"uv": [14.875, 7.625, 14.90625, 7.65625], "texture": "#5"},
				"south": {"uv": [14.5, 7.375, 14.625, 7.40625], "texture": "#5"},
				"west": {"uv": [7.75, 14.875, 7.78125, 14.90625], "texture": "#5"},
				"up": {"uv": [7.625, 14.53125, 7.5, 14.5], "texture": "#5"},
				"down": {"uv": [14.625, 7.5, 14.5, 7.53125], "texture": "#5"}
			}
		},
		{
			"from": [7.02, 9.18241, 4.10231],
			"to": [7.51, 9.67241, 4.59231],
			"rotation": {"angle": 22.5, "axis": "x", "origin": [8, 5.01943, 7.97]},
			"faces": {
				"north": {"uv": [7, 14.5, 7.0625, 14.5625], "texture": "#5"},
				"east": {"uv": [14.5, 7, 14.5625, 7.0625], "texture": "#5"},
				"south": {"uv": [7.125, 14.5, 7.1875, 14.5625], "texture": "#5"},
				"west": {"uv": [14.5, 7.125, 14.5625, 7.1875], "texture": "#5"},
				"up": {"uv": [7.3125, 14.5625, 7.25, 14.5], "texture": "#5"},
				"down": {"uv": [14.5625, 7.25, 14.5, 7.3125], "texture": "#5"}
			}
		},
		{
			"from": [7.118, 9.42741, 3.36731],
			"to": [7.6815, 9.84391, 3.61231],
			"rotation": {"angle": 22.5, "axis": "x", "origin": [8, 5.01943, 7.97]},
			"faces": {
				"north": {"uv": [6.875, 14.5, 6.9375, 14.5625], "texture": "#5"},
				"east": {"uv": [13.25, 14.75, 13.28125, 14.8125], "texture": "#5"},
				"south": {"uv": [14.5, 6.875, 14.5625, 6.9375], "texture": "#5"},
				"west": {"uv": [14.75, 13.25, 14.78125, 13.3125], "texture": "#5"},
				"up": {"uv": [13.4375, 14.78125, 13.375, 14.75], "texture": "#5"},
				"down": {"uv": [14.8125, 13.375, 14.75, 13.40625], "texture": "#5"}
			}
		},
		{
			"from": [7.118, 9.18241, 3.61231],
			"to": [7.51, 9.67241, 4.10231],
			"rotation": {"angle": 22.5, "axis": "x", "origin": [8, 5.01943, 7.97]},
			"faces": {
				"north": {"uv": [6.5, 14.5, 6.5625, 14.5625], "texture": "#5"},
				"east": {"uv": [14.5, 6.5, 14.5625, 6.5625], "texture": "#5"},
				"south": {"uv": [6.625, 14.5, 6.6875, 14.5625], "texture": "#5"},
				"west": {"uv": [14.5, 6.625, 14.5625, 6.6875], "texture": "#5"},
				"up": {"uv": [6.8125, 14.5625, 6.75, 14.5], "texture": "#5"},
				"down": {"uv": [14.5625, 6.75, 14.5, 6.8125], "texture": "#5"}
			}
		},
		{
			"from": [6.5545, 11.00699, 5.64912],
			"to": [7.2895, 11.34999, 7.1201],
			"rotation": {"angle": 0, "axis": "y", "origin": [8, 5.01943, 7.97]},
			"faces": {
				"north": {"uv": [14.625, 9.25, 14.71875, 9.28125], "texture": "#5"},
				"east": {"uv": [14.25, 2.125, 14.4375, 2.15625], "texture": "#5"},
				"south": {"uv": [9.375, 14.625, 9.46875, 14.65625], "texture": "#5"},
				"west": {"uv": [2.25, 14.25, 2.4375, 14.28125], "texture": "#5"},
				"up": {"uv": [12.71875, 6.9375, 12.625, 6.75], "texture": "#5"},
				"down": {"uv": [6.96875, 12.625, 6.875, 12.8125], "texture": "#5"}
			}
		},
		{
			"from": [2.70392, 8.27955, 5.64912],
			"to": [4.17392, 8.76955, 7.11912],
			"rotation": {"angle": -45, "axis": "z", "origin": [8, 5.01943, 7.97]},
			"faces": {
				"north": {"uv": [2.375, 13.375, 2.5625, 13.4375], "texture": "#5"},
				"east": {"uv": [13.375, 2.375, 13.5625, 2.4375], "texture": "#5"},
				"south": {"uv": [13.375, 2.5, 13.5625, 2.5625], "texture": "#5"},
				"west": {"uv": [2.625, 13.375, 2.8125, 13.4375], "texture": "#5"},
				"up": {"uv": [5.4375, 11.3125, 5.25, 11.125], "texture": "#5"},
				"down": {"uv": [11.3125, 5.375, 11.125, 5.5625], "texture": "#5"}
			}
		},
		{
			"from": [6.15622, 10.22299, 6.67964],
			"to": [6.64622, 11.00699, 7.29214],
			"rotation": {"angle": -22.5, "axis": "y", "origin": [8, 5.01943, 7.97]},
			"faces": {
				"north": {"uv": [1.875, 14.25, 1.9375, 14.34375], "texture": "#5"},
				"east": {"uv": [2, 14.25, 2.0625, 14.34375], "texture": "#5"},
				"south": {"uv": [14.25, 2, 14.3125, 2.09375], "texture": "#5"},
				"west": {"uv": [2.125, 14.25, 2.1875, 14.34375], "texture": "#5"},
				"up": {"uv": [6.4375, 14.5625, 6.375, 14.5], "texture": "#5"},
				"down": {"uv": [14.5625, 6.375, 14.5, 6.4375], "texture": "#5"}
			}
		},
		{
			"from": [8.68104, 10.22017, 6.62912],
			"to": [8.92604, 10.39167, 7.11912],
			"rotation": {"angle": 22.5, "axis": "z", "origin": [8, 5.01943, 7.97]},
			"faces": {
				"north": {"uv": [14.875, 7.5, 14.90625, 7.53125], "texture": "#5"},
				"east": {"uv": [13, 14.75, 13.0625, 14.78125], "texture": "#5"},
				"south": {"uv": [7.625, 14.875, 7.65625, 14.90625], "texture": "#5"},
				"west": {"uv": [14.75, 13, 14.8125, 13.03125], "texture": "#5"},
				"up": {"uv": [13.15625, 14.8125, 13.125, 14.75], "texture": "#5"},
				"down": {"uv": [14.78125, 13.125, 14.75, 13.1875], "texture": "#5"}
			}
		},
		{
			"from": [6.5545, 10.22299, 6.62912],
			"to": [7.2895, 11.00699, 7.1201],
			"rotation": {"angle": 0, "axis": "y", "origin": [8, 5.01943, 7.97]},
			"faces": {
				"north": {"uv": [9.75, 13.75, 9.84375, 13.84375], "texture": "#5"},
				"east": {"uv": [1.625, 14.25, 1.6875, 14.34375], "texture": "#5"},
				"south": {"uv": [13.75, 9.875, 13.84375, 9.96875], "texture": "#5"},
				"west": {"uv": [14.25, 1.625, 14.3125, 1.71875], "texture": "#5"},
				"up": {"uv": [1.84375, 14.3125, 1.75, 14.25], "texture": "#5"},
				"down": {"uv": [14.34375, 1.75, 14.25, 1.8125], "texture": "#5"}
			}
		},
		{
			"from": [6.62898, 10.34192, 4.59266],
			"to": [7.11702, 11.32192, 4.88666],
			"rotation": {"angle": 22.5, "axis": "x", "origin": [8, 5.01943, 7.97]},
			"faces": {
				"north": {"uv": [12.5, 13.875, 12.5625, 14], "texture": "#5"},
				"east": {"uv": [6.25, 14.5, 6.28125, 14.625], "texture": "#5"},
				"south": {"uv": [13.875, 12.5, 13.9375, 12.625], "texture": "#5"},
				"west": {"uv": [14.5, 6.25, 14.53125, 6.375], "texture": "#5"},
				"up": {"uv": [12.9375, 14.78125, 12.875, 14.75], "texture": "#5"},
				"down": {"uv": [14.8125, 12.875, 14.75, 12.90625], "texture": "#5"}
			}
		},
		{
			"from": [6.628, 11.39899, 7.26612],
			"to": [7.118, 12.13399, 7.60912],
			"rotation": {"angle": 0, "axis": "y", "origin": [8, 5.01943, 7.97]},
			"faces": {
				"north": {"uv": [1.5, 14.25, 1.5625, 14.34375], "texture": "#5"},
				"east": {"uv": [14.625, 9.125, 14.65625, 9.21875], "texture": "#5"},
				"south": {"uv": [14.25, 1.5, 14.3125, 1.59375], "texture": "#5"},
				"west": {"uv": [9.25, 14.625, 9.28125, 14.71875], "texture": "#5"},
				"up": {"uv": [12.8125, 14.78125, 12.75, 14.75], "texture": "#5"},
				"down": {"uv": [14.8125, 12.75, 14.75, 12.78125], "texture": "#5"}
			}
		},
		{
			"from": [6.62702, 10.4341, 9.36211],
			"to": [7.21698, 11.1936, 10.09711],
			"rotation": {"angle": -22.5, "axis": "x", "origin": [8, 5.01943, 7.97]},
			"faces": {
				"north": {"uv": [1.25, 14.25, 1.3125, 14.34375], "texture": "#5"},
				"east": {"uv": [9.5, 13.75, 9.59375, 13.84375], "texture": "#5"},
				"south": {"uv": [14.25, 1.25, 14.3125, 1.34375], "texture": "#5"},
				"west": {"uv": [9.625, 13.75, 9.71875, 13.84375], "texture": "#5"},
				"up": {"uv": [1.4375, 14.34375, 1.375, 14.25], "texture": "#5"},
				"down": {"uv": [14.3125, 1.375, 14.25, 1.46875], "texture": "#5"}
			}
		},
		{
			"from": [6.628, 7.76923, 3.60909],
			"to": [7.363, 8.01423, 4.09909],
			"rotation": {"angle": 45, "axis": "x", "origin": [8, 5.01943, 7.97]},
			"faces": {
				"north": {"uv": [14.625, 9, 14.71875, 9.03125], "texture": "#5"},
				"east": {"uv": [12.625, 14.75, 12.6875, 14.78125], "texture": "#5"},
				"south": {"uv": [9.125, 14.625, 9.21875, 14.65625], "texture": "#5"},
				"west": {"uv": [14.75, 12.625, 14.8125, 12.65625], "texture": "#5"},
				"up": {"uv": [1.21875, 14.3125, 1.125, 14.25], "texture": "#5"},
				"down": {"uv": [14.34375, 1.125, 14.25, 1.1875], "texture": "#5"}
			}
		},
		{
			"from": [6.628, 9.18241, 4.73931],
			"to": [7.363, 9.67241, 5.22931],
			"rotation": {"angle": 22.5, "axis": "x", "origin": [8, 5.01943, 7.97]},
			"faces": {
				"north": {"uv": [0.875, 14.25, 0.96875, 14.3125], "texture": "#5"},
				"east": {"uv": [6.125, 14.5, 6.1875, 14.5625], "texture": "#5"},
				"south": {"uv": [14.25, 0.875, 14.34375, 0.9375], "texture": "#5"},
				"west": {"uv": [14.5, 6.125, 14.5625, 6.1875], "texture": "#5"},
				"up": {"uv": [1.09375, 14.3125, 1, 14.25], "texture": "#5"},
				"down": {"uv": [14.34375, 1, 14.25, 1.0625], "texture": "#5"}
			}
		},
		{
			"from": [6.62604, 9.85549, 7.11912],
			"to": [7.363, 10.83549, 7.8551],
			"rotation": {"angle": 0, "axis": "y", "origin": [8, 5.01943, 7.97]},
			"faces": {
				"north": {"uv": [13.375, 2, 13.46875, 2.125], "texture": "#5"},
				"east": {"uv": [2.125, 13.375, 2.21875, 13.5], "texture": "#5"},
				"south": {"uv": [13.375, 2.125, 13.46875, 2.25], "texture": "#5"},
				"west": {"uv": [2.25, 13.375, 2.34375, 13.5], "texture": "#5"},
				"up": {"uv": [9.34375, 13.84375, 9.25, 13.75], "texture": "#5"},
				"down": {"uv": [9.46875, 13.75, 9.375, 13.84375], "texture": "#5"}
			}
		},
		{
			"from": [6.628, 9.03541, 5.44981],
			"to": [7.608, 9.45191, 6.08681],
			"rotation": {"angle": 22.5, "axis": "x", "origin": [8, 5.01943, 7.97]},
			"faces": {
				"north": {"uv": [12.375, 13.875, 12.5, 13.9375], "texture": "#5"},
				"east": {"uv": [0.75, 14.25, 0.84375, 14.3125], "texture": "#5"},
				"south": {"uv": [13.875, 12.375, 14, 12.4375], "texture": "#5"},
				"west": {"uv": [14.25, 0.75, 14.34375, 0.8125], "texture": "#5"},
				"up": {"uv": [13.5, 1.84375, 13.375, 1.75], "texture": "#5"},
				"down": {"uv": [13.5, 1.875, 13.375, 1.96875], "texture": "#5"}
			}
		},
		{
			"from": [8.88298, 10.34192, 4.59266],
			"to": [9.37102, 11.32192, 4.88666],
			"rotation": {"angle": 22.5, "axis": "x", "origin": [8, 5.01943, 7.97]},
			"faces": {
				"north": {"uv": [12.25, 13.875, 12.3125, 14], "texture": "#5"},
				"east": {"uv": [6, 14.5, 6.03125, 14.625], "texture": "#5"},
				"south": {"uv": [13.875, 12.25, 13.9375, 12.375], "texture": "#5"},
				"west": {"uv": [14.5, 6, 14.53125, 6.125], "texture": "#5"},
				"up": {"uv": [12.5625, 14.78125, 12.5, 14.75], "texture": "#5"},
				"down": {"uv": [14.8125, 12.5, 14.75, 12.53125], "texture": "#5"}
			}
		},
		{
			"from": [8.882, 11.39899, 7.26612],
			"to": [9.372, 12.13399, 7.60912],
			"rotation": {"angle": 0, "axis": "y", "origin": [8, 5.01943, 7.97]},
			"faces": {
				"north": {"uv": [0.625, 14.25, 0.6875, 14.34375], "texture": "#5"},
				"east": {"uv": [14.625, 8.875, 14.65625, 8.96875], "texture": "#5"},
				"south": {"uv": [14.25, 0.625, 14.3125, 0.71875], "texture": "#5"},
				"west": {"uv": [9, 14.625, 9.03125, 14.71875], "texture": "#5"},
				"up": {"uv": [12.4375, 14.78125, 12.375, 14.75], "texture": "#5"},
				"down": {"uv": [14.8125, 12.375, 14.75, 12.40625], "texture": "#5"}
			}
		},
		{
			"from": [8.78302, 10.4341, 9.36211],
			"to": [9.37298, 11.1936, 10.09711],
			"rotation": {"angle": -22.5, "axis": "x", "origin": [8, 5.01943, 7.97]},
			"faces": {
				"north": {"uv": [0.375, 14.25, 0.4375, 14.34375], "texture": "#5"},
				"east": {"uv": [9, 13.75, 9.09375, 13.84375], "texture": "#5"},
				"south": {"uv": [14.25, 0.375, 14.3125, 0.46875], "texture": "#5"},
				"west": {"uv": [9.125, 13.75, 9.21875, 13.84375], "texture": "#5"},
				"up": {"uv": [0.5625, 14.34375, 0.5, 14.25], "texture": "#5"},
				"down": {"uv": [14.3125, 0.5, 14.25, 0.59375], "texture": "#5"}
			}
		},
		{
			"from": [6.32535, 9.47812, 7.11912],
			"to": [7.01135, 10.70312, 7.85412],
			"rotation": {"angle": -22.5, "axis": "z", "origin": [8, 5.01943, 7.97]},
			"faces": {
				"north": {"uv": [13, 0.125, 13.09375, 0.28125], "texture": "#5"},
				"east": {"uv": [13, 0.375, 13.09375, 0.53125], "texture": "#5"},
				"south": {"uv": [0.625, 13, 0.71875, 13.15625], "texture": "#5"},
				"west": {"uv": [0.75, 13, 0.84375, 13.15625], "texture": "#5"},
				"up": {"uv": [13.84375, 8.71875, 13.75, 8.625], "texture": "#5"},
				"down": {"uv": [8.96875, 13.75, 8.875, 13.84375], "texture": "#5"}
			}
		},
		{
			"from": [8.637, 9.85549, 7.11912],
			"to": [9.37396, 10.83549, 7.8551],
			"rotation": {"angle": 0, "axis": "y", "origin": [8, 5.01943, 7.97]},
			"faces": {
				"north": {"uv": [1.25, 13.375, 1.34375, 13.5], "texture": "#5"},
				"east": {"uv": [1.625, 13.375, 1.71875, 13.5], "texture": "#5"},
				"south": {"uv": [13.375, 1.625, 13.46875, 1.75], "texture": "#5"},
				"west": {"uv": [1.75, 13.375, 1.84375, 13.5], "texture": "#5"},
				"up": {"uv": [13.84375, 8.46875, 13.75, 8.375], "texture": "#5"},
				"down": {"uv": [13.84375, 8.5, 13.75, 8.59375], "texture": "#5"}
			}
		},
		{
			"from": [8.70952, 11.44736, 8.13872],
			"to": [9.44452, 11.66786, 8.38372],
			"rotation": {"angle": -22.5, "axis": "x", "origin": [8, 5.01943, 7.97]},
			"faces": {
				"north": {"uv": [14.625, 8.625, 14.71875, 8.65625], "texture": "#5"},
				"east": {"uv": [14.875, 7.375, 14.90625, 7.40625], "texture": "#5"},
				"south": {"uv": [8.75, 14.625, 8.84375, 14.65625], "texture": "#5"},
				"west": {"uv": [7.5, 14.875, 7.53125, 14.90625], "texture": "#5"},
				"up": {"uv": [14.71875, 8.78125, 14.625, 8.75], "texture": "#5"},
				"down": {"uv": [8.96875, 14.625, 8.875, 14.65625], "texture": "#5"}
			}
		},
		{
			"from": [8.245, 11.05536, 7.84472],
			"to": [8.882, 11.39836, 8.26122],
			"rotation": {"angle": -22.5, "axis": "x", "origin": [8, 5.01943, 7.97]},
			"faces": {
				"north": {"uv": [14.625, 2.875, 14.71875, 2.90625], "texture": "#5"},
				"east": {"uv": [0.5, 14.75, 0.5625, 14.78125], "texture": "#5"},
				"south": {"uv": [3, 14.625, 3.09375, 14.65625], "texture": "#5"},
				"west": {"uv": [14.75, 0.5, 14.8125, 0.53125], "texture": "#5"},
				"up": {"uv": [13.96875, 14.0625, 13.875, 14], "texture": "#5"},
				"down": {"uv": [14.09375, 13.875, 14, 13.9375], "texture": "#5"}
			}
		},
		{
			"from": [7.118, 11.05536, 7.84472],
			"to": [7.755, 11.39836, 8.26122],
			"rotation": {"angle": -22.5, "axis": "x", "origin": [8, 5.01943, 7.97]},
			"faces": {
				"north": {"uv": [14.625, 3.75, 14.71875, 3.78125], "texture": "#5"},
				"east": {"uv": [2.75, 14.75, 2.8125, 14.78125], "texture": "#5"},
				"south": {"uv": [3.875, 14.625, 3.96875, 14.65625], "texture": "#5"},
				"west": {"uv": [14.75, 2.75, 14.8125, 2.78125], "texture": "#5"},
				"up": {"uv": [14.21875, 2.0625, 14.125, 2], "texture": "#5"},
				"down": {"uv": [2.21875, 14.125, 2.125, 14.1875], "texture": "#5"}
			}
		},
		{
			"from": [8.3185, 9.42741, 3.36731],
			"to": [8.882, 9.84391, 3.61231],
			"rotation": {"angle": 22.5, "axis": "x", "origin": [8, 5.01943, 7.97]},
			"faces": {
				"north": {"uv": [5.875, 14.5, 5.9375, 14.5625], "texture": "#5"},
				"east": {"uv": [12.125, 14.75, 12.15625, 14.8125], "texture": "#5"},
				"south": {"uv": [14.5, 5.875, 14.5625, 5.9375], "texture": "#5"},
				"west": {"uv": [14.75, 12.125, 14.78125, 12.1875], "texture": "#5"},
				"up": {"uv": [12.3125, 14.78125, 12.25, 14.75], "texture": "#5"},
				"down": {"uv": [14.8125, 12.25, 14.75, 12.28125], "texture": "#5"}
			}
		},
		{
			"from": [12.24258, 8.76955, 5.64912],
			"to": [13.27158, 9.25955, 5.94312],
			"rotation": {"angle": 45, "axis": "z", "origin": [8, 5.01943, 7.97]},
			"faces": {
				"north": {"uv": [12.125, 13.875, 12.25, 13.9375], "texture": "#5"},
				"east": {"uv": [12, 14.75, 12.03125, 14.8125], "texture": "#5"},
				"south": {"uv": [13.875, 12.125, 14, 12.1875], "texture": "#5"},
				"west": {"uv": [14.75, 12, 14.78125, 12.0625], "texture": "#5"},
				"up": {"uv": [5.875, 14.53125, 5.75, 14.5], "texture": "#5"},
				"down": {"uv": [14.625, 5.75, 14.5, 5.78125], "texture": "#5"}
			}
		},
		{
			"from": [11.82608, 8.27955, 5.64912],
			"to": [13.29608, 8.76955, 7.11912],
			"rotation": {"angle": 45, "axis": "z", "origin": [8, 5.01943, 7.97]},
			"faces": {
				"north": {"uv": [13.375, 1.125, 13.5625, 1.1875], "texture": "#5"},
				"east": {"uv": [13.375, 1.25, 13.5625, 1.3125], "texture": "#5"},
				"south": {"uv": [13.375, 1.375, 13.5625, 1.4375], "texture": "#5"},
				"west": {"uv": [13.375, 1.5, 13.5625, 1.5625], "texture": "#5"},
				"up": {"uv": [5.1875, 11.3125, 5, 11.125], "texture": "#5"},
				"down": {"uv": [11.3125, 5.125, 11.125, 5.3125], "texture": "#5"}
			}
		},
		{
			"from": [9.35378, 10.22299, 6.67964],
			"to": [9.84378, 11.00699, 7.29214],
			"rotation": {"angle": 22.5, "axis": "y", "origin": [8, 5.01943, 7.97]},
			"faces": {
				"north": {"uv": [0.125, 14.25, 0.1875, 14.34375], "texture": "#5"},
				"east": {"uv": [14.25, 0.125, 14.3125, 0.21875], "texture": "#5"},
				"south": {"uv": [0.25, 14.25, 0.3125, 14.34375], "texture": "#5"},
				"west": {"uv": [14.25, 0.25, 14.3125, 0.34375], "texture": "#5"},
				"up": {"uv": [5.6875, 14.5625, 5.625, 14.5], "texture": "#5"},
				"down": {"uv": [14.5625, 5.625, 14.5, 5.6875], "texture": "#5"}
			}
		},
		{
			"from": [8.49, 9.18241, 3.61231],
			"to": [8.882, 9.67241, 4.10231],
			"rotation": {"angle": 22.5, "axis": "x", "origin": [8, 5.01943, 7.97]},
			"faces": {
				"north": {"uv": [5.25, 14.5, 5.3125, 14.5625], "texture": "#5"},
				"east": {"uv": [14.5, 5.25, 14.5625, 5.3125], "texture": "#5"},
				"south": {"uv": [5.375, 14.5, 5.4375, 14.5625], "texture": "#5"},
				"west": {"uv": [14.5, 5.375, 14.5625, 5.4375], "texture": "#5"},
				"up": {"uv": [5.5625, 14.5625, 5.5, 14.5], "texture": "#5"},
				"down": {"uv": [14.5625, 5.5, 14.5, 5.5625], "texture": "#5"}
			}
		},
		{
			"from": [8.49, 9.18241, 4.10231],
			"to": [8.98, 9.67241, 4.59231],
			"rotation": {"angle": 22.5, "axis": "x", "origin": [8, 5.01943, 7.97]},
			"faces": {
				"north": {"uv": [4.875, 14.5, 4.9375, 14.5625], "texture": "#5"},
				"east": {"uv": [14.5, 4.875, 14.5625, 4.9375], "texture": "#5"},
				"south": {"uv": [5, 14.5, 5.0625, 14.5625], "texture": "#5"},
				"west": {"uv": [14.5, 5, 14.5625, 5.0625], "texture": "#5"},
				"up": {"uv": [5.1875, 14.5625, 5.125, 14.5], "texture": "#5"},
				"down": {"uv": [14.5625, 5.125, 14.5, 5.1875], "texture": "#5"}
			}
		},
		{
			"from": [8.637, 9.18241, 4.73931],
			"to": [9.372, 9.67241, 5.22931],
			"rotation": {"angle": 22.5, "axis": "x", "origin": [8, 5.01943, 7.97]},
			"faces": {
				"north": {"uv": [14.125, 14, 14.21875, 14.0625], "texture": "#5"},
				"east": {"uv": [4.75, 14.5, 4.8125, 14.5625], "texture": "#5"},
				"south": {"uv": [14.125, 14.125, 14.21875, 14.1875], "texture": "#5"},
				"west": {"uv": [14.5, 4.75, 14.5625, 4.8125], "texture": "#5"},
				"up": {"uv": [0.09375, 14.3125, 0, 14.25], "texture": "#5"},
				"down": {"uv": [14.34375, 0, 14.25, 0.0625], "texture": "#5"}
			}
		},
		{
			"from": [8.637, 7.76923, 3.60909],
			"to": [9.372, 8.01423, 4.09909],
			"rotation": {"angle": 45, "axis": "x", "origin": [8, 5.01943, 7.97]},
			"faces": {
				"north": {"uv": [14.625, 8.5, 14.71875, 8.53125], "texture": "#5"},
				"east": {"uv": [11.875, 14.75, 11.9375, 14.78125], "texture": "#5"},
				"south": {"uv": [8.625, 14.625, 8.71875, 14.65625], "texture": "#5"},
				"west": {"uv": [14.75, 11.875, 14.8125, 11.90625], "texture": "#5"},
				"up": {"uv": [14.21875, 13.9375, 14.125, 13.875], "texture": "#5"},
				"down": {"uv": [14.09375, 14.125, 14, 14.1875], "texture": "#5"}
			}
		},
		{
			"from": [8.392, 9.03541, 5.44981],
			"to": [9.372, 9.45191, 6.08681],
			"rotation": {"angle": 22.5, "axis": "x", "origin": [8, 5.01943, 7.97]},
			"faces": {
				"north": {"uv": [12, 13.875, 12.125, 13.9375], "texture": "#5"},
				"east": {"uv": [14.125, 13.75, 14.21875, 13.8125], "texture": "#5"},
				"south": {"uv": [13.875, 12, 14, 12.0625], "texture": "#5"},
				"west": {"uv": [13.875, 14.125, 13.96875, 14.1875], "texture": "#5"},
				"up": {"uv": [1.125, 13.46875, 1, 13.375], "texture": "#5"},
				"down": {"uv": [1.25, 13.375, 1.125, 13.46875], "texture": "#5"}
			}
		},
		{
			"from": [8.7105, 11.93799, 6.13912],
			"to": [9.4455, 13.16299, 6.72712],
			"rotation": {"angle": 0, "axis": "y", "origin": [8, 5.01943, 7.97]},
			"faces": {
				"north": {"uv": [12.875, 12.875, 12.96875, 13.03125], "texture": "#5"},
				"east": {"uv": [8, 13.625, 8.0625, 13.78125], "texture": "#5"},
				"south": {"uv": [0, 13, 0.09375, 13.15625], "texture": "#5"},
				"west": {"uv": [13.625, 8, 13.6875, 8.15625], "texture": "#5"},
				"up": {"uv": [14.21875, 13.6875, 14.125, 13.625], "texture": "#5"},
				"down": {"uv": [13.84375, 14.125, 13.75, 14.1875], "texture": "#5"}
			}
		},
		{
			"from": [8.71148, 10.53882, 3.1628],
			"to": [9.44452, 11.83732, 3.6283],
			"rotation": {"angle": 22.5, "axis": "x", "origin": [8, 5.01943, 7.97]},
			"faces": {
				"north": {"uv": [12, 12.875, 12.09375, 13.03125], "texture": "#5"},
				"east": {"uv": [7.75, 13.625, 7.8125, 13.78125], "texture": "#5"},
				"south": {"uv": [12.625, 12.875, 12.71875, 13.03125], "texture": "#5"},
				"west": {"uv": [7.875, 13.625, 7.9375, 13.78125], "texture": "#5"},
				"up": {"uv": [14.21875, 13.5625, 14.125, 13.5], "texture": "#5"},
				"down": {"uv": [13.71875, 14.125, 13.625, 14.1875], "texture": "#5"}
			}
		},
		{
			"from": [6.20497, 10.25213, 6.13912],
			"to": [6.44997, 11.23213, 6.62912],
			"rotation": {"angle": -22.5, "axis": "z", "origin": [8, 5.01943, 7.97]},
			"faces": {
				"north": {"uv": [4.625, 14.5, 4.65625, 14.625], "texture": "#5"},
				"east": {"uv": [11.875, 13.875, 11.9375, 14], "texture": "#5"},
				"south": {"uv": [14.5, 4.625, 14.53125, 4.75], "texture": "#5"},
				"west": {"uv": [13.875, 11.875, 13.9375, 12], "texture": "#5"},
				"up": {"uv": [11.78125, 14.8125, 11.75, 14.75], "texture": "#5"},
				"down": {"uv": [14.78125, 11.75, 14.75, 11.8125], "texture": "#5"}
			}
		},
		{
			"from": [5.95997, 10.25213, 5.64912],
			"to": [6.44997, 11.72213, 6.13912],
			"rotation": {"angle": -22.5, "axis": "z", "origin": [8, 5.01943, 7.97]},
			"faces": {
				"north": {"uv": [13.375, 0.625, 13.4375, 0.8125], "texture": "#5"},
				"east": {"uv": [0.75, 13.375, 0.8125, 13.5625], "texture": "#5"},
				"south": {"uv": [0.875, 13.375, 0.9375, 13.5625], "texture": "#5"},
				"west": {"uv": [13.375, 0.875, 13.4375, 1.0625], "texture": "#5"},
				"up": {"uv": [4.5625, 14.5625, 4.5, 14.5], "texture": "#5"},
				"down": {"uv": [14.5625, 4.5, 14.5, 4.5625], "texture": "#5"}
			}
		},
		{
			"from": [8.46452, 9.83494, 3.36923],
			"to": [9.44452, 10.07994, 3.61423],
			"rotation": {"angle": 22.5, "axis": "x", "origin": [8, 5.01943, 7.97]},
			"faces": {
				"north": {"uv": [4.25, 14.5, 4.375, 14.53125], "texture": "#5"},
				"east": {"uv": [14.875, 7.25, 14.90625, 7.28125], "texture": "#5"},
				"south": {"uv": [14.5, 4.25, 14.625, 4.28125], "texture": "#5"},
				"west": {"uv": [7.375, 14.875, 7.40625, 14.90625], "texture": "#5"},
				"up": {"uv": [4.5, 14.53125, 4.375, 14.5], "texture": "#5"},
				"down": {"uv": [14.625, 4.375, 14.5, 4.40625], "texture": "#5"}
			}
		},
		{
			"from": [8.71148, 11.19372, 9.11649],
			"to": [9.44452, 12.41872, 9.60649],
			"rotation": {"angle": -22.5, "axis": "x", "origin": [8, 5.01943, 7.97]},
			"faces": {
				"north": {"uv": [10.875, 12.875, 10.96875, 13.03125], "texture": "#5"},
				"east": {"uv": [13.625, 7.5, 13.6875, 7.65625], "texture": "#5"},
				"south": {"uv": [11.625, 12.875, 11.71875, 13.03125], "texture": "#5"},
				"west": {"uv": [7.625, 13.625, 7.6875, 13.78125], "texture": "#5"},
				"up": {"uv": [14.21875, 13.4375, 14.125, 13.375], "texture": "#5"},
				"down": {"uv": [13.59375, 14.125, 13.5, 14.1875], "texture": "#5"}
			}
		},
		{
			"from": [8.7105, 11.00699, 5.64912],
			"to": [9.4455, 11.34999, 7.1201],
			"rotation": {"angle": 0, "axis": "y", "origin": [8, 5.01943, 7.97]},
			"faces": {
				"north": {"uv": [14.625, 8.375, 14.71875, 8.40625], "texture": "#5"},
				"east": {"uv": [13.25, 14.125, 13.4375, 14.15625], "texture": "#5"},
				"south": {"uv": [8.5, 14.625, 8.59375, 14.65625], "texture": "#5"},
				"west": {"uv": [14.125, 13.25, 14.3125, 13.28125], "texture": "#5"},
				"up": {"uv": [12.71875, 6.6875, 12.625, 6.5], "texture": "#5"},
				"down": {"uv": [6.84375, 12.625, 6.75, 12.8125], "texture": "#5"}
			}
		},
		{
			"from": [7.07396, 10.22017, 6.62912],
			"to": [7.31896, 10.39167, 7.11912],
			"rotation": {"angle": -22.5, "axis": "z", "origin": [8, 5.01943, 7.97]},
			"faces": {
				"north": {"uv": [14.875, 7.125, 14.90625, 7.15625], "texture": "#5"},
				"east": {"uv": [11.5, 14.75, 11.5625, 14.78125], "texture": "#5"},
				"south": {"uv": [7.25, 14.875, 7.28125, 14.90625], "texture": "#5"},
				"west": {"uv": [14.75, 11.5, 14.8125, 11.53125], "texture": "#5"},
				"up": {"uv": [11.65625, 14.8125, 11.625, 14.75], "texture": "#5"},
				"down": {"uv": [14.78125, 11.625, 14.75, 11.6875], "texture": "#5"}
			}
		},
		{
			"from": [8.7105, 10.22299, 6.62912],
			"to": [9.4455, 11.00699, 7.1201],
			"rotation": {"angle": 0, "axis": "y", "origin": [8, 5.01943, 7.97]},
			"faces": {
				"north": {"uv": [13.75, 8.125, 13.84375, 8.21875], "texture": "#5"},
				"east": {"uv": [13, 14.125, 13.0625, 14.21875], "texture": "#5"},
				"south": {"uv": [13.75, 8.25, 13.84375, 8.34375], "texture": "#5"},
				"west": {"uv": [14.125, 13, 14.1875, 13.09375], "texture": "#5"},
				"up": {"uv": [13.21875, 14.1875, 13.125, 14.125], "texture": "#5"},
				"down": {"uv": [14.21875, 13.125, 14.125, 13.1875], "texture": "#5"}
			}
		},
		{
			"from": [8.7105, 11.34999, 5.64814],
			"to": [9.4455, 11.93799, 6.62912],
			"rotation": {"angle": 0, "axis": "y", "origin": [8, 5.01943, 7.97]},
			"faces": {
				"north": {"uv": [12.875, 14.125, 12.96875, 14.1875], "texture": "#5"},
				"east": {"uv": [11.75, 13.875, 11.875, 13.9375], "texture": "#5"},
				"south": {"uv": [14.125, 12.875, 14.21875, 12.9375], "texture": "#5"},
				"west": {"uv": [13.875, 11.75, 14, 11.8125], "texture": "#5"},
				"up": {"uv": [0.59375, 13.5, 0.5, 13.375], "texture": "#5"},
				"down": {"uv": [0.71875, 13.375, 0.625, 13.5], "texture": "#5"}
			}
		},
		{
			"from": [5.21005, 8.17113, 4.79162],
			"to": [5.70005, 8.90613, 6.75162],
			"rotation": {"angle": -22.5, "axis": "z", "origin": [8, 5.01943, 7.97]},
			"faces": {
				"north": {"uv": [14.125, 12.625, 14.1875, 12.71875], "texture": "#5"},
				"east": {"uv": [8.375, 12.125, 8.625, 12.21875], "texture": "#5"},
				"south": {"uv": [14.125, 12.75, 14.1875, 12.84375], "texture": "#5"},
				"west": {"uv": [12.125, 8.375, 12.375, 8.46875], "texture": "#5"},
				"up": {"uv": [12.8125, 9.625, 12.75, 9.375], "texture": "#5"},
				"down": {"uv": [12.8125, 9.625, 12.75, 9.875], "texture": "#5"}
			}
		},
		{
			"from": [5.30805, 7.68113, 5.03662],
			"to": [5.79805, 8.17113, 6.75162],
			"rotation": {"angle": -22.5, "axis": "z", "origin": [8, 5.01943, 7.97]},
			"faces": {
				"north": {"uv": [4.125, 14.5, 4.1875, 14.5625], "texture": "#5"},
				"east": {"uv": [1.875, 13.125, 2.09375, 13.1875], "texture": "#5"},
				"south": {"uv": [14.5, 4.125, 14.5625, 4.1875], "texture": "#5"},
				"west": {"uv": [13.125, 1.875, 13.34375, 1.9375], "texture": "#5"},
				"up": {"uv": [2.1875, 13.34375, 2.125, 13.125], "texture": "#5"},
				"down": {"uv": [13.1875, 2.125, 13.125, 2.34375], "texture": "#5"}
			}
		},
		{
			"from": [5.40605, 6.70113, 5.77162],
			"to": [5.89605, 7.19113, 6.26162],
			"rotation": {"angle": -22.5, "axis": "z", "origin": [8, 5.01943, 7.97]},
			"faces": {
				"north": {"uv": [3.75, 14.5, 3.8125, 14.5625], "texture": "#5"},
				"east": {"uv": [14.5, 3.75, 14.5625, 3.8125], "texture": "#5"},
				"south": {"uv": [3.875, 14.5, 3.9375, 14.5625], "texture": "#5"},
				"west": {"uv": [14.5, 3.875, 14.5625, 3.9375], "texture": "#5"},
				"up": {"uv": [4.0625, 14.5625, 4, 14.5], "texture": "#5"},
				"down": {"uv": [14.5625, 4, 14.5, 4.0625], "texture": "#5"}
			}
		},
		{
			"from": [5.40605, 7.19113, 5.52662],
			"to": [5.89605, 7.43613, 6.50662],
			"rotation": {"angle": -22.5, "axis": "z", "origin": [8, 5.01943, 7.97]},
			"faces": {
				"north": {"uv": [11.375, 14.75, 11.4375, 14.78125], "texture": "#5"},
				"east": {"uv": [3.625, 14.5, 3.75, 14.53125], "texture": "#5"},
				"south": {"uv": [14.75, 11.375, 14.8125, 11.40625], "texture": "#5"},
				"west": {"uv": [14.5, 3.625, 14.625, 3.65625], "texture": "#5"},
				"up": {"uv": [11.6875, 14, 11.625, 13.875], "texture": "#5"},
				"down": {"uv": [13.9375, 11.625, 13.875, 11.75], "texture": "#5"}
			}
		},
		{
			"from": [5.30805, 7.43613, 5.28162],
			"to": [5.79805, 7.68113, 6.75162],
			"rotation": {"angle": -22.5, "axis": "z", "origin": [8, 5.01943, 7.97]},
			"faces": {
				"north": {"uv": [11.25, 14.75, 11.3125, 14.78125], "texture": "#5"},
				"east": {"uv": [14.125, 12.5, 14.3125, 12.53125], "texture": "#5"},
				"south": {"uv": [14.75, 11.25, 14.8125, 11.28125], "texture": "#5"},
				"west": {"uv": [12.625, 14.125, 12.8125, 14.15625], "texture": "#5"},
				"up": {"uv": [0.4375, 13.5625, 0.375, 13.375], "texture": "#5"},
				"down": {"uv": [13.4375, 0.375, 13.375, 0.5625], "texture": "#5"}
			}
		},
		{
			"from": [10.20195, 7.43613, 5.28162],
			"to": [10.69195, 7.68113, 6.75162],
			"rotation": {"angle": 22.5, "axis": "z", "origin": [8, 5.01943, 7.97]},
			"faces": {
				"north": {"uv": [11.125, 14.75, 11.1875, 14.78125], "texture": "#5"},
				"east": {"uv": [14.125, 12.25, 14.3125, 12.28125], "texture": "#5"},
				"south": {"uv": [14.75, 11.125, 14.8125, 11.15625], "texture": "#5"},
				"west": {"uv": [12.375, 14.125, 12.5625, 14.15625], "texture": "#5"},
				"up": {"uv": [13.4375, 0.3125, 13.375, 0.125], "texture": "#5"},
				"down": {"uv": [0.3125, 13.375, 0.25, 13.5625], "texture": "#5"}
			}
		},
		{
			"from": [10.10395, 6.70113, 5.77162],
			"to": [10.59395, 7.19113, 6.26162],
			"rotation": {"angle": 22.5, "axis": "z", "origin": [8, 5.01943, 7.97]},
			"faces": {
				"north": {"uv": [3.25, 14.5, 3.3125, 14.5625], "texture": "#5"},
				"east": {"uv": [14.5, 3.25, 14.5625, 3.3125], "texture": "#5"},
				"south": {"uv": [3.375, 14.5, 3.4375, 14.5625], "texture": "#5"},
				"west": {"uv": [14.5, 3.375, 14.5625, 3.4375], "texture": "#5"},
				"up": {"uv": [3.5625, 14.5625, 3.5, 14.5], "texture": "#5"},
				"down": {"uv": [14.5625, 3.5, 14.5, 3.5625], "texture": "#5"}
			}
		},
		{
			"from": [10.10395, 7.19113, 5.52662],
			"to": [10.59395, 7.43613, 6.50662],
			"rotation": {"angle": 22.5, "axis": "z", "origin": [8, 5.01943, 7.97]},
			"faces": {
				"north": {"uv": [11, 14.75, 11.0625, 14.78125], "texture": "#5"},
				"east": {"uv": [3.125, 14.5, 3.25, 14.53125], "texture": "#5"},
				"south": {"uv": [14.75, 11, 14.8125, 11.03125], "texture": "#5"},
				"west": {"uv": [14.5, 3.125, 14.625, 3.15625], "texture": "#5"},
				"up": {"uv": [11.5625, 14, 11.5, 13.875], "texture": "#5"},
				"down": {"uv": [13.9375, 11.5, 13.875, 11.625], "texture": "#5"}
			}
		},
		{
			"from": [10.20195, 7.68113, 5.03662],
			"to": [10.69195, 8.17113, 6.75162],
			"rotation": {"angle": 22.5, "axis": "z", "origin": [8, 5.01943, 7.97]},
			"faces": {
				"north": {"uv": [3, 14.5, 3.0625, 14.5625], "texture": "#5"},
				"east": {"uv": [1.5, 13.125, 1.71875, 13.1875], "texture": "#5"},
				"south": {"uv": [14.5, 3, 14.5625, 3.0625], "texture": "#5"},
				"west": {"uv": [13.125, 1.5, 13.34375, 1.5625], "texture": "#5"},
				"up": {"uv": [13.1875, 1.84375, 13.125, 1.625], "texture": "#5"},
				"down": {"uv": [1.8125, 13.125, 1.75, 13.34375], "texture": "#5"}
			}
		},
		{
			"from": [10.29995, 8.17113, 4.79162],
			"to": [10.78995, 8.90613, 6.75162],
			"rotation": {"angle": 22.5, "axis": "z", "origin": [8, 5.01943, 7.97]},
			"faces": {
				"north": {"uv": [14.125, 12.125, 14.1875, 12.21875], "texture": "#5"},
				"east": {"uv": [12.125, 8.125, 12.375, 8.21875], "texture": "#5"},
				"south": {"uv": [12.25, 14.125, 12.3125, 14.21875], "texture": "#5"},
				"west": {"uv": [12.125, 8.25, 12.375, 8.34375], "texture": "#5"},
				"up": {"uv": [8.5625, 13, 8.5, 12.75], "texture": "#5"},
				"down": {"uv": [12.8125, 9, 12.75, 9.25], "texture": "#5"}
			}
		},
		{
			"from": [6.2849, 9.73299, 6.07582],
			"to": [6.7749, 10.22299, 7.30082],
			"rotation": {"angle": -22.5, "axis": "y", "origin": [8, 5.01943, 7.97]},
			"faces": {
				"north": {"uv": [2.875, 14.5, 2.9375, 14.5625], "texture": "#5"},
				"east": {"uv": [6.875, 13.625, 7.03125, 13.6875], "texture": "#5"},
				"south": {"uv": [14.5, 2.875, 14.5625, 2.9375], "texture": "#5"},
				"west": {"uv": [13.625, 6.875, 13.78125, 6.9375], "texture": "#5"},
				"up": {"uv": [13.6875, 7.15625, 13.625, 7], "texture": "#5"},
				"down": {"uv": [13.6875, 7.25, 13.625, 7.40625], "texture": "#5"}
			}
		},
		{
			"from": [5.20126, 9.45637, 4.88962],
			"to": [5.44626, 10.11787, 6.60462],
			"rotation": {"angle": -22.5, "axis": "z", "origin": [8, 5.01943, 7.97]},
			"faces": {
				"north": {"uv": [14.625, 8.25, 14.65625, 8.34375], "texture": "#5"},
				"east": {"uv": [2, 12.375, 2.21875, 12.46875], "texture": "#5"},
				"south": {"uv": [8.375, 14.625, 8.40625, 14.71875], "texture": "#5"},
				"west": {"uv": [12.375, 2.125, 12.59375, 2.21875], "texture": "#5"},
				"up": {"uv": [14.03125, 8.09375, 14, 7.875], "texture": "#5"},
				"down": {"uv": [8.03125, 14, 8, 14.21875], "texture": "#5"}
			}
		},
		{
			"from": [7.1425, 7.06233, 2.36319],
			"to": [7.363, 7.33183, 2.65719],
			"rotation": {"angle": 45, "axis": "x", "origin": [8, 5.01943, 7.97]},
			"faces": {
				"north": {"uv": [5.625, 9.25, 5.75, 9.375], "texture": "#5"},
				"east": {"uv": [7.375, 9.25, 7.5, 9.375], "texture": "#5"},
				"south": {"uv": [9.375, 3, 9.5, 3.125], "texture": "#5"},
				"west": {"uv": [0.40625, 15.1875, 0.28125, 15.3125], "texture": "#5"},
				"up": {"uv": [9.625, 3.375, 9.5, 3.25], "texture": "#5"},
				"down": {"uv": [9.375, 9.75, 9.25, 9.875], "texture": "#5"}
			}
		},
		{
			"from": [8.637, 7.06233, 2.36319],
			"to": [8.8575, 7.33183, 2.65719],
			"rotation": {"angle": 45, "axis": "x", "origin": [8, 5.01943, 7.97]},
			"faces": {
				"north": {"uv": [2.375, 9, 2.5, 9.125], "texture": "#5"},
				"east": {"uv": [0.28125, 15.1875, 0.40625, 15.3125], "texture": "#5"},
				"south": {"uv": [1.375, 9.125, 1.5, 9.25], "texture": "#5"},
				"west": {"uv": [7.125, 9.125, 7.25, 9.25], "texture": "#5"},
				"up": {"uv": [9.125, 9.25, 9, 9.125], "texture": "#5"},
				"down": {"uv": [2.375, 9.25, 2.25, 9.375], "texture": "#5"}
			}
		},
		{
			"from": [9.2251, 9.73299, 6.07582],
			"to": [9.7151, 10.22299, 7.30082],
			"rotation": {"angle": 22.5, "axis": "y", "origin": [8, 5.01943, 7.97]},
			"faces": {
				"north": {"uv": [2.75, 14.5, 2.8125, 14.5625], "texture": "#5"},
				"east": {"uv": [6.25, 13.625, 6.40625, 13.6875], "texture": "#5"},
				"south": {"uv": [14.5, 2.75, 14.5625, 2.8125], "texture": "#5"},
				"west": {"uv": [6.5, 13.625, 6.65625, 13.6875], "texture": "#5"},
				"up": {"uv": [13.6875, 6.65625, 13.625, 6.5], "texture": "#5"},
				"down": {"uv": [6.8125, 13.625, 6.75, 13.78125], "texture": "#5"}
			}
		},
		{
			"from": [7.363, 10.56599, 4.88962],
			"to": [8.637, 10.81099, 5.62462],
			"rotation": {"angle": 0, "axis": "y", "origin": [8, 5.01943, 7.97]},
			"faces": {
				"north": {"uv": [14.375, 0, 14.53125, 0.03125], "texture": "#5"},
				"east": {"uv": [14.625, 8.125, 14.71875, 8.15625], "texture": "#5"},
				"south": {"uv": [0.125, 14.375, 0.28125, 14.40625], "texture": "#5"},
				"west": {"uv": [8.25, 14.625, 8.34375, 14.65625], "texture": "#5"},
				"up": {"uv": [12.53125, 12.96875, 12.375, 12.875], "texture": "#5"},
				"down": {"uv": [13.03125, 12.75, 12.875, 12.84375], "texture": "#5"}
			}
		},
		{
			"from": [10.55374, 9.45637, 4.88962],
			"to": [10.79874, 10.11787, 6.60462],
			"rotation": {"angle": 22.5, "axis": "z", "origin": [8, 5.01943, 7.97]},
			"faces": {
				"north": {"uv": [14.625, 8, 14.65625, 8.09375], "texture": "#5"},
				"east": {"uv": [12.375, 1.625, 12.59375, 1.71875], "texture": "#5"},
				"south": {"uv": [8.125, 14.625, 8.15625, 14.71875], "texture": "#5"},
				"west": {"uv": [12.375, 1.75, 12.59375, 1.84375], "texture": "#5"},
				"up": {"uv": [7.78125, 14.21875, 7.75, 14], "texture": "#5"},
				"down": {"uv": [7.90625, 14, 7.875, 14.21875], "texture": "#5"}
			}
		},
		{
			"from": [5.91047, 8.99799, 5.8288],
			"to": [6.40047, 9.97799, 7.2988],
			"rotation": {"angle": -22.5, "axis": "y", "origin": [8, 5.01943, 7.97]},
			"faces": {
				"north": {"uv": [14, 0.375, 14.0625, 0.5], "texture": "#5"},
				"east": {"uv": [10.5, 12.125, 10.6875, 12.25], "texture": "#5"},
				"south": {"uv": [0.5, 14, 0.5625, 14.125], "texture": "#5"},
				"west": {"uv": [12.125, 10.5, 12.3125, 10.625], "texture": "#5"},
				"up": {"uv": [13.4375, 6.5625, 13.375, 6.375], "texture": "#5"},
				"down": {"uv": [6.5625, 13.375, 6.5, 13.5625], "texture": "#5"}
			}
		},
		{
			"from": [6.00847, 8.75299, 6.3188],
			"to": [6.49847, 9.73299, 7.7888],
			"rotation": {"angle": -22.5, "axis": "y", "origin": [8, 5.01943, 7.97]},
			"faces": {
				"north": {"uv": [14, 0.5, 14.0625, 0.625], "texture": "#5"},
				"east": {"uv": [12.125, 10.625, 12.3125, 10.75], "texture": "#5"},
				"south": {"uv": [0.625, 14, 0.6875, 14.125], "texture": "#5"},
				"west": {"uv": [10.75, 12.125, 10.9375, 12.25], "texture": "#5"},
				"up": {"uv": [6.6875, 13.5625, 6.625, 13.375], "texture": "#5"},
				"down": {"uv": [6.8125, 13.375, 6.75, 13.5625], "texture": "#5"}
			}
		},
		{
			"from": [6.10647, 8.26299, 7.0538],
			"to": [6.59647, 8.50799, 8.0338],
			"rotation": {"angle": -22.5, "axis": "y", "origin": [8, 5.01943, 7.97]},
			"faces": {
				"north": {"uv": [14.25, 14.75, 14.3125, 14.78125], "texture": "#5"},
				"east": {"uv": [8.375, 14.5, 8.5, 14.53125], "texture": "#5"},
				"south": {"uv": [14.75, 14.25, 14.8125, 14.28125], "texture": "#5"},
				"west": {"uv": [14.5, 8.375, 14.625, 8.40625], "texture": "#5"},
				"up": {"uv": [14.0625, 0.875, 14, 0.75], "texture": "#5"},
				"down": {"uv": [0.9375, 14, 0.875, 14.125], "texture": "#5"}
			}
		},
		{
			"from": [6.10647, 8.50799, 6.8088],
			"to": [6.59647, 9.48799, 8.2788],
			"rotation": {"angle": -22.5, "axis": "y", "origin": [8, 5.01943, 7.97]},
			"faces": {
				"north": {"uv": [14, 0.625, 14.0625, 0.75], "texture": "#5"},
				"east": {"uv": [12.125, 10.75, 12.3125, 10.875], "texture": "#5"},
				"south": {"uv": [0.75, 14, 0.8125, 14.125], "texture": "#5"},
				"west": {"uv": [12.125, 10.875, 12.3125, 11], "texture": "#5"},
				"up": {"uv": [6.9375, 13.5625, 6.875, 13.375], "texture": "#5"},
				"down": {"uv": [7.0625, 13.375, 7, 13.5625], "texture": "#5"}
			}
		},
		{
			"from": [6.10647, 8.75299, 8.2788],
			"to": [6.59647, 9.24299, 9.0138],
			"rotation": {"angle": -22.5, "axis": "y", "origin": [8, 5.01943, 7.97]},
			"faces": {
				"north": {"uv": [8.5, 14.5, 8.5625, 14.5625], "texture": "#5"},
				"east": {"uv": [4.875, 14.25, 4.96875, 14.3125], "texture": "#5"},
				"south": {"uv": [14.5, 8.5, 14.5625, 8.5625], "texture": "#5"},
				"west": {"uv": [14.25, 4.875, 14.34375, 4.9375], "texture": "#5"},
				"up": {"uv": [5.0625, 14.34375, 5, 14.25], "texture": "#5"},
				"down": {"uv": [14.3125, 5, 14.25, 5.09375], "texture": "#5"}
			}
		},
		{
			"from": [9.40353, 8.26299, 7.0538],
			"to": [9.89353, 8.50799, 8.0338],
			"rotation": {"angle": 22.5, "axis": "y", "origin": [8, 5.01943, 7.97]},
			"faces": {
				"north": {"uv": [14.125, 14.75, 14.1875, 14.78125], "texture": "#5"},
				"east": {"uv": [8.25, 14.5, 8.375, 14.53125], "texture": "#5"},
				"south": {"uv": [14.75, 14.125, 14.8125, 14.15625], "texture": "#5"},
				"west": {"uv": [14.5, 8.25, 14.625, 8.28125], "texture": "#5"},
				"up": {"uv": [14.0625, 0.25, 14, 0.125], "texture": "#5"},
				"down": {"uv": [0.3125, 14, 0.25, 14.125], "texture": "#5"}
			}
		},
		{
			"from": [9.59953, 8.99799, 5.8288],
			"to": [10.08953, 9.97799, 7.2988],
			"rotation": {"angle": 22.5, "axis": "y", "origin": [8, 5.01943, 7.97]},
			"faces": {
				"north": {"uv": [13.875, 13.875, 13.9375, 14], "texture": "#5"},
				"east": {"uv": [10, 12.125, 10.1875, 12.25], "texture": "#5"},
				"south": {"uv": [0, 14, 0.0625, 14.125], "texture": "#5"},
				"west": {"uv": [12.125, 10, 12.3125, 10.125], "texture": "#5"},
				"up": {"uv": [5.8125, 13.5625, 5.75, 13.375], "texture": "#5"},
				"down": {"uv": [5.9375, 13.375, 5.875, 13.5625], "texture": "#5"}
			}
		},
		{
			"from": [9.50153, 8.75299, 6.3188],
			"to": [9.99153, 9.73299, 7.7888],
			"rotation": {"angle": 22.5, "axis": "y", "origin": [8, 5.01943, 7.97]},
			"faces": {
				"north": {"uv": [14, 0.25, 14.0625, 0.375], "texture": "#5"},
				"east": {"uv": [12.125, 10.25, 12.3125, 10.375], "texture": "#5"},
				"south": {"uv": [0.375, 14, 0.4375, 14.125], "texture": "#5"},
				"west": {"uv": [12.125, 10.375, 12.3125, 10.5], "texture": "#5"},
				"up": {"uv": [6.3125, 13.5625, 6.25, 13.375], "texture": "#5"},
				"down": {"uv": [6.4375, 13.375, 6.375, 13.5625], "texture": "#5"}
			}
		},
		{
			"from": [9.40353, 8.50799, 6.8088],
			"to": [9.89353, 9.48799, 8.2788],
			"rotation": {"angle": 22.5, "axis": "y", "origin": [8, 5.01943, 7.97]},
			"faces": {
				"north": {"uv": [14, 0, 14.0625, 0.125], "texture": "#5"},
				"east": {"uv": [12.125, 10.125, 12.3125, 10.25], "texture": "#5"},
				"south": {"uv": [0.125, 14, 0.1875, 14.125], "texture": "#5"},
				"west": {"uv": [10.25, 12.125, 10.4375, 12.25], "texture": "#5"},
				"up": {"uv": [6.0625, 13.5625, 6, 13.375], "texture": "#5"},
				"down": {"uv": [6.1875, 13.375, 6.125, 13.5625], "texture": "#5"}
			}
		},
		{
			"from": [9.40353, 8.75299, 8.2788],
			"to": [9.89353, 9.24299, 9.0138],
			"rotation": {"angle": 22.5, "axis": "y", "origin": [8, 5.01943, 7.97]},
			"faces": {
				"north": {"uv": [8.125, 14.5, 8.1875, 14.5625], "texture": "#5"},
				"east": {"uv": [4.5, 14.25, 4.59375, 14.3125], "texture": "#5"},
				"south": {"uv": [14.5, 8.125, 14.5625, 8.1875], "texture": "#5"},
				"west": {"uv": [14.25, 4.5, 14.34375, 4.5625], "texture": "#5"},
				"up": {"uv": [14.3125, 4.71875, 14.25, 4.625], "texture": "#5"},
				"down": {"uv": [14.3125, 4.75, 14.25, 4.84375], "texture": "#5"}
			}
		},
		{
			"from": [6.5545, 9.50434, 6.07553],
			"to": [7.0445, 9.99434, 6.32053],
			"rotation": {"angle": 22.5, "axis": "x", "origin": [8, 5.01943, 7.97]},
			"faces": {
				"north": {"uv": [9.875, 14.375, 9.9375, 14.4375], "texture": "#5"},
				"east": {"uv": [3.375, 14.75, 3.40625, 14.8125], "texture": "#5"},
				"south": {"uv": [14.375, 9.875, 14.4375, 9.9375], "texture": "#5"},
				"west": {"uv": [14.75, 3.375, 14.78125, 3.4375], "texture": "#5"},
				"up": {"uv": [3.5625, 14.78125, 3.5, 14.75], "texture": "#5"},
				"down": {"uv": [14.8125, 3.5, 14.75, 3.53125], "texture": "#5"}
			}
		},
		{
			"from": [6.55352, 8.01423, 5.37309],
			"to": [6.80048, 8.45523, 5.86309],
			"rotation": {"angle": 45, "axis": "x", "origin": [8, 5.01943, 7.97]},
			"faces": {
				"north": {"uv": [1.875, 14.75, 1.90625, 14.8125], "texture": "#5"},
				"east": {"uv": [7.75, 14.375, 7.8125, 14.4375], "texture": "#5"},
				"south": {"uv": [14.75, 1.875, 14.78125, 1.9375], "texture": "#5"},
				"west": {"uv": [14.375, 7.75, 14.4375, 7.8125], "texture": "#5"},
				"up": {"uv": [2.03125, 14.8125, 2, 14.75], "texture": "#5"},
				"down": {"uv": [14.78125, 2, 14.75, 2.0625], "texture": "#5"}
			}
		},
		{
			"from": [6.55548, 9.11234, 10.04828],
			"to": [7.04352, 9.57784, 10.14628],
			"rotation": {"angle": -22.5, "axis": "x", "origin": [8, 5.01943, 7.97]},
			"faces": {
				"north": {"uv": [7.625, 14.375, 7.6875, 14.4375], "texture": "#5"},
				"east": {"uv": [1.625, 14.75, 1.65625, 14.8125], "texture": "#5"},
				"south": {"uv": [14.375, 7.625, 14.4375, 7.6875], "texture": "#5"},
				"west": {"uv": [14.75, 1.625, 14.78125, 1.6875], "texture": "#5"},
				"up": {"uv": [1.8125, 14.78125, 1.75, 14.75], "texture": "#5"},
				"down": {"uv": [14.8125, 1.75, 14.75, 1.78125], "texture": "#5"}
			}
		},
		{
			"from": [6.55254, 8.81834, 10.14628],
			"to": [7.04646, 9.87184, 10.34228],
			"rotation": {"angle": -22.5, "axis": "x", "origin": [8, 5.01943, 7.97]},
			"faces": {
				"north": {"uv": [4.5, 13.875, 4.5625, 14], "texture": "#5"},
				"east": {"uv": [7.5, 14.375, 7.53125, 14.5], "texture": "#5"},
				"south": {"uv": [13.875, 4.5, 13.9375, 4.625], "texture": "#5"},
				"west": {"uv": [14.375, 7.5, 14.40625, 7.625], "texture": "#5"},
				"up": {"uv": [1.5625, 14.78125, 1.5, 14.75], "texture": "#5"},
				"down": {"uv": [14.8125, 1.5, 14.75, 1.53125], "texture": "#5"}
			}
		},
		{
			"from": [6.55352, 8.01423, 4.49109],
			"to": [7.04548, 8.67573, 5.37309],
			"rotation": {"angle": 45, "axis": "x", "origin": [8, 5.01943, 7.97]},
			"faces": {
				"north": {"uv": [14.125, 0.25, 14.1875, 0.34375], "texture": "#5"},
				"east": {"uv": [13.125, 11.125, 13.25, 11.21875], "texture": "#5"},
				"south": {"uv": [0.375, 14.125, 0.4375, 14.21875], "texture": "#5"},
				"west": {"uv": [11.25, 13.125, 11.375, 13.21875], "texture": "#5"},
				"up": {"uv": [4.4375, 14, 4.375, 13.875], "texture": "#5"},
				"down": {"uv": [13.9375, 4.375, 13.875, 4.5], "texture": "#5"}
			}
		},
		{
			"from": [8.9555, 9.50434, 6.07553],
			"to": [9.4455, 9.99434, 6.32053],
			"rotation": {"angle": 22.5, "axis": "x", "origin": [8, 5.01943, 7.97]},
			"faces": {
				"north": {"uv": [7.375, 14.375, 7.4375, 14.4375], "texture": "#5"},
				"east": {"uv": [1.25, 14.75, 1.28125, 14.8125], "texture": "#5"},
				"south": {"uv": [14.375, 7.375, 14.4375, 7.4375], "texture": "#5"},
				"west": {"uv": [14.75, 1.25, 14.78125, 1.3125], "texture": "#5"},
				"up": {"uv": [1.4375, 14.78125, 1.375, 14.75], "texture": "#5"},
				"down": {"uv": [14.8125, 1.375, 14.75, 1.40625], "texture": "#5"}
			}
		},
		{
			"from": [8.95648, 9.11234, 10.04828],
			"to": [9.44452, 9.57784, 10.14628],
			"rotation": {"angle": -22.5, "axis": "x", "origin": [8, 5.01943, 7.97]},
			"faces": {
				"north": {"uv": [14.375, 7.125, 14.4375, 7.1875], "texture": "#5"},
				"east": {"uv": [1, 14.75, 1.03125, 14.8125], "texture": "#5"},
				"south": {"uv": [7.25, 14.375, 7.3125, 14.4375], "texture": "#5"},
				"west": {"uv": [14.75, 1, 14.78125, 1.0625], "texture": "#5"},
				"up": {"uv": [1.1875, 14.78125, 1.125, 14.75], "texture": "#5"},
				"down": {"uv": [14.8125, 1.125, 14.75, 1.15625], "texture": "#5"}
			}
		},
		{
			"from": [8.95354, 8.81834, 10.14628],
			"to": [9.44746, 9.87184, 10.34228],
			"rotation": {"angle": -22.5, "axis": "x", "origin": [8, 5.01943, 7.97]},
			"faces": {
				"north": {"uv": [4.25, 13.875, 4.3125, 14], "texture": "#5"},
				"east": {"uv": [14.375, 7, 14.40625, 7.125], "texture": "#5"},
				"south": {"uv": [13.875, 4.25, 13.9375, 4.375], "texture": "#5"},
				"west": {"uv": [7.125, 14.375, 7.15625, 14.5], "texture": "#5"},
				"up": {"uv": [0.9375, 14.78125, 0.875, 14.75], "texture": "#5"},
				"down": {"uv": [14.8125, 0.875, 14.75, 0.90625], "texture": "#5"}
			}
		},
		{
			"from": [9.19952, 8.01423, 5.37309],
			"to": [9.44648, 8.45523, 5.86309],
			"rotation": {"angle": 45, "axis": "x", "origin": [8, 5.01943, 7.97]},
			"faces": {
				"north": {"uv": [14.625, 14.5, 14.65625, 14.5625], "texture": "#5"},
				"east": {"uv": [14.375, 5.375, 14.4375, 5.4375], "texture": "#5"},
				"south": {"uv": [14.625, 14.625, 14.65625, 14.6875], "texture": "#5"},
				"west": {"uv": [14.375, 5.5, 14.4375, 5.5625], "texture": "#5"},
				"up": {"uv": [0.03125, 14.8125, 0, 14.75], "texture": "#5"},
				"down": {"uv": [14.78125, 0, 14.75, 0.0625], "texture": "#5"}
			}
		},
		{
			"from": [8.95452, 8.01423, 4.49109],
			"to": [9.44648, 8.67573, 5.37309],
			"rotation": {"angle": 45, "axis": "x", "origin": [8, 5.01943, 7.97]},
			"faces": {
				"north": {"uv": [13.5, 14, 13.5625, 14.09375], "texture": "#5"},
				"east": {"uv": [13.125, 7.625, 13.25, 7.71875], "texture": "#5"},
				"south": {"uv": [14, 13.5, 14.0625, 13.59375], "texture": "#5"},
				"west": {"uv": [13.125, 8.75, 13.25, 8.84375], "texture": "#5"},
				"up": {"uv": [13.9375, 3.875, 13.875, 3.75], "texture": "#5"},
				"down": {"uv": [3.9375, 13.875, 3.875, 14], "texture": "#5"}
			}
		},
		{
			"from": [7.51, 9.06182, 2.83161],
			"to": [8.49, 9.55182, 3.12561],
			"rotation": {"angle": 22.5, "axis": "x", "origin": [8, 5.01943, 7.97]},
			"faces": {
				"north": {"uv": [13.875, 3.25, 14, 3.3125], "texture": "#5"},
				"east": {"uv": [14.625, 13.875, 14.65625, 13.9375], "texture": "#5"},
				"south": {"uv": [3.375, 13.875, 3.5, 13.9375], "texture": "#5"},
				"west": {"uv": [14, 14.625, 14.03125, 14.6875], "texture": "#5"},
				"up": {"uv": [4.75, 14.40625, 4.625, 14.375], "texture": "#5"},
				"down": {"uv": [14.5, 4.625, 14.375, 4.65625], "texture": "#5"}
			}
		},
		{
			"from": [7.51, 9.06182, 2.58661],
			"to": [8.49, 9.55182, 2.83161],
			"rotation": {"angle": 22.5, "axis": "x", "origin": [8, 5.01943, 7.97]},
			"faces": {
				"north": {"uv": [13.875, 3.125, 14, 3.1875], "texture": "#5"},
				"east": {"uv": [14.625, 13.75, 14.65625, 13.8125], "texture": "#5"},
				"south": {"uv": [3.25, 13.875, 3.375, 13.9375], "texture": "#5"},
				"west": {"uv": [13.875, 14.625, 13.90625, 14.6875], "texture": "#5"},
				"up": {"uv": [4.625, 14.40625, 4.5, 14.375], "texture": "#5"},
				"down": {"uv": [14.5, 4.5, 14.375, 4.53125], "texture": "#5"}
			}
		},
		{
			"from": [7.50902, 11.59245, 6.86801],
			"to": [8.49098, 12.03345, 7.35801],
			"rotation": {"angle": -22.5, "axis": "x", "origin": [8, 5.01943, 7.97]},
			"faces": {
				"north": {"uv": [13.875, 2.75, 14, 2.8125], "texture": "#5"},
				"east": {"uv": [14.375, 4.25, 14.4375, 4.3125], "texture": "#5"},
				"south": {"uv": [2.875, 13.875, 3, 13.9375], "texture": "#5"},
				"west": {"uv": [14.375, 4.375, 14.4375, 4.4375], "texture": "#5"},
				"up": {"uv": [3.125, 13.9375, 3, 13.875], "texture": "#5"},
				"down": {"uv": [3.25, 13.875, 3.125, 13.9375], "texture": "#5"}
			}
		},
		{
			"from": [7.51, 6.05783, 1.06469],
			"to": [7.6815, 6.69483, 1.55469],
			"rotation": {"angle": 45, "axis": "x", "origin": [8, 5.01943, 7.97]},
			"faces": {
				"north": {"uv": [14.625, 2.5, 14.65625, 2.59375], "texture": "#5"},
				"east": {"uv": [14, 11.875, 14.0625, 11.96875], "texture": "#5"},
				"south": {"uv": [2.625, 14.625, 2.65625, 14.71875], "texture": "#5"},
				"west": {"uv": [12, 14, 12.0625, 14.09375], "texture": "#5"},
				"up": {"uv": [14.65625, 13.6875, 14.625, 13.625], "texture": "#5"},
				"down": {"uv": [13.78125, 14.625, 13.75, 14.6875], "texture": "#5"}
			}
		},
		{
			"from": [8.3185, 6.05783, 1.06469],
			"to": [8.49, 6.69483, 1.55469],
			"rotation": {"angle": 45, "axis": "x", "origin": [8, 5.01943, 7.97]},
			"faces": {
				"north": {"uv": [14.625, 2.375, 14.65625, 2.46875], "texture": "#5"},
				"east": {"uv": [14, 11.75, 14.0625, 11.84375], "texture": "#5"},
				"south": {"uv": [2.5, 14.625, 2.53125, 14.71875], "texture": "#5"},
				"west": {"uv": [11.875, 14, 11.9375, 14.09375], "texture": "#5"},
				"up": {"uv": [14.65625, 13.5625, 14.625, 13.5], "texture": "#5"},
				"down": {"uv": [13.65625, 14.625, 13.625, 14.6875], "texture": "#5"}
			}
		},
		{
			"from": [7.6815, 11.91095, 6.86801],
			"to": [8.3185, 12.30295, 7.60301],
			"rotation": {"angle": -22.5, "axis": "x", "origin": [8, 5.01943, 7.97]},
			"faces": {
				"north": {"uv": [14, 11.5, 14.09375, 11.5625], "texture": "#5"},
				"east": {"uv": [11.625, 14, 11.71875, 14.0625], "texture": "#5"},
				"south": {"uv": [14, 11.625, 14.09375, 11.6875], "texture": "#5"},
				"west": {"uv": [11.75, 14, 11.84375, 14.0625], "texture": "#5"},
				"up": {"uv": [13.84375, 0.96875, 13.75, 0.875], "texture": "#5"},
				"down": {"uv": [1.09375, 13.75, 1, 13.84375], "texture": "#5"}
			}
		},
		{
			"from": [7.6816, 6.05783, 0.81969],
			"to": [8.3184, 6.79283, 1.06469],
			"rotation": {"angle": 45, "axis": "x", "origin": [8, 5.01943, 7.97]},
			"faces": {
				"north": {"uv": [13.75, 0.625, 13.84375, 0.71875], "texture": "#5"},
				"east": {"uv": [14.625, 2.125, 14.65625, 2.21875], "texture": "#5"},
				"south": {"uv": [13.75, 0.75, 13.84375, 0.84375], "texture": "#5"},
				"west": {"uv": [2.25, 14.625, 2.28125, 14.71875], "texture": "#5"},
				"up": {"uv": [14.71875, 2.28125, 14.625, 2.25], "texture": "#5"},
				"down": {"uv": [2.46875, 14.625, 2.375, 14.65625], "texture": "#5"}
			}
		},
		{
			"from": [7.6814, 9.08632, 2.56211],
			"to": [8.3186, 9.91932, 3.29711],
			"rotation": {"angle": 22.5, "axis": "x", "origin": [8, 5.01943, 7.97]},
			"faces": {
				"north": {"uv": [13.625, 13.625, 13.71875, 13.71875], "texture": "#5"},
				"east": {"uv": [0, 13.75, 0.09375, 13.84375], "texture": "#5"},
				"south": {"uv": [13.75, 0.125, 13.84375, 0.21875], "texture": "#5"},
				"west": {"uv": [13.75, 0.25, 13.84375, 0.34375], "texture": "#5"},
				"up": {"uv": [13.84375, 0.46875, 13.75, 0.375], "texture": "#5"},
				"down": {"uv": [13.84375, 0.5, 13.75, 0.59375], "texture": "#5"}
			}
		},
		{
			"from": [7.6815, 8.79232, 3.78711],
			"to": [8.3185, 9.77232, 5.01211],
			"rotation": {"angle": 22.5, "axis": "x", "origin": [8, 5.01943, 7.97]},
			"faces": {
				"north": {"uv": [11.25, 5, 11.34375, 5.125], "texture": "#5"},
				"east": {"uv": [7, 12.375, 7.15625, 12.5], "texture": "#5"},
				"south": {"uv": [6.625, 11.25, 6.71875, 11.375], "texture": "#5"},
				"west": {"uv": [7.25, 12.375, 7.40625, 12.5], "texture": "#5"},
				"up": {"uv": [12.84375, 12.90625, 12.75, 12.75], "texture": "#5"},
				"down": {"uv": [0.21875, 12.875, 0.125, 13.03125], "texture": "#5"}
			}
		},
		{
			"from": [7.6815, 9.35582, 3.29711],
			"to": [8.3185, 9.84582, 3.78711],
			"rotation": {"angle": 22.5, "axis": "x", "origin": [8, 5.01943, 7.97]},
			"faces": {
				"north": {"uv": [14, 11.25, 14.09375, 11.3125], "texture": "#5"},
				"east": {"uv": [14.375, 4.125, 14.4375, 4.1875], "texture": "#5"},
				"south": {"uv": [11.375, 14, 11.46875, 14.0625], "texture": "#5"},
				"west": {"uv": [4.25, 14.375, 4.3125, 14.4375], "texture": "#5"},
				"up": {"uv": [14.09375, 11.4375, 14, 11.375], "texture": "#5"},
				"down": {"uv": [11.59375, 14, 11.5, 14.0625], "texture": "#5"}
			}
		},
		{
			"from": [7.1914, 5.61683, 1.30969],
			"to": [7.51, 6.35183, 1.62819],
			"rotation": {"angle": 45, "axis": "x", "origin": [8, 5.01943, 7.97]},
			"faces": {
				"north": {"uv": [14.625, 1.875, 14.65625, 1.96875], "texture": "#5"},
				"east": {"uv": [2, 14.625, 2.03125, 14.71875], "texture": "#5"},
				"south": {"uv": [14.625, 2, 14.65625, 2.09375], "texture": "#5"},
				"west": {"uv": [2.125, 14.625, 2.15625, 14.71875], "texture": "#5"},
				"up": {"uv": [14.90625, 4.28125, 14.875, 4.25], "texture": "#5"},
				"down": {"uv": [4.40625, 14.875, 4.375, 14.90625], "texture": "#5"}
			}
		},
		{
			"from": [7.1915, 9.87999, 3.68912],
			"to": [7.51, 10.14949, 3.90962],
			"rotation": {"angle": 0, "axis": "y", "origin": [8, 5.01943, 7.97]},
			"faces": {
				"north": {"uv": [14.875, 3.875, 14.90625, 3.90625], "texture": "#5"},
				"east": {"uv": [4, 14.875, 4.03125, 14.90625], "texture": "#5"},
				"south": {"uv": [14.875, 4, 14.90625, 4.03125], "texture": "#5"},
				"west": {"uv": [4.125, 14.875, 4.15625, 14.90625], "texture": "#5"},
				"up": {"uv": [14.90625, 4.15625, 14.875, 4.125], "texture": "#5"},
				"down": {"uv": [4.28125, 14.875, 4.25, 14.90625], "texture": "#5"}
			}
		},
		{
			"from": [7.1915, 11.02895, 5.86351],
			"to": [7.51, 11.15145, 6.59851],
			"rotation": {"angle": -22.5, "axis": "x", "origin": [8, 5.01943, 7.97]},
			"faces": {
				"north": {"uv": [14.875, 3.75, 14.90625, 3.78125], "texture": "#5"},
				"east": {"uv": [14.625, 1.625, 14.71875, 1.65625], "texture": "#5"},
				"south": {"uv": [3.875, 14.875, 3.90625, 14.90625], "texture": "#5"},
				"west": {"uv": [1.75, 14.625, 1.84375, 14.65625], "texture": "#5"},
				"up": {"uv": [14.65625, 1.84375, 14.625, 1.75], "texture": "#5"},
				"down": {"uv": [1.90625, 14.625, 1.875, 14.71875], "texture": "#5"}
			}
		},
		{
			"from": [7.2405, 6.05783, 1.87319],
			"to": [7.4855, 6.30283, 2.36319],
			"rotation": {"angle": 45, "axis": "x", "origin": [8, 5.01943, 7.97]},
			"faces": {
				"north": {"uv": [14.875, 3.625, 14.90625, 3.65625], "texture": "#5"},
				"east": {"uv": [14.625, 13.25, 14.6875, 13.28125], "texture": "#5"},
				"south": {"uv": [3.75, 14.875, 3.78125, 14.90625], "texture": "#5"},
				"west": {"uv": [13.375, 14.625, 13.4375, 14.65625], "texture": "#5"},
				"up": {"uv": [14.65625, 13.4375, 14.625, 13.375], "texture": "#5"},
				"down": {"uv": [13.53125, 14.625, 13.5, 14.6875], "texture": "#5"}
			}
		},
		{
			"from": [7.1915, 9.97799, 3.95862],
			"to": [7.51, 10.36999, 4.71812],
			"rotation": {"angle": 0, "axis": "y", "origin": [8, 5.01943, 7.97]},
			"faces": {
				"north": {"uv": [14.625, 13.125, 14.65625, 13.1875], "texture": "#5"},
				"east": {"uv": [14, 11.125, 14.09375, 11.1875], "texture": "#5"},
				"south": {"uv": [13.25, 14.625, 13.28125, 14.6875], "texture": "#5"},
				"west": {"uv": [11.25, 14, 11.34375, 14.0625], "texture": "#5"},
				"up": {"uv": [14.65625, 1.59375, 14.625, 1.5], "texture": "#5"},
				"down": {"uv": [1.65625, 14.625, 1.625, 14.71875], "texture": "#5"}
			}
		},
		{
			"from": [7.1913, 10.95545, 6.64751],
			"to": [7.51, 11.69045, 7.38251],
			"rotation": {"angle": -22.5, "axis": "x", "origin": [8, 5.01943, 7.97]},
			"faces": {
				"north": {"uv": [14.625, 1.25, 14.65625, 1.34375], "texture": "#5"},
				"east": {"uv": [13.5, 13.625, 13.59375, 13.71875], "texture": "#5"},
				"south": {"uv": [1.375, 14.625, 1.40625, 14.71875], "texture": "#5"},
				"west": {"uv": [13.625, 13.5, 13.71875, 13.59375], "texture": "#5"},
				"up": {"uv": [14.65625, 1.46875, 14.625, 1.375], "texture": "#5"},
				"down": {"uv": [1.53125, 14.625, 1.5, 14.71875], "texture": "#5"}
			}
		},
		{
			"from": [7.0201, 9.36549, 4.64462],
			"to": [7.3631, 10.46799, 5.15912],
			"rotation": {"angle": 0, "axis": "y", "origin": [8, 5.01943, 7.97]},
			"faces": {
				"north": {"uv": [13.625, 14.25, 13.65625, 14.40625], "texture": "#5"},
				"east": {"uv": [12.5, 13.5, 12.5625, 13.65625], "texture": "#5"},
				"south": {"uv": [14.25, 13.625, 14.28125, 13.78125], "texture": "#5"},
				"west": {"uv": [12.625, 13.5, 12.6875, 13.65625], "texture": "#5"},
				"up": {"uv": [14.65625, 13.0625, 14.625, 13], "texture": "#5"},
				"down": {"uv": [13.15625, 14.625, 13.125, 14.6875], "texture": "#5"}
			}
		},
		{
			"from": [7.02, 8.13082, 3.44411],
			"to": [7.265, 8.91482, 4.42411],
			"rotation": {"angle": 22.5, "axis": "x", "origin": [8, 5.01943, 7.97]},
			"faces": {
				"north": {"uv": [14.625, 1.125, 14.65625, 1.21875], "texture": "#5"},
				"east": {"uv": [11.25, 2.125, 11.375, 2.21875], "texture": "#5"},
				"south": {"uv": [1.25, 14.625, 1.28125, 14.71875], "texture": "#5"},
				"west": {"uv": [2.375, 11.25, 2.5, 11.34375], "texture": "#5"},
				"up": {"uv": [4.03125, 14.5, 4, 14.375], "texture": "#5"},
				"down": {"uv": [14.40625, 4, 14.375, 4.125], "texture": "#5"}
			}
		},
		{
			"from": [6.1869, 9.85549, 5.70832],
			"to": [6.4319, 10.14949, 6.68832],
			"rotation": {"angle": -22.5, "axis": "y", "origin": [8, 5.01943, 7.97]},
			"faces": {
				"north": {"uv": [14.875, 3.5, 14.90625, 3.53125], "texture": "#5"},
				"east": {"uv": [3.75, 14.375, 3.875, 14.40625], "texture": "#5"},
				"south": {"uv": [3.625, 14.875, 3.65625, 14.90625], "texture": "#5"},
				"west": {"uv": [14.375, 3.75, 14.5, 3.78125], "texture": "#5"},
				"up": {"uv": [3.90625, 14.5, 3.875, 14.375], "texture": "#5"},
				"down": {"uv": [14.40625, 3.875, 14.375, 4], "texture": "#5"}
			}
		},
		{
			"from": [5.91047, 8.99799, 5.8288],
			"to": [6.40047, 9.97799, 7.2988],
			"rotation": {"angle": -22.5, "axis": "y", "origin": [8, 5.01943, 7.97]},
			"faces": {
				"north": {"uv": [13.875, 2.625, 13.9375, 2.75], "texture": "#5"},
				"east": {"uv": [11.875, 11.5, 12.0625, 11.625], "texture": "#5"},
				"south": {"uv": [2.75, 13.875, 2.8125, 14], "texture": "#5"},
				"west": {"uv": [11.625, 11.875, 11.8125, 12], "texture": "#5"},
				"up": {"uv": [13.1875, 9.4375, 13.125, 9.25], "texture": "#5"},
				"down": {"uv": [9.5625, 13.125, 9.5, 13.3125], "texture": "#5"}
			}
		},
		{
			"from": [6.00847, 8.75299, 6.3188],
			"to": [6.49847, 9.73299, 7.7888],
			"rotation": {"angle": -22.5, "axis": "y", "origin": [8, 5.01943, 7.97]},
			"faces": {
				"north": {"uv": [13.875, 2.5, 13.9375, 2.625], "texture": "#5"},
				"east": {"uv": [11.875, 11.25, 12.0625, 11.375], "texture": "#5"},
				"south": {"uv": [2.625, 13.875, 2.6875, 14], "texture": "#5"},
				"west": {"uv": [11.875, 11.375, 12.0625, 11.5], "texture": "#5"},
				"up": {"uv": [8.6875, 13.3125, 8.625, 13.125], "texture": "#5"},
				"down": {"uv": [13.1875, 9, 13.125, 9.1875], "texture": "#5"}
			}
		},
		{
			"from": [6.10647, 8.26299, 7.0538],
			"to": [6.59647, 8.50799, 8.0338],
			"rotation": {"angle": -22.5, "axis": "y", "origin": [8, 5.01943, 7.97]},
			"faces": {
				"north": {"uv": [14.625, 12.625, 14.6875, 12.65625], "texture": "#5"},
				"east": {"uv": [3, 14.375, 3.125, 14.40625], "texture": "#5"},
				"south": {"uv": [12.75, 14.625, 12.8125, 14.65625], "texture": "#5"},
				"west": {"uv": [14.375, 3, 14.5, 3.03125], "texture": "#5"},
				"up": {"uv": [2.1875, 14, 2.125, 13.875], "texture": "#5"},
				"down": {"uv": [2.3125, 13.875, 2.25, 14], "texture": "#5"}
			}
		},
		{
			"from": [6.10647, 8.50799, 6.8088],
			"to": [6.59647, 9.48799, 8.2788],
			"rotation": {"angle": -22.5, "axis": "y", "origin": [8, 5.01943, 7.97]},
			"faces": {
				"north": {"uv": [13.875, 1.875, 13.9375, 2], "texture": "#5"},
				"east": {"uv": [11, 11.875, 11.1875, 12], "texture": "#5"},
				"south": {"uv": [2, 13.875, 2.0625, 14], "texture": "#5"},
				"west": {"uv": [11.875, 11.125, 12.0625, 11.25], "texture": "#5"},
				"up": {"uv": [13.1875, 8.3125, 13.125, 8.125], "texture": "#5"},
				"down": {"uv": [8.3125, 13.125, 8.25, 13.3125], "texture": "#5"}
			}
		},
		{
			"from": [6.10647, 8.75299, 8.2788],
			"to": [6.59647, 9.24299, 9.0138],
			"rotation": {"angle": -22.5, "axis": "y", "origin": [8, 5.01943, 7.97]},
			"faces": {
				"north": {"uv": [2.875, 14.375, 2.9375, 14.4375], "texture": "#5"},
				"east": {"uv": [10.625, 14, 10.71875, 14.0625], "texture": "#5"},
				"south": {"uv": [14.375, 2.875, 14.4375, 2.9375], "texture": "#5"},
				"west": {"uv": [14, 10.625, 14.09375, 10.6875], "texture": "#5"},
				"up": {"uv": [10.8125, 14.09375, 10.75, 14], "texture": "#5"},
				"down": {"uv": [14.0625, 10.75, 14, 10.84375], "texture": "#5"}
			}
		},
		{
			"from": [8.49, 10.95545, 6.64751],
			"to": [8.8087, 11.69045, 7.38251],
			"rotation": {"angle": -22.5, "axis": "x", "origin": [8, 5.01943, 7.97]},
			"faces": {
				"north": {"uv": [14.625, 0.875, 14.65625, 0.96875], "texture": "#5"},
				"east": {"uv": [13.375, 13.625, 13.46875, 13.71875], "texture": "#5"},
				"south": {"uv": [1, 14.625, 1.03125, 14.71875], "texture": "#5"},
				"west": {"uv": [13.625, 13.375, 13.71875, 13.46875], "texture": "#5"},
				"up": {"uv": [14.65625, 1.09375, 14.625, 1], "texture": "#5"},
				"down": {"uv": [1.15625, 14.625, 1.125, 14.71875], "texture": "#5"}
			}
		},
		{
			"from": [8.49, 11.02895, 5.86351],
			"to": [8.8085, 11.15145, 6.59851],
			"rotation": {"angle": -22.5, "axis": "x", "origin": [8, 5.01943, 7.97]},
			"faces": {
				"north": {"uv": [14.875, 3.375, 14.90625, 3.40625], "texture": "#5"},
				"east": {"uv": [14.625, 0.625, 14.71875, 0.65625], "texture": "#5"},
				"south": {"uv": [3.5, 14.875, 3.53125, 14.90625], "texture": "#5"},
				"west": {"uv": [0.75, 14.625, 0.84375, 14.65625], "texture": "#5"},
				"up": {"uv": [14.65625, 0.84375, 14.625, 0.75], "texture": "#5"},
				"down": {"uv": [0.90625, 14.625, 0.875, 14.71875], "texture": "#5"}
			}
		},
		{
			"from": [8.49, 9.87999, 3.68912],
			"to": [8.8085, 10.14949, 3.90962],
			"rotation": {"angle": 0, "axis": "y", "origin": [8, 5.01943, 7.97]},
			"faces": {
				"north": {"uv": [14.875, 3, 14.90625, 3.03125], "texture": "#5"},
				"east": {"uv": [3.125, 14.875, 3.15625, 14.90625], "texture": "#5"},
				"south": {"uv": [14.875, 3.125, 14.90625, 3.15625], "texture": "#5"},
				"west": {"uv": [3.25, 14.875, 3.28125, 14.90625], "texture": "#5"},
				"up": {"uv": [14.90625, 3.28125, 14.875, 3.25], "texture": "#5"},
				"down": {"uv": [3.40625, 14.875, 3.375, 14.90625], "texture": "#5"}
			}
		},
		{
			"from": [8.49, 9.97799, 3.95862],
			"to": [8.8085, 10.36999, 4.71812],
			"rotation": {"angle": 0, "axis": "y", "origin": [8, 5.01943, 7.97]},
			"faces": {
				"north": {"uv": [14.625, 12.5, 14.65625, 12.5625], "texture": "#5"},
				"east": {"uv": [10.5, 14, 10.59375, 14.0625], "texture": "#5"},
				"south": {"uv": [12.625, 14.625, 12.65625, 14.6875], "texture": "#5"},
				"west": {"uv": [14, 10.5, 14.09375, 10.5625], "texture": "#5"},
				"up": {"uv": [14.65625, 0.59375, 14.625, 0.5], "texture": "#5"},
				"down": {"uv": [0.65625, 14.625, 0.625, 14.71875], "texture": "#5"}
			}
		},
		{
			"from": [8.49, 5.61683, 1.30969],
			"to": [8.8086, 6.35183, 1.62819],
			"rotation": {"angle": 45, "axis": "x", "origin": [8, 5.01943, 7.97]},
			"faces": {
				"north": {"uv": [14.625, 0.25, 14.65625, 0.34375], "texture": "#5"},
				"east": {"uv": [0.375, 14.625, 0.40625, 14.71875], "texture": "#5"},
				"south": {"uv": [14.625, 0.375, 14.65625, 0.46875], "texture": "#5"},
				"west": {"uv": [0.5, 14.625, 0.53125, 14.71875], "texture": "#5"},
				"up": {"uv": [14.90625, 2.90625, 14.875, 2.875], "texture": "#5"},
				"down": {"uv": [3.03125, 14.875, 3, 14.90625], "texture": "#5"}
			}
		},
		{
			"from": [8.49, 9.31395, 7.33351],
			"to": [8.98, 10.04895, 7.57851],
			"rotation": {"angle": -22.5, "axis": "x", "origin": [8, 5.01943, 7.97]},
			"faces": {
				"north": {"uv": [10.375, 14, 10.4375, 14.09375], "texture": "#5"},
				"east": {"uv": [14.625, 0.125, 14.65625, 0.21875], "texture": "#5"},
				"south": {"uv": [14, 10.375, 14.0625, 10.46875], "texture": "#5"},
				"west": {"uv": [0.25, 14.625, 0.28125, 14.71875], "texture": "#5"},
				"up": {"uv": [14.6875, 12.40625, 14.625, 12.375], "texture": "#5"},
				"down": {"uv": [12.5625, 14.625, 12.5, 14.65625], "texture": "#5"}
			}
		},
		{
			"from": [9.5681, 9.85549, 5.70832],
			"to": [9.8131, 10.14949, 6.68832],
			"rotation": {"angle": 22.5, "axis": "y", "origin": [8, 5.01943, 7.97]},
			"faces": {
				"north": {"uv": [14.875, 2.75, 14.90625, 2.78125], "texture": "#5"},
				"east": {"uv": [14.375, 1.625, 14.5, 1.65625], "texture": "#5"},
				"south": {"uv": [2.875, 14.875, 2.90625, 14.90625], "texture": "#5"},
				"west": {"uv": [1.75, 14.375, 1.875, 14.40625], "texture": "#5"},
				"up": {"uv": [14.40625, 1.875, 14.375, 1.75], "texture": "#5"},
				"down": {"uv": [1.90625, 14.375, 1.875, 14.5], "texture": "#5"}
			}
		},
		{
			"from": [8.735, 8.13082, 3.44411],
			"to": [8.98, 8.91482, 4.42411],
			"rotation": {"angle": 22.5, "axis": "x", "origin": [8, 5.01943, 7.97]},
			"faces": {
				"north": {"uv": [14.625, 0, 14.65625, 0.09375], "texture": "#5"},
				"east": {"uv": [0.25, 11.25, 0.375, 11.34375], "texture": "#5"},
				"south": {"uv": [0.125, 14.625, 0.15625, 14.71875], "texture": "#5"},
				"west": {"uv": [11.25, 0.625, 11.375, 0.71875], "texture": "#5"},
				"up": {"uv": [14.40625, 1.625, 14.375, 1.5], "texture": "#5"},
				"down": {"uv": [1.65625, 14.375, 1.625, 14.5], "texture": "#5"}
			}
		},
		{
			"from": [8.6369, 9.36549, 4.64462],
			"to": [8.9799, 10.46799, 5.15912],
			"rotation": {"angle": 0, "axis": "y", "origin": [8, 5.01943, 7.97]},
			"faces": {
				"north": {"uv": [14.25, 13.375, 14.28125, 13.53125], "texture": "#5"},
				"east": {"uv": [13.5, 12.25, 13.5625, 12.40625], "texture": "#5"},
				"south": {"uv": [13.5, 14.25, 13.53125, 14.40625], "texture": "#5"},
				"west": {"uv": [12.375, 13.5, 12.4375, 13.65625], "texture": "#5"},
				"up": {"uv": [14.65625, 11.9375, 14.625, 11.875], "texture": "#5"},
				"down": {"uv": [12.03125, 14.625, 12, 14.6875], "texture": "#5"}
			}
		},
		{
			"from": [8.5145, 6.05783, 1.87319],
			"to": [8.7595, 6.30283, 2.36319],
			"rotation": {"angle": 45, "axis": "x", "origin": [8, 5.01943, 7.97]},
			"faces": {
				"north": {"uv": [14.875, 2.625, 14.90625, 2.65625], "texture": "#5"},
				"east": {"uv": [14.625, 11.625, 14.6875, 11.65625], "texture": "#5"},
				"south": {"uv": [2.75, 14.875, 2.78125, 14.90625], "texture": "#5"},
				"west": {"uv": [11.75, 14.625, 11.8125, 14.65625], "texture": "#5"},
				"up": {"uv": [14.65625, 11.8125, 14.625, 11.75], "texture": "#5"},
				"down": {"uv": [11.90625, 14.625, 11.875, 14.6875], "texture": "#5"}
			}
		},
		{
			"from": [7.0199, 6.52333, 1.75069],
			"to": [8.9801, 6.93983, 2.60819],
			"rotation": {"angle": 45, "axis": "x", "origin": [8, 5.01943, 7.97]},
			"faces": {
				"north": {"uv": [12.75, 1, 13, 1.0625], "texture": "#5"},
				"east": {"uv": [13.875, 1.125, 14, 1.1875], "texture": "#5"},
				"south": {"uv": [12.75, 2.25, 13, 2.3125], "texture": "#5"},
				"west": {"uv": [1.25, 13.875, 1.375, 13.9375], "texture": "#5"},
				"up": {"uv": [4.875, 1, 4.625, 0.875], "texture": "#5"},
				"down": {"uv": [5.875, 1.875, 5.625, 2], "texture": "#5"}
			}
		},
		{
			"from": [6.6525, 6.74383, 3.41669],
			"to": [9.3475, 8.26283, 4.64169],
			"rotation": {"angle": 45, "axis": "x", "origin": [8, 5.01943, 7.97]},
			"faces": {
				"north": {"uv": [4.625, 8.5, 4.96875, 8.6875], "texture": "#5"},
				"east": {"uv": [11.625, 3.125, 11.78125, 3.3125], "texture": "#5"},
				"south": {"uv": [8.5, 4.625, 8.84375, 4.8125], "texture": "#5"},
				"west": {"uv": [3.25, 11.625, 3.40625, 11.8125], "texture": "#5"},
				"up": {"uv": [1.59375, 9.65625, 1.25, 9.5], "texture": "#5"},
				"down": {"uv": [9.84375, 2.125, 9.5, 2.28125], "texture": "#5"}
			}
		},
		{
			"from": [6.8975, 8.89745, 6.96601],
			"to": [7.3875, 10.22045, 7.45601],
			"rotation": {"angle": -22.5, "axis": "x", "origin": [8, 5.01943, 7.97]},
			"faces": {
				"north": {"uv": [12, 13.5, 12.0625, 13.65625], "texture": "#5"},
				"east": {"uv": [13.5, 12, 13.5625, 12.15625], "texture": "#5"},
				"south": {"uv": [12.125, 13.5, 12.1875, 13.65625], "texture": "#5"},
				"west": {"uv": [12.25, 13.5, 12.3125, 13.65625], "texture": "#5"},
				"up": {"uv": [14.4375, 1.4375, 14.375, 1.375], "texture": "#5"},
				"down": {"uv": [1.5625, 14.375, 1.5, 14.4375], "texture": "#5"}
			}
		},
		{
			"from": [6.6525, 5.56783, 4.0046],
			"to": [7.3875, 6.05783, 5.6216],
			"rotation": {"angle": 45, "axis": "x", "origin": [8, 5.01943, 7.97]},
			"faces": {
				"north": {"uv": [14, 9.125, 14.09375, 9.1875], "texture": "#5"},
				"east": {"uv": [13, 9.875, 13.21875, 9.9375], "texture": "#5"},
				"south": {"uv": [9.25, 14, 9.34375, 14.0625], "texture": "#5"},
				"west": {"uv": [13, 10.625, 13.21875, 10.6875], "texture": "#5"},
				"up": {"uv": [12.34375, 7.46875, 12.25, 7.25], "texture": "#5"},
				"down": {"uv": [12.34375, 7.5, 12.25, 7.71875], "texture": "#5"}
			}
		},
		{
			"from": [8.6125, 5.56783, 4.0046],
			"to": [9.3475, 6.05783, 5.6216],
			"rotation": {"angle": 45, "axis": "x", "origin": [8, 5.01943, 7.97]},
			"faces": {
				"north": {"uv": [14, 9, 14.09375, 9.0625], "texture": "#5"},
				"east": {"uv": [13, 8.375, 13.21875, 8.4375], "texture": "#5"},
				"south": {"uv": [9.125, 14, 9.21875, 14.0625], "texture": "#5"},
				"west": {"uv": [13, 8.875, 13.21875, 8.9375], "texture": "#5"},
				"up": {"uv": [4.59375, 12.46875, 4.5, 12.25], "texture": "#5"},
				"down": {"uv": [6.96875, 12.25, 6.875, 12.46875], "texture": "#5"}
			}
		},
		{
			"from": [8.6125, 8.89745, 6.96601],
			"to": [9.1025, 10.22045, 7.45601],
			"rotation": {"angle": -22.5, "axis": "x", "origin": [8, 5.01943, 7.97]},
			"faces": {
				"north": {"uv": [11.5, 13.5, 11.5625, 13.65625], "texture": "#5"},
				"east": {"uv": [13.5, 11.5, 13.5625, 11.65625], "texture": "#5"},
				"south": {"uv": [11.75, 13.5, 11.8125, 13.65625], "texture": "#5"},
				"west": {"uv": [11.875, 13.5, 11.9375, 13.65625], "texture": "#5"},
				"up": {"uv": [14.4375, 1.3125, 14.375, 1.25], "texture": "#5"},
				"down": {"uv": [1.4375, 14.375, 1.375, 14.4375], "texture": "#5"}
			}
		},
		{
			"from": [6.579, 6.05783, 4.64169],
			"to": [9.421, 8.26283, 5.86669],
			"rotation": {"angle": 45, "axis": "x", "origin": [8, 5.01943, 7.97]},
			"faces": {
				"north": {"uv": [1.5, 6.75, 1.875, 7.03125], "texture": "#5"},
				"east": {"uv": [6.375, 10.25, 6.53125, 10.53125], "texture": "#5"},
				"south": {"uv": [6.75, 1.5, 7.125, 1.78125], "texture": "#5"},
				"west": {"uv": [6.625, 10.25, 6.78125, 10.53125], "texture": "#5"},
				"up": {"uv": [9.5, 0.15625, 9.125, 0], "texture": "#5"},
				"down": {"uv": [9.5, 0.25, 9.125, 0.40625], "texture": "#5"}
			}
		},
		{
			"from": [7.8775, 8.72595, 9.63651],
			"to": [8.1225, 9.70595, 10.12651],
			"rotation": {"angle": -22.5, "axis": "x", "origin": [8, 5.01943, 7.97]},
			"faces": {
				"north": {"uv": [14.375, 1.125, 14.40625, 1.25], "texture": "#5"},
				"east": {"uv": [13.875, 1, 13.9375, 1.125], "texture": "#5"},
				"south": {"uv": [1.25, 14.375, 1.28125, 14.5], "texture": "#5"},
				"west": {"uv": [1.125, 13.875, 1.1875, 14], "texture": "#5"},
				"up": {"uv": [14.65625, 11.5625, 14.625, 11.5], "texture": "#5"},
				"down": {"uv": [11.65625, 14.625, 11.625, 14.6875], "texture": "#5"}
			}
		},
		{
			"from": [7.8775, 10.19595, 8.75451],
			"to": [8.1225, 10.93095, 9.24451],
			"rotation": {"angle": -22.5, "axis": "x", "origin": [8, 5.01943, 7.97]},
			"faces": {
				"north": {"uv": [14.5, 14.5, 14.53125, 14.59375], "texture": "#5"},
				"east": {"uv": [14, 8.875, 14.0625, 8.96875], "texture": "#5"},
				"south": {"uv": [0, 14.625, 0.03125, 14.71875], "texture": "#5"},
				"west": {"uv": [9, 14, 9.0625, 14.09375], "texture": "#5"},
				"up": {"uv": [14.65625, 11.4375, 14.625, 11.375], "texture": "#5"},
				"down": {"uv": [11.53125, 14.625, 11.5, 14.6875], "texture": "#5"}
			}
		},
		{
			"from": [7.755, 8.26283, 3.51469],
			"to": [8.245, 8.50783, 4.24969],
			"rotation": {"angle": 45, "axis": "x", "origin": [8, 5.01943, 7.97]},
			"faces": {
				"north": {"uv": [14.625, 11.25, 14.6875, 11.28125], "texture": "#5"},
				"east": {"uv": [14.375, 14.5, 14.46875, 14.53125], "texture": "#5"},
				"south": {"uv": [11.375, 14.625, 11.4375, 14.65625], "texture": "#5"},
				"west": {"uv": [14.5, 14.375, 14.59375, 14.40625], "texture": "#5"},
				"up": {"uv": [14.0625, 8.84375, 14, 8.75], "texture": "#5"},
				"down": {"uv": [8.9375, 14, 8.875, 14.09375], "texture": "#5"}
			}
		},
		{
			"from": [7.51, 8.26283, 4.24969],
			"to": [8.49, 8.50783, 5.86669],
			"rotation": {"angle": 45, "axis": "x", "origin": [8, 5.01943, 7.97]},
			"faces": {
				"north": {"uv": [14.375, 1, 14.5, 1.03125], "texture": "#5"},
				"east": {"uv": [14, 6.375, 14.21875, 6.40625], "texture": "#5"},
				"south": {"uv": [1.125, 14.375, 1.25, 14.40625], "texture": "#5"},
				"west": {"uv": [6.5, 14, 6.71875, 14.03125], "texture": "#5"},
				"up": {"uv": [11.875, 1.21875, 11.75, 1], "texture": "#5"},
				"down": {"uv": [1.375, 11.75, 1.25, 11.96875], "texture": "#5"}
			}
		},
		{
			"from": [7.363, 10.56599, 4.88962],
			"to": [8.637, 10.81099, 5.62462],
			"rotation": {"angle": 0, "axis": "y", "origin": [8, 5.01943, 7.97]},
			"faces": {
				"north": {"uv": [13, 14.25, 13.15625, 14.28125], "texture": "#5"},
				"east": {"uv": [13.625, 14.5, 13.71875, 14.53125], "texture": "#5"},
				"south": {"uv": [14.25, 13, 14.40625, 13.03125], "texture": "#5"},
				"west": {"uv": [14.5, 13.625, 14.59375, 13.65625], "texture": "#5"},
				"up": {"uv": [12.90625, 12.59375, 12.75, 12.5], "texture": "#5"},
				"down": {"uv": [12.90625, 12.625, 12.75, 12.71875], "texture": "#5"}
			}
		},
		{
			"from": [7.5345, 8.71882, 2.75811],
			"to": [8.4655, 9.45382, 3.73811],
			"rotation": {"angle": 22.5, "axis": "x", "origin": [8, 5.01943, 7.97]},
			"faces": {
				"north": {"uv": [9.25, 10.875, 9.375, 10.96875], "texture": "#5"},
				"east": {"uv": [3, 11.125, 3.125, 11.21875], "texture": "#5"},
				"south": {"uv": [7.875, 11.125, 8, 11.21875], "texture": "#5"},
				"west": {"uv": [8.5, 11.125, 8.625, 11.21875], "texture": "#5"},
				"up": {"uv": [3, 3.75, 2.875, 3.625], "texture": "#5"},
				"down": {"uv": [0.75, 4.25, 0.625, 4.375], "texture": "#5"}
			}
		}
	],
	"display": {
		"head": {
			"rotation": [0, 180, 0]
		}
	}
}