{
	"credit": "Made with Blockbench",
	"textures": {
		"1": "animated_java:item/dino_aj/texture"
	},
	"elements": [
		{
			"from": [7.3875, 7.46302, -1.95371],
			"to": [8.6125, 7.70802, -0.23871],
			"rotation": {"angle": 45, "axis": "x", "origin": [0.16, 1.42799, 4.81633]},
			"faces": {
				"north": {"uv": [0.375, 14.375, 0.53125, 14.40625], "texture": "#1"},
				"east": {"uv": [8.125, 14, 8.34375, 14.03125], "texture": "#1"},
				"south": {"uv": [14.375, 0.375, 14.53125, 0.40625], "texture": "#1"},
				"west": {"uv": [8.375, 14, 8.59375, 14.03125], "texture": "#1"},
				"up": {"uv": [11.53125, 11.09375, 11.375, 10.875], "texture": "#1"},
				"down": {"uv": [11.15625, 11.375, 11, 11.59375], "texture": "#1"}
			}
		},
		{
			"from": [6.873, 7.46302, -0.23871],
			"to": [9.127, 8.19802, 0.98629],
			"rotation": {"angle": 45, "axis": "x", "origin": [0.16, 1.42799, 4.81633]},
			"faces": {
				"north": {"uv": [5.375, 11.875, 5.65625, 11.96875], "texture": "#1"},
				"east": {"uv": [13, 4.625, 13.15625, 4.71875], "texture": "#1"},
				"south": {"uv": [11.875, 5.375, 12.15625, 5.46875], "texture": "#1"},
				"west": {"uv": [4.875, 13, 5.03125, 13.09375], "texture": "#1"},
				"up": {"uv": [10.78125, 2.53125, 10.5, 2.375], "texture": "#1"},
				"down": {"uv": [10.78125, 2.625, 10.5, 2.78125], "texture": "#1"}
			}
		},
		{
			"from": [6.726, 8.70299, 5.06133],
			"to": [7.216, 9.19299, 5.79633],
			"rotation": {"angle": -22.5, "axis": "y", "origin": [0.16, 1.42799, 4.81633]},
			"faces": {
				"north": {"uv": [8.5, 14.5, 8.5625, 14.5625], "texture": "#1"},
				"east": {"uv": [4.875, 14.25, 4.96875, 14.3125], "texture": "#1"},
				"south": {"uv": [14.5, 8.5, 14.5625, 8.5625], "texture": "#1"},
				"west": {"uv": [14.25, 4.875, 14.34375, 4.9375], "texture": "#1"},
				"up": {"uv": [5.0625, 14.34375, 5, 14.25], "texture": "#1"},
				"down": {"uv": [14.3125, 5, 14.25, 5.09375], "texture": "#1"}
			}
		},
		{
			"from": [6.726, 8.21299, 3.83633],
			"to": [7.216, 8.45799, 4.81633],
			"rotation": {"angle": -22.5, "axis": "y", "origin": [0.16, 1.42799, 4.81633]},
			"faces": {
				"north": {"uv": [14.25, 14.75, 14.3125, 14.78125], "texture": "#1"},
				"east": {"uv": [8.375, 14.5, 8.5, 14.53125], "texture": "#1"},
				"south": {"uv": [14.75, 14.25, 14.8125, 14.28125], "texture": "#1"},
				"west": {"uv": [14.5, 8.375, 14.625, 8.40625], "texture": "#1"},
				"up": {"uv": [14.0625, 0.875, 14, 0.75], "texture": "#1"},
				"down": {"uv": [0.9375, 14, 0.875, 14.125], "texture": "#1"}
			}
		},
		{
			"from": [6.726, 8.45799, 3.59133],
			"to": [7.216, 9.43799, 5.06133],
			"rotation": {"angle": -22.5, "axis": "y", "origin": [0.16, 1.42799, 4.81633]},
			"faces": {
				"north": {"uv": [14, 0.625, 14.0625, 0.75], "texture": "#1"},
				"east": {"uv": [12.125, 10.75, 12.3125, 10.875], "texture": "#1"},
				"south": {"uv": [0.75, 14, 0.8125, 14.125], "texture": "#1"},
				"west": {"uv": [12.125, 10.875, 12.3125, 11], "texture": "#1"},
				"up": {"uv": [6.9375, 13.5625, 6.875, 13.375], "texture": "#1"},
				"down": {"uv": [7.0625, 13.375, 7, 13.5625], "texture": "#1"}
			}
		},
		{
			"from": [6.628, 8.70299, 3.10133],
			"to": [7.118, 9.68299, 4.57133],
			"rotation": {"angle": -22.5, "axis": "y", "origin": [0.16, 1.42799, 4.81633]},
			"faces": {
				"north": {"uv": [14, 0.5, 14.0625, 0.625], "texture": "#1"},
				"east": {"uv": [12.125, 10.625, 12.3125, 10.75], "texture": "#1"},
				"south": {"uv": [0.625, 14, 0.6875, 14.125], "texture": "#1"},
				"west": {"uv": [10.75, 12.125, 10.9375, 12.25], "texture": "#1"},
				"up": {"uv": [6.6875, 13.5625, 6.625, 13.375], "texture": "#1"},
				"down": {"uv": [6.8125, 13.375, 6.75, 13.5625], "texture": "#1"}
			}
		},
		{
			"from": [6.53, 8.94799, 2.61133],
			"to": [7.02, 9.92799, 4.08133],
			"rotation": {"angle": -22.5, "axis": "y", "origin": [0.16, 1.42799, 4.81633]},
			"faces": {
				"north": {"uv": [14, 0.375, 14.0625, 0.5], "texture": "#1"},
				"east": {"uv": [10.5, 12.125, 10.6875, 12.25], "texture": "#1"},
				"south": {"uv": [0.5, 14, 0.5625, 14.125], "texture": "#1"},
				"west": {"uv": [12.125, 10.5, 12.3125, 10.625], "texture": "#1"},
				"up": {"uv": [13.4375, 6.5625, 13.375, 6.375], "texture": "#1"},
				"down": {"uv": [6.5625, 13.375, 6.5, 13.5625], "texture": "#1"}
			}
		},
		{
			"from": [8.882, 8.70299, 3.10133],
			"to": [9.372, 9.68299, 4.57133],
			"rotation": {"angle": 22.5, "axis": "y", "origin": [15.84, 1.42799, 4.81633]},
			"faces": {
				"north": {"uv": [14, 0.25, 14.0625, 0.375], "texture": "#1"},
				"east": {"uv": [12.125, 10.25, 12.3125, 10.375], "texture": "#1"},
				"south": {"uv": [0.375, 14, 0.4375, 14.125], "texture": "#1"},
				"west": {"uv": [12.125, 10.375, 12.3125, 10.5], "texture": "#1"},
				"up": {"uv": [6.3125, 13.5625, 6.25, 13.375], "texture": "#1"},
				"down": {"uv": [6.4375, 13.375, 6.375, 13.5625], "texture": "#1"}
			}
		},
		{
			"from": [8.784, 8.21299, 3.83633],
			"to": [9.274, 8.45799, 4.81633],
			"rotation": {"angle": 22.5, "axis": "y", "origin": [15.84, 1.42799, 4.81633]},
			"faces": {
				"north": {"uv": [14.125, 14.75, 14.1875, 14.78125], "texture": "#1"},
				"east": {"uv": [8.25, 14.5, 8.375, 14.53125], "texture": "#1"},
				"south": {"uv": [14.75, 14.125, 14.8125, 14.15625], "texture": "#1"},
				"west": {"uv": [14.5, 8.25, 14.625, 8.28125], "texture": "#1"},
				"up": {"uv": [14.0625, 0.25, 14, 0.125], "texture": "#1"},
				"down": {"uv": [0.3125, 14, 0.25, 14.125], "texture": "#1"}
			}
		},
		{
			"from": [8.784, 8.45799, 3.59133],
			"to": [9.274, 9.43799, 5.06133],
			"rotation": {"angle": 22.5, "axis": "y", "origin": [15.84, 1.42799, 4.81633]},
			"faces": {
				"north": {"uv": [14, 0, 14.0625, 0.125], "texture": "#1"},
				"east": {"uv": [12.125, 10.125, 12.3125, 10.25], "texture": "#1"},
				"south": {"uv": [0.125, 14, 0.1875, 14.125], "texture": "#1"},
				"west": {"uv": [10.25, 12.125, 10.4375, 12.25], "texture": "#1"},
				"up": {"uv": [6.0625, 13.5625, 6, 13.375], "texture": "#1"},
				"down": {"uv": [6.1875, 13.375, 6.125, 13.5625], "texture": "#1"}
			}
		},
		{
			"from": [8.784, 8.70299, 5.06133],
			"to": [9.274, 9.19299, 5.79633],
			"rotation": {"angle": 22.5, "axis": "y", "origin": [15.84, 1.42799, 4.81633]},
			"faces": {
				"north": {"uv": [8.125, 14.5, 8.1875, 14.5625], "texture": "#1"},
				"east": {"uv": [4.5, 14.25, 4.59375, 14.3125], "texture": "#1"},
				"south": {"uv": [14.5, 8.125, 14.5625, 8.1875], "texture": "#1"},
				"west": {"uv": [14.25, 4.5, 14.34375, 4.5625], "texture": "#1"},
				"up": {"uv": [14.3125, 4.71875, 14.25, 4.625], "texture": "#1"},
				"down": {"uv": [14.3125, 4.75, 14.25, 4.84375], "texture": "#1"}
			}
		},
		{
			"from": [8.98, 8.94799, 2.61133],
			"to": [9.47, 9.92799, 4.08133],
			"rotation": {"angle": 22.5, "axis": "y", "origin": [15.84, 1.42799, 4.81633]},
			"faces": {
				"north": {"uv": [13.875, 13.875, 13.9375, 14], "texture": "#1"},
				"east": {"uv": [10, 12.125, 10.1875, 12.25], "texture": "#1"},
				"south": {"uv": [0, 14, 0.0625, 14.125], "texture": "#1"},
				"west": {"uv": [12.125, 10, 12.3125, 10.125], "texture": "#1"},
				"up": {"uv": [5.8125, 13.5625, 5.75, 13.375], "texture": "#1"},
				"down": {"uv": [5.9375, 13.375, 5.875, 13.5625], "texture": "#1"}
			}
		},
		{
			"from": [6.8975, 5.89156, 8.59403],
			"to": [9.1025, 8.34156, 9.32903],
			"rotation": {"angle": -22.5, "axis": "x", "origin": [0.16, 1.42799, 4.81633]},
			"faces": {
				"north": {"uv": [7.625, 2.125, 7.90625, 2.4375], "texture": "#1"},
				"east": {"uv": [5.875, 11.625, 5.96875, 11.9375], "texture": "#1"},
				"south": {"uv": [2.625, 7.625, 2.90625, 7.9375], "texture": "#1"},
				"west": {"uv": [11.25, 11.625, 11.34375, 11.9375], "texture": "#1"},
				"up": {"uv": [12.15625, 5.09375, 11.875, 5], "texture": "#1"},
				"down": {"uv": [12.15625, 5.25, 11.875, 5.34375], "texture": "#1"}
			}
		},
		{
			"from": [7.3875, 7.23299, 5.11033],
			"to": [7.6325, 9.92799, 6.58033],
			"rotation": {"angle": 0, "axis": "y", "origin": [15.84, 1.42799, 4.81633]},
			"faces": {
				"north": {"uv": [13.5, 10, 13.53125, 10.34375], "texture": "#1"},
				"east": {"uv": [8.625, 6.125, 8.8125, 6.46875], "texture": "#1"},
				"south": {"uv": [10.25, 13.5, 10.28125, 13.84375], "texture": "#1"},
				"west": {"uv": [6.25, 8.625, 6.4375, 8.96875], "texture": "#1"},
				"up": {"uv": [14.28125, 4.4375, 14.25, 4.25], "texture": "#1"},
				"down": {"uv": [4.40625, 14.25, 4.375, 14.4375], "texture": "#1"}
			}
		},
		{
			"from": [8.3675, 7.23299, 5.11033],
			"to": [8.6125, 9.92799, 6.58033],
			"rotation": {"angle": 0, "axis": "y", "origin": [0.16, 1.42799, 4.81633]},
			"faces": {
				"north": {"uv": [13.5, 9.25, 13.53125, 9.59375], "texture": "#1"},
				"east": {"uv": [5.75, 8.625, 5.9375, 8.96875], "texture": "#1"},
				"south": {"uv": [13.5, 9.625, 13.53125, 9.96875], "texture": "#1"},
				"west": {"uv": [6, 8.625, 6.1875, 8.96875], "texture": "#1"},
				"up": {"uv": [14.28125, 4.1875, 14.25, 4], "texture": "#1"},
				"down": {"uv": [4.15625, 14.25, 4.125, 14.4375], "texture": "#1"}
			}
		},
		{
			"from": [7.6815, 7.46302, -2.34571],
			"to": [8.3185, 7.70802, -1.95371],
			"rotation": {"angle": 45, "axis": "x", "origin": [0.16, 1.42799, 4.81633]},
			"faces": {
				"north": {"uv": [14.625, 9.625, 14.71875, 9.65625], "texture": "#1"},
				"east": {"uv": [14, 14.75, 14.0625, 14.78125], "texture": "#1"},
				"south": {"uv": [9.75, 14.625, 9.84375, 14.65625], "texture": "#1"},
				"west": {"uv": [14.75, 14, 14.8125, 14.03125], "texture": "#1"},
				"up": {"uv": [14.34375, 3.9375, 14.25, 3.875], "texture": "#1"},
				"down": {"uv": [4.09375, 14.25, 4, 14.3125], "texture": "#1"}
			}
		},
		{
			"from": [7.50902, 10.05656, 8.00603],
			"to": [8.49098, 10.49756, 8.49603],
			"rotation": {"angle": -22.5, "axis": "x", "origin": [0.16, 1.42799, 4.81633]},
			"faces": {
				"north": {"uv": [13.875, 2.75, 14, 2.8125], "texture": "#1"},
				"east": {"uv": [14.375, 4.25, 14.4375, 4.3125], "texture": "#1"},
				"south": {"uv": [2.875, 13.875, 3, 13.9375], "texture": "#1"},
				"west": {"uv": [14.375, 4.375, 14.4375, 4.4375], "texture": "#1"},
				"up": {"uv": [3.125, 13.9375, 3, 13.875], "texture": "#1"},
				"down": {"uv": [3.25, 13.875, 3.125, 13.9375], "texture": "#1"}
			}
		},
		{
			"from": [10.38121, 9.34606, 7.14383],
			"to": [11.06721, 10.57106, 7.87883],
			"rotation": {"angle": 22.5, "axis": "z", "origin": [8.49, 1.42799, 8.00133]},
			"faces": {
				"north": {"uv": [12.875, 2.375, 12.96875, 2.53125], "texture": "#1"},
				"east": {"uv": [12.875, 2.625, 12.96875, 2.78125], "texture": "#1"},
				"south": {"uv": [2.75, 12.875, 2.84375, 13.03125], "texture": "#1"},
				"west": {"uv": [12.875, 2.875, 12.96875, 3.03125], "texture": "#1"},
				"up": {"uv": [2.59375, 13.84375, 2.5, 13.75], "texture": "#1"},
				"down": {"uv": [2.71875, 13.75, 2.625, 13.84375], "texture": "#1"}
			}
		},
		{
			"from": [6.5545, 9.41956, 3.68462],
			"to": [7.0445, 9.90956, 3.92962],
			"rotation": {"angle": 22.5, "axis": "x", "origin": [7.265, -1.12001, 6.87433]},
			"faces": {
				"north": {"uv": [9.875, 14.375, 9.9375, 14.4375], "texture": "#1"},
				"east": {"uv": [3.375, 14.75, 3.40625, 14.8125], "texture": "#1"},
				"south": {"uv": [14.375, 9.875, 14.4375, 9.9375], "texture": "#1"},
				"west": {"uv": [14.75, 3.375, 14.78125, 3.4375], "texture": "#1"},
				"up": {"uv": [3.5625, 14.78125, 3.5, 14.75], "texture": "#1"},
				"down": {"uv": [14.8125, 3.5, 14.75, 3.53125], "texture": "#1"}
			}
		},
		{
			"from": [0.27447, 7.56102, 5.67383],
			"to": [1.30347, 8.05102, 5.96783],
			"rotation": {"angle": -45, "axis": "z", "origin": [8.1715, 1.42799, 7.75633]},
			"faces": {
				"north": {"uv": [5.125, 13.875, 5.25, 13.9375], "texture": "#1"},
				"east": {"uv": [3.25, 14.75, 3.28125, 14.8125], "texture": "#1"},
				"south": {"uv": [13.875, 5.125, 14, 5.1875], "texture": "#1"},
				"west": {"uv": [14.75, 3.25, 14.78125, 3.3125], "texture": "#1"},
				"up": {"uv": [9.875, 14.40625, 9.75, 14.375], "texture": "#1"},
				"down": {"uv": [14.5, 9.75, 14.375, 9.78125], "texture": "#1"}
			}
		},
		{
			"from": [10.92021, 10.00756, 5.67383],
			"to": [11.41021, 11.47756, 6.16383],
			"rotation": {"angle": 22.5, "axis": "z", "origin": [8.196, 1.42799, 7.75633]},
			"faces": {
				"north": {"uv": [12.375, 13.125, 12.4375, 13.3125], "texture": "#1"},
				"east": {"uv": [13.125, 12.375, 13.1875, 12.5625], "texture": "#1"},
				"south": {"uv": [12.5, 13.125, 12.5625, 13.3125], "texture": "#1"},
				"west": {"uv": [12.625, 13.125, 12.6875, 13.3125], "texture": "#1"},
				"up": {"uv": [9.6875, 14.4375, 9.625, 14.375], "texture": "#1"},
				"down": {"uv": [14.4375, 9.625, 14.375, 9.6875], "texture": "#1"}
			}
		},
		{
			"from": [10.92021, 10.00756, 6.16383],
			"to": [11.16521, 10.98756, 6.65383],
			"rotation": {"angle": 22.5, "axis": "z", "origin": [8.196, 1.42799, 7.75633]},
			"faces": {
				"north": {"uv": [9.5, 14.375, 9.53125, 14.5], "texture": "#1"},
				"east": {"uv": [5, 13.875, 5.0625, 14], "texture": "#1"},
				"south": {"uv": [14.375, 9.5, 14.40625, 9.625], "texture": "#1"},
				"west": {"uv": [13.875, 5, 13.9375, 5.125], "texture": "#1"},
				"up": {"uv": [3.15625, 14.8125, 3.125, 14.75], "texture": "#1"},
				"down": {"uv": [14.78125, 3.125, 14.75, 3.1875], "texture": "#1"}
			}
		},
		{
			"from": [6.55548, 11.35506, 1.47962],
			"to": [7.28852, 12.65356, 1.94512],
			"rotation": {"angle": 22.5, "axis": "x", "origin": [7.51, 1.10949, 4.96333]},
			"faces": {
				"north": {"uv": [2, 12.875, 2.09375, 13.03125], "texture": "#1"},
				"east": {"uv": [0.5, 13.625, 0.5625, 13.78125], "texture": "#1"},
				"south": {"uv": [2.125, 12.875, 2.21875, 13.03125], "texture": "#1"},
				"west": {"uv": [13.625, 0.5, 13.6875, 0.65625], "texture": "#1"},
				"up": {"uv": [14.21875, 2.5625, 14.125, 2.5], "texture": "#1"},
				"down": {"uv": [2.71875, 14.125, 2.625, 14.1875], "texture": "#1"}
			}
		},
		{
			"from": [6.5545, 11.88799, 6.16383],
			"to": [7.2895, 13.11299, 6.75183],
			"rotation": {"angle": 0, "axis": "y", "origin": [7.51, 1.10949, 4.96333]},
			"faces": {
				"north": {"uv": [1.875, 12.875, 1.96875, 13.03125], "texture": "#1"},
				"east": {"uv": [0.25, 13.625, 0.3125, 13.78125], "texture": "#1"},
				"south": {"uv": [12.875, 1.875, 12.96875, 2.03125], "texture": "#1"},
				"west": {"uv": [0.375, 13.625, 0.4375, 13.78125], "texture": "#1"},
				"up": {"uv": [14.21875, 2.4375, 14.125, 2.375], "texture": "#1"},
				"down": {"uv": [2.59375, 14.125, 2.5, 14.1875], "texture": "#1"}
			}
		},
		{
			"from": [6.5545, 11.29999, 5.67285],
			"to": [7.2895, 11.88799, 6.65383],
			"rotation": {"angle": 0, "axis": "y", "origin": [8.196, 1.52599, 7.56033]},
			"faces": {
				"north": {"uv": [14.125, 2.25, 14.21875, 2.3125], "texture": "#1"},
				"east": {"uv": [4.875, 13.875, 5, 13.9375], "texture": "#1"},
				"south": {"uv": [2.375, 14.125, 2.46875, 14.1875], "texture": "#1"},
				"west": {"uv": [13.875, 4.875, 14, 4.9375], "texture": "#1"},
				"up": {"uv": [12.34375, 13.25, 12.25, 13.125], "texture": "#1"},
				"down": {"uv": [13.21875, 12.25, 13.125, 12.375], "texture": "#1"}
			}
		},
		{
			"from": [6.55548, 10.72093, 10.41609],
			"to": [7.28852, 11.94593, 10.90609],
			"rotation": {"angle": -22.5, "axis": "x", "origin": [8.19502, 1.55336, 7.56939]},
			"faces": {
				"north": {"uv": [12.875, 1.625, 12.96875, 1.78125], "texture": "#1"},
				"east": {"uv": [13.5, 13.375, 13.5625, 13.53125], "texture": "#1"},
				"south": {"uv": [1.75, 12.875, 1.84375, 13.03125], "texture": "#1"},
				"west": {"uv": [0.125, 13.625, 0.1875, 13.78125], "texture": "#1"},
				"up": {"uv": [14.21875, 2.1875, 14.125, 2.125], "texture": "#1"},
				"down": {"uv": [2.34375, 14.125, 2.25, 14.1875], "texture": "#1"}
			}
		},
		{
			"from": [6.55548, 11.03656, 9.50053],
			"to": [7.29048, 11.25706, 9.74553],
			"rotation": {"angle": -22.5, "axis": "x", "origin": [8, 1.42799, 7.75633]},
			"faces": {
				"north": {"uv": [14.625, 3.875, 14.71875, 3.90625], "texture": "#1"},
				"east": {"uv": [14.875, 5, 14.90625, 5.03125], "texture": "#1"},
				"south": {"uv": [4, 14.625, 4.09375, 14.65625], "texture": "#1"},
				"west": {"uv": [5.125, 14.875, 5.15625, 14.90625], "texture": "#1"},
				"up": {"uv": [14.71875, 4.03125, 14.625, 4], "texture": "#1"},
				"down": {"uv": [4.21875, 14.625, 4.125, 14.65625], "texture": "#1"}
			}
		},
		{
			"from": [6.55548, 9.68906, 2.04312],
			"to": [7.53548, 9.93406, 2.28812],
			"rotation": {"angle": 22.5, "axis": "x", "origin": [8.196, 1.52599, 7.56033]},
			"faces": {
				"north": {"uv": [9.25, 14.375, 9.375, 14.40625], "texture": "#1"},
				"east": {"uv": [14.875, 4.875, 14.90625, 4.90625], "texture": "#1"},
				"south": {"uv": [14.375, 9.25, 14.5, 9.28125], "texture": "#1"},
				"west": {"uv": [5, 14.875, 5.03125, 14.90625], "texture": "#1"},
				"up": {"uv": [9.5, 14.40625, 9.375, 14.375], "texture": "#1"},
				"down": {"uv": [14.5, 9.375, 14.375, 9.40625], "texture": "#1"}
			}
		},
		{
			"from": [7.02, 8.95406, 2.75362],
			"to": [7.51, 9.44406, 3.24362],
			"rotation": {"angle": 22.5, "axis": "x", "origin": [8.1715, 1.42799, 7.75633]},
			"faces": {
				"north": {"uv": [14.375, 8.75, 14.4375, 8.8125], "texture": "#1"},
				"east": {"uv": [8.875, 14.375, 8.9375, 14.4375], "texture": "#1"},
				"south": {"uv": [9, 14.375, 9.0625, 14.4375], "texture": "#1"},
				"west": {"uv": [14.375, 9, 14.4375, 9.0625], "texture": "#1"},
				"up": {"uv": [9.1875, 14.4375, 9.125, 14.375], "texture": "#1"},
				"down": {"uv": [14.4375, 9.125, 14.375, 9.1875], "texture": "#1"}
			}
		},
		{
			"from": [7.118, 9.19906, 2.01862],
			"to": [7.6815, 9.61556, 2.26362],
			"rotation": {"angle": 22.5, "axis": "x", "origin": [8, 1.42799, 7.75633]},
			"faces": {
				"north": {"uv": [14.375, 8.625, 14.4375, 8.6875], "texture": "#1"},
				"east": {"uv": [2.875, 14.75, 2.90625, 14.8125], "texture": "#1"},
				"south": {"uv": [8.75, 14.375, 8.8125, 14.4375], "texture": "#1"},
				"west": {"uv": [14.75, 2.875, 14.78125, 2.9375], "texture": "#1"},
				"up": {"uv": [3.0625, 14.78125, 3, 14.75], "texture": "#1"},
				"down": {"uv": [14.8125, 3, 14.75, 3.03125], "texture": "#1"}
			}
		},
		{
			"from": [7.118, 10.64456, 9.20653],
			"to": [7.755, 10.98756, 9.62303],
			"rotation": {"angle": -22.5, "axis": "x", "origin": [8, 1.42799, 7.75633]},
			"faces": {
				"north": {"uv": [14.625, 3.75, 14.71875, 3.78125], "texture": "#1"},
				"east": {"uv": [2.75, 14.75, 2.8125, 14.78125], "texture": "#1"},
				"south": {"uv": [3.875, 14.625, 3.96875, 14.65625], "texture": "#1"},
				"west": {"uv": [14.75, 2.75, 14.8125, 2.78125], "texture": "#1"},
				"up": {"uv": [14.21875, 2.0625, 14.125, 2], "texture": "#1"},
				"down": {"uv": [2.21875, 14.125, 2.125, 14.1875], "texture": "#1"}
			}
		},
		{
			"from": [7.118, 8.95406, 2.26362],
			"to": [7.51, 9.44406, 2.75362],
			"rotation": {"angle": 22.5, "axis": "x", "origin": [8.1715, 1.42799, 7.75633]},
			"faces": {
				"north": {"uv": [14.375, 8.25, 14.4375, 8.3125], "texture": "#1"},
				"east": {"uv": [8.375, 14.375, 8.4375, 14.4375], "texture": "#1"},
				"south": {"uv": [14.375, 8.375, 14.4375, 8.4375], "texture": "#1"},
				"west": {"uv": [8.5, 14.375, 8.5625, 14.4375], "texture": "#1"},
				"up": {"uv": [14.4375, 8.5625, 14.375, 8.5], "texture": "#1"},
				"down": {"uv": [8.6875, 14.375, 8.625, 14.4375], "texture": "#1"}
			}
		},
		{
			"from": [6.5545, 10.95699, 5.67383],
			"to": [7.2895, 11.29999, 7.14481],
			"rotation": {"angle": 0, "axis": "y", "origin": [8.196, 1.52599, 7.56033]},
			"faces": {
				"north": {"uv": [14.625, 3.625, 14.71875, 3.65625], "texture": "#1"},
				"east": {"uv": [1.875, 14.125, 2.0625, 14.15625], "texture": "#1"},
				"south": {"uv": [3.75, 14.625, 3.84375, 14.65625], "texture": "#1"},
				"west": {"uv": [14.125, 1.875, 14.3125, 1.90625], "texture": "#1"},
				"up": {"uv": [6.71875, 12.6875, 6.625, 12.5], "texture": "#1"},
				"down": {"uv": [12.59375, 6.75, 12.5, 6.9375], "texture": "#1"}
			}
		},
		{
			"from": [0.24997, 7.07102, 5.67383],
			"to": [1.71997, 7.56102, 7.14383],
			"rotation": {"angle": -45, "axis": "z", "origin": [8.1715, 1.42799, 7.75633]},
			"faces": {
				"north": {"uv": [13.125, 11.75, 13.3125, 11.8125], "texture": "#1"},
				"east": {"uv": [13.125, 11.875, 13.3125, 11.9375], "texture": "#1"},
				"south": {"uv": [12, 13.125, 12.1875, 13.1875], "texture": "#1"},
				"west": {"uv": [13.125, 12.125, 13.3125, 12.1875], "texture": "#1"},
				"up": {"uv": [11.1875, 3.0625, 11, 2.875], "texture": "#1"},
				"down": {"uv": [3.6875, 11, 3.5, 11.1875], "texture": "#1"}
			}
		},
		{
			"from": [6.2605, 10.17299, 6.75183],
			"to": [6.7505, 10.95699, 7.36433],
			"rotation": {"angle": -22.5, "axis": "y", "origin": [8.1715, 1.42799, 7.75633]},
			"faces": {
				"north": {"uv": [1.625, 14.125, 1.6875, 14.21875], "texture": "#1"},
				"east": {"uv": [14.125, 1.625, 14.1875, 1.71875], "texture": "#1"},
				"south": {"uv": [1.75, 14.125, 1.8125, 14.21875], "texture": "#1"},
				"west": {"uv": [14.125, 1.75, 14.1875, 1.84375], "texture": "#1"},
				"up": {"uv": [14.4375, 8.1875, 14.375, 8.125], "texture": "#1"},
				"down": {"uv": [8.3125, 14.375, 8.25, 14.4375], "texture": "#1"}
			}
		},
		{
			"from": [10.01371, 9.98306, 6.65383],
			"to": [10.25871, 10.15456, 7.14383],
			"rotation": {"angle": 22.5, "axis": "z", "origin": [8.196, 1.52599, 7.56033]},
			"faces": {
				"north": {"uv": [14.875, 4.75, 14.90625, 4.78125], "texture": "#1"},
				"east": {"uv": [2.5, 14.75, 2.5625, 14.78125], "texture": "#1"},
				"south": {"uv": [4.875, 14.875, 4.90625, 14.90625], "texture": "#1"},
				"west": {"uv": [14.75, 2.5, 14.8125, 2.53125], "texture": "#1"},
				"up": {"uv": [2.65625, 14.8125, 2.625, 14.75], "texture": "#1"},
				"down": {"uv": [14.78125, 2.625, 14.75, 2.6875], "texture": "#1"}
			}
		},
		{
			"from": [6.5545, 10.17299, 6.65383],
			"to": [7.2895, 10.95699, 7.14481],
			"rotation": {"angle": 0, "axis": "y", "origin": [8.196, 1.52599, 7.56033]},
			"faces": {
				"north": {"uv": [2.125, 13.75, 2.21875, 13.84375], "texture": "#1"},
				"east": {"uv": [1.375, 14.125, 1.4375, 14.21875], "texture": "#1"},
				"south": {"uv": [2.375, 13.75, 2.46875, 13.84375], "texture": "#1"},
				"west": {"uv": [14.125, 1.375, 14.1875, 1.46875], "texture": "#1"},
				"up": {"uv": [1.59375, 14.1875, 1.5, 14.125], "texture": "#1"},
				"down": {"uv": [14.21875, 1.5, 14.125, 1.5625], "texture": "#1"}
			}
		},
		{
			"from": [6.62898, 10.66906, 2.70462],
			"to": [7.11702, 11.64906, 2.99862],
			"rotation": {"angle": 22.5, "axis": "x", "origin": [7.6325, 0.34999, 6.09033]},
			"faces": {
				"north": {"uv": [4.75, 13.875, 4.8125, 14], "texture": "#1"},
				"east": {"uv": [14.375, 8, 14.40625, 8.125], "texture": "#1"},
				"south": {"uv": [13.875, 4.75, 13.9375, 4.875], "texture": "#1"},
				"west": {"uv": [8.125, 14.375, 8.15625, 14.5], "texture": "#1"},
				"up": {"uv": [2.4375, 14.78125, 2.375, 14.75], "texture": "#1"},
				"down": {"uv": [14.8125, 2.375, 14.75, 2.40625], "texture": "#1"}
			}
		},
		{
			"from": [6.628, 11.34899, 7.29083],
			"to": [7.118, 12.08399, 7.63383],
			"rotation": {"angle": 0, "axis": "y", "origin": [7.6325, 0.34999, 6.09033]},
			"faces": {
				"north": {"uv": [1.25, 14.125, 1.3125, 14.21875], "texture": "#1"},
				"east": {"uv": [14.625, 3.5, 14.65625, 3.59375], "texture": "#1"},
				"south": {"uv": [14.125, 1.25, 14.1875, 1.34375], "texture": "#1"},
				"west": {"uv": [3.625, 14.625, 3.65625, 14.71875], "texture": "#1"},
				"up": {"uv": [2.3125, 14.78125, 2.25, 14.75], "texture": "#1"},
				"down": {"uv": [14.8125, 2.25, 14.75, 2.28125], "texture": "#1"}
			}
		},
		{
			"from": [6.62702, 10.15456, 10.75003],
			"to": [7.21698, 10.91406, 11.48503],
			"rotation": {"angle": -22.5, "axis": "x", "origin": [8.49, 1.42799, 8.09933]},
			"faces": {
				"north": {"uv": [1, 14.125, 1.0625, 14.21875], "texture": "#1"},
				"east": {"uv": [1.875, 13.75, 1.96875, 13.84375], "texture": "#1"},
				"south": {"uv": [14.125, 1, 14.1875, 1.09375], "texture": "#1"},
				"west": {"uv": [2, 13.75, 2.09375, 13.84375], "texture": "#1"},
				"up": {"uv": [1.1875, 14.21875, 1.125, 14.125], "texture": "#1"},
				"down": {"uv": [14.1875, 1.125, 14.125, 1.21875], "texture": "#1"}
			}
		},
		{
			"from": [6.628, 6.85052, 1.05979],
			"to": [7.363, 7.09552, 1.54979],
			"rotation": {"angle": 45, "axis": "x", "origin": [8.098, 1.42799, 7.75633]},
			"faces": {
				"north": {"uv": [14.625, 3.375, 14.71875, 3.40625], "texture": "#1"},
				"east": {"uv": [2.125, 14.75, 2.1875, 14.78125], "texture": "#1"},
				"south": {"uv": [3.5, 14.625, 3.59375, 14.65625], "texture": "#1"},
				"west": {"uv": [14.75, 2.125, 14.8125, 2.15625], "texture": "#1"},
				"up": {"uv": [14.21875, 0.8125, 14.125, 0.75], "texture": "#1"},
				"down": {"uv": [0.96875, 14.125, 0.875, 14.1875], "texture": "#1"}
			}
		},
		{
			"from": [6.628, 8.95406, 3.39062],
			"to": [7.363, 9.44406, 3.88062],
			"rotation": {"angle": 22.5, "axis": "x", "origin": [8.098, 1.42799, 7.75633]},
			"faces": {
				"north": {"uv": [14.125, 0.5, 14.21875, 0.5625], "texture": "#1"},
				"east": {"uv": [7.875, 14.375, 7.9375, 14.4375], "texture": "#1"},
				"south": {"uv": [0.625, 14.125, 0.71875, 14.1875], "texture": "#1"},
				"west": {"uv": [8, 14.375, 8.0625, 14.4375], "texture": "#1"},
				"up": {"uv": [14.21875, 0.6875, 14.125, 0.625], "texture": "#1"},
				"down": {"uv": [0.84375, 14.125, 0.75, 14.1875], "texture": "#1"}
			}
		},
		{
			"from": [6.62604, 9.80549, 7.14383],
			"to": [7.363, 10.78549, 7.87981],
			"rotation": {"angle": 0, "axis": "y", "origin": [8.49, 1.42799, 8.00133]},
			"faces": {
				"north": {"uv": [13.125, 11.375, 13.21875, 11.5], "texture": "#1"},
				"east": {"uv": [11.5, 13.125, 11.59375, 13.25], "texture": "#1"},
				"south": {"uv": [11.625, 13.125, 11.71875, 13.25], "texture": "#1"},
				"west": {"uv": [13.125, 11.625, 13.21875, 11.75], "texture": "#1"},
				"up": {"uv": [13.84375, 1.71875, 13.75, 1.625], "texture": "#1"},
				"down": {"uv": [1.84375, 13.75, 1.75, 13.84375], "texture": "#1"}
			}
		},
		{
			"from": [6.628, 8.80706, 4.10112],
			"to": [7.608, 9.22356, 4.73812],
			"rotation": {"angle": 22.5, "axis": "x", "origin": [8.098, 1.42799, 7.75633]},
			"faces": {
				"north": {"uv": [4.625, 13.875, 4.75, 13.9375], "texture": "#1"},
				"east": {"uv": [14.125, 0.375, 14.21875, 0.4375], "texture": "#1"},
				"south": {"uv": [13.875, 4.625, 14, 4.6875], "texture": "#1"},
				"west": {"uv": [0.5, 14.125, 0.59375, 14.1875], "texture": "#1"},
				"up": {"uv": [13.25, 11.34375, 13.125, 11.25], "texture": "#1"},
				"down": {"uv": [11.5, 13.125, 11.375, 13.21875], "texture": "#1"}
			}
		},
		{
			"from": [6.55352, 7.09552, 2.82379],
			"to": [6.80048, 7.53652, 3.31379],
			"rotation": {"angle": 45, "axis": "x", "origin": [8, 1.42799, 7.75633]},
			"faces": {
				"north": {"uv": [1.875, 14.75, 1.90625, 14.8125], "texture": "#1"},
				"east": {"uv": [7.75, 14.375, 7.8125, 14.4375], "texture": "#1"},
				"south": {"uv": [14.75, 1.875, 14.78125, 1.9375], "texture": "#1"},
				"west": {"uv": [14.375, 7.75, 14.4375, 7.8125], "texture": "#1"},
				"up": {"uv": [2.03125, 14.8125, 2, 14.75], "texture": "#1"},
				"down": {"uv": [14.78125, 2, 14.75, 2.0625], "texture": "#1"}
			}
		},
		{
			"from": [6.55548, 8.17006, 12.31803],
			"to": [7.04352, 8.63556, 12.41603],
			"rotation": {"angle": -22.5, "axis": "x", "origin": [7.265, -1.12001, 6.87433]},
			"faces": {
				"north": {"uv": [7.625, 14.375, 7.6875, 14.4375], "texture": "#1"},
				"east": {"uv": [1.625, 14.75, 1.65625, 14.8125], "texture": "#1"},
				"south": {"uv": [14.375, 7.625, 14.4375, 7.6875], "texture": "#1"},
				"west": {"uv": [14.75, 1.625, 14.78125, 1.6875], "texture": "#1"},
				"up": {"uv": [1.8125, 14.78125, 1.75, 14.75], "texture": "#1"},
				"down": {"uv": [14.8125, 1.75, 14.75, 1.78125], "texture": "#1"}
			}
		},
		{
			"from": [6.55254, 7.87606, 12.41603],
			"to": [7.04646, 8.92956, 12.61203],
			"rotation": {"angle": -22.5, "axis": "x", "origin": [7.265, -1.12001, 6.87433]},
			"faces": {
				"north": {"uv": [4.5, 13.875, 4.5625, 14], "texture": "#1"},
				"east": {"uv": [7.5, 14.375, 7.53125, 14.5], "texture": "#1"},
				"south": {"uv": [13.875, 4.5, 13.9375, 4.625], "texture": "#1"},
				"west": {"uv": [14.375, 7.5, 14.40625, 7.625], "texture": "#1"},
				"up": {"uv": [1.5625, 14.78125, 1.5, 14.75], "texture": "#1"},
				"down": {"uv": [14.8125, 1.5, 14.75, 1.53125], "texture": "#1"}
			}
		},
		{
			"from": [6.55352, 7.09552, 1.94179],
			"to": [7.04548, 7.75702, 2.82379],
			"rotation": {"angle": 45, "axis": "x", "origin": [8, 1.42799, 7.75633]},
			"faces": {
				"north": {"uv": [14.125, 0.25, 14.1875, 0.34375], "texture": "#1"},
				"east": {"uv": [13.125, 11.125, 13.25, 11.21875], "texture": "#1"},
				"south": {"uv": [0.375, 14.125, 0.4375, 14.21875], "texture": "#1"},
				"west": {"uv": [11.25, 13.125, 11.375, 13.21875], "texture": "#1"},
				"up": {"uv": [4.4375, 14, 4.375, 13.875], "texture": "#1"},
				"down": {"uv": [13.9375, 4.375, 13.875, 4.5], "texture": "#1"}
			}
		},
		{
			"from": [8.9555, 9.41956, 3.68462],
			"to": [9.4455, 9.90956, 3.92962],
			"rotation": {"angle": 22.5, "axis": "x", "origin": [8.735, -1.12001, 6.87433]},
			"faces": {
				"north": {"uv": [7.375, 14.375, 7.4375, 14.4375], "texture": "#1"},
				"east": {"uv": [1.25, 14.75, 1.28125, 14.8125], "texture": "#1"},
				"south": {"uv": [14.375, 7.375, 14.4375, 7.4375], "texture": "#1"},
				"west": {"uv": [14.75, 1.25, 14.78125, 1.3125], "texture": "#1"},
				"up": {"uv": [1.4375, 14.78125, 1.375, 14.75], "texture": "#1"},
				"down": {"uv": [14.8125, 1.375, 14.75, 1.40625], "texture": "#1"}
			}
		},
		{
			"from": [8.95648, 8.17006, 12.31803],
			"to": [9.44452, 8.63556, 12.41603],
			"rotation": {"angle": -22.5, "axis": "x", "origin": [8.735, -1.12001, 6.87433]},
			"faces": {
				"north": {"uv": [14.375, 7.125, 14.4375, 7.1875], "texture": "#1"},
				"east": {"uv": [1, 14.75, 1.03125, 14.8125], "texture": "#1"},
				"south": {"uv": [7.25, 14.375, 7.3125, 14.4375], "texture": "#1"},
				"west": {"uv": [14.75, 1, 14.78125, 1.0625], "texture": "#1"},
				"up": {"uv": [1.1875, 14.78125, 1.125, 14.75], "texture": "#1"},
				"down": {"uv": [14.8125, 1.125, 14.75, 1.15625], "texture": "#1"}
			}
		},
		{
			"from": [8.95354, 7.87606, 12.41603],
			"to": [9.44746, 8.92956, 12.61203],
			"rotation": {"angle": -22.5, "axis": "x", "origin": [8.735, -1.12001, 6.87433]},
			"faces": {
				"north": {"uv": [4.25, 13.875, 4.3125, 14], "texture": "#1"},
				"east": {"uv": [14.375, 7, 14.40625, 7.125], "texture": "#1"},
				"south": {"uv": [13.875, 4.25, 13.9375, 4.375], "texture": "#1"},
				"west": {"uv": [7.125, 14.375, 7.15625, 14.5], "texture": "#1"},
				"up": {"uv": [0.9375, 14.78125, 0.875, 14.75], "texture": "#1"},
				"down": {"uv": [14.8125, 0.875, 14.75, 0.90625], "texture": "#1"}
			}
		},
		{
			"from": [8.88298, 10.66906, 2.70462],
			"to": [9.37102, 11.64906, 2.99862],
			"rotation": {"angle": 22.5, "axis": "x", "origin": [8.3675, 0.34999, 6.09033]},
			"faces": {
				"north": {"uv": [13.875, 4, 13.9375, 4.125], "texture": "#1"},
				"east": {"uv": [14.375, 6.875, 14.40625, 7], "texture": "#1"},
				"south": {"uv": [4.125, 13.875, 4.1875, 14], "texture": "#1"},
				"west": {"uv": [7, 14.375, 7.03125, 14.5], "texture": "#1"},
				"up": {"uv": [0.8125, 14.78125, 0.75, 14.75], "texture": "#1"},
				"down": {"uv": [14.8125, 0.75, 14.75, 0.78125], "texture": "#1"}
			}
		},
		{
			"from": [8.882, 11.34899, 7.29083],
			"to": [9.372, 12.08399, 7.63383],
			"rotation": {"angle": 0, "axis": "y", "origin": [8.3675, 0.34999, 6.09033]},
			"faces": {
				"north": {"uv": [14.125, 0.125, 14.1875, 0.21875], "texture": "#1"},
				"east": {"uv": [14.625, 3.25, 14.65625, 3.34375], "texture": "#1"},
				"south": {"uv": [0.25, 14.125, 0.3125, 14.21875], "texture": "#1"},
				"west": {"uv": [3.375, 14.625, 3.40625, 14.71875], "texture": "#1"},
				"up": {"uv": [0.6875, 14.78125, 0.625, 14.75], "texture": "#1"},
				"down": {"uv": [14.8125, 0.625, 14.75, 0.65625], "texture": "#1"}
			}
		},
		{
			"from": [8.78302, 10.15456, 10.75003],
			"to": [9.37298, 10.91406, 11.48503],
			"rotation": {"angle": -22.5, "axis": "x", "origin": [7.51, 1.42799, 8.09933]},
			"faces": {
				"north": {"uv": [14, 14, 14.0625, 14.09375], "texture": "#1"},
				"east": {"uv": [13.75, 1.5, 13.84375, 1.59375], "texture": "#1"},
				"south": {"uv": [0, 14.125, 0.0625, 14.21875], "texture": "#1"},
				"west": {"uv": [1.625, 13.75, 1.71875, 13.84375], "texture": "#1"},
				"up": {"uv": [14.1875, 0.09375, 14.125, 0], "texture": "#1"},
				"down": {"uv": [0.1875, 14.125, 0.125, 14.21875], "texture": "#1"}
			}
		},
		{
			"from": [4.93279, 9.34606, 7.14383],
			"to": [5.61879, 10.57106, 7.87883],
			"rotation": {"angle": -22.5, "axis": "z", "origin": [7.51, 1.42799, 8.00133]},
			"faces": {
				"north": {"uv": [1.375, 12.875, 1.46875, 13.03125], "texture": "#1"},
				"east": {"uv": [12.875, 1.375, 12.96875, 1.53125], "texture": "#1"},
				"south": {"uv": [1.5, 12.875, 1.59375, 13.03125], "texture": "#1"},
				"west": {"uv": [1.625, 12.875, 1.71875, 13.03125], "texture": "#1"},
				"up": {"uv": [13.84375, 1.34375, 13.75, 1.25], "texture": "#1"},
				"down": {"uv": [13.84375, 1.375, 13.75, 1.46875], "texture": "#1"}
			}
		},
		{
			"from": [8.637, 9.80549, 7.14383],
			"to": [9.37396, 10.78549, 7.87981],
			"rotation": {"angle": 0, "axis": "y", "origin": [7.51, 1.42799, 8.00133]},
			"faces": {
				"north": {"uv": [13.125, 10.5, 13.21875, 10.625], "texture": "#1"},
				"east": {"uv": [10.875, 13.125, 10.96875, 13.25], "texture": "#1"},
				"south": {"uv": [13.125, 11, 13.21875, 11.125], "texture": "#1"},
				"west": {"uv": [11.125, 13.125, 11.21875, 13.25], "texture": "#1"},
				"up": {"uv": [13.84375, 1.21875, 13.75, 1.125], "texture": "#1"},
				"down": {"uv": [1.34375, 13.75, 1.25, 13.84375], "texture": "#1"}
			}
		},
		{
			"from": [8.70952, 11.03656, 9.50053],
			"to": [9.44452, 11.25706, 9.74553],
			"rotation": {"angle": -22.5, "axis": "x", "origin": [8, 1.42799, 7.75633]},
			"faces": {
				"north": {"uv": [14.625, 3, 14.71875, 3.03125], "texture": "#1"},
				"east": {"uv": [14.875, 4.625, 14.90625, 4.65625], "texture": "#1"},
				"south": {"uv": [3.125, 14.625, 3.21875, 14.65625], "texture": "#1"},
				"west": {"uv": [4.75, 14.875, 4.78125, 14.90625], "texture": "#1"},
				"up": {"uv": [14.71875, 3.15625, 14.625, 3.125], "texture": "#1"},
				"down": {"uv": [3.34375, 14.625, 3.25, 14.65625], "texture": "#1"}
			}
		},
		{
			"from": [8.245, 10.64456, 9.20653],
			"to": [8.882, 10.98756, 9.62303],
			"rotation": {"angle": -22.5, "axis": "x", "origin": [8, 1.42799, 7.75633]},
			"faces": {
				"north": {"uv": [14.625, 2.875, 14.71875, 2.90625], "texture": "#1"},
				"east": {"uv": [0.5, 14.75, 0.5625, 14.78125], "texture": "#1"},
				"south": {"uv": [3, 14.625, 3.09375, 14.65625], "texture": "#1"},
				"west": {"uv": [14.75, 0.5, 14.8125, 0.53125], "texture": "#1"},
				"up": {"uv": [13.96875, 14.0625, 13.875, 14], "texture": "#1"},
				"down": {"uv": [14.09375, 13.875, 14, 13.9375], "texture": "#1"}
			}
		},
		{
			"from": [8.3185, 9.19906, 2.01862],
			"to": [8.882, 9.61556, 2.26362],
			"rotation": {"angle": 22.5, "axis": "x", "origin": [8, 1.42799, 7.75633]},
			"faces": {
				"north": {"uv": [14.375, 6.75, 14.4375, 6.8125], "texture": "#1"},
				"east": {"uv": [0.25, 14.75, 0.28125, 14.8125], "texture": "#1"},
				"south": {"uv": [6.875, 14.375, 6.9375, 14.4375], "texture": "#1"},
				"west": {"uv": [14.75, 0.25, 14.78125, 0.3125], "texture": "#1"},
				"up": {"uv": [0.4375, 14.78125, 0.375, 14.75], "texture": "#1"},
				"down": {"uv": [14.8125, 0.375, 14.75, 0.40625], "texture": "#1"}
			}
		},
		{
			"from": [14.69653, 7.56102, 5.67383],
			"to": [15.72553, 8.05102, 5.96783],
			"rotation": {"angle": 45, "axis": "z", "origin": [7.8285, 1.42799, 7.75633]},
			"faces": {
				"north": {"uv": [13.875, 3.875, 14, 3.9375], "texture": "#1"},
				"east": {"uv": [0.125, 14.75, 0.15625, 14.8125], "texture": "#1"},
				"south": {"uv": [4, 13.875, 4.125, 13.9375], "texture": "#1"},
				"west": {"uv": [14.75, 0.125, 14.78125, 0.1875], "texture": "#1"},
				"up": {"uv": [14.5, 6.65625, 14.375, 6.625], "texture": "#1"},
				"down": {"uv": [6.875, 14.375, 6.75, 14.40625], "texture": "#1"}
			}
		},
		{
			"from": [14.28003, 7.07102, 5.67383],
			"to": [15.75003, 7.56102, 7.14383],
			"rotation": {"angle": 45, "axis": "z", "origin": [7.8285, 1.42799, 7.75633]},
			"faces": {
				"north": {"uv": [13.125, 9.75, 13.3125, 9.8125], "texture": "#1"},
				"east": {"uv": [10.125, 13.125, 10.3125, 13.1875], "texture": "#1"},
				"south": {"uv": [13.125, 10.25, 13.3125, 10.3125], "texture": "#1"},
				"west": {"uv": [13.125, 10.375, 13.3125, 10.4375], "texture": "#1"},
				"up": {"uv": [11.1875, 1.9375, 11, 1.75], "texture": "#1"},
				"down": {"uv": [11.1875, 2, 11, 2.1875], "texture": "#1"}
			}
		},
		{
			"from": [9.2495, 10.17299, 6.75183],
			"to": [9.7395, 10.95699, 7.36433],
			"rotation": {"angle": 22.5, "axis": "y", "origin": [7.8285, 1.42799, 7.75633]},
			"faces": {
				"north": {"uv": [13.625, 14, 13.6875, 14.09375], "texture": "#1"},
				"east": {"uv": [14, 13.625, 14.0625, 13.71875], "texture": "#1"},
				"south": {"uv": [13.75, 14, 13.8125, 14.09375], "texture": "#1"},
				"west": {"uv": [14, 13.75, 14.0625, 13.84375], "texture": "#1"},
				"up": {"uv": [14.4375, 6.5625, 14.375, 6.5], "texture": "#1"},
				"down": {"uv": [6.6875, 14.375, 6.625, 14.4375], "texture": "#1"}
			}
		},
		{
			"from": [8.49, 8.95406, 2.26362],
			"to": [8.882, 9.44406, 2.75362],
			"rotation": {"angle": 22.5, "axis": "x", "origin": [7.8285, 1.42799, 7.75633]},
			"faces": {
				"north": {"uv": [6.125, 14.375, 6.1875, 14.4375], "texture": "#1"},
				"east": {"uv": [14.375, 6.125, 14.4375, 6.1875], "texture": "#1"},
				"south": {"uv": [6.25, 14.375, 6.3125, 14.4375], "texture": "#1"},
				"west": {"uv": [14.375, 6.25, 14.4375, 6.3125], "texture": "#1"},
				"up": {"uv": [6.4375, 14.4375, 6.375, 14.375], "texture": "#1"},
				"down": {"uv": [6.5625, 14.375, 6.5, 14.4375], "texture": "#1"}
			}
		},
		{
			"from": [8.49, 8.95406, 2.75362],
			"to": [8.98, 9.44406, 3.24362],
			"rotation": {"angle": 22.5, "axis": "x", "origin": [7.8285, 1.42799, 7.75633]},
			"faces": {
				"north": {"uv": [14.375, 5.625, 14.4375, 5.6875], "texture": "#1"},
				"east": {"uv": [14.375, 5.75, 14.4375, 5.8125], "texture": "#1"},
				"south": {"uv": [5.875, 14.375, 5.9375, 14.4375], "texture": "#1"},
				"west": {"uv": [14.375, 5.875, 14.4375, 5.9375], "texture": "#1"},
				"up": {"uv": [6.0625, 14.4375, 6, 14.375], "texture": "#1"},
				"down": {"uv": [14.4375, 6, 14.375, 6.0625], "texture": "#1"}
			}
		},
		{
			"from": [9.19952, 7.09552, 2.82379],
			"to": [9.44648, 7.53652, 3.31379],
			"rotation": {"angle": 45, "axis": "x", "origin": [8, 1.42799, 7.75633]},
			"faces": {
				"north": {"uv": [14.625, 14.5, 14.65625, 14.5625], "texture": "#1"},
				"east": {"uv": [14.375, 5.375, 14.4375, 5.4375], "texture": "#1"},
				"south": {"uv": [14.625, 14.625, 14.65625, 14.6875], "texture": "#1"},
				"west": {"uv": [14.375, 5.5, 14.4375, 5.5625], "texture": "#1"},
				"up": {"uv": [0.03125, 14.8125, 0, 14.75], "texture": "#1"},
				"down": {"uv": [14.78125, 0, 14.75, 0.0625], "texture": "#1"}
			}
		},
		{
			"from": [8.95452, 7.09552, 1.94179],
			"to": [9.44648, 7.75702, 2.82379],
			"rotation": {"angle": 45, "axis": "x", "origin": [8, 1.42799, 7.75633]},
			"faces": {
				"north": {"uv": [13.5, 14, 13.5625, 14.09375], "texture": "#1"},
				"east": {"uv": [13.125, 7.625, 13.25, 7.71875], "texture": "#1"},
				"south": {"uv": [14, 13.5, 14.0625, 13.59375], "texture": "#1"},
				"west": {"uv": [13.125, 8.75, 13.25, 8.84375], "texture": "#1"},
				"up": {"uv": [13.9375, 3.875, 13.875, 3.75], "texture": "#1"},
				"down": {"uv": [3.9375, 13.875, 3.875, 14], "texture": "#1"}
			}
		},
		{
			"from": [8.637, 8.95406, 3.39062],
			"to": [9.372, 9.44406, 3.88062],
			"rotation": {"angle": 22.5, "axis": "x", "origin": [7.902, 1.42799, 7.75633]},
			"faces": {
				"north": {"uv": [13.25, 14, 13.34375, 14.0625], "texture": "#1"},
				"east": {"uv": [14.375, 5.25, 14.4375, 5.3125], "texture": "#1"},
				"south": {"uv": [14, 13.25, 14.09375, 13.3125], "texture": "#1"},
				"west": {"uv": [5.375, 14.375, 5.4375, 14.4375], "texture": "#1"},
				"up": {"uv": [13.46875, 14.0625, 13.375, 14], "texture": "#1"},
				"down": {"uv": [14.09375, 13.375, 14, 13.4375], "texture": "#1"}
			}
		},
		{
			"from": [8.637, 6.85052, 1.05979],
			"to": [9.372, 7.09552, 1.54979],
			"rotation": {"angle": 45, "axis": "x", "origin": [7.902, 1.42799, 7.75633]},
			"faces": {
				"north": {"uv": [14.625, 2.75, 14.71875, 2.78125], "texture": "#1"},
				"east": {"uv": [14.625, 14.375, 14.6875, 14.40625], "texture": "#1"},
				"south": {"uv": [2.875, 14.625, 2.96875, 14.65625], "texture": "#1"},
				"west": {"uv": [14.5, 14.625, 14.5625, 14.65625], "texture": "#1"},
				"up": {"uv": [13.21875, 14.0625, 13.125, 14], "texture": "#1"},
				"down": {"uv": [14.09375, 13.125, 14, 13.1875], "texture": "#1"}
			}
		},
		{
			"from": [8.392, 8.80706, 4.10112],
			"to": [9.372, 9.22356, 4.73812],
			"rotation": {"angle": 22.5, "axis": "x", "origin": [7.902, 1.42799, 7.75633]},
			"faces": {
				"north": {"uv": [13.875, 3.625, 14, 3.6875], "texture": "#1"},
				"east": {"uv": [13, 14, 13.09375, 14.0625], "texture": "#1"},
				"south": {"uv": [3.75, 13.875, 3.875, 13.9375], "texture": "#1"},
				"west": {"uv": [14, 13, 14.09375, 13.0625], "texture": "#1"},
				"up": {"uv": [11.375, 8.96875, 11.25, 8.875], "texture": "#1"},
				"down": {"uv": [1.875, 11.375, 1.75, 11.46875], "texture": "#1"}
			}
		},
		{
			"from": [8.7105, 11.88799, 6.16383],
			"to": [9.4455, 13.11299, 6.75183],
			"rotation": {"angle": 0, "axis": "y", "origin": [8.49, 1.10949, 4.96333]},
			"faces": {
				"north": {"uv": [12.875, 1.125, 12.96875, 1.28125], "texture": "#1"},
				"east": {"uv": [13.125, 13.5, 13.1875, 13.65625], "texture": "#1"},
				"south": {"uv": [1.25, 12.875, 1.34375, 13.03125], "texture": "#1"},
				"west": {"uv": [13.5, 13.125, 13.5625, 13.28125], "texture": "#1"},
				"up": {"uv": [12.96875, 14.0625, 12.875, 14], "texture": "#1"},
				"down": {"uv": [14.09375, 12.875, 14, 12.9375], "texture": "#1"}
			}
		},
		{
			"from": [8.71148, 11.35506, 1.47962],
			"to": [9.44452, 12.65356, 1.94512],
			"rotation": {"angle": 22.5, "axis": "x", "origin": [8.49, 1.10949, 4.96333]},
			"faces": {
				"north": {"uv": [0.5, 12.875, 0.59375, 13.03125], "texture": "#1"},
				"east": {"uv": [13.5, 12.875, 13.5625, 13.03125], "texture": "#1"},
				"south": {"uv": [1, 12.875, 1.09375, 13.03125], "texture": "#1"},
				"west": {"uv": [13, 13.5, 13.0625, 13.65625], "texture": "#1"},
				"up": {"uv": [12.84375, 14.0625, 12.75, 14], "texture": "#1"},
				"down": {"uv": [14.09375, 12.75, 14, 12.8125], "texture": "#1"}
			}
		},
		{
			"from": [4.83479, 10.00756, 6.16383],
			"to": [5.07979, 10.98756, 6.65383],
			"rotation": {"angle": -22.5, "axis": "z", "origin": [7.804, 1.42799, 7.75633]},
			"faces": {
				"north": {"uv": [5.125, 14.375, 5.15625, 14.5], "texture": "#1"},
				"east": {"uv": [13.875, 3.5, 13.9375, 3.625], "texture": "#1"},
				"south": {"uv": [5.25, 14.375, 5.28125, 14.5], "texture": "#1"},
				"west": {"uv": [3.625, 13.875, 3.6875, 14], "texture": "#1"},
				"up": {"uv": [14.65625, 14.3125, 14.625, 14.25], "texture": "#1"},
				"down": {"uv": [14.40625, 14.625, 14.375, 14.6875], "texture": "#1"}
			}
		},
		{
			"from": [4.58979, 10.00756, 5.67383],
			"to": [5.07979, 11.47756, 6.16383],
			"rotation": {"angle": -22.5, "axis": "z", "origin": [7.804, 1.42799, 7.75633]},
			"faces": {
				"north": {"uv": [13.125, 9.5, 13.1875, 9.6875], "texture": "#1"},
				"east": {"uv": [9.625, 13.125, 9.6875, 13.3125], "texture": "#1"},
				"south": {"uv": [9.75, 13.125, 9.8125, 13.3125], "texture": "#1"},
				"west": {"uv": [13.125, 10, 13.1875, 10.1875], "texture": "#1"},
				"up": {"uv": [5.0625, 14.4375, 5, 14.375], "texture": "#1"},
				"down": {"uv": [14.4375, 5, 14.375, 5.0625], "texture": "#1"}
			}
		},
		{
			"from": [8.46452, 9.68906, 2.04312],
			"to": [9.44452, 9.93406, 2.28812],
			"rotation": {"angle": 22.5, "axis": "x", "origin": [7.804, 1.52599, 7.56033]},
			"faces": {
				"north": {"uv": [4.75, 14.375, 4.875, 14.40625], "texture": "#1"},
				"east": {"uv": [14.875, 4.5, 14.90625, 4.53125], "texture": "#1"},
				"south": {"uv": [14.375, 4.75, 14.5, 4.78125], "texture": "#1"},
				"west": {"uv": [4.625, 14.875, 4.65625, 14.90625], "texture": "#1"},
				"up": {"uv": [5, 14.40625, 4.875, 14.375], "texture": "#1"},
				"down": {"uv": [14.5, 4.875, 14.375, 4.90625], "texture": "#1"}
			}
		},
		{
			"from": [8.71148, 10.72093, 10.41609],
			"to": [9.44452, 11.94593, 10.90609],
			"rotation": {"angle": -22.5, "axis": "x", "origin": [7.80498, 1.55336, 7.56939]},
			"faces": {
				"north": {"uv": [0.25, 12.875, 0.34375, 13.03125], "texture": "#1"},
				"east": {"uv": [12.75, 13.5, 12.8125, 13.65625], "texture": "#1"},
				"south": {"uv": [0.375, 12.875, 0.46875, 13.03125], "texture": "#1"},
				"west": {"uv": [12.875, 13.5, 12.9375, 13.65625], "texture": "#1"},
				"up": {"uv": [14.09375, 12.5625, 14, 12.5], "texture": "#1"},
				"down": {"uv": [14.09375, 12.625, 14, 12.6875], "texture": "#1"}
			}
		},
		{
			"from": [8.7105, 10.95699, 5.67383],
			"to": [9.4455, 11.29999, 7.14481],
			"rotation": {"angle": 0, "axis": "y", "origin": [7.804, 1.52599, 7.56033]},
			"faces": {
				"north": {"uv": [14.625, 2.625, 14.71875, 2.65625], "texture": "#1"},
				"east": {"uv": [14, 12.375, 14.1875, 12.40625], "texture": "#1"},
				"south": {"uv": [2.75, 14.625, 2.84375, 14.65625], "texture": "#1"},
				"west": {"uv": [12.5, 14, 12.6875, 14.03125], "texture": "#1"},
				"up": {"uv": [6.59375, 12.6875, 6.5, 12.5], "texture": "#1"},
				"down": {"uv": [12.59375, 6.5, 12.5, 6.6875], "texture": "#1"}
			}
		},
		{
			"from": [5.74129, 9.98306, 6.65383],
			"to": [5.98629, 10.15456, 7.14383],
			"rotation": {"angle": -22.5, "axis": "z", "origin": [7.804, 1.52599, 7.56033]},
			"faces": {
				"north": {"uv": [14.875, 4.375, 14.90625, 4.40625], "texture": "#1"},
				"east": {"uv": [14.625, 14, 14.6875, 14.03125], "texture": "#1"},
				"south": {"uv": [4.5, 14.875, 4.53125, 14.90625], "texture": "#1"},
				"west": {"uv": [14.125, 14.625, 14.1875, 14.65625], "texture": "#1"},
				"up": {"uv": [14.65625, 14.1875, 14.625, 14.125], "texture": "#1"},
				"down": {"uv": [14.28125, 14.625, 14.25, 14.6875], "texture": "#1"}
			}
		},
		{
			"from": [8.7105, 10.17299, 6.65383],
			"to": [9.4455, 10.95699, 7.14481],
			"rotation": {"angle": 0, "axis": "y", "origin": [7.804, 1.52599, 7.56033]},
			"faces": {
				"north": {"uv": [13.75, 1, 13.84375, 1.09375], "texture": "#1"},
				"east": {"uv": [14, 12.125, 14.0625, 12.21875], "texture": "#1"},
				"south": {"uv": [1.125, 13.75, 1.21875, 13.84375], "texture": "#1"},
				"west": {"uv": [12.25, 14, 12.3125, 14.09375], "texture": "#1"},
				"up": {"uv": [14.09375, 12.3125, 14, 12.25], "texture": "#1"},
				"down": {"uv": [12.46875, 14, 12.375, 14.0625], "texture": "#1"}
			}
		},
		{
			"from": [8.7105, 11.29999, 5.67285],
			"to": [9.4455, 11.88799, 6.65383],
			"rotation": {"angle": 0, "axis": "y", "origin": [7.804, 1.52599, 7.56033]},
			"faces": {
				"north": {"uv": [14, 12, 14.09375, 12.0625], "texture": "#1"},
				"east": {"uv": [13.875, 3.375, 14, 3.4375], "texture": "#1"},
				"south": {"uv": [12.125, 14, 12.21875, 14.0625], "texture": "#1"},
				"west": {"uv": [3.5, 13.875, 3.625, 13.9375], "texture": "#1"},
				"up": {"uv": [11.34375, 7.25, 11.25, 7.125], "texture": "#1"},
				"down": {"uv": [8.84375, 11.25, 8.75, 11.375], "texture": "#1"}
			}
		},
		{
			"from": [7.51, 9.95856, 1.25912],
			"to": [8.49, 10.44856, 1.55312],
			"rotation": {"angle": 22.5, "axis": "x", "origin": [0.16, 1.42799, 4.81633]},
			"faces": {
				"north": {"uv": [13.875, 3.25, 14, 3.3125], "texture": "#1"},
				"east": {"uv": [14.625, 13.875, 14.65625, 13.9375], "texture": "#1"},
				"south": {"uv": [3.375, 13.875, 3.5, 13.9375], "texture": "#1"},
				"west": {"uv": [14, 14.625, 14.03125, 14.6875], "texture": "#1"},
				"up": {"uv": [4.75, 14.40625, 4.625, 14.375], "texture": "#1"},
				"down": {"uv": [14.5, 4.625, 14.375, 4.65625], "texture": "#1"}
			}
		},
		{
			"from": [7.51, 9.95856, 1.01412],
			"to": [8.49, 10.44856, 1.25912],
			"rotation": {"angle": 22.5, "axis": "x", "origin": [0.16, 1.42799, 4.81633]},
			"faces": {
				"north": {"uv": [13.875, 3.125, 14, 3.1875], "texture": "#1"},
				"east": {"uv": [14.625, 13.75, 14.65625, 13.8125], "texture": "#1"},
				"south": {"uv": [3.25, 13.875, 3.375, 13.9375], "texture": "#1"},
				"west": {"uv": [13.875, 14.625, 13.90625, 14.6875], "texture": "#1"},
				"up": {"uv": [4.625, 14.40625, 4.5, 14.375], "texture": "#1"},
				"down": {"uv": [14.5, 4.5, 14.375, 4.53125], "texture": "#1"}
			}
		},
		{
			"from": [7.51, 7.21802, -2.34571],
			"to": [7.6815, 7.85502, -1.85571],
			"rotation": {"angle": 45, "axis": "x", "origin": [15.84, 1.42799, 4.81633]},
			"faces": {
				"north": {"uv": [14.625, 2.5, 14.65625, 2.59375], "texture": "#1"},
				"east": {"uv": [14, 11.875, 14.0625, 11.96875], "texture": "#1"},
				"south": {"uv": [2.625, 14.625, 2.65625, 14.71875], "texture": "#1"},
				"west": {"uv": [12, 14, 12.0625, 14.09375], "texture": "#1"},
				"up": {"uv": [14.65625, 13.6875, 14.625, 13.625], "texture": "#1"},
				"down": {"uv": [13.78125, 14.625, 13.75, 14.6875], "texture": "#1"}
			}
		},
		{
			"from": [8.3185, 7.21802, -2.34571],
			"to": [8.49, 7.85502, -1.85571],
			"rotation": {"angle": 45, "axis": "x", "origin": [0.16, 1.42799, 4.81633]},
			"faces": {
				"north": {"uv": [14.625, 2.375, 14.65625, 2.46875], "texture": "#1"},
				"east": {"uv": [14, 11.75, 14.0625, 11.84375], "texture": "#1"},
				"south": {"uv": [2.5, 14.625, 2.53125, 14.71875], "texture": "#1"},
				"west": {"uv": [11.875, 14, 11.9375, 14.09375], "texture": "#1"},
				"up": {"uv": [14.65625, 13.5625, 14.625, 13.5], "texture": "#1"},
				"down": {"uv": [13.65625, 14.625, 13.625, 14.6875], "texture": "#1"}
			}
		},
		{
			"from": [7.6815, 10.37506, 8.00603],
			"to": [8.3185, 10.76706, 8.74103],
			"rotation": {"angle": -22.5, "axis": "x", "origin": [0.16, 1.42799, 4.81633]},
			"faces": {
				"north": {"uv": [14, 11.5, 14.09375, 11.5625], "texture": "#1"},
				"east": {"uv": [11.625, 14, 11.71875, 14.0625], "texture": "#1"},
				"south": {"uv": [14, 11.625, 14.09375, 11.6875], "texture": "#1"},
				"west": {"uv": [11.75, 14, 11.84375, 14.0625], "texture": "#1"},
				"up": {"uv": [13.84375, 0.96875, 13.75, 0.875], "texture": "#1"},
				"down": {"uv": [1.09375, 13.75, 1, 13.84375], "texture": "#1"}
			}
		},
		{
			"from": [7.6816, 7.21802, -2.59071],
			"to": [8.3184, 7.95302, -2.34571],
			"rotation": {"angle": 45, "axis": "x", "origin": [0.16, 1.42799, 4.81633]},
			"faces": {
				"north": {"uv": [13.75, 0.625, 13.84375, 0.71875], "texture": "#1"},
				"east": {"uv": [14.625, 2.125, 14.65625, 2.21875], "texture": "#1"},
				"south": {"uv": [13.75, 0.75, 13.84375, 0.84375], "texture": "#1"},
				"west": {"uv": [2.25, 14.625, 2.28125, 14.71875], "texture": "#1"},
				"up": {"uv": [14.71875, 2.28125, 14.625, 2.25], "texture": "#1"},
				"down": {"uv": [2.46875, 14.625, 2.375, 14.65625], "texture": "#1"}
			}
		},
		{
			"from": [7.6814, 9.98306, 0.98962],
			"to": [8.3186, 10.81606, 1.72462],
			"rotation": {"angle": 22.5, "axis": "x", "origin": [0.16, 1.42799, 4.81633]},
			"faces": {
				"north": {"uv": [13.625, 13.625, 13.71875, 13.71875], "texture": "#1"},
				"east": {"uv": [0, 13.75, 0.09375, 13.84375], "texture": "#1"},
				"south": {"uv": [13.75, 0.125, 13.84375, 0.21875], "texture": "#1"},
				"west": {"uv": [13.75, 0.25, 13.84375, 0.34375], "texture": "#1"},
				"up": {"uv": [13.84375, 0.46875, 13.75, 0.375], "texture": "#1"},
				"down": {"uv": [13.84375, 0.5, 13.75, 0.59375], "texture": "#1"}
			}
		},
		{
			"from": [7.6815, 9.68906, 2.21462],
			"to": [8.3185, 10.66906, 3.43962],
			"rotation": {"angle": 22.5, "axis": "x", "origin": [0.16, 1.42799, 4.81633]},
			"faces": {
				"north": {"uv": [11.25, 5, 11.34375, 5.125], "texture": "#1"},
				"east": {"uv": [7, 12.375, 7.15625, 12.5], "texture": "#1"},
				"south": {"uv": [6.625, 11.25, 6.71875, 11.375], "texture": "#1"},
				"west": {"uv": [7.25, 12.375, 7.40625, 12.5], "texture": "#1"},
				"up": {"uv": [12.84375, 12.90625, 12.75, 12.75], "texture": "#1"},
				"down": {"uv": [0.21875, 12.875, 0.125, 13.03125], "texture": "#1"}
			}
		},
		{
			"from": [7.6815, 10.25256, 1.72462],
			"to": [8.3185, 10.74256, 2.21462],
			"rotation": {"angle": 22.5, "axis": "x", "origin": [0.16, 1.42799, 4.81633]},
			"faces": {
				"north": {"uv": [14, 11.25, 14.09375, 11.3125], "texture": "#1"},
				"east": {"uv": [14.375, 4.125, 14.4375, 4.1875], "texture": "#1"},
				"south": {"uv": [11.375, 14, 11.46875, 14.0625], "texture": "#1"},
				"west": {"uv": [4.25, 14.375, 4.3125, 14.4375], "texture": "#1"},
				"up": {"uv": [14.09375, 11.4375, 14, 11.375], "texture": "#1"},
				"down": {"uv": [11.59375, 14, 11.5, 14.0625], "texture": "#1"}
			}
		},
		{
			"from": [7.1914, 6.77702, -2.10071],
			"to": [7.51, 7.51202, -1.78221],
			"rotation": {"angle": 45, "axis": "x", "origin": [15.84, 1.42799, 4.81633]},
			"faces": {
				"north": {"uv": [14.625, 1.875, 14.65625, 1.96875], "texture": "#1"},
				"east": {"uv": [2, 14.625, 2.03125, 14.71875], "texture": "#1"},
				"south": {"uv": [14.625, 2, 14.65625, 2.09375], "texture": "#1"},
				"west": {"uv": [2.125, 14.625, 2.15625, 14.71875], "texture": "#1"},
				"up": {"uv": [14.90625, 4.28125, 14.875, 4.25], "texture": "#1"},
				"down": {"uv": [4.40625, 14.875, 4.375, 14.90625], "texture": "#1"}
			}
		},
		{
			"from": [7.1915, 9.82999, 3.71383],
			"to": [7.51, 10.09949, 3.93433],
			"rotation": {"angle": 0, "axis": "y", "origin": [15.84, 1.42799, 4.81633]},
			"faces": {
				"north": {"uv": [14.875, 3.875, 14.90625, 3.90625], "texture": "#1"},
				"east": {"uv": [4, 14.875, 4.03125, 14.90625], "texture": "#1"},
				"south": {"uv": [14.875, 4, 14.90625, 4.03125], "texture": "#1"},
				"west": {"uv": [4.125, 14.875, 4.15625, 14.90625], "texture": "#1"},
				"up": {"uv": [14.90625, 4.15625, 14.875, 4.125], "texture": "#1"},
				"down": {"uv": [4.28125, 14.875, 4.25, 14.90625], "texture": "#1"}
			}
		},
		{
			"from": [7.1915, 9.49306, 7.00153],
			"to": [7.51, 9.61556, 7.73653],
			"rotation": {"angle": -22.5, "axis": "x", "origin": [15.84, 1.42799, 4.81633]},
			"faces": {
				"north": {"uv": [14.875, 3.75, 14.90625, 3.78125], "texture": "#1"},
				"east": {"uv": [14.625, 1.625, 14.71875, 1.65625], "texture": "#1"},
				"south": {"uv": [3.875, 14.875, 3.90625, 14.90625], "texture": "#1"},
				"west": {"uv": [1.75, 14.625, 1.84375, 14.65625], "texture": "#1"},
				"up": {"uv": [14.65625, 1.84375, 14.625, 1.75], "texture": "#1"},
				"down": {"uv": [1.90625, 14.625, 1.875, 14.71875], "texture": "#1"}
			}
		},
		{
			"from": [7.2405, 7.21802, -1.53721],
			"to": [7.4855, 7.46302, -1.04721],
			"rotation": {"angle": 45, "axis": "x", "origin": [15.84, 1.42799, 4.81633]},
			"faces": {
				"north": {"uv": [14.875, 3.625, 14.90625, 3.65625], "texture": "#1"},
				"east": {"uv": [14.625, 13.25, 14.6875, 13.28125], "texture": "#1"},
				"south": {"uv": [3.75, 14.875, 3.78125, 14.90625], "texture": "#1"},
				"west": {"uv": [13.375, 14.625, 13.4375, 14.65625], "texture": "#1"},
				"up": {"uv": [14.65625, 13.4375, 14.625, 13.375], "texture": "#1"},
				"down": {"uv": [13.53125, 14.625, 13.5, 14.6875], "texture": "#1"}
			}
		},
		{
			"from": [7.1915, 9.92799, 3.98333],
			"to": [7.51, 10.31999, 4.74283],
			"rotation": {"angle": 0, "axis": "y", "origin": [15.84, 1.42799, 4.81633]},
			"faces": {
				"north": {"uv": [14.625, 13.125, 14.65625, 13.1875], "texture": "#1"},
				"east": {"uv": [14, 11.125, 14.09375, 11.1875], "texture": "#1"},
				"south": {"uv": [13.25, 14.625, 13.28125, 14.6875], "texture": "#1"},
				"west": {"uv": [11.25, 14, 11.34375, 14.0625], "texture": "#1"},
				"up": {"uv": [14.65625, 1.59375, 14.625, 1.5], "texture": "#1"},
				"down": {"uv": [1.65625, 14.625, 1.625, 14.71875], "texture": "#1"}
			}
		},
		{
			"from": [7.1913, 9.41956, 7.78553],
			"to": [7.51, 10.15456, 8.52053],
			"rotation": {"angle": -22.5, "axis": "x", "origin": [15.84, 1.42799, 4.81633]},
			"faces": {
				"north": {"uv": [14.625, 1.25, 14.65625, 1.34375], "texture": "#1"},
				"east": {"uv": [13.5, 13.625, 13.59375, 13.71875], "texture": "#1"},
				"south": {"uv": [1.375, 14.625, 1.40625, 14.71875], "texture": "#1"},
				"west": {"uv": [13.625, 13.5, 13.71875, 13.59375], "texture": "#1"},
				"up": {"uv": [14.65625, 1.46875, 14.625, 1.375], "texture": "#1"},
				"down": {"uv": [1.53125, 14.625, 1.5, 14.71875], "texture": "#1"}
			}
		},
		{
			"from": [7.0201, 9.31549, 4.66933],
			"to": [7.3631, 10.41799, 5.18383],
			"rotation": {"angle": 0, "axis": "y", "origin": [15.84, 1.42799, 4.81633]},
			"faces": {
				"north": {"uv": [13.625, 14.25, 13.65625, 14.40625], "texture": "#1"},
				"east": {"uv": [12.5, 13.5, 12.5625, 13.65625], "texture": "#1"},
				"south": {"uv": [14.25, 13.625, 14.28125, 13.78125], "texture": "#1"},
				"west": {"uv": [12.625, 13.5, 12.6875, 13.65625], "texture": "#1"},
				"up": {"uv": [14.65625, 13.0625, 14.625, 13], "texture": "#1"},
				"down": {"uv": [13.15625, 14.625, 13.125, 14.6875], "texture": "#1"}
			}
		},
		{
			"from": [7.02, 9.02756, 1.87162],
			"to": [7.265, 9.81156, 2.85162],
			"rotation": {"angle": 22.5, "axis": "x", "origin": [15.84, 1.42799, 4.81633]},
			"faces": {
				"north": {"uv": [14.625, 1.125, 14.65625, 1.21875], "texture": "#1"},
				"east": {"uv": [11.25, 2.125, 11.375, 2.21875], "texture": "#1"},
				"south": {"uv": [1.25, 14.625, 1.28125, 14.71875], "texture": "#1"},
				"west": {"uv": [2.375, 11.25, 2.5, 11.34375], "texture": "#1"},
				"up": {"uv": [4.03125, 14.5, 4, 14.375], "texture": "#1"},
				"down": {"uv": [14.40625, 4, 14.375, 4.125], "texture": "#1"}
			}
		},
		{
			"from": [8, 9.80549, 8.49133],
			"to": [8.245, 10.09949, 9.47133],
			"rotation": {"angle": -22.5, "axis": "y", "origin": [15.84, 1.42799, 4.81633]},
			"faces": {
				"north": {"uv": [14.875, 3.5, 14.90625, 3.53125], "texture": "#1"},
				"east": {"uv": [3.75, 14.375, 3.875, 14.40625], "texture": "#1"},
				"south": {"uv": [3.625, 14.875, 3.65625, 14.90625], "texture": "#1"},
				"west": {"uv": [14.375, 3.75, 14.5, 3.78125], "texture": "#1"},
				"up": {"uv": [3.90625, 14.5, 3.875, 14.375], "texture": "#1"},
				"down": {"uv": [14.40625, 3.875, 14.375, 4], "texture": "#1"}
			}
		},
		{
			"from": [3.85479, 7.85156, 4.81633],
			"to": [4.34479, 8.58656, 6.77633],
			"rotation": {"angle": -22.5, "axis": "z", "origin": [8, 1.42799, 4.81633]},
			"faces": {
				"north": {"uv": [14, 11, 14.0625, 11.09375], "texture": "#1"},
				"east": {"uv": [11.875, 11.875, 12.125, 11.96875], "texture": "#1"},
				"south": {"uv": [11.125, 14, 11.1875, 14.09375], "texture": "#1"},
				"west": {"uv": [0, 12, 0.25, 12.09375], "texture": "#1"},
				"up": {"uv": [3.5625, 13, 3.5, 12.75], "texture": "#1"},
				"down": {"uv": [3.6875, 12.75, 3.625, 13], "texture": "#1"}
			}
		},
		{
			"from": [3.95279, 7.36156, 5.06133],
			"to": [4.44279, 7.85156, 6.77633],
			"rotation": {"angle": -22.5, "axis": "z", "origin": [8, 1.42799, 4.81633]},
			"faces": {
				"north": {"uv": [3.625, 14.375, 3.6875, 14.4375], "texture": "#1"},
				"east": {"uv": [11.125, 13, 11.34375, 13.0625], "texture": "#1"},
				"south": {"uv": [14.375, 3.625, 14.4375, 3.6875], "texture": "#1"},
				"west": {"uv": [11.375, 13, 11.59375, 13.0625], "texture": "#1"},
				"up": {"uv": [11.8125, 13.21875, 11.75, 13], "texture": "#1"},
				"down": {"uv": [13.0625, 11.75, 13, 11.96875], "texture": "#1"}
			}
		},
		{
			"from": [4.05079, 6.38156, 5.79633],
			"to": [4.54079, 6.87156, 6.28633],
			"rotation": {"angle": -22.5, "axis": "z", "origin": [8, 1.42799, 4.81633]},
			"faces": {
				"north": {"uv": [3.25, 14.375, 3.3125, 14.4375], "texture": "#1"},
				"east": {"uv": [14.375, 3.25, 14.4375, 3.3125], "texture": "#1"},
				"south": {"uv": [3.375, 14.375, 3.4375, 14.4375], "texture": "#1"},
				"west": {"uv": [14.375, 3.375, 14.4375, 3.4375], "texture": "#1"},
				"up": {"uv": [3.5625, 14.4375, 3.5, 14.375], "texture": "#1"},
				"down": {"uv": [14.4375, 3.5, 14.375, 3.5625], "texture": "#1"}
			}
		},
		{
			"from": [4.05079, 6.87156, 5.55133],
			"to": [4.54079, 7.11656, 6.53133],
			"rotation": {"angle": -22.5, "axis": "z", "origin": [8, 1.42799, 4.81633]},
			"faces": {
				"north": {"uv": [14.625, 12.875, 14.6875, 12.90625], "texture": "#1"},
				"east": {"uv": [3.125, 14.375, 3.25, 14.40625], "texture": "#1"},
				"south": {"uv": [13, 14.625, 13.0625, 14.65625], "texture": "#1"},
				"west": {"uv": [14.375, 3.125, 14.5, 3.15625], "texture": "#1"},
				"up": {"uv": [2.4375, 14, 2.375, 13.875], "texture": "#1"},
				"down": {"uv": [2.5625, 13.875, 2.5, 14], "texture": "#1"}
			}
		},
		{
			"from": [3.95279, 7.11656, 5.30633],
			"to": [4.44279, 7.36156, 6.77633],
			"rotation": {"angle": -22.5, "axis": "z", "origin": [8, 1.42799, 4.81633]},
			"faces": {
				"north": {"uv": [14.625, 12.75, 14.6875, 12.78125], "texture": "#1"},
				"east": {"uv": [10.875, 14, 11.0625, 14.03125], "texture": "#1"},
				"south": {"uv": [12.875, 14.625, 12.9375, 14.65625], "texture": "#1"},
				"west": {"uv": [14, 10.875, 14.1875, 10.90625], "texture": "#1"},
				"up": {"uv": [8.4375, 13.3125, 8.375, 13.125], "texture": "#1"},
				"down": {"uv": [13.1875, 8.5, 13.125, 8.6875], "texture": "#1"}
			}
		},
		{
			"from": [8.49, 9.41956, 7.78553],
			"to": [8.8087, 10.15456, 8.52053],
			"rotation": {"angle": -22.5, "axis": "x", "origin": [0.16, 1.42799, 4.81633]},
			"faces": {
				"north": {"uv": [14.625, 0.875, 14.65625, 0.96875], "texture": "#1"},
				"east": {"uv": [13.375, 13.625, 13.46875, 13.71875], "texture": "#1"},
				"south": {"uv": [1, 14.625, 1.03125, 14.71875], "texture": "#1"},
				"west": {"uv": [13.625, 13.375, 13.71875, 13.46875], "texture": "#1"},
				"up": {"uv": [14.65625, 1.09375, 14.625, 1], "texture": "#1"},
				"down": {"uv": [1.15625, 14.625, 1.125, 14.71875], "texture": "#1"}
			}
		},
		{
			"from": [8.49, 9.49306, 7.00153],
			"to": [8.8085, 9.61556, 7.73653],
			"rotation": {"angle": -22.5, "axis": "x", "origin": [0.16, 1.42799, 4.81633]},
			"faces": {
				"north": {"uv": [14.875, 3.375, 14.90625, 3.40625], "texture": "#1"},
				"east": {"uv": [14.625, 0.625, 14.71875, 0.65625], "texture": "#1"},
				"south": {"uv": [3.5, 14.875, 3.53125, 14.90625], "texture": "#1"},
				"west": {"uv": [0.75, 14.625, 0.84375, 14.65625], "texture": "#1"},
				"up": {"uv": [14.65625, 0.84375, 14.625, 0.75], "texture": "#1"},
				"down": {"uv": [0.90625, 14.625, 0.875, 14.71875], "texture": "#1"}
			}
		},
		{
			"from": [8.49, 9.82999, 3.71383],
			"to": [8.8085, 10.09949, 3.93433],
			"rotation": {"angle": 0, "axis": "y", "origin": [0.16, 1.42799, 4.81633]},
			"faces": {
				"north": {"uv": [14.875, 3, 14.90625, 3.03125], "texture": "#1"},
				"east": {"uv": [3.125, 14.875, 3.15625, 14.90625], "texture": "#1"},
				"south": {"uv": [14.875, 3.125, 14.90625, 3.15625], "texture": "#1"},
				"west": {"uv": [3.25, 14.875, 3.28125, 14.90625], "texture": "#1"},
				"up": {"uv": [14.90625, 3.28125, 14.875, 3.25], "texture": "#1"},
				"down": {"uv": [3.40625, 14.875, 3.375, 14.90625], "texture": "#1"}
			}
		},
		{
			"from": [8.49, 9.92799, 3.98333],
			"to": [8.8085, 10.31999, 4.74283],
			"rotation": {"angle": 0, "axis": "y", "origin": [0.16, 1.42799, 4.81633]},
			"faces": {
				"north": {"uv": [14.625, 12.5, 14.65625, 12.5625], "texture": "#1"},
				"east": {"uv": [10.5, 14, 10.59375, 14.0625], "texture": "#1"},
				"south": {"uv": [12.625, 14.625, 12.65625, 14.6875], "texture": "#1"},
				"west": {"uv": [14, 10.5, 14.09375, 10.5625], "texture": "#1"},
				"up": {"uv": [14.65625, 0.59375, 14.625, 0.5], "texture": "#1"},
				"down": {"uv": [0.65625, 14.625, 0.625, 14.71875], "texture": "#1"}
			}
		},
		{
			"from": [8.49, 6.77702, -2.10071],
			"to": [8.8086, 7.51202, -1.78221],
			"rotation": {"angle": 45, "axis": "x", "origin": [0.16, 1.42799, 4.81633]},
			"faces": {
				"north": {"uv": [14.625, 0.25, 14.65625, 0.34375], "texture": "#1"},
				"east": {"uv": [0.375, 14.625, 0.40625, 14.71875], "texture": "#1"},
				"south": {"uv": [14.625, 0.375, 14.65625, 0.46875], "texture": "#1"},
				"west": {"uv": [0.5, 14.625, 0.53125, 14.71875], "texture": "#1"},
				"up": {"uv": [14.90625, 2.90625, 14.875, 2.875], "texture": "#1"},
				"down": {"uv": [3.03125, 14.875, 3, 14.90625], "texture": "#1"}
			}
		},
		{
			"from": [8.49, 7.77806, 8.47153],
			"to": [8.98, 8.51306, 8.71653],
			"rotation": {"angle": -22.5, "axis": "x", "origin": [0.16, 1.42799, 4.81633]},
			"faces": {
				"north": {"uv": [10.375, 14, 10.4375, 14.09375], "texture": "#1"},
				"east": {"uv": [14.625, 0.125, 14.65625, 0.21875], "texture": "#1"},
				"south": {"uv": [14, 10.375, 14.0625, 10.46875], "texture": "#1"},
				"west": {"uv": [0.25, 14.625, 0.28125, 14.71875], "texture": "#1"},
				"up": {"uv": [14.6875, 12.40625, 14.625, 12.375], "texture": "#1"},
				"down": {"uv": [12.5625, 14.625, 12.5, 14.65625], "texture": "#1"}
			}
		},
		{
			"from": [11.55721, 7.11656, 5.30633],
			"to": [12.04721, 7.36156, 6.77633],
			"rotation": {"angle": 22.5, "axis": "z", "origin": [8, 1.42799, 4.81633]},
			"faces": {
				"north": {"uv": [14.625, 12.125, 14.6875, 12.15625], "texture": "#1"},
				"east": {"uv": [9.875, 14, 10.0625, 14.03125], "texture": "#1"},
				"south": {"uv": [12.25, 14.625, 12.3125, 14.65625], "texture": "#1"},
				"west": {"uv": [14, 10, 14.1875, 10.03125], "texture": "#1"},
				"up": {"uv": [7.8125, 13.3125, 7.75, 13.125], "texture": "#1"},
				"down": {"uv": [13.1875, 7.875, 13.125, 8.0625], "texture": "#1"}
			}
		},
		{
			"from": [11.45921, 6.38156, 5.79633],
			"to": [11.94921, 6.87156, 6.28633],
			"rotation": {"angle": 22.5, "axis": "z", "origin": [8, 1.42799, 4.81633]},
			"faces": {
				"north": {"uv": [2.25, 14.375, 2.3125, 14.4375], "texture": "#1"},
				"east": {"uv": [14.375, 2.25, 14.4375, 2.3125], "texture": "#1"},
				"south": {"uv": [2.375, 14.375, 2.4375, 14.4375], "texture": "#1"},
				"west": {"uv": [14.375, 2.375, 14.4375, 2.4375], "texture": "#1"},
				"up": {"uv": [2.5625, 14.4375, 2.5, 14.375], "texture": "#1"},
				"down": {"uv": [14.4375, 2.5, 14.375, 2.5625], "texture": "#1"}
			}
		},
		{
			"from": [11.45921, 6.87156, 5.55133],
			"to": [11.94921, 7.11656, 6.53133],
			"rotation": {"angle": 22.5, "axis": "z", "origin": [8, 1.42799, 4.81633]},
			"faces": {
				"north": {"uv": [14.625, 12, 14.6875, 12.03125], "texture": "#1"},
				"east": {"uv": [14.375, 2, 14.5, 2.03125], "texture": "#1"},
				"south": {"uv": [12.125, 14.625, 12.1875, 14.65625], "texture": "#1"},
				"west": {"uv": [2.125, 14.375, 2.25, 14.40625], "texture": "#1"},
				"up": {"uv": [13.9375, 1.625, 13.875, 1.5], "texture": "#1"},
				"down": {"uv": [1.6875, 13.875, 1.625, 14], "texture": "#1"}
			}
		},
		{
			"from": [11.55721, 7.36156, 5.06133],
			"to": [12.04721, 7.85156, 6.77633],
			"rotation": {"angle": 22.5, "axis": "z", "origin": [8, 1.42799, 4.81633]},
			"faces": {
				"north": {"uv": [14.375, 1.875, 14.4375, 1.9375], "texture": "#1"},
				"east": {"uv": [13, 10.75, 13.21875, 10.8125], "texture": "#1"},
				"south": {"uv": [2, 14.375, 2.0625, 14.4375], "texture": "#1"},
				"west": {"uv": [13, 10.875, 13.21875, 10.9375], "texture": "#1"},
				"up": {"uv": [10.8125, 13.21875, 10.75, 13], "texture": "#1"},
				"down": {"uv": [11.0625, 13, 11, 13.21875], "texture": "#1"}
			}
		},
		{
			"from": [11.65521, 7.85156, 4.81633],
			"to": [12.14521, 8.58656, 6.77633],
			"rotation": {"angle": 22.5, "axis": "z", "origin": [8, 1.42799, 4.81633]},
			"faces": {
				"north": {"uv": [9.625, 14, 9.6875, 14.09375], "texture": "#1"},
				"east": {"uv": [11.875, 10.25, 12.125, 10.34375], "texture": "#1"},
				"south": {"uv": [9.75, 14, 9.8125, 14.09375], "texture": "#1"},
				"west": {"uv": [11.875, 10.375, 12.125, 10.46875], "texture": "#1"},
				"up": {"uv": [12.8125, 3.5, 12.75, 3.25], "texture": "#1"},
				"down": {"uv": [3.4375, 12.75, 3.375, 13], "texture": "#1"}
			}
		},
		{
			"from": [7.755, 9.80549, 8.49133],
			"to": [8, 10.09949, 9.47133],
			"rotation": {"angle": 22.5, "axis": "y", "origin": [0.16, 1.42799, 4.81633]},
			"faces": {
				"north": {"uv": [14.875, 2.75, 14.90625, 2.78125], "texture": "#1"},
				"east": {"uv": [14.375, 1.625, 14.5, 1.65625], "texture": "#1"},
				"south": {"uv": [2.875, 14.875, 2.90625, 14.90625], "texture": "#1"},
				"west": {"uv": [1.75, 14.375, 1.875, 14.40625], "texture": "#1"},
				"up": {"uv": [14.40625, 1.875, 14.375, 1.75], "texture": "#1"},
				"down": {"uv": [1.90625, 14.375, 1.875, 14.5], "texture": "#1"}
			}
		},
		{
			"from": [8.735, 9.02756, 1.87162],
			"to": [8.98, 9.81156, 2.85162],
			"rotation": {"angle": 22.5, "axis": "x", "origin": [0.16, 1.42799, 4.81633]},
			"faces": {
				"north": {"uv": [14.625, 0, 14.65625, 0.09375], "texture": "#1"},
				"east": {"uv": [0.25, 11.25, 0.375, 11.34375], "texture": "#1"},
				"south": {"uv": [0.125, 14.625, 0.15625, 14.71875], "texture": "#1"},
				"west": {"uv": [11.25, 0.625, 11.375, 0.71875], "texture": "#1"},
				"up": {"uv": [14.40625, 1.625, 14.375, 1.5], "texture": "#1"},
				"down": {"uv": [1.65625, 14.375, 1.625, 14.5], "texture": "#1"}
			}
		},
		{
			"from": [8.6369, 9.31549, 4.66933],
			"to": [8.9799, 10.41799, 5.18383],
			"rotation": {"angle": 0, "axis": "y", "origin": [0.16, 1.42799, 4.81633]},
			"faces": {
				"north": {"uv": [14.25, 13.375, 14.28125, 13.53125], "texture": "#1"},
				"east": {"uv": [13.5, 12.25, 13.5625, 12.40625], "texture": "#1"},
				"south": {"uv": [13.5, 14.25, 13.53125, 14.40625], "texture": "#1"},
				"west": {"uv": [12.375, 13.5, 12.4375, 13.65625], "texture": "#1"},
				"up": {"uv": [14.65625, 11.9375, 14.625, 11.875], "texture": "#1"},
				"down": {"uv": [12.03125, 14.625, 12, 14.6875], "texture": "#1"}
			}
		},
		{
			"from": [8.5145, 7.21802, -1.53721],
			"to": [8.7595, 7.46302, -1.04721],
			"rotation": {"angle": 45, "axis": "x", "origin": [0.16, 1.42799, 4.81633]},
			"faces": {
				"north": {"uv": [14.875, 2.625, 14.90625, 2.65625], "texture": "#1"},
				"east": {"uv": [14.625, 11.625, 14.6875, 11.65625], "texture": "#1"},
				"south": {"uv": [2.75, 14.875, 2.78125, 14.90625], "texture": "#1"},
				"west": {"uv": [11.75, 14.625, 11.8125, 14.65625], "texture": "#1"},
				"up": {"uv": [14.65625, 11.8125, 14.625, 11.75], "texture": "#1"},
				"down": {"uv": [11.90625, 14.625, 11.875, 14.6875], "texture": "#1"}
			}
		},
		{
			"from": [7.0199, 7.68352, -1.65971],
			"to": [8.9801, 8.10002, -0.80221],
			"rotation": {"angle": 45, "axis": "x", "origin": [0.16, 1.42799, 4.81633]},
			"faces": {
				"north": {"uv": [12.75, 1, 13, 1.0625], "texture": "#1"},
				"east": {"uv": [13.875, 1.125, 14, 1.1875], "texture": "#1"},
				"south": {"uv": [12.75, 2.25, 13, 2.3125], "texture": "#1"},
				"west": {"uv": [1.25, 13.875, 1.375, 13.9375], "texture": "#1"},
				"up": {"uv": [4.875, 1, 4.625, 0.875], "texture": "#1"},
				"down": {"uv": [5.875, 1.875, 5.625, 2], "texture": "#1"}
			}
		},
		{
			"from": [6.6525, 7.90402, 0.00629],
			"to": [9.3475, 9.42302, 1.23129],
			"rotation": {"angle": 45, "axis": "x", "origin": [0.16, 1.42799, 4.81633]},
			"faces": {
				"north": {"uv": [4.625, 8.5, 4.96875, 8.6875], "texture": "#1"},
				"east": {"uv": [11.625, 3.125, 11.78125, 3.3125], "texture": "#1"},
				"south": {"uv": [8.5, 4.625, 8.84375, 4.8125], "texture": "#1"},
				"west": {"uv": [3.25, 11.625, 3.40625, 11.8125], "texture": "#1"},
				"up": {"uv": [1.59375, 9.65625, 1.25, 9.5], "texture": "#1"},
				"down": {"uv": [9.84375, 2.125, 9.5, 2.28125], "texture": "#1"}
			}
		},
		{
			"from": [6.8975, 7.36156, 8.10403],
			"to": [7.3875, 8.68456, 8.59403],
			"rotation": {"angle": -22.5, "axis": "x", "origin": [15.84, 1.42799, 4.81633]},
			"faces": {
				"north": {"uv": [12, 13.5, 12.0625, 13.65625], "texture": "#1"},
				"east": {"uv": [13.5, 12, 13.5625, 12.15625], "texture": "#1"},
				"south": {"uv": [12.125, 13.5, 12.1875, 13.65625], "texture": "#1"},
				"west": {"uv": [12.25, 13.5, 12.3125, 13.65625], "texture": "#1"},
				"up": {"uv": [14.4375, 1.4375, 14.375, 1.375], "texture": "#1"},
				"down": {"uv": [1.5625, 14.375, 1.5, 14.4375], "texture": "#1"}
			}
		},
		{
			"from": [6.6525, 6.72802, 0.5942],
			"to": [7.3875, 7.21802, 2.2112],
			"rotation": {"angle": 45, "axis": "x", "origin": [15.84, 1.42799, 4.81633]},
			"faces": {
				"north": {"uv": [14, 9.125, 14.09375, 9.1875], "texture": "#1"},
				"east": {"uv": [13, 9.875, 13.21875, 9.9375], "texture": "#1"},
				"south": {"uv": [9.25, 14, 9.34375, 14.0625], "texture": "#1"},
				"west": {"uv": [13, 10.625, 13.21875, 10.6875], "texture": "#1"},
				"up": {"uv": [12.34375, 7.46875, 12.25, 7.25], "texture": "#1"},
				"down": {"uv": [12.34375, 7.5, 12.25, 7.71875], "texture": "#1"}
			}
		},
		{
			"from": [8.6125, 6.72802, 0.5942],
			"to": [9.3475, 7.21802, 2.2112],
			"rotation": {"angle": 45, "axis": "x", "origin": [0.16, 1.42799, 4.81633]},
			"faces": {
				"north": {"uv": [14, 9, 14.09375, 9.0625], "texture": "#1"},
				"east": {"uv": [13, 8.375, 13.21875, 8.4375], "texture": "#1"},
				"south": {"uv": [9.125, 14, 9.21875, 14.0625], "texture": "#1"},
				"west": {"uv": [13, 8.875, 13.21875, 8.9375], "texture": "#1"},
				"up": {"uv": [4.59375, 12.46875, 4.5, 12.25], "texture": "#1"},
				"down": {"uv": [6.96875, 12.25, 6.875, 12.46875], "texture": "#1"}
			}
		},
		{
			"from": [8.6125, 7.36156, 8.10403],
			"to": [9.1025, 8.68456, 8.59403],
			"rotation": {"angle": -22.5, "axis": "x", "origin": [0.16, 1.42799, 4.81633]},
			"faces": {
				"north": {"uv": [11.5, 13.5, 11.5625, 13.65625], "texture": "#1"},
				"east": {"uv": [13.5, 11.5, 13.5625, 11.65625], "texture": "#1"},
				"south": {"uv": [11.75, 13.5, 11.8125, 13.65625], "texture": "#1"},
				"west": {"uv": [11.875, 13.5, 11.9375, 13.65625], "texture": "#1"},
				"up": {"uv": [14.4375, 1.3125, 14.375, 1.25], "texture": "#1"},
				"down": {"uv": [1.4375, 14.375, 1.375, 14.4375], "texture": "#1"}
			}
		},
		{
			"from": [6.579, 7.21802, 1.23129],
			"to": [9.421, 9.42302, 2.45629],
			"rotation": {"angle": 45, "axis": "x", "origin": [0.16, 1.42799, 4.81633]},
			"faces": {
				"north": {"uv": [1.5, 6.75, 1.875, 7.03125], "texture": "#1"},
				"east": {"uv": [6.375, 10.25, 6.53125, 10.53125], "texture": "#1"},
				"south": {"uv": [6.75, 1.5, 7.125, 1.78125], "texture": "#1"},
				"west": {"uv": [6.625, 10.25, 6.78125, 10.53125], "texture": "#1"},
				"up": {"uv": [9.5, 0.15625, 9.125, 0], "texture": "#1"},
				"down": {"uv": [9.5, 0.25, 9.125, 0.40625], "texture": "#1"}
			}
		},
		{
			"from": [7.8775, 7.19006, 10.77453],
			"to": [8.1225, 8.17006, 11.26453],
			"rotation": {"angle": -22.5, "axis": "x", "origin": [0.16, 1.42799, 4.81633]},
			"faces": {
				"north": {"uv": [14.375, 1.125, 14.40625, 1.25], "texture": "#1"},
				"east": {"uv": [13.875, 1, 13.9375, 1.125], "texture": "#1"},
				"south": {"uv": [1.25, 14.375, 1.28125, 14.5], "texture": "#1"},
				"west": {"uv": [1.125, 13.875, 1.1875, 14], "texture": "#1"},
				"up": {"uv": [14.65625, 11.5625, 14.625, 11.5], "texture": "#1"},
				"down": {"uv": [11.65625, 14.625, 11.625, 14.6875], "texture": "#1"}
			}
		},
		{
			"from": [7.8775, 8.66006, 9.89253],
			"to": [8.1225, 9.39506, 10.38253],
			"rotation": {"angle": -22.5, "axis": "x", "origin": [0.16, 1.42799, 4.81633]},
			"faces": {
				"north": {"uv": [14.5, 14.5, 14.53125, 14.59375], "texture": "#1"},
				"east": {"uv": [14, 8.875, 14.0625, 8.96875], "texture": "#1"},
				"south": {"uv": [0, 14.625, 0.03125, 14.71875], "texture": "#1"},
				"west": {"uv": [9, 14, 9.0625, 14.09375], "texture": "#1"},
				"up": {"uv": [14.65625, 11.4375, 14.625, 11.375], "texture": "#1"},
				"down": {"uv": [11.53125, 14.625, 11.5, 14.6875], "texture": "#1"}
			}
		},
		{
			"from": [7.755, 9.42302, 0.10429],
			"to": [8.245, 9.66802, 0.83929],
			"rotation": {"angle": 45, "axis": "x", "origin": [0.16, 1.42799, 4.81633]},
			"faces": {
				"north": {"uv": [14.625, 11.25, 14.6875, 11.28125], "texture": "#1"},
				"east": {"uv": [14.375, 14.5, 14.46875, 14.53125], "texture": "#1"},
				"south": {"uv": [11.375, 14.625, 11.4375, 14.65625], "texture": "#1"},
				"west": {"uv": [14.5, 14.375, 14.59375, 14.40625], "texture": "#1"},
				"up": {"uv": [14.0625, 8.84375, 14, 8.75], "texture": "#1"},
				"down": {"uv": [8.9375, 14, 8.875, 14.09375], "texture": "#1"}
			}
		},
		{
			"from": [7.51, 9.42302, 0.83929],
			"to": [8.49, 9.66802, 2.45629],
			"rotation": {"angle": 45, "axis": "x", "origin": [0.16, 1.42799, 4.81633]},
			"faces": {
				"north": {"uv": [14.375, 1, 14.5, 1.03125], "texture": "#1"},
				"east": {"uv": [14, 6.375, 14.21875, 6.40625], "texture": "#1"},
				"south": {"uv": [1.125, 14.375, 1.25, 14.40625], "texture": "#1"},
				"west": {"uv": [6.5, 14, 6.71875, 14.03125], "texture": "#1"},
				"up": {"uv": [11.875, 1.21875, 11.75, 1], "texture": "#1"},
				"down": {"uv": [1.375, 11.75, 1.25, 11.96875], "texture": "#1"}
			}
		},
		{
			"from": [8.098, 9.68299, 8.85883],
			"to": [8.588, 10.17299, 10.08383],
			"rotation": {"angle": -22.5, "axis": "y", "origin": [15.84, 1.42799, 4.81633]},
			"faces": {
				"north": {"uv": [14.375, 0.875, 14.4375, 0.9375], "texture": "#1"},
				"east": {"uv": [13.5, 11, 13.65625, 11.0625], "texture": "#1"},
				"south": {"uv": [1, 14.375, 1.0625, 14.4375], "texture": "#1"},
				"west": {"uv": [13.5, 11.125, 13.65625, 11.1875], "texture": "#1"},
				"up": {"uv": [11.1875, 13.65625, 11.125, 13.5], "texture": "#1"},
				"down": {"uv": [13.5625, 11.25, 13.5, 11.40625], "texture": "#1"}
			}
		},
		{
			"from": [4.44279, 6.13656, 4.91433],
			"to": [4.68779, 6.79806, 6.62933],
			"rotation": {"angle": -22.5, "axis": "z", "origin": [15.84, 1.42799, 4.81633]},
			"faces": {
				"north": {"uv": [14.25, 14.5, 14.28125, 14.59375], "texture": "#1"},
				"east": {"uv": [12.25, 7, 12.46875, 7.09375], "texture": "#1"},
				"south": {"uv": [14.5, 14.25, 14.53125, 14.34375], "texture": "#1"},
				"west": {"uv": [12.25, 7.125, 12.46875, 7.21875], "texture": "#1"},
				"up": {"uv": [6.28125, 14.21875, 6.25, 14], "texture": "#1"},
				"down": {"uv": [6.40625, 14, 6.375, 14.21875], "texture": "#1"}
			}
		},
		{
			"from": [7.1425, 8.22252, -1.04721],
			"to": [7.363, 8.32252, -0.75321],
			"rotation": {"angle": 45, "axis": "x", "origin": [0.16, 1.42799, 4.81633]},
			"faces": {
				"north": {"uv": [2.875, 6.875, 3, 7], "texture": "#1"},
				"east": {"uv": [7, 5.5, 7.125, 5.625], "texture": "#1"},
				"south": {"uv": [5.75, 7, 5.875, 7.125], "texture": "#1"},
				"west": {"uv": [3.625, 7.21875, 3.75, 7.25], "texture": "#1"},
				"up": {"uv": [7.25, 7.125, 7.125, 7], "texture": "#1"},
				"down": {"uv": [7.625, 7.25, 7.5, 7.375], "texture": "#1"}
			}
		},
		{
			"from": [8.637, 8.22252, -1.04721],
			"to": [8.8575, 8.32252, -0.75321],
			"rotation": {"angle": 45, "axis": "x", "origin": [15.84, 1.42799, 4.81633]},
			"faces": {
				"north": {"uv": [4.875, 1.375, 5, 1.5], "texture": "#1"},
				"east": {"uv": [2.75, 4.96875, 2.875, 5], "texture": "#1"},
				"south": {"uv": [5.625, 1.25, 5.75, 1.375], "texture": "#1"},
				"west": {"uv": [0.25, 5.75, 0.375, 5.875], "texture": "#1"},
				"up": {"uv": [2.375, 5.875, 2.25, 5.75], "texture": "#1"},
				"down": {"uv": [1.625, 6.375, 1.5, 6.5], "texture": "#1"}
			}
		},
		{
			"from": [7.51, 7.07102, -2.10071],
			"to": [7.755, 7.46302, -1.70871],
			"rotation": {"angle": 45, "axis": "x", "origin": [15.84, 1.42799, 4.81633]},
			"faces": {
				"north": {"uv": [14.625, 11, 14.65625, 11.0625], "texture": "#1"},
				"east": {"uv": [0.15625, 15, 0.21875, 15.0625], "texture": "#1"},
				"south": {"uv": [0.15625, 15, 0.1875, 15.0625], "texture": "#1"},
				"west": {"uv": [0.875, 14.375, 0.9375, 14.4375], "texture": "#1"},
				"up": {"uv": [14.65625, 11.1875, 14.625, 11.125], "texture": "#1"},
				"down": {"uv": [0, 15.25, 0.03125, 15.3125], "texture": "#1"}
			}
		},
		{
			"from": [7.36398, 7.07102, -1.70871],
			"to": [7.60898, 7.70802, 0.00629],
			"rotation": {"angle": 45, "axis": "x", "origin": [15.84, 1.42799, 4.81633]},
			"faces": {
				"north": {"uv": [14.125, 14.5, 14.15625, 14.59375], "texture": "#1"},
				"east": {"uv": [0, 14.96875, 0.21875, 15.0625], "texture": "#1"},
				"south": {"uv": [14.5, 14.125, 14.53125, 14.21875], "texture": "#1"},
				"west": {"uv": [12.25, 6.625, 12.46875, 6.71875], "texture": "#1"},
				"up": {"uv": [6.15625, 14.21875, 6.125, 14], "texture": "#1"},
				"down": {"uv": [0, 15.09375, 0.03125, 15.3125], "texture": "#1"}
			}
		},
		{
			"from": [7.4855, 6.82602, -1.70871],
			"to": [7.4855, 7.07102, 0.25129],
			"rotation": {"angle": 45, "axis": "x", "origin": [15.84, 1.42799, 4.81633]},
			"faces": {
				"north": {"uv": [0, 0, 0, 0.03125], "texture": "#1"},
				"east": {"uv": [0.75, 14.96875, 0.40625, 15], "texture": "#1"},
				"south": {"uv": [0, 0, 0, 0.03125], "texture": "#1"},
				"west": {"uv": [0.40625, 15.03125, 0.75, 15.0625], "texture": "#1"},
				"up": {"uv": [0, 0.34375, 0, 0], "texture": "#1"},
				"down": {"uv": [0, 0, 0, 0.34375], "texture": "#1"}
			}
		},
		{
			"from": [8.5145, 6.82602, -1.70871],
			"to": [8.5145, 7.07102, 0.25129],
			"rotation": {"angle": 45, "axis": "x", "origin": [0.16, 1.42799, 4.81633]},
			"faces": {
				"north": {"uv": [0, 0, 0, 0.03125], "texture": "#1"},
				"east": {"uv": [0.75, 15.03125, 0.40625, 15.0625], "texture": "#1"},
				"south": {"uv": [0, 0, 0, 0.03125], "texture": "#1"},
				"west": {"uv": [0.40625, 14.96875, 0.75, 15], "texture": "#1"},
				"up": {"uv": [0, 0.34375, 0, 0], "texture": "#1"},
				"down": {"uv": [0, 0, 0, 0.34375], "texture": "#1"}
			}
		},
		{
			"from": [7.7305, 6.82602, -2.14971],
			"to": [7.9265, 7.07102, -2.14971],
			"rotation": {"angle": 45, "axis": "x", "origin": [15.84, 1.42799, 4.81633]},
			"faces": {
				"north": {"uv": [0.34375, 15.03125, 0.375, 15.0625], "texture": "#1"},
				"east": {"uv": [0, 0, 0, 0.03125], "texture": "#1"},
				"south": {"uv": [0.34375, 14.96875, 0.375, 15], "texture": "#1"},
				"west": {"uv": [0, 0, 0, 0.03125], "texture": "#1"},
				"up": {"uv": [0.03125, 0, 0, 0], "texture": "#1"},
				"down": {"uv": [0.03125, 0, 0, 0], "texture": "#1"}
			}
		},
		{
			"from": [8.0735, 6.82602, -2.14971],
			"to": [8.2695, 7.07102, -2.14971],
			"rotation": {"angle": 45, "axis": "x", "origin": [0.16, 1.42799, 4.81633]},
			"faces": {
				"north": {"uv": [0.34375, 15.03125, 0.375, 15.0625], "texture": "#1"},
				"east": {"uv": [0, 0, 0, 0.03125], "texture": "#1"},
				"south": {"uv": [0.34375, 14.96875, 0.375, 15], "texture": "#1"},
				"west": {"uv": [0, 0, 0, 0.03125], "texture": "#1"},
				"up": {"uv": [0.03125, 0, 0, 0], "texture": "#1"},
				"down": {"uv": [0.03125, 0, 0, 0], "texture": "#1"}
			}
		},
		{
			"from": [7.6815, 7.07102, -2.34571],
			"to": [8.3185, 7.46302, -2.10071],
			"rotation": {"angle": 45, "axis": "x", "origin": [0.16, 1.42799, 4.81633]},
			"faces": {
				"north": {"uv": [14, 8.625, 14.09375, 8.6875], "texture": "#1"},
				"east": {"uv": [14.625, 10.875, 14.65625, 10.9375], "texture": "#1"},
				"south": {"uv": [0.09375, 15, 0.1875, 15.0625], "texture": "#1"},
				"west": {"uv": [11, 14.625, 11.03125, 14.6875], "texture": "#1"},
				"up": {"uv": [14.09375, 14.53125, 14, 14.5], "texture": "#1"},
				"down": {"uv": [0.03125, 15.09375, 0.125, 15.125], "texture": "#1"}
			}
		},
		{
			"from": [8.245, 7.07102, -2.10071],
			"to": [8.49, 7.46302, -1.70871],
			"rotation": {"angle": 45, "axis": "x", "origin": [0.16, 1.42799, 4.81633]},
			"faces": {
				"north": {"uv": [14.625, 10.625, 14.65625, 10.6875], "texture": "#1"},
				"east": {"uv": [14.375, 0.625, 14.4375, 0.6875], "texture": "#1"},
				"south": {"uv": [0.15625, 15, 0.1875, 15.0625], "texture": "#1"},
				"west": {"uv": [0.21875, 15, 0.15625, 15.0625], "texture": "#1"},
				"up": {"uv": [14.65625, 10.8125, 14.625, 10.75], "texture": "#1"},
				"down": {"uv": [0, 15.25, 0.03125, 15.3125], "texture": "#1"}
			}
		},
		{
			"from": [8.39102, 7.07102, -1.70871],
			"to": [8.63602, 7.70802, 0.00629],
			"rotation": {"angle": 45, "axis": "x", "origin": [0.16, 1.42799, 4.81633]},
			"faces": {
				"north": {"uv": [13.875, 14.5, 13.90625, 14.59375], "texture": "#1"},
				"east": {"uv": [6.25, 12.25, 6.46875, 12.34375], "texture": "#1"},
				"south": {"uv": [14.5, 13.875, 14.53125, 13.96875], "texture": "#1"},
				"west": {"uv": [0.21875, 14.96875, 0, 15.0625], "texture": "#1"},
				"up": {"uv": [14.03125, 6.09375, 14, 5.875], "texture": "#1"},
				"down": {"uv": [0, 15.09375, 0.03125, 15.3125], "texture": "#1"}
			}
		},
		{
			"from": [7.412, 9.68299, 8.85883],
			"to": [7.902, 10.17299, 10.08383],
			"rotation": {"angle": 22.5, "axis": "y", "origin": [0.16, 1.42799, 4.81633]},
			"faces": {
				"north": {"uv": [14.375, 0.5, 14.4375, 0.5625], "texture": "#1"},
				"east": {"uv": [10.375, 13.5, 10.53125, 13.5625], "texture": "#1"},
				"south": {"uv": [0.625, 14.375, 0.6875, 14.4375], "texture": "#1"},
				"west": {"uv": [13.5, 10.375, 13.65625, 10.4375], "texture": "#1"},
				"up": {"uv": [13.5625, 10.65625, 13.5, 10.5], "texture": "#1"},
				"down": {"uv": [13.5625, 10.75, 13.5, 10.90625], "texture": "#1"}
			}
		},
		{
			"from": [7.363, 10.51599, 4.91433],
			"to": [8.637, 10.76099, 5.64933],
			"rotation": {"angle": 0, "axis": "y", "origin": [0.16, 1.42799, 4.81633]},
			"faces": {
				"north": {"uv": [13, 14.25, 13.15625, 14.28125], "texture": "#1"},
				"east": {"uv": [13.625, 14.5, 13.71875, 14.53125], "texture": "#1"},
				"south": {"uv": [14.25, 13, 14.40625, 13.03125], "texture": "#1"},
				"west": {"uv": [14.5, 13.625, 14.59375, 13.65625], "texture": "#1"},
				"up": {"uv": [12.90625, 12.59375, 12.75, 12.5], "texture": "#1"},
				"down": {"uv": [12.90625, 12.625, 12.75, 12.71875], "texture": "#1"}
			}
		},
		{
			"from": [11.31221, 6.13656, 4.91433],
			"to": [11.55721, 6.79806, 6.62933],
			"rotation": {"angle": 22.5, "axis": "z", "origin": [0.16, 1.42799, 4.81633]},
			"faces": {
				"north": {"uv": [13.5, 14.5, 13.53125, 14.59375], "texture": "#1"},
				"east": {"uv": [12.25, 5.875, 12.46875, 5.96875], "texture": "#1"},
				"south": {"uv": [14.5, 13.5, 14.53125, 13.59375], "texture": "#1"},
				"west": {"uv": [6, 12.25, 6.21875, 12.34375], "texture": "#1"},
				"up": {"uv": [14.03125, 5.59375, 14, 5.375], "texture": "#1"},
				"down": {"uv": [5.65625, 14, 5.625, 14.21875], "texture": "#1"}
			}
		},
		{
			"from": [7.5345, 9.61556, 1.18562],
			"to": [8.4655, 10.35056, 2.16562],
			"rotation": {"angle": 22.5, "axis": "x", "origin": [0.16, 1.42799, 4.81633]},
			"faces": {
				"north": {"uv": [9.25, 10.875, 9.375, 10.96875], "texture": "#1"},
				"east": {"uv": [3, 11.125, 3.125, 11.21875], "texture": "#1"},
				"south": {"uv": [7.875, 11.125, 8, 11.21875], "texture": "#1"},
				"west": {"uv": [8.5, 11.125, 8.625, 11.21875], "texture": "#1"},
				"up": {"uv": [3, 3.75, 2.875, 3.625], "texture": "#1"},
				"down": {"uv": [0.75, 4.25, 0.625, 4.375], "texture": "#1"}
			}
		}
	],
	"display": {
		"head": {
			"rotation": [0, 180, 0]
		}
	}
}