{
	"credit": "Made with Blockbench",
	"textures": {
		"5": "animated_java:item/dino_aj/texture",
		"particle": "animated_java:item/dino_aj/texture"
	},
	"elements": [
		{
			"from": [9.81487, 6.7346, 7.14412],
			"to": [10.50087, 7.9596, 7.87912],
			"rotation": {"angle": 22.5, "axis": "z", "origin": [1.63, 1.48299, 9.80162]},
			"faces": {
				"north": {"uv": [6.5, 13, 6.59375, 13.15625], "texture": "#5"},
				"east": {"uv": [13, 6.5, 13.09375, 6.65625], "texture": "#5"},
				"south": {"uv": [6.625, 13, 6.71875, 13.15625], "texture": "#5"},
				"west": {"uv": [13, 6.75, 13.09375, 6.90625], "texture": "#5"},
				"up": {"uv": [13.84375, 13.46875, 13.75, 13.375], "texture": "#5"},
				"down": {"uv": [13.59375, 13.75, 13.5, 13.84375], "texture": "#5"}
			}
		},
		{
			"from": [10.35387, 7.3961, 5.67412],
			"to": [10.84387, 8.8661, 6.16412],
			"rotation": {"angle": 22.5, "axis": "z", "origin": [1.336, 1.48299, 9.55662]},
			"faces": {
				"north": {"uv": [13.375, 13.125, 13.4375, 13.3125], "texture": "#5"},
				"east": {"uv": [13.25, 13.375, 13.3125, 13.5625], "texture": "#5"},
				"south": {"uv": [13.375, 13.375, 13.4375, 13.5625], "texture": "#5"},
				"west": {"uv": [0, 13.5, 0.0625, 13.6875], "texture": "#5"},
				"up": {"uv": [10.9375, 14.5625, 10.875, 14.5], "texture": "#5"},
				"down": {"uv": [14.5625, 10.875, 14.5, 10.9375], "texture": "#5"}
			}
		},
		{
			"from": [6.5295, 11.29999, 5.67314],
			"to": [7.2645, 11.88799, 6.65412],
			"rotation": {"angle": 0, "axis": "y", "origin": [1.336, 1.58099, 9.36062]},
			"faces": {
				"north": {"uv": [9.375, 14.25, 9.46875, 14.3125], "texture": "#5"},
				"east": {"uv": [3.25, 14, 3.375, 14.0625], "texture": "#5"},
				"south": {"uv": [14.25, 9.375, 14.34375, 9.4375], "texture": "#5"},
				"west": {"uv": [14, 3.25, 14.125, 3.3125], "texture": "#5"},
				"up": {"uv": [13.46875, 13.125, 13.375, 13], "texture": "#5"},
				"down": {"uv": [13.21875, 13.375, 13.125, 13.5], "texture": "#5"}
			}
		},
		{
			"from": [6.53048, 11.41394, 10.53236],
			"to": [7.26352, 12.14894, 11.02236],
			"rotation": {"angle": -22.5, "axis": "x", "origin": [1.33502, 1.60836, 9.36968]},
			"faces": {
				"north": {"uv": [13.75, 13.25, 13.84375, 13.34375], "texture": "#5"},
				"east": {"uv": [14.25, 9, 14.3125, 9.09375], "texture": "#5"},
				"south": {"uv": [13.375, 13.75, 13.46875, 13.84375], "texture": "#5"},
				"west": {"uv": [14.25, 9.125, 14.3125, 9.21875], "texture": "#5"},
				"up": {"uv": [9.34375, 14.3125, 9.25, 14.25], "texture": "#5"},
				"down": {"uv": [14.34375, 9.25, 14.25, 9.3125], "texture": "#5"}
			}
		},
		{
			"from": [6.5295, 10.95699, 5.67412],
			"to": [7.2645, 11.29999, 7.1451],
			"rotation": {"angle": 0, "axis": "y", "origin": [1.336, 1.58099, 9.36062]},
			"faces": {
				"north": {"uv": [14.625, 10.125, 14.71875, 10.15625], "texture": "#5"},
				"east": {"uv": [14.25, 8.875, 14.4375, 8.90625], "texture": "#5"},
				"south": {"uv": [10.25, 14.625, 10.34375, 14.65625], "texture": "#5"},
				"west": {"uv": [9, 14.25, 9.1875, 14.28125], "texture": "#5"},
				"up": {"uv": [12.71875, 10.5625, 12.625, 10.375], "texture": "#5"},
				"down": {"uv": [10.59375, 12.625, 10.5, 12.8125], "texture": "#5"}
			}
		},
		{
			"from": [-1.73807, 11.9202, 5.67412],
			"to": [-0.26807, 12.4102, 7.14412],
			"rotation": {"angle": -45, "axis": "z", "origin": [1.3115, 1.48299, 9.55662]},
			"faces": {
				"north": {"uv": [12.625, 13.375, 12.8125, 13.4375], "texture": "#5"},
				"east": {"uv": [13.375, 12.625, 13.5625, 12.6875], "texture": "#5"},
				"south": {"uv": [13.375, 12.75, 13.5625, 12.8125], "texture": "#5"},
				"west": {"uv": [12.875, 13.375, 13.0625, 13.4375], "texture": "#5"},
				"up": {"uv": [8.4375, 11.3125, 8.25, 11.15625], "texture": "#5"},
				"down": {"uv": [11.3125, 8.375, 11.125, 8.5625], "texture": "#5"}
			}
		},
		{
			"from": [6.60202, 10.84757, 10.86629],
			"to": [7.19198, 11.60707, 11.60129],
			"rotation": {"angle": -22.5, "axis": "x", "origin": [1.63, 1.48299, 9.89962]},
			"faces": {
				"north": {"uv": [8.625, 14.25, 8.6875, 14.34375], "texture": "#5"},
				"east": {"uv": [13.125, 13.75, 13.21875, 13.84375], "texture": "#5"},
				"south": {"uv": [8.75, 14.25, 8.8125, 14.34375], "texture": "#5"},
				"west": {"uv": [13.75, 13.125, 13.84375, 13.21875], "texture": "#5"},
				"up": {"uv": [14.3125, 8.84375, 14.25, 8.75], "texture": "#5"},
				"down": {"uv": [8.9375, 14.25, 8.875, 14.34375], "texture": "#5"}
			}
		},
		{
			"from": [6.60104, 9.80549, 7.14412],
			"to": [7.338, 10.78549, 7.8801],
			"rotation": {"angle": 0, "axis": "y", "origin": [1.63, 1.48299, 9.80162]},
			"faces": {
				"north": {"uv": [12.375, 13.375, 12.46875, 13.5], "texture": "#5"},
				"east": {"uv": [13.375, 12.375, 13.46875, 12.5], "texture": "#5"},
				"south": {"uv": [12.5, 13.375, 12.59375, 13.5], "texture": "#5"},
				"west": {"uv": [13.375, 12.5, 13.46875, 12.625], "texture": "#5"},
				"up": {"uv": [13.09375, 13.84375, 13, 13.75], "texture": "#5"},
				"down": {"uv": [13.84375, 13, 13.75, 13.09375], "texture": "#5"}
			}
		},
		{
			"from": [4.40856, 11.96589, 7.14412],
			"to": [5.09456, 13.19089, 7.87912],
			"rotation": {"angle": -22.5, "axis": "z", "origin": [0.65, 1.48299, 9.80162]},
			"faces": {
				"north": {"uv": [5.875, 13, 5.96875, 13.15625], "texture": "#5"},
				"east": {"uv": [6.125, 13, 6.21875, 13.15625], "texture": "#5"},
				"south": {"uv": [6.25, 13, 6.34375, 13.15625], "texture": "#5"},
				"west": {"uv": [6.375, 13, 6.46875, 13.15625], "texture": "#5"},
				"up": {"uv": [12.96875, 13.84375, 12.875, 13.75], "texture": "#5"},
				"down": {"uv": [13.84375, 12.875, 13.75, 12.96875], "texture": "#5"}
			}
		},
		{
			"from": [8.612, 9.80549, 7.14412],
			"to": [9.34896, 10.78549, 7.8801],
			"rotation": {"angle": 0, "axis": "y", "origin": [0.65, 1.48299, 9.80162]},
			"faces": {
				"north": {"uv": [13.375, 12, 13.46875, 12.125], "texture": "#5"},
				"east": {"uv": [13.375, 12.125, 13.46875, 12.25], "texture": "#5"},
				"south": {"uv": [12.25, 13.375, 12.34375, 13.5], "texture": "#5"},
				"west": {"uv": [13.375, 12.25, 13.46875, 12.375], "texture": "#5"},
				"up": {"uv": [12.84375, 13.84375, 12.75, 13.75], "texture": "#5"},
				"down": {"uv": [13.84375, 12.75, 13.75, 12.84375], "texture": "#5"}
			}
		},
		{
			"from": [12.21422, 2.25405, 5.67412],
			"to": [13.68422, 2.74405, 7.14412],
			"rotation": {"angle": 45, "axis": "z", "origin": [0.9685, 1.48299, 9.55662]},
			"faces": {
				"north": {"uv": [11.75, 13.375, 11.9375, 13.4375], "texture": "#5"},
				"east": {"uv": [13.375, 11.75, 13.5625, 11.8125], "texture": "#5"},
				"south": {"uv": [13.375, 11.875, 13.5625, 11.9375], "texture": "#5"},
				"west": {"uv": [12, 13.375, 12.1875, 13.4375], "texture": "#5"},
				"up": {"uv": [11.3125, 8.0625, 11.125, 7.90625], "texture": "#5"},
				"down": {"uv": [11.3125, 8.125, 11.125, 8.3125], "texture": "#5"}
			}
		},
		{
			"from": [8.6855, 11.88799, 6.16412],
			"to": [9.4205, 13.11299, 6.75212],
			"rotation": {"angle": 0, "axis": "y", "origin": [1.63, 1.16449, 6.76362]},
			"faces": {
				"north": {"uv": [5.625, 13, 5.71875, 13.15625], "texture": "#5"},
				"east": {"uv": [11.25, 13.625, 11.3125, 13.78125], "texture": "#5"},
				"south": {"uv": [5.75, 13, 5.84375, 13.15625], "texture": "#5"},
				"west": {"uv": [13.625, 11.25, 13.6875, 11.40625], "texture": "#5"},
				"up": {"uv": [8.59375, 14.3125, 8.5, 14.25], "texture": "#5"},
				"down": {"uv": [14.34375, 8.5, 14.25, 8.5625], "texture": "#5"}
			}
		},
		{
			"from": [8.68648, 10.67041, 1.63798],
			"to": [9.41952, 11.96891, 2.10348],
			"rotation": {"angle": 22.5, "axis": "x", "origin": [1.63, 1.16449, 6.76362]},
			"faces": {
				"north": {"uv": [5.375, 13, 5.46875, 13.15625], "texture": "#5"},
				"east": {"uv": [10.875, 13.625, 10.9375, 13.78125], "texture": "#5"},
				"south": {"uv": [5.5, 13, 5.59375, 13.15625], "texture": "#5"},
				"west": {"uv": [11, 13.625, 11.0625, 13.78125], "texture": "#5"},
				"up": {"uv": [8.46875, 14.3125, 8.375, 14.25], "texture": "#5"},
				"down": {"uv": [14.34375, 8.375, 14.25, 8.4375], "texture": "#5"}
			}
		},
		{
			"from": [4.06556, 12.62739, 5.67412],
			"to": [4.55556, 14.09739, 6.16412],
			"rotation": {"angle": -22.5, "axis": "z", "origin": [0.944, 1.48299, 9.55662]},
			"faces": {
				"north": {"uv": [13.375, 11.25, 13.4375, 11.4375], "texture": "#5"},
				"east": {"uv": [11.375, 13.375, 11.4375, 13.5625], "texture": "#5"},
				"south": {"uv": [13.375, 11.5, 13.4375, 11.6875], "texture": "#5"},
				"west": {"uv": [11.625, 13.375, 11.6875, 13.5625], "texture": "#5"},
				"up": {"uv": [10.8125, 14.5625, 10.75, 14.5], "texture": "#5"},
				"down": {"uv": [14.5625, 10.75, 14.5, 10.8125], "texture": "#5"}
			}
		},
		{
			"from": [8.68648, 11.41394, 10.53236],
			"to": [9.41952, 12.63894, 11.02236],
			"rotation": {"angle": -22.5, "axis": "x", "origin": [0.94498, 1.60836, 9.36968]},
			"faces": {
				"north": {"uv": [13, 5, 13.09375, 5.15625], "texture": "#5"},
				"east": {"uv": [10.75, 13.625, 10.8125, 13.78125], "texture": "#5"},
				"south": {"uv": [5.25, 13, 5.34375, 13.15625], "texture": "#5"},
				"west": {"uv": [13.625, 10.75, 13.6875, 10.90625], "texture": "#5"},
				"up": {"uv": [14.34375, 8.0625, 14.25, 8], "texture": "#5"},
				"down": {"uv": [8.34375, 14.25, 8.25, 14.3125], "texture": "#5"}
			}
		},
		{
			"from": [8.6855, 10.95699, 5.67412],
			"to": [9.4205, 11.29999, 7.1451],
			"rotation": {"angle": 0, "axis": "y", "origin": [0.944, 1.58099, 9.36062]},
			"faces": {
				"north": {"uv": [14.625, 10, 14.71875, 10.03125], "texture": "#5"},
				"east": {"uv": [14.25, 7.875, 14.4375, 7.90625], "texture": "#5"},
				"south": {"uv": [10.125, 14.625, 10.21875, 14.65625], "texture": "#5"},
				"west": {"uv": [8, 14.25, 8.1875, 14.28125], "texture": "#5"},
				"up": {"uv": [10.34375, 12.8125, 10.25, 12.625], "texture": "#5"},
				"down": {"uv": [10.46875, 12.625, 10.375, 12.8125], "texture": "#5"}
			}
		},
		{
			"from": [8.6855, 11.29999, 5.67314],
			"to": [9.4205, 11.88799, 6.65412],
			"rotation": {"angle": 0, "axis": "y", "origin": [0.944, 1.58099, 9.36062]},
			"faces": {
				"north": {"uv": [7.75, 14.25, 7.84375, 14.3125], "texture": "#5"},
				"east": {"uv": [3.125, 14, 3.25, 14.0625], "texture": "#5"},
				"south": {"uv": [7.875, 14.25, 7.96875, 14.3125], "texture": "#5"},
				"west": {"uv": [14, 3.125, 14.125, 3.1875], "texture": "#5"},
				"up": {"uv": [13.46875, 9.875, 13.375, 9.75], "texture": "#5"},
				"down": {"uv": [13.46875, 10, 13.375, 10.125], "texture": "#5"}
			}
		},
		{
			"from": [3.33056, 10.47139, 4.81662],
			"to": [3.82056, 11.20639, 6.77662],
			"rotation": {"angle": -22.5, "axis": "z", "origin": [1.14, 1.48299, 6.61662]},
			"faces": {
				"north": {"uv": [14.25, 7.375, 14.3125, 7.46875], "texture": "#5"},
				"east": {"uv": [12.25, 1, 12.5, 1.09375], "texture": "#5"},
				"south": {"uv": [14.25, 7.5, 14.3125, 7.59375], "texture": "#5"},
				"west": {"uv": [1.125, 12.25, 1.375, 12.34375], "texture": "#5"},
				"up": {"uv": [12.8125, 11.5, 12.75, 11.25], "texture": "#5"},
				"down": {"uv": [11.8125, 12.75, 11.75, 13], "texture": "#5"}
			}
		},
		{
			"from": [5.29589, 8.94799, 0.133],
			"to": [5.78589, 9.92799, 1.603],
			"rotation": {"angle": -22.5, "axis": "y", "origin": [-6.7, 1.48299, 6.61662]},
			"faces": {
				"north": {"uv": [3, 14, 3.0625, 14.125], "texture": "#5"},
				"east": {"uv": [0.875, 12.25, 1.0625, 12.375], "texture": "#5"},
				"south": {"uv": [14, 3, 14.0625, 3.125], "texture": "#5"},
				"west": {"uv": [12.25, 0.875, 12.4375, 1], "texture": "#5"},
				"up": {"uv": [11.0625, 13.5625, 11, 13.375], "texture": "#5"},
				"down": {"uv": [11.3125, 13.375, 11.25, 13.5625], "texture": "#5"}
			}
		},
		{
			"from": [5.39389, 8.70299, 0.623],
			"to": [5.88389, 9.68299, 2.093],
			"rotation": {"angle": -22.5, "axis": "y", "origin": [-6.7, 1.48299, 6.61662]},
			"faces": {
				"north": {"uv": [2.875, 14, 2.9375, 14.125], "texture": "#5"},
				"east": {"uv": [12.25, 0.625, 12.4375, 0.75], "texture": "#5"},
				"south": {"uv": [14, 2.875, 14.0625, 3], "texture": "#5"},
				"west": {"uv": [12.25, 0.75, 12.4375, 0.875], "texture": "#5"},
				"up": {"uv": [10.9375, 13.5625, 10.875, 13.375], "texture": "#5"},
				"down": {"uv": [13.4375, 10.875, 13.375, 11.0625], "texture": "#5"}
			}
		},
		{
			"from": [3.42856, 9.98139, 5.06162],
			"to": [3.91856, 10.47139, 6.77662],
			"rotation": {"angle": -22.5, "axis": "z", "origin": [1.14, 1.48299, 6.61662]},
			"faces": {
				"north": {"uv": [10.625, 14.5, 10.6875, 14.5625], "texture": "#5"},
				"east": {"uv": [4.625, 13.125, 4.84375, 13.1875], "texture": "#5"},
				"south": {"uv": [14.5, 10.625, 14.5625, 10.6875], "texture": "#5"},
				"west": {"uv": [4.875, 13.125, 5.09375, 13.1875], "texture": "#5"},
				"up": {"uv": [13.1875, 5.21875, 13.125, 5], "texture": "#5"},
				"down": {"uv": [5.1875, 13.125, 5.125, 13.34375], "texture": "#5"}
			}
		},
		{
			"from": [3.52656, 9.00139, 5.79662],
			"to": [4.01656, 9.49139, 6.28662],
			"rotation": {"angle": -22.5, "axis": "z", "origin": [1.14, 1.48299, 6.61662]},
			"faces": {
				"north": {"uv": [10.25, 14.5, 10.3125, 14.5625], "texture": "#5"},
				"east": {"uv": [14.5, 10.25, 14.5625, 10.3125], "texture": "#5"},
				"south": {"uv": [10.375, 14.5, 10.4375, 14.5625], "texture": "#5"},
				"west": {"uv": [14.5, 10.375, 14.5625, 10.4375], "texture": "#5"},
				"up": {"uv": [10.5625, 14.5625, 10.5, 14.5], "texture": "#5"},
				"down": {"uv": [14.5625, 10.5, 14.5, 10.5625], "texture": "#5"}
			}
		},
		{
			"from": [3.52656, 9.49139, 5.55162],
			"to": [4.01656, 9.73639, 6.53162],
			"rotation": {"angle": -22.5, "axis": "z", "origin": [1.14, 1.48299, 6.61662]},
			"faces": {
				"north": {"uv": [14.875, 0.5, 14.9375, 0.53125], "texture": "#5"},
				"east": {"uv": [10.125, 14.5, 10.25, 14.53125], "texture": "#5"},
				"south": {"uv": [0.625, 14.875, 0.6875, 14.90625], "texture": "#5"},
				"west": {"uv": [14.5, 10.125, 14.625, 10.15625], "texture": "#5"},
				"up": {"uv": [2.8125, 14.125, 2.75, 14], "texture": "#5"},
				"down": {"uv": [14.0625, 2.75, 14, 2.875], "texture": "#5"}
			}
		},
		{
			"from": [3.42856, 9.73639, 5.30662],
			"to": [3.91856, 9.98139, 6.77662],
			"rotation": {"angle": -22.5, "axis": "z", "origin": [1.14, 1.48299, 6.61662]},
			"faces": {
				"north": {"uv": [14.875, 0.375, 14.9375, 0.40625], "texture": "#5"},
				"east": {"uv": [7.25, 14.25, 7.4375, 14.28125], "texture": "#5"},
				"south": {"uv": [0.5, 14.875, 0.5625, 14.90625], "texture": "#5"},
				"west": {"uv": [14.25, 7.25, 14.4375, 7.28125], "texture": "#5"},
				"up": {"uv": [10.6875, 13.5625, 10.625, 13.375], "texture": "#5"},
				"down": {"uv": [10.8125, 13.375, 10.75, 13.5625], "texture": "#5"}
			}
		},
		{
			"from": [5.49189, 8.21299, 1.358],
			"to": [5.98189, 8.45799, 2.338],
			"rotation": {"angle": -22.5, "axis": "y", "origin": [-6.7, 1.48299, 6.61662]},
			"faces": {
				"north": {"uv": [14.875, 0.25, 14.9375, 0.28125], "texture": "#5"},
				"east": {"uv": [10, 14.5, 10.125, 14.53125], "texture": "#5"},
				"south": {"uv": [0.375, 14.875, 0.4375, 14.90625], "texture": "#5"},
				"west": {"uv": [14.5, 10, 14.625, 10.03125], "texture": "#5"},
				"up": {"uv": [2.6875, 14.125, 2.625, 14], "texture": "#5"},
				"down": {"uv": [14.0625, 2.625, 14, 2.75], "texture": "#5"}
			}
		},
		{
			"from": [5.49189, 8.45799, 1.113],
			"to": [5.98189, 9.43799, 2.583],
			"rotation": {"angle": -22.5, "axis": "y", "origin": [-6.7, 1.48299, 6.61662]},
			"faces": {
				"north": {"uv": [2.5, 14, 2.5625, 14.125], "texture": "#5"},
				"east": {"uv": [0.5, 12.25, 0.6875, 12.375], "texture": "#5"},
				"south": {"uv": [14, 2.5, 14.0625, 2.625], "texture": "#5"},
				"west": {"uv": [12.25, 0.5, 12.4375, 0.625], "texture": "#5"},
				"up": {"uv": [13.4375, 10.4375, 13.375, 10.25], "texture": "#5"},
				"down": {"uv": [13.4375, 10.5, 13.375, 10.6875], "texture": "#5"}
			}
		},
		{
			"from": [5.49189, 8.70299, 2.583],
			"to": [5.98189, 9.19299, 3.318],
			"rotation": {"angle": -22.5, "axis": "y", "origin": [-6.7, 1.48299, 6.61662]},
			"faces": {
				"north": {"uv": [9.875, 14.5, 9.9375, 14.5625], "texture": "#5"},
				"east": {"uv": [7, 14.25, 7.09375, 14.3125], "texture": "#5"},
				"south": {"uv": [14.5, 9.875, 14.5625, 9.9375], "texture": "#5"},
				"west": {"uv": [14.25, 7, 14.34375, 7.0625], "texture": "#5"},
				"up": {"uv": [7.1875, 14.34375, 7.125, 14.25], "texture": "#5"},
				"down": {"uv": [14.3125, 7.125, 14.25, 7.21875], "texture": "#5"}
			}
		},
		{
			"from": [8.92755, 8.70299, 7.81428],
			"to": [9.41755, 9.19299, 8.54928],
			"rotation": {"angle": 22.5, "axis": "y", "origin": [8.98, 1.48299, 6.61662]},
			"faces": {
				"north": {"uv": [9.75, 14.5, 9.8125, 14.5625], "texture": "#5"},
				"east": {"uv": [14.25, 6.5, 14.34375, 6.5625], "texture": "#5"},
				"south": {"uv": [14.5, 9.75, 14.5625, 9.8125], "texture": "#5"},
				"west": {"uv": [14.25, 6.625, 14.34375, 6.6875], "texture": "#5"},
				"up": {"uv": [14.3125, 6.84375, 14.25, 6.75], "texture": "#5"},
				"down": {"uv": [6.9375, 14.25, 6.875, 14.34375], "texture": "#5"}
			}
		},
		{
			"from": [8.92755, 8.21299, 6.58928],
			"to": [9.41755, 8.45799, 7.56928],
			"rotation": {"angle": 22.5, "axis": "y", "origin": [8.98, 1.48299, 6.61662]},
			"faces": {
				"north": {"uv": [14.875, 0.125, 14.9375, 0.15625], "texture": "#5"},
				"east": {"uv": [9.625, 14.5, 9.75, 14.53125], "texture": "#5"},
				"south": {"uv": [0.25, 14.875, 0.3125, 14.90625], "texture": "#5"},
				"west": {"uv": [14.5, 9.625, 14.625, 9.65625], "texture": "#5"},
				"up": {"uv": [2.4375, 14.125, 2.375, 14], "texture": "#5"},
				"down": {"uv": [14.0625, 2.375, 14, 2.5], "texture": "#5"}
			}
		},
		{
			"from": [8.92755, 8.45799, 6.34428],
			"to": [9.41755, 9.43799, 7.81428],
			"rotation": {"angle": 22.5, "axis": "y", "origin": [8.98, 1.48299, 6.61662]},
			"faces": {
				"north": {"uv": [2.25, 14, 2.3125, 14.125], "texture": "#5"},
				"east": {"uv": [0.25, 12.25, 0.4375, 12.375], "texture": "#5"},
				"south": {"uv": [14, 2.25, 14.0625, 2.375], "texture": "#5"},
				"west": {"uv": [12.25, 0.25, 12.4375, 0.375], "texture": "#5"},
				"up": {"uv": [10.0625, 13.5625, 10, 13.375], "texture": "#5"},
				"down": {"uv": [10.1875, 13.375, 10.125, 13.5625], "texture": "#5"}
			}
		},
		{
			"from": [10.99087, 4.5051, 5.30662],
			"to": [11.48087, 4.7501, 6.77662],
			"rotation": {"angle": 22.5, "axis": "z", "origin": [1.14, 1.48299, 6.61662]},
			"faces": {
				"north": {"uv": [14.875, 0, 14.9375, 0.03125], "texture": "#5"},
				"east": {"uv": [6.375, 14.25, 6.5625, 14.28125], "texture": "#5"},
				"south": {"uv": [0.125, 14.875, 0.1875, 14.90625], "texture": "#5"},
				"west": {"uv": [14.25, 6.375, 14.4375, 6.40625], "texture": "#5"},
				"up": {"uv": [9.8125, 13.5625, 9.75, 13.375], "texture": "#5"},
				"down": {"uv": [9.9375, 13.375, 9.875, 13.5625], "texture": "#5"}
			}
		},
		{
			"from": [10.89287, 3.7701, 5.79662],
			"to": [11.38287, 4.2601, 6.28662],
			"rotation": {"angle": 22.5, "axis": "z", "origin": [1.14, 1.48299, 6.61662]},
			"faces": {
				"north": {"uv": [9.25, 14.5, 9.3125, 14.5625], "texture": "#5"},
				"east": {"uv": [14.5, 9.25, 14.5625, 9.3125], "texture": "#5"},
				"south": {"uv": [9.375, 14.5, 9.4375, 14.5625], "texture": "#5"},
				"west": {"uv": [14.5, 9.375, 14.5625, 9.4375], "texture": "#5"},
				"up": {"uv": [9.5625, 14.5625, 9.5, 14.5], "texture": "#5"},
				"down": {"uv": [14.5625, 9.5, 14.5, 9.5625], "texture": "#5"}
			}
		},
		{
			"from": [10.89287, 4.2601, 5.55162],
			"to": [11.38287, 4.5051, 6.53162],
			"rotation": {"angle": 22.5, "axis": "z", "origin": [1.14, 1.48299, 6.61662]},
			"faces": {
				"north": {"uv": [14.75, 14.75, 14.8125, 14.78125], "texture": "#5"},
				"east": {"uv": [9.125, 14.5, 9.25, 14.53125], "texture": "#5"},
				"south": {"uv": [0, 14.875, 0.0625, 14.90625], "texture": "#5"},
				"west": {"uv": [14.5, 9.125, 14.625, 9.15625], "texture": "#5"},
				"up": {"uv": [2.1875, 14.125, 2.125, 14], "texture": "#5"},
				"down": {"uv": [14.0625, 2.125, 14, 2.25], "texture": "#5"}
			}
		},
		{
			"from": [10.99087, 4.7501, 5.06162],
			"to": [11.48087, 5.2401, 6.77662],
			"rotation": {"angle": 22.5, "axis": "z", "origin": [1.14, 1.48299, 6.61662]},
			"faces": {
				"north": {"uv": [9, 14.5, 9.0625, 14.5625], "texture": "#5"},
				"east": {"uv": [3.75, 13.125, 3.96875, 13.1875], "texture": "#5"},
				"south": {"uv": [14.5, 9, 14.5625, 9.0625], "texture": "#5"},
				"west": {"uv": [4, 13.125, 4.21875, 13.1875], "texture": "#5"},
				"up": {"uv": [4.3125, 13.34375, 4.25, 13.125], "texture": "#5"},
				"down": {"uv": [4.4375, 13.125, 4.375, 13.34375], "texture": "#5"}
			}
		},
		{
			"from": [9.02555, 8.70299, 5.85428],
			"to": [9.51555, 9.68299, 7.32428],
			"rotation": {"angle": 22.5, "axis": "y", "origin": [8.98, 1.48299, 6.61662]},
			"faces": {
				"north": {"uv": [2, 14, 2.0625, 14.125], "texture": "#5"},
				"east": {"uv": [0, 12.25, 0.1875, 12.375], "texture": "#5"},
				"south": {"uv": [14, 2, 14.0625, 2.125], "texture": "#5"},
				"west": {"uv": [12.25, 0.125, 12.4375, 0.25], "texture": "#5"},
				"up": {"uv": [9.5625, 13.5625, 9.5, 13.375], "texture": "#5"},
				"down": {"uv": [9.6875, 13.375, 9.625, 13.5625], "texture": "#5"}
			}
		},
		{
			"from": [9.12355, 8.94799, 5.36428],
			"to": [9.61355, 9.92799, 6.83428],
			"rotation": {"angle": 22.5, "axis": "y", "origin": [8.98, 1.48299, 6.61662]},
			"faces": {
				"north": {"uv": [1.875, 14, 1.9375, 14.125], "texture": "#5"},
				"east": {"uv": [12.125, 11.875, 12.3125, 12], "texture": "#5"},
				"south": {"uv": [14, 1.875, 14.0625, 2], "texture": "#5"},
				"west": {"uv": [12.125, 12.125, 12.3125, 12.25], "texture": "#5"},
				"up": {"uv": [13.4375, 9.4375, 13.375, 9.25], "texture": "#5"},
				"down": {"uv": [9.4375, 13.375, 9.375, 13.5625], "texture": "#5"}
			}
		},
		{
			"from": [11.08887, 5.2401, 4.81662],
			"to": [11.57887, 5.9751, 6.77662],
			"rotation": {"angle": 22.5, "axis": "z", "origin": [1.14, 1.48299, 6.61662]},
			"faces": {
				"north": {"uv": [6.25, 14.25, 6.3125, 14.34375], "texture": "#5"},
				"east": {"uv": [12.125, 11.5, 12.375, 11.59375], "texture": "#5"},
				"south": {"uv": [14.25, 6.25, 14.3125, 6.34375], "texture": "#5"},
				"west": {"uv": [11.875, 12.125, 12.125, 12.21875], "texture": "#5"},
				"up": {"uv": [11.0625, 13, 11, 12.75], "texture": "#5"},
				"down": {"uv": [12.8125, 11, 12.75, 11.25], "texture": "#5"}
			}
		},
		{
			"from": [6.5295, 8.73491, 3.84298],
			"to": [7.0195, 9.22491, 4.08798],
			"rotation": {"angle": 22.5, "axis": "x", "origin": [0.405, -1.06501, 8.67462]},
			"faces": {
				"north": {"uv": [9.875, 14.375, 9.9375, 14.4375], "texture": "#5"},
				"east": {"uv": [3.375, 14.75, 3.40625, 14.8125], "texture": "#5"},
				"south": {"uv": [14.375, 9.875, 14.4375, 9.9375], "texture": "#5"},
				"west": {"uv": [14.75, 3.375, 14.78125, 3.4375], "texture": "#5"},
				"up": {"uv": [3.5625, 14.78125, 3.5, 14.75], "texture": "#5"},
				"down": {"uv": [14.8125, 3.5, 14.75, 3.53125], "texture": "#5"}
			}
		},
		{
			"from": [-1.71357, 12.4102, 5.67412],
			"to": [-0.68457, 12.9002, 5.96812],
			"rotation": {"angle": -45, "axis": "z", "origin": [1.3115, 1.48299, 9.55662]},
			"faces": {
				"north": {"uv": [5.125, 13.875, 5.25, 13.9375], "texture": "#5"},
				"east": {"uv": [3.25, 14.75, 3.28125, 14.8125], "texture": "#5"},
				"south": {"uv": [13.875, 5.125, 14, 5.1875], "texture": "#5"},
				"west": {"uv": [14.75, 3.25, 14.78125, 3.3125], "texture": "#5"},
				"up": {"uv": [9.875, 14.40625, 9.75, 14.375], "texture": "#5"},
				"down": {"uv": [14.5, 9.75, 14.375, 9.78125], "texture": "#5"}
			}
		},
		{
			"from": [10.35387, 7.3961, 6.16412],
			"to": [10.59887, 8.3761, 6.65412],
			"rotation": {"angle": 22.5, "axis": "z", "origin": [1.336, 1.48299, 9.55662]},
			"faces": {
				"north": {"uv": [9.5, 14.375, 9.53125, 14.5], "texture": "#5"},
				"east": {"uv": [5, 13.875, 5.0625, 14], "texture": "#5"},
				"south": {"uv": [14.375, 9.5, 14.40625, 9.625], "texture": "#5"},
				"west": {"uv": [13.875, 5, 13.9375, 5.125], "texture": "#5"},
				"up": {"uv": [3.15625, 14.8125, 3.125, 14.75], "texture": "#5"},
				"down": {"uv": [14.78125, 3.125, 14.75, 3.1875], "texture": "#5"}
			}
		},
		{
			"from": [6.53048, 11.72957, 9.61679],
			"to": [7.26548, 11.95007, 9.86179],
			"rotation": {"angle": -22.5, "axis": "x", "origin": [1.14, 1.48299, 9.55662]},
			"faces": {
				"north": {"uv": [14.625, 3.875, 14.71875, 3.90625], "texture": "#5"},
				"east": {"uv": [14.875, 5, 14.90625, 5.03125], "texture": "#5"},
				"south": {"uv": [4, 14.625, 4.09375, 14.65625], "texture": "#5"},
				"west": {"uv": [5.125, 14.875, 5.15625, 14.90625], "texture": "#5"},
				"up": {"uv": [14.71875, 4.03125, 14.625, 4], "texture": "#5"},
				"down": {"uv": [4.21875, 14.625, 4.125, 14.65625], "texture": "#5"}
			}
		},
		{
			"from": [6.53048, 9.00441, 2.20148],
			"to": [7.51048, 9.24941, 2.44648],
			"rotation": {"angle": 22.5, "axis": "x", "origin": [1.336, 1.58099, 9.36062]},
			"faces": {
				"north": {"uv": [9.25, 14.375, 9.375, 14.40625], "texture": "#5"},
				"east": {"uv": [14.875, 4.875, 14.90625, 4.90625], "texture": "#5"},
				"south": {"uv": [14.375, 9.25, 14.5, 9.28125], "texture": "#5"},
				"west": {"uv": [5, 14.875, 5.03125, 14.90625], "texture": "#5"},
				"up": {"uv": [9.5, 14.40625, 9.375, 14.375], "texture": "#5"},
				"down": {"uv": [14.5, 9.375, 14.375, 9.40625], "texture": "#5"}
			}
		},
		{
			"from": [6.995, 8.26941, 2.91198],
			"to": [7.485, 8.75941, 3.40198],
			"rotation": {"angle": 22.5, "axis": "x", "origin": [1.3115, 1.48299, 9.55662]},
			"faces": {
				"north": {"uv": [14.375, 8.75, 14.4375, 8.8125], "texture": "#5"},
				"east": {"uv": [8.875, 14.375, 8.9375, 14.4375], "texture": "#5"},
				"south": {"uv": [9, 14.375, 9.0625, 14.4375], "texture": "#5"},
				"west": {"uv": [14.375, 9, 14.4375, 9.0625], "texture": "#5"},
				"up": {"uv": [9.1875, 14.4375, 9.125, 14.375], "texture": "#5"},
				"down": {"uv": [14.4375, 9.125, 14.375, 9.1875], "texture": "#5"}
			}
		},
		{
			"from": [7.093, 8.51441, 2.17698],
			"to": [7.6565, 8.93091, 2.42198],
			"rotation": {"angle": 22.5, "axis": "x", "origin": [1.14, 1.48299, 9.55662]},
			"faces": {
				"north": {"uv": [14.375, 8.625, 14.4375, 8.6875], "texture": "#5"},
				"east": {"uv": [2.875, 14.75, 2.90625, 14.8125], "texture": "#5"},
				"south": {"uv": [8.75, 14.375, 8.8125, 14.4375], "texture": "#5"},
				"west": {"uv": [14.75, 2.875, 14.78125, 2.9375], "texture": "#5"},
				"up": {"uv": [3.0625, 14.78125, 3, 14.75], "texture": "#5"},
				"down": {"uv": [14.8125, 3, 14.75, 3.03125], "texture": "#5"}
			}
		},
		{
			"from": [7.093, 11.33757, 9.32279],
			"to": [7.73, 11.68057, 9.73929],
			"rotation": {"angle": -22.5, "axis": "x", "origin": [1.14, 1.48299, 9.55662]},
			"faces": {
				"north": {"uv": [14.625, 3.75, 14.71875, 3.78125], "texture": "#5"},
				"east": {"uv": [2.75, 14.75, 2.8125, 14.78125], "texture": "#5"},
				"south": {"uv": [3.875, 14.625, 3.96875, 14.65625], "texture": "#5"},
				"west": {"uv": [14.75, 2.75, 14.8125, 2.78125], "texture": "#5"},
				"up": {"uv": [14.21875, 2.0625, 14.125, 2], "texture": "#5"},
				"down": {"uv": [2.21875, 14.125, 2.125, 14.1875], "texture": "#5"}
			}
		},
		{
			"from": [7.093, 8.26941, 2.42198],
			"to": [7.485, 8.75941, 2.91198],
			"rotation": {"angle": 22.5, "axis": "x", "origin": [1.3115, 1.48299, 9.55662]},
			"faces": {
				"north": {"uv": [14.375, 8.25, 14.4375, 8.3125], "texture": "#5"},
				"east": {"uv": [8.375, 14.375, 8.4375, 14.4375], "texture": "#5"},
				"south": {"uv": [14.375, 8.375, 14.4375, 8.4375], "texture": "#5"},
				"west": {"uv": [8.5, 14.375, 8.5625, 14.4375], "texture": "#5"},
				"up": {"uv": [14.4375, 8.5625, 14.375, 8.5], "texture": "#5"},
				"down": {"uv": [8.6875, 14.375, 8.625, 14.4375], "texture": "#5"}
			}
		},
		{
			"from": [5.02639, 10.17299, 4.2735],
			"to": [5.51639, 10.95699, 4.886],
			"rotation": {"angle": -22.5, "axis": "y", "origin": [1.3115, 1.48299, 9.55662]},
			"faces": {
				"north": {"uv": [1.625, 14.125, 1.6875, 14.21875], "texture": "#5"},
				"east": {"uv": [14.125, 1.625, 14.1875, 1.71875], "texture": "#5"},
				"south": {"uv": [1.75, 14.125, 1.8125, 14.21875], "texture": "#5"},
				"west": {"uv": [14.125, 1.75, 14.1875, 1.84375], "texture": "#5"},
				"up": {"uv": [14.4375, 8.1875, 14.375, 8.125], "texture": "#5"},
				"down": {"uv": [8.3125, 14.375, 8.25, 14.4375], "texture": "#5"}
			}
		},
		{
			"from": [9.44737, 7.3716, 6.65412],
			"to": [9.69237, 7.5431, 7.14412],
			"rotation": {"angle": 22.5, "axis": "z", "origin": [1.336, 1.58099, 9.36062]},
			"faces": {
				"north": {"uv": [14.875, 4.75, 14.90625, 4.78125], "texture": "#5"},
				"east": {"uv": [2.5, 14.75, 2.5625, 14.78125], "texture": "#5"},
				"south": {"uv": [4.875, 14.875, 4.90625, 14.90625], "texture": "#5"},
				"west": {"uv": [14.75, 2.5, 14.8125, 2.53125], "texture": "#5"},
				"up": {"uv": [2.65625, 14.8125, 2.625, 14.75], "texture": "#5"},
				"down": {"uv": [14.78125, 2.625, 14.75, 2.6875], "texture": "#5"}
			}
		},
		{
			"from": [6.5295, 10.17299, 6.65412],
			"to": [7.2645, 10.95699, 7.1451],
			"rotation": {"angle": 0, "axis": "y", "origin": [1.336, 1.58099, 9.36062]},
			"faces": {
				"north": {"uv": [2.125, 13.75, 2.21875, 13.84375], "texture": "#5"},
				"east": {"uv": [1.375, 14.125, 1.4375, 14.21875], "texture": "#5"},
				"south": {"uv": [2.375, 13.75, 2.46875, 13.84375], "texture": "#5"},
				"west": {"uv": [14.125, 1.375, 14.1875, 1.46875], "texture": "#5"},
				"up": {"uv": [1.59375, 14.1875, 1.5, 14.125], "texture": "#5"},
				"down": {"uv": [14.21875, 1.5, 14.125, 1.5625], "texture": "#5"}
			}
		},
		{
			"from": [6.603, 5.59384, 1.62619],
			"to": [7.338, 5.83884, 2.11619],
			"rotation": {"angle": 45, "axis": "x", "origin": [1.238, 1.48299, 9.55662]},
			"faces": {
				"north": {"uv": [14.625, 3.375, 14.71875, 3.40625], "texture": "#5"},
				"east": {"uv": [2.125, 14.75, 2.1875, 14.78125], "texture": "#5"},
				"south": {"uv": [3.5, 14.625, 3.59375, 14.65625], "texture": "#5"},
				"west": {"uv": [14.75, 2.125, 14.8125, 2.15625], "texture": "#5"},
				"up": {"uv": [14.21875, 0.8125, 14.125, 0.75], "texture": "#5"},
				"down": {"uv": [0.96875, 14.125, 0.875, 14.1875], "texture": "#5"}
			}
		},
		{
			"from": [6.603, 8.26941, 3.54898],
			"to": [7.338, 8.75941, 4.03898],
			"rotation": {"angle": 22.5, "axis": "x", "origin": [1.238, 1.48299, 9.55662]},
			"faces": {
				"north": {"uv": [14.125, 0.5, 14.21875, 0.5625], "texture": "#5"},
				"east": {"uv": [7.875, 14.375, 7.9375, 14.4375], "texture": "#5"},
				"south": {"uv": [0.625, 14.125, 0.71875, 14.1875], "texture": "#5"},
				"west": {"uv": [8, 14.375, 8.0625, 14.4375], "texture": "#5"},
				"up": {"uv": [14.21875, 0.6875, 14.125, 0.625], "texture": "#5"},
				"down": {"uv": [0.84375, 14.125, 0.75, 14.1875], "texture": "#5"}
			}
		},
		{
			"from": [6.603, 8.12241, 4.25948],
			"to": [7.583, 8.53891, 4.89648],
			"rotation": {"angle": 22.5, "axis": "x", "origin": [1.238, 1.48299, 9.55662]},
			"faces": {
				"north": {"uv": [4.625, 13.875, 4.75, 13.9375], "texture": "#5"},
				"east": {"uv": [14.125, 0.375, 14.21875, 0.4375], "texture": "#5"},
				"south": {"uv": [13.875, 4.625, 14, 4.6875], "texture": "#5"},
				"west": {"uv": [0.5, 14.125, 0.59375, 14.1875], "texture": "#5"},
				"up": {"uv": [13.25, 11.34375, 13.125, 11.25], "texture": "#5"},
				"down": {"uv": [11.5, 13.125, 11.375, 13.21875], "texture": "#5"}
			}
		},
		{
			"from": [6.52852, 5.83884, 3.39019],
			"to": [6.77548, 6.27984, 3.88019],
			"rotation": {"angle": 45, "axis": "x", "origin": [1.14, 1.48299, 9.55662]},
			"faces": {
				"north": {"uv": [1.875, 14.75, 1.90625, 14.8125], "texture": "#5"},
				"east": {"uv": [7.75, 14.375, 7.8125, 14.4375], "texture": "#5"},
				"south": {"uv": [14.75, 1.875, 14.78125, 1.9375], "texture": "#5"},
				"west": {"uv": [14.375, 7.75, 14.4375, 7.8125], "texture": "#5"},
				"up": {"uv": [2.03125, 14.8125, 2, 14.75], "texture": "#5"},
				"down": {"uv": [14.78125, 2, 14.75, 2.0625], "texture": "#5"}
			}
		},
		{
			"from": [6.53048, 8.86307, 12.43429],
			"to": [7.01852, 9.32857, 12.53229],
			"rotation": {"angle": -22.5, "axis": "x", "origin": [0.405, -1.06501, 8.67462]},
			"faces": {
				"north": {"uv": [7.625, 14.375, 7.6875, 14.4375], "texture": "#5"},
				"east": {"uv": [1.625, 14.75, 1.65625, 14.8125], "texture": "#5"},
				"south": {"uv": [14.375, 7.625, 14.4375, 7.6875], "texture": "#5"},
				"west": {"uv": [14.75, 1.625, 14.78125, 1.6875], "texture": "#5"},
				"up": {"uv": [1.8125, 14.78125, 1.75, 14.75], "texture": "#5"},
				"down": {"uv": [14.8125, 1.75, 14.75, 1.78125], "texture": "#5"}
			}
		},
		{
			"from": [6.52754, 8.56907, 12.53229],
			"to": [7.02146, 9.62257, 12.72829],
			"rotation": {"angle": -22.5, "axis": "x", "origin": [0.405, -1.06501, 8.67462]},
			"faces": {
				"north": {"uv": [4.5, 13.875, 4.5625, 14], "texture": "#5"},
				"east": {"uv": [7.5, 14.375, 7.53125, 14.5], "texture": "#5"},
				"south": {"uv": [13.875, 4.5, 13.9375, 4.625], "texture": "#5"},
				"west": {"uv": [14.375, 7.5, 14.40625, 7.625], "texture": "#5"},
				"up": {"uv": [1.5625, 14.78125, 1.5, 14.75], "texture": "#5"},
				"down": {"uv": [14.8125, 1.5, 14.75, 1.53125], "texture": "#5"}
			}
		},
		{
			"from": [6.52852, 5.83884, 2.50819],
			"to": [7.02048, 6.50034, 3.39019],
			"rotation": {"angle": 45, "axis": "x", "origin": [1.14, 1.48299, 9.55662]},
			"faces": {
				"north": {"uv": [14.125, 0.25, 14.1875, 0.34375], "texture": "#5"},
				"east": {"uv": [13.125, 11.125, 13.25, 11.21875], "texture": "#5"},
				"south": {"uv": [0.375, 14.125, 0.4375, 14.21875], "texture": "#5"},
				"west": {"uv": [11.25, 13.125, 11.375, 13.21875], "texture": "#5"},
				"up": {"uv": [4.4375, 14, 4.375, 13.875], "texture": "#5"},
				"down": {"uv": [13.9375, 4.375, 13.875, 4.5], "texture": "#5"}
			}
		},
		{
			"from": [8.9305, 8.73491, 3.84298],
			"to": [9.4205, 9.22491, 4.08798],
			"rotation": {"angle": 22.5, "axis": "x", "origin": [1.875, -1.06501, 8.67462]},
			"faces": {
				"north": {"uv": [7.375, 14.375, 7.4375, 14.4375], "texture": "#5"},
				"east": {"uv": [1.25, 14.75, 1.28125, 14.8125], "texture": "#5"},
				"south": {"uv": [14.375, 7.375, 14.4375, 7.4375], "texture": "#5"},
				"west": {"uv": [14.75, 1.25, 14.78125, 1.3125], "texture": "#5"},
				"up": {"uv": [1.4375, 14.78125, 1.375, 14.75], "texture": "#5"},
				"down": {"uv": [14.8125, 1.375, 14.75, 1.40625], "texture": "#5"}
			}
		},
		{
			"from": [8.93148, 8.86307, 12.43429],
			"to": [9.41952, 9.32857, 12.53229],
			"rotation": {"angle": -22.5, "axis": "x", "origin": [1.875, -1.06501, 8.67462]},
			"faces": {
				"north": {"uv": [14.375, 7.125, 14.4375, 7.1875], "texture": "#5"},
				"east": {"uv": [1, 14.75, 1.03125, 14.8125], "texture": "#5"},
				"south": {"uv": [7.25, 14.375, 7.3125, 14.4375], "texture": "#5"},
				"west": {"uv": [14.75, 1, 14.78125, 1.0625], "texture": "#5"},
				"up": {"uv": [1.1875, 14.78125, 1.125, 14.75], "texture": "#5"},
				"down": {"uv": [14.8125, 1.125, 14.75, 1.15625], "texture": "#5"}
			}
		},
		{
			"from": [8.92854, 8.56907, 12.53229],
			"to": [9.42246, 9.62257, 12.72829],
			"rotation": {"angle": -22.5, "axis": "x", "origin": [1.875, -1.06501, 8.67462]},
			"faces": {
				"north": {"uv": [4.25, 13.875, 4.3125, 14], "texture": "#5"},
				"east": {"uv": [14.375, 7, 14.40625, 7.125], "texture": "#5"},
				"south": {"uv": [13.875, 4.25, 13.9375, 4.375], "texture": "#5"},
				"west": {"uv": [7.125, 14.375, 7.15625, 14.5], "texture": "#5"},
				"up": {"uv": [0.9375, 14.78125, 0.875, 14.75], "texture": "#5"},
				"down": {"uv": [14.8125, 0.875, 14.75, 0.90625], "texture": "#5"}
			}
		},
		{
			"from": [8.68452, 11.72957, 9.61679],
			"to": [9.41952, 11.95007, 9.86179],
			"rotation": {"angle": -22.5, "axis": "x", "origin": [1.14, 1.48299, 9.55662]},
			"faces": {
				"north": {"uv": [14.625, 3, 14.71875, 3.03125], "texture": "#5"},
				"east": {"uv": [14.875, 4.625, 14.90625, 4.65625], "texture": "#5"},
				"south": {"uv": [3.125, 14.625, 3.21875, 14.65625], "texture": "#5"},
				"west": {"uv": [4.75, 14.875, 4.78125, 14.90625], "texture": "#5"},
				"up": {"uv": [14.71875, 3.15625, 14.625, 3.125], "texture": "#5"},
				"down": {"uv": [3.34375, 14.625, 3.25, 14.65625], "texture": "#5"}
			}
		},
		{
			"from": [8.22, 11.33757, 9.32279],
			"to": [8.857, 11.68057, 9.73929],
			"rotation": {"angle": -22.5, "axis": "x", "origin": [1.14, 1.48299, 9.55662]},
			"faces": {
				"north": {"uv": [14.625, 2.875, 14.71875, 2.90625], "texture": "#5"},
				"east": {"uv": [0.5, 14.75, 0.5625, 14.78125], "texture": "#5"},
				"south": {"uv": [3, 14.625, 3.09375, 14.65625], "texture": "#5"},
				"west": {"uv": [14.75, 0.5, 14.8125, 0.53125], "texture": "#5"},
				"up": {"uv": [13.96875, 14.0625, 13.875, 14], "texture": "#5"},
				"down": {"uv": [14.09375, 13.875, 14, 13.9375], "texture": "#5"}
			}
		},
		{
			"from": [8.2935, 8.51441, 2.17698],
			"to": [8.857, 8.93091, 2.42198],
			"rotation": {"angle": 22.5, "axis": "x", "origin": [1.14, 1.48299, 9.55662]},
			"faces": {
				"north": {"uv": [14.375, 6.75, 14.4375, 6.8125], "texture": "#5"},
				"east": {"uv": [0.25, 14.75, 0.28125, 14.8125], "texture": "#5"},
				"south": {"uv": [6.875, 14.375, 6.9375, 14.4375], "texture": "#5"},
				"west": {"uv": [14.75, 0.25, 14.78125, 0.3125], "texture": "#5"},
				"up": {"uv": [0.4375, 14.78125, 0.375, 14.75], "texture": "#5"},
				"down": {"uv": [14.8125, 0.375, 14.75, 0.40625], "texture": "#5"}
			}
		},
		{
			"from": [12.63072, 2.74405, 5.67412],
			"to": [13.65972, 3.23405, 5.96812],
			"rotation": {"angle": 45, "axis": "z", "origin": [0.9685, 1.48299, 9.55662]},
			"faces": {
				"north": {"uv": [13.875, 3.875, 14, 3.9375], "texture": "#5"},
				"east": {"uv": [0.125, 14.75, 0.15625, 14.8125], "texture": "#5"},
				"south": {"uv": [4, 13.875, 4.125, 13.9375], "texture": "#5"},
				"west": {"uv": [14.75, 0.125, 14.78125, 0.1875], "texture": "#5"},
				"up": {"uv": [14.5, 6.65625, 14.375, 6.625], "texture": "#5"},
				"down": {"uv": [6.875, 14.375, 6.75, 14.40625], "texture": "#5"}
			}
		},
		{
			"from": [9.39305, 10.17299, 9.50478],
			"to": [9.88305, 10.95699, 10.11728],
			"rotation": {"angle": 22.5, "axis": "y", "origin": [0.9685, 1.48299, 9.55662]},
			"faces": {
				"north": {"uv": [13.625, 14, 13.6875, 14.09375], "texture": "#5"},
				"east": {"uv": [14, 13.625, 14.0625, 13.71875], "texture": "#5"},
				"south": {"uv": [13.75, 14, 13.8125, 14.09375], "texture": "#5"},
				"west": {"uv": [14, 13.75, 14.0625, 13.84375], "texture": "#5"},
				"up": {"uv": [14.4375, 6.5625, 14.375, 6.5], "texture": "#5"},
				"down": {"uv": [6.6875, 14.375, 6.625, 14.4375], "texture": "#5"}
			}
		},
		{
			"from": [8.465, 8.26941, 2.42198],
			"to": [8.857, 8.75941, 2.91198],
			"rotation": {"angle": 22.5, "axis": "x", "origin": [0.9685, 1.48299, 9.55662]},
			"faces": {
				"north": {"uv": [6.125, 14.375, 6.1875, 14.4375], "texture": "#5"},
				"east": {"uv": [14.375, 6.125, 14.4375, 6.1875], "texture": "#5"},
				"south": {"uv": [6.25, 14.375, 6.3125, 14.4375], "texture": "#5"},
				"west": {"uv": [14.375, 6.25, 14.4375, 6.3125], "texture": "#5"},
				"up": {"uv": [6.4375, 14.4375, 6.375, 14.375], "texture": "#5"},
				"down": {"uv": [6.5625, 14.375, 6.5, 14.4375], "texture": "#5"}
			}
		},
		{
			"from": [8.465, 8.26941, 2.91198],
			"to": [8.955, 8.75941, 3.40198],
			"rotation": {"angle": 22.5, "axis": "x", "origin": [0.9685, 1.48299, 9.55662]},
			"faces": {
				"north": {"uv": [14.375, 5.625, 14.4375, 5.6875], "texture": "#5"},
				"east": {"uv": [14.375, 5.75, 14.4375, 5.8125], "texture": "#5"},
				"south": {"uv": [5.875, 14.375, 5.9375, 14.4375], "texture": "#5"},
				"west": {"uv": [14.375, 5.875, 14.4375, 5.9375], "texture": "#5"},
				"up": {"uv": [6.0625, 14.4375, 6, 14.375], "texture": "#5"},
				"down": {"uv": [14.4375, 6, 14.375, 6.0625], "texture": "#5"}
			}
		},
		{
			"from": [9.17452, 5.83884, 3.39019],
			"to": [9.42148, 6.27984, 3.88019],
			"rotation": {"angle": 45, "axis": "x", "origin": [1.14, 1.48299, 9.55662]},
			"faces": {
				"north": {"uv": [14.625, 14.5, 14.65625, 14.5625], "texture": "#5"},
				"east": {"uv": [14.375, 5.375, 14.4375, 5.4375], "texture": "#5"},
				"south": {"uv": [14.625, 14.625, 14.65625, 14.6875], "texture": "#5"},
				"west": {"uv": [14.375, 5.5, 14.4375, 5.5625], "texture": "#5"},
				"up": {"uv": [0.03125, 14.8125, 0, 14.75], "texture": "#5"},
				"down": {"uv": [14.78125, 0, 14.75, 0.0625], "texture": "#5"}
			}
		},
		{
			"from": [8.92952, 5.83884, 2.50819],
			"to": [9.42148, 6.50034, 3.39019],
			"rotation": {"angle": 45, "axis": "x", "origin": [1.14, 1.48299, 9.55662]},
			"faces": {
				"north": {"uv": [13.5, 14, 13.5625, 14.09375], "texture": "#5"},
				"east": {"uv": [13.125, 7.625, 13.25, 7.71875], "texture": "#5"},
				"south": {"uv": [14, 13.5, 14.0625, 13.59375], "texture": "#5"},
				"west": {"uv": [13.125, 8.75, 13.25, 8.84375], "texture": "#5"},
				"up": {"uv": [13.9375, 3.875, 13.875, 3.75], "texture": "#5"},
				"down": {"uv": [3.9375, 13.875, 3.875, 14], "texture": "#5"}
			}
		},
		{
			"from": [8.612, 8.26941, 3.54898],
			"to": [9.347, 8.75941, 4.03898],
			"rotation": {"angle": 22.5, "axis": "x", "origin": [1.042, 1.48299, 9.55662]},
			"faces": {
				"north": {"uv": [13.25, 14, 13.34375, 14.0625], "texture": "#5"},
				"east": {"uv": [14.375, 5.25, 14.4375, 5.3125], "texture": "#5"},
				"south": {"uv": [14, 13.25, 14.09375, 13.3125], "texture": "#5"},
				"west": {"uv": [5.375, 14.375, 5.4375, 14.4375], "texture": "#5"},
				"up": {"uv": [13.46875, 14.0625, 13.375, 14], "texture": "#5"},
				"down": {"uv": [14.09375, 13.375, 14, 13.4375], "texture": "#5"}
			}
		},
		{
			"from": [8.612, 5.59384, 1.62619],
			"to": [9.347, 5.83884, 2.11619],
			"rotation": {"angle": 45, "axis": "x", "origin": [1.042, 1.48299, 9.55662]},
			"faces": {
				"north": {"uv": [14.625, 2.75, 14.71875, 2.78125], "texture": "#5"},
				"east": {"uv": [14.625, 14.375, 14.6875, 14.40625], "texture": "#5"},
				"south": {"uv": [2.875, 14.625, 2.96875, 14.65625], "texture": "#5"},
				"west": {"uv": [14.5, 14.625, 14.5625, 14.65625], "texture": "#5"},
				"up": {"uv": [13.21875, 14.0625, 13.125, 14], "texture": "#5"},
				"down": {"uv": [14.09375, 13.125, 14, 13.1875], "texture": "#5"}
			}
		},
		{
			"from": [8.367, 8.12241, 4.25948],
			"to": [9.347, 8.53891, 4.89648],
			"rotation": {"angle": 22.5, "axis": "x", "origin": [1.042, 1.48299, 9.55662]},
			"faces": {
				"north": {"uv": [13.875, 3.625, 14, 3.6875], "texture": "#5"},
				"east": {"uv": [13, 14, 13.09375, 14.0625], "texture": "#5"},
				"south": {"uv": [3.75, 13.875, 3.875, 13.9375], "texture": "#5"},
				"west": {"uv": [14, 13, 14.09375, 13.0625], "texture": "#5"},
				"up": {"uv": [11.375, 8.96875, 11.25, 8.875], "texture": "#5"},
				"down": {"uv": [1.875, 11.375, 1.75, 11.46875], "texture": "#5"}
			}
		},
		{
			"from": [4.31056, 12.62739, 6.16412],
			"to": [4.55556, 13.60739, 6.65412],
			"rotation": {"angle": -22.5, "axis": "z", "origin": [0.944, 1.48299, 9.55662]},
			"faces": {
				"north": {"uv": [5.125, 14.375, 5.15625, 14.5], "texture": "#5"},
				"east": {"uv": [13.875, 3.5, 13.9375, 3.625], "texture": "#5"},
				"south": {"uv": [5.25, 14.375, 5.28125, 14.5], "texture": "#5"},
				"west": {"uv": [3.625, 13.875, 3.6875, 14], "texture": "#5"},
				"up": {"uv": [14.65625, 14.3125, 14.625, 14.25], "texture": "#5"},
				"down": {"uv": [14.40625, 14.625, 14.375, 14.6875], "texture": "#5"}
			}
		},
		{
			"from": [8.43952, 9.00441, 2.20148],
			"to": [9.41952, 9.24941, 2.44648],
			"rotation": {"angle": 22.5, "axis": "x", "origin": [0.944, 1.58099, 9.36062]},
			"faces": {
				"north": {"uv": [4.75, 14.375, 4.875, 14.40625], "texture": "#5"},
				"east": {"uv": [14.875, 4.5, 14.90625, 4.53125], "texture": "#5"},
				"south": {"uv": [14.375, 4.75, 14.5, 4.78125], "texture": "#5"},
				"west": {"uv": [4.625, 14.875, 4.65625, 14.90625], "texture": "#5"},
				"up": {"uv": [5, 14.40625, 4.875, 14.375], "texture": "#5"},
				"down": {"uv": [14.5, 4.875, 14.375, 4.90625], "texture": "#5"}
			}
		},
		{
			"from": [5.21706, 12.60289, 6.65412],
			"to": [5.46206, 12.77439, 7.14412],
			"rotation": {"angle": -22.5, "axis": "z", "origin": [0.944, 1.58099, 9.36062]},
			"faces": {
				"north": {"uv": [14.875, 4.375, 14.90625, 4.40625], "texture": "#5"},
				"east": {"uv": [14.625, 14, 14.6875, 14.03125], "texture": "#5"},
				"south": {"uv": [4.5, 14.875, 4.53125, 14.90625], "texture": "#5"},
				"west": {"uv": [14.125, 14.625, 14.1875, 14.65625], "texture": "#5"},
				"up": {"uv": [14.65625, 14.1875, 14.625, 14.125], "texture": "#5"},
				"down": {"uv": [14.28125, 14.625, 14.25, 14.6875], "texture": "#5"}
			}
		},
		{
			"from": [8.6855, 10.17299, 6.65412],
			"to": [9.4205, 10.95699, 7.1451],
			"rotation": {"angle": 0, "axis": "y", "origin": [0.944, 1.58099, 9.36062]},
			"faces": {
				"north": {"uv": [13.75, 1, 13.84375, 1.09375], "texture": "#5"},
				"east": {"uv": [14, 12.125, 14.0625, 12.21875], "texture": "#5"},
				"south": {"uv": [1.125, 13.75, 1.21875, 13.84375], "texture": "#5"},
				"west": {"uv": [12.25, 14, 12.3125, 14.09375], "texture": "#5"},
				"up": {"uv": [14.09375, 12.3125, 14, 12.25], "texture": "#5"},
				"down": {"uv": [12.46875, 14, 12.375, 14.0625], "texture": "#5"}
			}
		},
		{
			"from": [7.485, 9.27391, 1.41748],
			"to": [8.465, 9.76391, 1.71148],
			"rotation": {"angle": 22.5, "axis": "x", "origin": [-6.7, 1.48299, 6.61662]},
			"faces": {
				"north": {"uv": [13.875, 3.25, 14, 3.3125], "texture": "#5"},
				"east": {"uv": [14.625, 13.875, 14.65625, 13.9375], "texture": "#5"},
				"south": {"uv": [3.375, 13.875, 3.5, 13.9375], "texture": "#5"},
				"west": {"uv": [14, 14.625, 14.03125, 14.6875], "texture": "#5"},
				"up": {"uv": [4.75, 14.40625, 4.625, 14.375], "texture": "#5"},
				"down": {"uv": [14.5, 4.625, 14.375, 4.65625], "texture": "#5"}
			}
		},
		{
			"from": [7.485, 9.27391, 1.17248],
			"to": [8.465, 9.76391, 1.41748],
			"rotation": {"angle": 22.5, "axis": "x", "origin": [-6.7, 1.48299, 6.61662]},
			"faces": {
				"north": {"uv": [13.875, 3.125, 14, 3.1875], "texture": "#5"},
				"east": {"uv": [14.625, 13.75, 14.65625, 13.8125], "texture": "#5"},
				"south": {"uv": [3.25, 13.875, 3.375, 13.9375], "texture": "#5"},
				"west": {"uv": [13.875, 14.625, 13.90625, 14.6875], "texture": "#5"},
				"up": {"uv": [4.625, 14.40625, 4.5, 14.375], "texture": "#5"},
				"down": {"uv": [14.5, 4.5, 14.375, 4.53125], "texture": "#5"}
			}
		},
		{
			"from": [7.48402, 10.74957, 8.12229],
			"to": [8.46598, 11.19057, 8.61229],
			"rotation": {"angle": -22.5, "axis": "x", "origin": [-6.7, 1.48299, 6.61662]},
			"faces": {
				"north": {"uv": [13.875, 2.75, 14, 2.8125], "texture": "#5"},
				"east": {"uv": [14.375, 4.25, 14.4375, 4.3125], "texture": "#5"},
				"south": {"uv": [2.875, 13.875, 3, 13.9375], "texture": "#5"},
				"west": {"uv": [14.375, 4.375, 14.4375, 4.4375], "texture": "#5"},
				"up": {"uv": [3.125, 13.9375, 3, 13.875], "texture": "#5"},
				"down": {"uv": [3.25, 13.875, 3.125, 13.9375], "texture": "#5"}
			}
		},
		{
			"from": [7.485, 5.96134, -1.77931],
			"to": [7.6565, 6.59834, -1.28931],
			"rotation": {"angle": 45, "axis": "x", "origin": [8.98, 1.48299, 6.61662]},
			"faces": {
				"north": {"uv": [14.625, 2.5, 14.65625, 2.59375], "texture": "#5"},
				"east": {"uv": [14, 11.875, 14.0625, 11.96875], "texture": "#5"},
				"south": {"uv": [2.625, 14.625, 2.65625, 14.71875], "texture": "#5"},
				"west": {"uv": [12, 14, 12.0625, 14.09375], "texture": "#5"},
				"up": {"uv": [14.65625, 13.6875, 14.625, 13.625], "texture": "#5"},
				"down": {"uv": [13.78125, 14.625, 13.75, 14.6875], "texture": "#5"}
			}
		},
		{
			"from": [8.2935, 5.96134, -1.77931],
			"to": [8.465, 6.59834, -1.28931],
			"rotation": {"angle": 45, "axis": "x", "origin": [-6.7, 1.48299, 6.61662]},
			"faces": {
				"north": {"uv": [14.625, 2.375, 14.65625, 2.46875], "texture": "#5"},
				"east": {"uv": [14, 11.75, 14.0625, 11.84375], "texture": "#5"},
				"south": {"uv": [2.5, 14.625, 2.53125, 14.71875], "texture": "#5"},
				"west": {"uv": [11.875, 14, 11.9375, 14.09375], "texture": "#5"},
				"up": {"uv": [14.65625, 13.5625, 14.625, 13.5], "texture": "#5"},
				"down": {"uv": [13.65625, 14.625, 13.625, 14.6875], "texture": "#5"}
			}
		},
		{
			"from": [7.6565, 11.06807, 8.12229],
			"to": [8.2935, 11.46007, 8.85729],
			"rotation": {"angle": -22.5, "axis": "x", "origin": [-6.7, 1.48299, 6.61662]},
			"faces": {
				"north": {"uv": [14, 11.5, 14.09375, 11.5625], "texture": "#5"},
				"east": {"uv": [11.625, 14, 11.71875, 14.0625], "texture": "#5"},
				"south": {"uv": [14, 11.625, 14.09375, 11.6875], "texture": "#5"},
				"west": {"uv": [11.75, 14, 11.84375, 14.0625], "texture": "#5"},
				"up": {"uv": [13.84375, 0.96875, 13.75, 0.875], "texture": "#5"},
				"down": {"uv": [1.09375, 13.75, 1, 13.84375], "texture": "#5"}
			}
		},
		{
			"from": [7.6566, 5.96134, -2.02431],
			"to": [8.2934, 6.69634, -1.77931],
			"rotation": {"angle": 45, "axis": "x", "origin": [-6.7, 1.48299, 6.61662]},
			"faces": {
				"north": {"uv": [13.75, 0.625, 13.84375, 0.71875], "texture": "#5"},
				"east": {"uv": [14.625, 2.125, 14.65625, 2.21875], "texture": "#5"},
				"south": {"uv": [13.75, 0.75, 13.84375, 0.84375], "texture": "#5"},
				"west": {"uv": [2.25, 14.625, 2.28125, 14.71875], "texture": "#5"},
				"up": {"uv": [14.71875, 2.28125, 14.625, 2.25], "texture": "#5"},
				"down": {"uv": [2.46875, 14.625, 2.375, 14.65625], "texture": "#5"}
			}
		},
		{
			"from": [7.6564, 9.29841, 1.14798],
			"to": [8.2936, 10.13141, 1.88298],
			"rotation": {"angle": 22.5, "axis": "x", "origin": [-6.7, 1.48299, 6.61662]},
			"faces": {
				"north": {"uv": [13.625, 13.625, 13.71875, 13.71875], "texture": "#5"},
				"east": {"uv": [0, 13.75, 0.09375, 13.84375], "texture": "#5"},
				"south": {"uv": [13.75, 0.125, 13.84375, 0.21875], "texture": "#5"},
				"west": {"uv": [13.75, 0.25, 13.84375, 0.34375], "texture": "#5"},
				"up": {"uv": [13.84375, 0.46875, 13.75, 0.375], "texture": "#5"},
				"down": {"uv": [13.84375, 0.5, 13.75, 0.59375], "texture": "#5"}
			}
		},
		{
			"from": [7.6565, 9.00441, 2.37298],
			"to": [8.2935, 9.98441, 3.59798],
			"rotation": {"angle": 22.5, "axis": "x", "origin": [-6.7, 1.48299, 6.61662]},
			"faces": {
				"north": {"uv": [11.25, 5, 11.34375, 5.125], "texture": "#5"},
				"east": {"uv": [7, 12.375, 7.15625, 12.5], "texture": "#5"},
				"south": {"uv": [6.625, 11.25, 6.71875, 11.375], "texture": "#5"},
				"west": {"uv": [7.25, 12.375, 7.40625, 12.5], "texture": "#5"},
				"up": {"uv": [12.84375, 12.90625, 12.75, 12.75], "texture": "#5"},
				"down": {"uv": [0.21875, 12.875, 0.125, 13.03125], "texture": "#5"}
			}
		},
		{
			"from": [7.6565, 9.56791, 1.88298],
			"to": [8.2935, 10.05791, 2.37298],
			"rotation": {"angle": 22.5, "axis": "x", "origin": [-6.7, 1.48299, 6.61662]},
			"faces": {
				"north": {"uv": [14, 11.25, 14.09375, 11.3125], "texture": "#5"},
				"east": {"uv": [14.375, 4.125, 14.4375, 4.1875], "texture": "#5"},
				"south": {"uv": [11.375, 14, 11.46875, 14.0625], "texture": "#5"},
				"west": {"uv": [4.25, 14.375, 4.3125, 14.4375], "texture": "#5"},
				"up": {"uv": [14.09375, 11.4375, 14, 11.375], "texture": "#5"},
				"down": {"uv": [11.59375, 14, 11.5, 14.0625], "texture": "#5"}
			}
		},
		{
			"from": [7.1664, 5.52034, -1.53431],
			"to": [7.485, 6.25534, -1.21581],
			"rotation": {"angle": 45, "axis": "x", "origin": [8.98, 1.48299, 6.61662]},
			"faces": {
				"north": {"uv": [14.625, 1.875, 14.65625, 1.96875], "texture": "#5"},
				"east": {"uv": [2, 14.625, 2.03125, 14.71875], "texture": "#5"},
				"south": {"uv": [14.625, 2, 14.65625, 2.09375], "texture": "#5"},
				"west": {"uv": [2.125, 14.625, 2.15625, 14.71875], "texture": "#5"},
				"up": {"uv": [14.90625, 4.28125, 14.875, 4.25], "texture": "#5"},
				"down": {"uv": [4.40625, 14.875, 4.375, 14.90625], "texture": "#5"}
			}
		},
		{
			"from": [7.1665, 9.82999, 3.71412],
			"to": [7.485, 10.09949, 3.93462],
			"rotation": {"angle": 0, "axis": "y", "origin": [8.98, 1.48299, 6.61662]},
			"faces": {
				"north": {"uv": [14.875, 3.875, 14.90625, 3.90625], "texture": "#5"},
				"east": {"uv": [4, 14.875, 4.03125, 14.90625], "texture": "#5"},
				"south": {"uv": [14.875, 4, 14.90625, 4.03125], "texture": "#5"},
				"west": {"uv": [4.125, 14.875, 4.15625, 14.90625], "texture": "#5"},
				"up": {"uv": [14.90625, 4.15625, 14.875, 4.125], "texture": "#5"},
				"down": {"uv": [4.28125, 14.875, 4.25, 14.90625], "texture": "#5"}
			}
		},
		{
			"from": [7.1665, 10.18607, 7.11779],
			"to": [7.485, 10.30857, 7.85279],
			"rotation": {"angle": -22.5, "axis": "x", "origin": [8.98, 1.48299, 6.61662]},
			"faces": {
				"north": {"uv": [14.875, 3.75, 14.90625, 3.78125], "texture": "#5"},
				"east": {"uv": [14.625, 1.625, 14.71875, 1.65625], "texture": "#5"},
				"south": {"uv": [3.875, 14.875, 3.90625, 14.90625], "texture": "#5"},
				"west": {"uv": [1.75, 14.625, 1.84375, 14.65625], "texture": "#5"},
				"up": {"uv": [14.65625, 1.84375, 14.625, 1.75], "texture": "#5"},
				"down": {"uv": [1.90625, 14.625, 1.875, 14.71875], "texture": "#5"}
			}
		},
		{
			"from": [7.2155, 5.96134, -0.97081],
			"to": [7.4605, 6.20634, -0.48081],
			"rotation": {"angle": 45, "axis": "x", "origin": [8.98, 1.48299, 6.61662]},
			"faces": {
				"north": {"uv": [14.875, 3.625, 14.90625, 3.65625], "texture": "#5"},
				"east": {"uv": [14.625, 13.25, 14.6875, 13.28125], "texture": "#5"},
				"south": {"uv": [3.75, 14.875, 3.78125, 14.90625], "texture": "#5"},
				"west": {"uv": [13.375, 14.625, 13.4375, 14.65625], "texture": "#5"},
				"up": {"uv": [14.65625, 13.4375, 14.625, 13.375], "texture": "#5"},
				"down": {"uv": [13.53125, 14.625, 13.5, 14.6875], "texture": "#5"}
			}
		},
		{
			"from": [7.1665, 9.92799, 3.98362],
			"to": [7.485, 10.31999, 4.74312],
			"rotation": {"angle": 0, "axis": "y", "origin": [8.98, 1.48299, 6.61662]},
			"faces": {
				"north": {"uv": [14.625, 13.125, 14.65625, 13.1875], "texture": "#5"},
				"east": {"uv": [14, 11.125, 14.09375, 11.1875], "texture": "#5"},
				"south": {"uv": [13.25, 14.625, 13.28125, 14.6875], "texture": "#5"},
				"west": {"uv": [11.25, 14, 11.34375, 14.0625], "texture": "#5"},
				"up": {"uv": [14.65625, 1.59375, 14.625, 1.5], "texture": "#5"},
				"down": {"uv": [1.65625, 14.625, 1.625, 14.71875], "texture": "#5"}
			}
		},
		{
			"from": [7.1663, 10.11257, 7.90179],
			"to": [7.485, 10.84757, 8.63679],
			"rotation": {"angle": -22.5, "axis": "x", "origin": [8.98, 1.48299, 6.61662]},
			"faces": {
				"north": {"uv": [14.625, 1.25, 14.65625, 1.34375], "texture": "#5"},
				"east": {"uv": [13.5, 13.625, 13.59375, 13.71875], "texture": "#5"},
				"south": {"uv": [1.375, 14.625, 1.40625, 14.71875], "texture": "#5"},
				"west": {"uv": [13.625, 13.5, 13.71875, 13.59375], "texture": "#5"},
				"up": {"uv": [14.65625, 1.46875, 14.625, 1.375], "texture": "#5"},
				"down": {"uv": [1.53125, 14.625, 1.5, 14.71875], "texture": "#5"}
			}
		},
		{
			"from": [6.9951, 9.31549, 4.66962],
			"to": [7.3381, 10.41799, 5.18412],
			"rotation": {"angle": 0, "axis": "y", "origin": [8.98, 1.48299, 6.61662]},
			"faces": {
				"north": {"uv": [13.625, 14.25, 13.65625, 14.40625], "texture": "#5"},
				"east": {"uv": [12.5, 13.5, 12.5625, 13.65625], "texture": "#5"},
				"south": {"uv": [14.25, 13.625, 14.28125, 13.78125], "texture": "#5"},
				"west": {"uv": [12.625, 13.5, 12.6875, 13.65625], "texture": "#5"},
				"up": {"uv": [14.65625, 13.0625, 14.625, 13], "texture": "#5"},
				"down": {"uv": [13.15625, 14.625, 13.125, 14.6875], "texture": "#5"}
			}
		},
		{
			"from": [6.995, 8.34291, 2.02998],
			"to": [7.24, 9.12691, 3.00998],
			"rotation": {"angle": 22.5, "axis": "x", "origin": [8.98, 1.48299, 6.61662]},
			"faces": {
				"north": {"uv": [14.625, 1.125, 14.65625, 1.21875], "texture": "#5"},
				"east": {"uv": [11.25, 2.125, 11.375, 2.21875], "texture": "#5"},
				"south": {"uv": [1.25, 14.625, 1.28125, 14.71875], "texture": "#5"},
				"west": {"uv": [2.375, 11.25, 2.5, 11.34375], "texture": "#5"},
				"up": {"uv": [4.03125, 14.5, 4, 14.375], "texture": "#5"},
				"down": {"uv": [14.40625, 4, 14.375, 4.125], "texture": "#5"}
			}
		},
		{
			"from": [6.76589, 9.80549, 6.013],
			"to": [7.01089, 10.09949, 6.993],
			"rotation": {"angle": -22.5, "axis": "y", "origin": [8.98, 1.48299, 6.61662]},
			"faces": {
				"north": {"uv": [14.875, 3.5, 14.90625, 3.53125], "texture": "#5"},
				"east": {"uv": [3.75, 14.375, 3.875, 14.40625], "texture": "#5"},
				"south": {"uv": [3.625, 14.875, 3.65625, 14.90625], "texture": "#5"},
				"west": {"uv": [14.375, 3.75, 14.5, 3.78125], "texture": "#5"},
				"up": {"uv": [3.90625, 14.5, 3.875, 14.375], "texture": "#5"},
				"down": {"uv": [14.40625, 3.875, 14.375, 4], "texture": "#5"}
			}
		},
		{
			"from": [8.465, 10.11257, 7.90179],
			"to": [8.7837, 10.84757, 8.63679],
			"rotation": {"angle": -22.5, "axis": "x", "origin": [-6.7, 1.48299, 6.61662]},
			"faces": {
				"north": {"uv": [14.625, 0.875, 14.65625, 0.96875], "texture": "#5"},
				"east": {"uv": [13.375, 13.625, 13.46875, 13.71875], "texture": "#5"},
				"south": {"uv": [1, 14.625, 1.03125, 14.71875], "texture": "#5"},
				"west": {"uv": [13.625, 13.375, 13.71875, 13.46875], "texture": "#5"},
				"up": {"uv": [14.65625, 1.09375, 14.625, 1], "texture": "#5"},
				"down": {"uv": [1.15625, 14.625, 1.125, 14.71875], "texture": "#5"}
			}
		},
		{
			"from": [8.465, 10.18607, 7.11779],
			"to": [8.7835, 10.30857, 7.85279],
			"rotation": {"angle": -22.5, "axis": "x", "origin": [-6.7, 1.48299, 6.61662]},
			"faces": {
				"north": {"uv": [14.875, 3.375, 14.90625, 3.40625], "texture": "#5"},
				"east": {"uv": [14.625, 0.625, 14.71875, 0.65625], "texture": "#5"},
				"south": {"uv": [3.5, 14.875, 3.53125, 14.90625], "texture": "#5"},
				"west": {"uv": [0.75, 14.625, 0.84375, 14.65625], "texture": "#5"},
				"up": {"uv": [14.65625, 0.84375, 14.625, 0.75], "texture": "#5"},
				"down": {"uv": [0.90625, 14.625, 0.875, 14.71875], "texture": "#5"}
			}
		},
		{
			"from": [8.465, 9.82999, 3.71412],
			"to": [8.7835, 10.09949, 3.93462],
			"rotation": {"angle": 0, "axis": "y", "origin": [-6.7, 1.48299, 6.61662]},
			"faces": {
				"north": {"uv": [14.875, 3, 14.90625, 3.03125], "texture": "#5"},
				"east": {"uv": [3.125, 14.875, 3.15625, 14.90625], "texture": "#5"},
				"south": {"uv": [14.875, 3.125, 14.90625, 3.15625], "texture": "#5"},
				"west": {"uv": [3.25, 14.875, 3.28125, 14.90625], "texture": "#5"},
				"up": {"uv": [14.90625, 3.28125, 14.875, 3.25], "texture": "#5"},
				"down": {"uv": [3.40625, 14.875, 3.375, 14.90625], "texture": "#5"}
			}
		},
		{
			"from": [8.465, 9.92799, 3.98362],
			"to": [8.7835, 10.31999, 4.74312],
			"rotation": {"angle": 0, "axis": "y", "origin": [-6.7, 1.48299, 6.61662]},
			"faces": {
				"north": {"uv": [14.625, 12.5, 14.65625, 12.5625], "texture": "#5"},
				"east": {"uv": [10.5, 14, 10.59375, 14.0625], "texture": "#5"},
				"south": {"uv": [12.625, 14.625, 12.65625, 14.6875], "texture": "#5"},
				"west": {"uv": [14, 10.5, 14.09375, 10.5625], "texture": "#5"},
				"up": {"uv": [14.65625, 0.59375, 14.625, 0.5], "texture": "#5"},
				"down": {"uv": [0.65625, 14.625, 0.625, 14.71875], "texture": "#5"}
			}
		},
		{
			"from": [8.465, 5.52034, -1.53431],
			"to": [8.7836, 6.25534, -1.21581],
			"rotation": {"angle": 45, "axis": "x", "origin": [-6.7, 1.48299, 6.61662]},
			"faces": {
				"north": {"uv": [14.625, 0.25, 14.65625, 0.34375], "texture": "#5"},
				"east": {"uv": [0.375, 14.625, 0.40625, 14.71875], "texture": "#5"},
				"south": {"uv": [14.625, 0.375, 14.65625, 0.46875], "texture": "#5"},
				"west": {"uv": [0.5, 14.625, 0.53125, 14.71875], "texture": "#5"},
				"up": {"uv": [14.90625, 2.90625, 14.875, 2.875], "texture": "#5"},
				"down": {"uv": [3.03125, 14.875, 3, 14.90625], "texture": "#5"}
			}
		},
		{
			"from": [8.465, 8.47107, 8.58779],
			"to": [8.955, 9.20607, 8.83279],
			"rotation": {"angle": -22.5, "axis": "x", "origin": [-6.7, 1.48299, 6.61662]},
			"faces": {
				"north": {"uv": [10.375, 14, 10.4375, 14.09375], "texture": "#5"},
				"east": {"uv": [14.625, 0.125, 14.65625, 0.21875], "texture": "#5"},
				"south": {"uv": [14, 10.375, 14.0625, 10.46875], "texture": "#5"},
				"west": {"uv": [0.25, 14.625, 0.28125, 14.71875], "texture": "#5"},
				"up": {"uv": [14.6875, 12.40625, 14.625, 12.375], "texture": "#5"},
				"down": {"uv": [12.5625, 14.625, 12.5, 14.65625], "texture": "#5"}
			}
		},
		{
			"from": [7.89855, 9.80549, 11.24428],
			"to": [8.14355, 10.09949, 12.22428],
			"rotation": {"angle": 22.5, "axis": "y", "origin": [-6.7, 1.48299, 6.61662]},
			"faces": {
				"north": {"uv": [14.875, 2.75, 14.90625, 2.78125], "texture": "#5"},
				"east": {"uv": [14.375, 1.625, 14.5, 1.65625], "texture": "#5"},
				"south": {"uv": [2.875, 14.875, 2.90625, 14.90625], "texture": "#5"},
				"west": {"uv": [1.75, 14.375, 1.875, 14.40625], "texture": "#5"},
				"up": {"uv": [14.40625, 1.875, 14.375, 1.75], "texture": "#5"},
				"down": {"uv": [1.90625, 14.375, 1.875, 14.5], "texture": "#5"}
			}
		},
		{
			"from": [8.71, 8.34291, 2.02998],
			"to": [8.955, 9.12691, 3.00998],
			"rotation": {"angle": 22.5, "axis": "x", "origin": [-6.7, 1.48299, 6.61662]},
			"faces": {
				"north": {"uv": [14.625, 0, 14.65625, 0.09375], "texture": "#5"},
				"east": {"uv": [0.25, 11.25, 0.375, 11.34375], "texture": "#5"},
				"south": {"uv": [0.125, 14.625, 0.15625, 14.71875], "texture": "#5"},
				"west": {"uv": [11.25, 0.625, 11.375, 0.71875], "texture": "#5"},
				"up": {"uv": [14.40625, 1.625, 14.375, 1.5], "texture": "#5"},
				"down": {"uv": [1.65625, 14.375, 1.625, 14.5], "texture": "#5"}
			}
		},
		{
			"from": [8.6119, 9.31549, 4.66962],
			"to": [8.9549, 10.41799, 5.18412],
			"rotation": {"angle": 0, "axis": "y", "origin": [-6.7, 1.48299, 6.61662]},
			"faces": {
				"north": {"uv": [14.25, 13.375, 14.28125, 13.53125], "texture": "#5"},
				"east": {"uv": [13.5, 12.25, 13.5625, 12.40625], "texture": "#5"},
				"south": {"uv": [13.5, 14.25, 13.53125, 14.40625], "texture": "#5"},
				"west": {"uv": [12.375, 13.5, 12.4375, 13.65625], "texture": "#5"},
				"up": {"uv": [14.65625, 11.9375, 14.625, 11.875], "texture": "#5"},
				"down": {"uv": [12.03125, 14.625, 12, 14.6875], "texture": "#5"}
			}
		},
		{
			"from": [8.4895, 5.96134, -0.97081],
			"to": [8.7345, 6.20634, -0.48081],
			"rotation": {"angle": 45, "axis": "x", "origin": [-6.7, 1.48299, 6.61662]},
			"faces": {
				"north": {"uv": [14.875, 2.625, 14.90625, 2.65625], "texture": "#5"},
				"east": {"uv": [14.625, 11.625, 14.6875, 11.65625], "texture": "#5"},
				"south": {"uv": [2.75, 14.875, 2.78125, 14.90625], "texture": "#5"},
				"west": {"uv": [11.75, 14.625, 11.8125, 14.65625], "texture": "#5"},
				"up": {"uv": [14.65625, 11.8125, 14.625, 11.75], "texture": "#5"},
				"down": {"uv": [11.90625, 14.625, 11.875, 14.6875], "texture": "#5"}
			}
		},
		{
			"from": [6.9949, 6.42684, -1.09331],
			"to": [8.9551, 6.84334, -0.23581],
			"rotation": {"angle": 45, "axis": "x", "origin": [-6.7, 1.48299, 6.61662]},
			"faces": {
				"north": {"uv": [12.75, 1, 13, 1.0625], "texture": "#5"},
				"east": {"uv": [13.875, 1.125, 14, 1.1875], "texture": "#5"},
				"south": {"uv": [12.75, 2.25, 13, 2.3125], "texture": "#5"},
				"west": {"uv": [1.25, 13.875, 1.375, 13.9375], "texture": "#5"},
				"up": {"uv": [4.875, 1, 4.625, 0.875], "texture": "#5"},
				"down": {"uv": [5.875, 1.875, 5.625, 2], "texture": "#5"}
			}
		},
		{
			"from": [7.3625, 7.23299, 5.11062],
			"to": [7.6075, 9.92799, 6.58062],
			"rotation": {"angle": 0, "axis": "y", "origin": [8.98, 1.48299, 6.61662]},
			"faces": {
				"north": {"uv": [13.5, 8.375, 13.53125, 8.71875], "texture": "#5"},
				"east": {"uv": [8.5, 5.75, 8.6875, 6.09375], "texture": "#5"},
				"south": {"uv": [8.5, 13.5, 8.53125, 13.84375], "texture": "#5"},
				"west": {"uv": [7.25, 8.5, 7.4375, 8.84375], "texture": "#5"},
				"up": {"uv": [9.53125, 14.1875, 9.5, 14], "texture": "#5"},
				"down": {"uv": [14.03125, 9.5, 14, 9.6875], "texture": "#5"}
			}
		},
		{
			"from": [8.3425, 7.23299, 5.11062],
			"to": [8.5875, 9.92799, 6.58062],
			"rotation": {"angle": 0, "axis": "y", "origin": [-6.7, 1.48299, 6.61662]},
			"faces": {
				"north": {"uv": [13.5, 8, 13.53125, 8.34375], "texture": "#5"},
				"east": {"uv": [5, 8.5, 5.1875, 8.84375], "texture": "#5"},
				"south": {"uv": [8.375, 13.5, 8.40625, 13.84375], "texture": "#5"},
				"west": {"uv": [8.5, 5.375, 8.6875, 5.71875], "texture": "#5"},
				"up": {"uv": [14.03125, 9.4375, 14, 9.25], "texture": "#5"},
				"down": {"uv": [9.40625, 14, 9.375, 14.1875], "texture": "#5"}
			}
		},
		{
			"from": [6.6275, 6.64734, 0.57269],
			"to": [9.3225, 8.16634, 1.79769],
			"rotation": {"angle": 45, "axis": "x", "origin": [-6.7, 1.48299, 6.61662]},
			"faces": {
				"north": {"uv": [4.625, 8.5, 4.96875, 8.6875], "texture": "#5"},
				"east": {"uv": [11.625, 3.125, 11.78125, 3.3125], "texture": "#5"},
				"south": {"uv": [8.5, 4.625, 8.84375, 4.8125], "texture": "#5"},
				"west": {"uv": [3.25, 11.625, 3.40625, 11.8125], "texture": "#5"},
				"up": {"uv": [1.59375, 9.65625, 1.25, 9.5], "texture": "#5"},
				"down": {"uv": [9.84375, 2.125, 9.5, 2.28125], "texture": "#5"}
			}
		},
		{
			"from": [6.8725, 8.05457, 8.22029],
			"to": [7.3625, 9.37757, 8.71029],
			"rotation": {"angle": -22.5, "axis": "x", "origin": [8.98, 1.48299, 6.61662]},
			"faces": {
				"north": {"uv": [12, 13.5, 12.0625, 13.65625], "texture": "#5"},
				"east": {"uv": [13.5, 12, 13.5625, 12.15625], "texture": "#5"},
				"south": {"uv": [12.125, 13.5, 12.1875, 13.65625], "texture": "#5"},
				"west": {"uv": [12.25, 13.5, 12.3125, 13.65625], "texture": "#5"},
				"up": {"uv": [14.4375, 1.4375, 14.375, 1.375], "texture": "#5"},
				"down": {"uv": [1.5625, 14.375, 1.5, 14.4375], "texture": "#5"}
			}
		},
		{
			"from": [6.6275, 5.47134, 1.16059],
			"to": [7.3625, 5.96134, 2.77759],
			"rotation": {"angle": 45, "axis": "x", "origin": [8.98, 1.48299, 6.61662]},
			"faces": {
				"north": {"uv": [14, 9.125, 14.09375, 9.1875], "texture": "#5"},
				"east": {"uv": [13, 9.875, 13.21875, 9.9375], "texture": "#5"},
				"south": {"uv": [9.25, 14, 9.34375, 14.0625], "texture": "#5"},
				"west": {"uv": [13, 10.625, 13.21875, 10.6875], "texture": "#5"},
				"up": {"uv": [12.34375, 7.46875, 12.25, 7.25], "texture": "#5"},
				"down": {"uv": [12.34375, 7.5, 12.25, 7.71875], "texture": "#5"}
			}
		},
		{
			"from": [8.5875, 5.47134, 1.16059],
			"to": [9.3225, 5.96134, 2.77759],
			"rotation": {"angle": 45, "axis": "x", "origin": [-6.7, 1.48299, 6.61662]},
			"faces": {
				"north": {"uv": [14, 9, 14.09375, 9.0625], "texture": "#5"},
				"east": {"uv": [13, 8.375, 13.21875, 8.4375], "texture": "#5"},
				"south": {"uv": [9.125, 14, 9.21875, 14.0625], "texture": "#5"},
				"west": {"uv": [13, 8.875, 13.21875, 8.9375], "texture": "#5"},
				"up": {"uv": [4.59375, 12.46875, 4.5, 12.25], "texture": "#5"},
				"down": {"uv": [6.96875, 12.25, 6.875, 12.46875], "texture": "#5"}
			}
		},
		{
			"from": [8.5875, 8.05457, 8.22029],
			"to": [9.0775, 9.37757, 8.71029],
			"rotation": {"angle": -22.5, "axis": "x", "origin": [-6.7, 1.48299, 6.61662]},
			"faces": {
				"north": {"uv": [11.5, 13.5, 11.5625, 13.65625], "texture": "#5"},
				"east": {"uv": [13.5, 11.5, 13.5625, 11.65625], "texture": "#5"},
				"south": {"uv": [11.75, 13.5, 11.8125, 13.65625], "texture": "#5"},
				"west": {"uv": [11.875, 13.5, 11.9375, 13.65625], "texture": "#5"},
				"up": {"uv": [14.4375, 1.3125, 14.375, 1.25], "texture": "#5"},
				"down": {"uv": [1.4375, 14.375, 1.375, 14.4375], "texture": "#5"}
			}
		},
		{
			"from": [6.8725, 6.58457, 8.71029],
			"to": [9.0775, 9.03457, 9.44529],
			"rotation": {"angle": -22.5, "axis": "x", "origin": [-6.7, 1.48299, 6.61662]},
			"faces": {
				"north": {"uv": [0.25, 7.375, 0.53125, 7.6875], "texture": "#5"},
				"east": {"uv": [3, 11.625, 3.09375, 11.9375], "texture": "#5"},
				"south": {"uv": [7.375, 2.75, 7.65625, 3.0625], "texture": "#5"},
				"west": {"uv": [3.125, 11.625, 3.21875, 11.9375], "texture": "#5"},
				"up": {"uv": [12.15625, 2.84375, 11.875, 2.75], "texture": "#5"},
				"down": {"uv": [12.15625, 2.875, 11.875, 2.96875], "texture": "#5"}
			}
		},
		{
			"from": [6.554, 5.96134, 1.79769],
			"to": [9.396, 8.16634, 3.02269],
			"rotation": {"angle": 45, "axis": "x", "origin": [-6.7, 1.48299, 6.61662]},
			"faces": {
				"north": {"uv": [1.5, 6.75, 1.875, 7.03125], "texture": "#5"},
				"east": {"uv": [6.375, 10.25, 6.53125, 10.53125], "texture": "#5"},
				"south": {"uv": [6.75, 1.5, 7.125, 1.78125], "texture": "#5"},
				"west": {"uv": [6.625, 10.25, 6.78125, 10.53125], "texture": "#5"},
				"up": {"uv": [9.5, 0.15625, 9.125, 0], "texture": "#5"},
				"down": {"uv": [9.5, 0.25, 9.125, 0.40625], "texture": "#5"}
			}
		},
		{
			"from": [7.8525, 7.88307, 10.89079],
			"to": [8.0975, 8.86307, 11.38079],
			"rotation": {"angle": -22.5, "axis": "x", "origin": [-6.7, 1.48299, 6.61662]},
			"faces": {
				"north": {"uv": [14.375, 1.125, 14.40625, 1.25], "texture": "#5"},
				"east": {"uv": [13.875, 1, 13.9375, 1.125], "texture": "#5"},
				"south": {"uv": [1.25, 14.375, 1.28125, 14.5], "texture": "#5"},
				"west": {"uv": [1.125, 13.875, 1.1875, 14], "texture": "#5"},
				"up": {"uv": [14.65625, 11.5625, 14.625, 11.5], "texture": "#5"},
				"down": {"uv": [11.65625, 14.625, 11.625, 14.6875], "texture": "#5"}
			}
		},
		{
			"from": [7.8525, 9.35307, 10.00879],
			"to": [8.0975, 10.08807, 10.49879],
			"rotation": {"angle": -22.5, "axis": "x", "origin": [-6.7, 1.48299, 6.61662]},
			"faces": {
				"north": {"uv": [14.5, 14.5, 14.53125, 14.59375], "texture": "#5"},
				"east": {"uv": [14, 8.875, 14.0625, 8.96875], "texture": "#5"},
				"south": {"uv": [0, 14.625, 0.03125, 14.71875], "texture": "#5"},
				"west": {"uv": [9, 14, 9.0625, 14.09375], "texture": "#5"},
				"up": {"uv": [14.65625, 11.4375, 14.625, 11.375], "texture": "#5"},
				"down": {"uv": [11.53125, 14.625, 11.5, 14.6875], "texture": "#5"}
			}
		},
		{
			"from": [7.73, 8.16634, 0.67069],
			"to": [8.22, 8.41134, 1.40569],
			"rotation": {"angle": 45, "axis": "x", "origin": [-6.7, 1.48299, 6.61662]},
			"faces": {
				"north": {"uv": [14.625, 11.25, 14.6875, 11.28125], "texture": "#5"},
				"east": {"uv": [14.375, 14.5, 14.46875, 14.53125], "texture": "#5"},
				"south": {"uv": [11.375, 14.625, 11.4375, 14.65625], "texture": "#5"},
				"west": {"uv": [14.5, 14.375, 14.59375, 14.40625], "texture": "#5"},
				"up": {"uv": [14.0625, 8.84375, 14, 8.75], "texture": "#5"},
				"down": {"uv": [8.9375, 14, 8.875, 14.09375], "texture": "#5"}
			}
		},
		{
			"from": [7.485, 8.16634, 1.40569],
			"to": [8.465, 8.41134, 3.02269],
			"rotation": {"angle": 45, "axis": "x", "origin": [-6.7, 1.48299, 6.61662]},
			"faces": {
				"north": {"uv": [14.375, 1, 14.5, 1.03125], "texture": "#5"},
				"east": {"uv": [14, 6.375, 14.21875, 6.40625], "texture": "#5"},
				"south": {"uv": [1.125, 14.375, 1.25, 14.40625], "texture": "#5"},
				"west": {"uv": [6.5, 14, 6.71875, 14.03125], "texture": "#5"},
				"up": {"uv": [11.875, 1.21875, 11.75, 1], "texture": "#5"},
				"down": {"uv": [1.375, 11.75, 1.25, 11.96875], "texture": "#5"}
			}
		},
		{
			"from": [6.86389, 9.68299, 6.3805],
			"to": [7.35389, 10.17299, 7.6055],
			"rotation": {"angle": -22.5, "axis": "y", "origin": [8.98, 1.48299, 6.61662]},
			"faces": {
				"north": {"uv": [14.375, 0.875, 14.4375, 0.9375], "texture": "#5"},
				"east": {"uv": [13.5, 11, 13.65625, 11.0625], "texture": "#5"},
				"south": {"uv": [1, 14.375, 1.0625, 14.4375], "texture": "#5"},
				"west": {"uv": [13.5, 11.125, 13.65625, 11.1875], "texture": "#5"},
				"up": {"uv": [11.1875, 13.65625, 11.125, 13.5], "texture": "#5"},
				"down": {"uv": [13.5625, 11.25, 13.5, 11.40625], "texture": "#5"}
			}
		},
		{
			"from": [3.91856, 8.75639, 4.91462],
			"to": [4.16356, 9.41789, 6.62962],
			"rotation": {"angle": -22.5, "axis": "z", "origin": [8.98, 1.48299, 6.61662]},
			"faces": {
				"north": {"uv": [14.25, 14.5, 14.28125, 14.59375], "texture": "#5"},
				"east": {"uv": [12.25, 7, 12.46875, 7.09375], "texture": "#5"},
				"south": {"uv": [14.5, 14.25, 14.53125, 14.34375], "texture": "#5"},
				"west": {"uv": [12.25, 7.125, 12.46875, 7.21875], "texture": "#5"},
				"up": {"uv": [6.28125, 14.21875, 6.25, 14], "texture": "#5"},
				"down": {"uv": [6.40625, 14, 6.375, 14.21875], "texture": "#5"}
			}
		},
		{
			"from": [7.1175, 6.96584, -0.48081],
			"to": [7.338, 7.23534, -0.18681],
			"rotation": {"angle": 45, "axis": "x", "origin": [-6.7, 1.48299, 6.61662]},
			"faces": {
				"north": {"uv": [2.875, 6.875, 3, 7], "texture": "#5"},
				"east": {"uv": [7, 5.5, 7.125, 5.625], "texture": "#5"},
				"south": {"uv": [5.75, 7, 5.875, 7.125], "texture": "#5"},
				"west": {"uv": [3.625, 7.125, 3.75, 7.25], "texture": "#5"},
				"up": {"uv": [7.25, 7.125, 7.125, 7], "texture": "#5"},
				"down": {"uv": [7.625, 7.25, 7.5, 7.375], "texture": "#5"}
			}
		},
		{
			"from": [8.612, 6.96584, -0.48081],
			"to": [8.8325, 7.23534, -0.18681],
			"rotation": {"angle": 45, "axis": "x", "origin": [8.98, 1.48299, 6.61662]},
			"faces": {
				"north": {"uv": [4.875, 1.375, 5, 1.5], "texture": "#5"},
				"east": {"uv": [2.75, 4.875, 2.875, 5], "texture": "#5"},
				"south": {"uv": [5.625, 1.25, 5.75, 1.375], "texture": "#5"},
				"west": {"uv": [0.25, 5.75, 0.375, 5.875], "texture": "#5"},
				"up": {"uv": [2.375, 5.875, 2.25, 5.75], "texture": "#5"},
				"down": {"uv": [1.625, 6.375, 1.5, 6.5], "texture": "#5"}
			}
		},
		{
			"from": [7.485, 5.81434, -1.53431],
			"to": [7.73, 6.20634, -1.14231],
			"rotation": {"angle": 45, "axis": "x", "origin": [8.98, 1.48299, 6.61662]},
			"faces": {
				"north": {"uv": [14.625, 11, 14.65625, 11.0625], "texture": "#5"},
				"east": {"uv": [14.375, 0.75, 14.4375, 0.8125], "texture": "#5"},
				"south": {"uv": [11.125, 14.625, 11.15625, 14.6875], "texture": "#5"},
				"west": {"uv": [0.875, 14.375, 0.9375, 14.4375], "texture": "#5"},
				"up": {"uv": [14.65625, 11.1875, 14.625, 11.125], "texture": "#5"},
				"down": {"uv": [11.28125, 14.625, 11.25, 14.6875], "texture": "#5"}
			}
		},
		{
			"from": [7.33898, 5.81434, -1.14231],
			"to": [7.58398, 6.45134, 0.57269],
			"rotation": {"angle": 45, "axis": "x", "origin": [8.98, 1.48299, 6.61662]},
			"faces": {
				"north": {"uv": [14.125, 14.5, 14.15625, 14.59375], "texture": "#5"},
				"east": {"uv": [12.25, 6.5, 12.46875, 6.59375], "texture": "#5"},
				"south": {"uv": [14.5, 14.125, 14.53125, 14.21875], "texture": "#5"},
				"west": {"uv": [12.25, 6.625, 12.46875, 6.71875], "texture": "#5"},
				"up": {"uv": [6.15625, 14.21875, 6.125, 14], "texture": "#5"},
				"down": {"uv": [14.03125, 6.125, 14, 6.34375], "texture": "#5"}
			}
		},
		{
			"from": [7.4605, 5.56934, -1.14231],
			"to": [7.4605, 5.81434, 0.81769],
			"rotation": {"angle": 45, "axis": "x", "origin": [8.98, 1.48299, 6.61662]},
			"faces": {
				"north": {"uv": [0, 0, 0, 0.03125], "texture": "#5"},
				"east": {"uv": [13.5, 7.875, 13.84375, 7.90625], "texture": "#5"},
				"south": {"uv": [0, 0, 0, 0.03125], "texture": "#5"},
				"west": {"uv": [8, 13.5, 8.34375, 13.53125], "texture": "#5"},
				"up": {"uv": [0, 0.34375, 0, 0], "texture": "#5"},
				"down": {"uv": [0, 0, 0, 0.34375], "texture": "#5"}
			}
		},
		{
			"from": [8.4895, 5.56934, -1.14231],
			"to": [8.4895, 5.81434, 0.81769],
			"rotation": {"angle": 45, "axis": "x", "origin": [-6.7, 1.48299, 6.61662]},
			"faces": {
				"north": {"uv": [0, 0, 0, 0.03125], "texture": "#5"},
				"east": {"uv": [13.5, 6.75, 13.84375, 6.78125], "texture": "#5"},
				"south": {"uv": [0, 0, 0, 0.03125], "texture": "#5"},
				"west": {"uv": [7.625, 13.5, 7.96875, 13.53125], "texture": "#5"},
				"up": {"uv": [0, 0.34375, 0, 0], "texture": "#5"},
				"down": {"uv": [0, 0, 0, 0.34375], "texture": "#5"}
			}
		},
		{
			"from": [7.7055, 5.56934, -1.58331],
			"to": [7.9015, 5.81434, -1.58331],
			"rotation": {"angle": 45, "axis": "x", "origin": [8.98, 1.48299, 6.61662]},
			"faces": {
				"north": {"uv": [14.875, 2.5, 14.90625, 2.53125], "texture": "#5"},
				"east": {"uv": [0, 0, 0, 0.03125], "texture": "#5"},
				"south": {"uv": [2.625, 14.875, 2.65625, 14.90625], "texture": "#5"},
				"west": {"uv": [0, 0, 0, 0.03125], "texture": "#5"},
				"up": {"uv": [0.03125, 0, 0, 0], "texture": "#5"},
				"down": {"uv": [0.03125, 0, 0, 0], "texture": "#5"}
			}
		},
		{
			"from": [8.0485, 5.56934, -1.58331],
			"to": [8.2445, 5.81434, -1.58331],
			"rotation": {"angle": 45, "axis": "x", "origin": [-6.7, 1.48299, 6.61662]},
			"faces": {
				"north": {"uv": [14.875, 2.375, 14.90625, 2.40625], "texture": "#5"},
				"east": {"uv": [0, 0, 0, 0.03125], "texture": "#5"},
				"south": {"uv": [2.5, 14.875, 2.53125, 14.90625], "texture": "#5"},
				"west": {"uv": [0, 0, 0, 0.03125], "texture": "#5"},
				"up": {"uv": [0.03125, 0, 0, 0], "texture": "#5"},
				"down": {"uv": [0.03125, 0, 0, 0], "texture": "#5"}
			}
		},
		{
			"from": [7.6565, 5.81434, -1.77931],
			"to": [8.2935, 6.20634, -1.53431],
			"rotation": {"angle": 45, "axis": "x", "origin": [-6.7, 1.48299, 6.61662]},
			"faces": {
				"north": {"uv": [14, 8.625, 14.09375, 8.6875], "texture": "#5"},
				"east": {"uv": [14.625, 10.875, 14.65625, 10.9375], "texture": "#5"},
				"south": {"uv": [8.75, 14, 8.84375, 14.0625], "texture": "#5"},
				"west": {"uv": [11, 14.625, 11.03125, 14.6875], "texture": "#5"},
				"up": {"uv": [14.09375, 14.53125, 14, 14.5], "texture": "#5"},
				"down": {"uv": [14.59375, 14, 14.5, 14.03125], "texture": "#5"}
			}
		},
		{
			"from": [8.22, 5.81434, -1.53431],
			"to": [8.465, 6.20634, -1.14231],
			"rotation": {"angle": 45, "axis": "x", "origin": [-6.7, 1.48299, 6.61662]},
			"faces": {
				"north": {"uv": [14.625, 10.625, 14.65625, 10.6875], "texture": "#5"},
				"east": {"uv": [14.375, 0.625, 14.4375, 0.6875], "texture": "#5"},
				"south": {"uv": [10.75, 14.625, 10.78125, 14.6875], "texture": "#5"},
				"west": {"uv": [0.75, 14.375, 0.8125, 14.4375], "texture": "#5"},
				"up": {"uv": [14.65625, 10.8125, 14.625, 10.75], "texture": "#5"},
				"down": {"uv": [10.90625, 14.625, 10.875, 14.6875], "texture": "#5"}
			}
		},
		{
			"from": [8.36602, 5.81434, -1.14231],
			"to": [8.61102, 6.45134, 0.57269],
			"rotation": {"angle": 45, "axis": "x", "origin": [-6.7, 1.48299, 6.61662]},
			"faces": {
				"north": {"uv": [13.875, 14.5, 13.90625, 14.59375], "texture": "#5"},
				"east": {"uv": [6.25, 12.25, 6.46875, 12.34375], "texture": "#5"},
				"south": {"uv": [14.5, 13.875, 14.53125, 13.96875], "texture": "#5"},
				"west": {"uv": [6.5, 12.25, 6.71875, 12.34375], "texture": "#5"},
				"up": {"uv": [14.03125, 6.09375, 14, 5.875], "texture": "#5"},
				"down": {"uv": [6.03125, 14, 6, 14.21875], "texture": "#5"}
			}
		},
		{
			"from": [7.6565, 6.20634, -1.77931],
			"to": [8.2935, 6.45134, -1.38731],
			"rotation": {"angle": 45, "axis": "x", "origin": [-6.7, 1.48299, 6.61662]},
			"faces": {
				"north": {"uv": [13.75, 14.5, 13.84375, 14.53125], "texture": "#5"},
				"east": {"uv": [14.625, 10.5, 14.6875, 10.53125], "texture": "#5"},
				"south": {"uv": [14.5, 13.75, 14.59375, 13.78125], "texture": "#5"},
				"west": {"uv": [10.625, 14.625, 10.6875, 14.65625], "texture": "#5"},
				"up": {"uv": [14.09375, 8.5625, 14, 8.5], "texture": "#5"},
				"down": {"uv": [8.71875, 14, 8.625, 14.0625], "texture": "#5"}
			}
		},
		{
			"from": [7.3625, 6.20634, -1.38731],
			"to": [8.5875, 6.45134, 0.32769],
			"rotation": {"angle": 45, "axis": "x", "origin": [-6.7, 1.48299, 6.61662]},
			"faces": {
				"north": {"uv": [14.25, 13.125, 14.40625, 13.15625], "texture": "#5"},
				"east": {"uv": [14, 5.625, 14.21875, 5.65625], "texture": "#5"},
				"south": {"uv": [13.25, 14.25, 13.40625, 14.28125], "texture": "#5"},
				"west": {"uv": [5.75, 14, 5.96875, 14.03125], "texture": "#5"},
				"up": {"uv": [11.15625, 11.34375, 11, 11.125], "texture": "#5"},
				"down": {"uv": [0.15625, 11.25, 0, 11.46875], "texture": "#5"}
			}
		},
		{
			"from": [7.55555, 9.68299, 11.61178],
			"to": [8.04555, 10.17299, 12.83678],
			"rotation": {"angle": 22.5, "axis": "y", "origin": [-6.7, 1.48299, 6.61662]},
			"faces": {
				"north": {"uv": [14.375, 0.5, 14.4375, 0.5625], "texture": "#5"},
				"east": {"uv": [10.375, 13.5, 10.53125, 13.5625], "texture": "#5"},
				"south": {"uv": [0.625, 14.375, 0.6875, 14.4375], "texture": "#5"},
				"west": {"uv": [13.5, 10.375, 13.65625, 10.4375], "texture": "#5"},
				"up": {"uv": [13.5625, 10.65625, 13.5, 10.5], "texture": "#5"},
				"down": {"uv": [13.5625, 10.75, 13.5, 10.90625], "texture": "#5"}
			}
		},
		{
			"from": [7.338, 10.51599, 4.91462],
			"to": [8.612, 10.76099, 5.64962],
			"rotation": {"angle": 0, "axis": "y", "origin": [-6.7, 1.48299, 6.61662]},
			"faces": {
				"north": {"uv": [13, 14.25, 13.15625, 14.28125], "texture": "#5"},
				"east": {"uv": [13.625, 14.5, 13.71875, 14.53125], "texture": "#5"},
				"south": {"uv": [14.25, 13, 14.40625, 13.03125], "texture": "#5"},
				"west": {"uv": [14.5, 13.625, 14.59375, 13.65625], "texture": "#5"},
				"up": {"uv": [12.90625, 12.59375, 12.75, 12.5], "texture": "#5"},
				"down": {"uv": [12.90625, 12.625, 12.75, 12.71875], "texture": "#5"}
			}
		},
		{
			"from": [10.74587, 3.5251, 4.91462],
			"to": [10.99087, 4.1866, 6.62962],
			"rotation": {"angle": 22.5, "axis": "z", "origin": [-6.7, 1.48299, 6.61662]},
			"faces": {
				"north": {"uv": [13.5, 14.5, 13.53125, 14.59375], "texture": "#5"},
				"east": {"uv": [12.25, 5.875, 12.46875, 5.96875], "texture": "#5"},
				"south": {"uv": [14.5, 13.5, 14.53125, 13.59375], "texture": "#5"},
				"west": {"uv": [6, 12.25, 6.21875, 12.34375], "texture": "#5"},
				"up": {"uv": [14.03125, 5.59375, 14, 5.375], "texture": "#5"},
				"down": {"uv": [5.65625, 14, 5.625, 14.21875], "texture": "#5"}
			}
		},
		{
			"from": [6.848, 6.20634, 0.32769],
			"to": [9.102, 6.94134, 1.55269],
			"rotation": {"angle": 45, "axis": "x", "origin": [-6.7, 1.48299, 6.61662]},
			"faces": {
				"north": {"uv": [11.875, 2.5, 12.15625, 2.59375], "texture": "#5"},
				"east": {"uv": [12.375, 12.75, 12.53125, 12.84375], "texture": "#5"},
				"south": {"uv": [11.875, 2.625, 12.15625, 2.71875], "texture": "#5"},
				"west": {"uv": [12.75, 12.375, 12.90625, 12.46875], "texture": "#5"},
				"up": {"uv": [6.03125, 10.40625, 5.75, 10.25], "texture": "#5"},
				"down": {"uv": [10.53125, 6.125, 10.25, 6.28125], "texture": "#5"}
			}
		},
		{
			"from": [7.5095, 8.93091, 1.34398],
			"to": [8.4405, 9.66591, 2.32398],
			"rotation": {"angle": 22.5, "axis": "x", "origin": [-6.7, 1.48299, 6.61662]},
			"faces": {
				"north": {"uv": [9.25, 10.875, 9.375, 10.96875], "texture": "#5"},
				"east": {"uv": [3, 11.125, 3.125, 11.21875], "texture": "#5"},
				"south": {"uv": [7.875, 11.125, 8, 11.21875], "texture": "#5"},
				"west": {"uv": [8.5, 11.125, 8.625, 11.21875], "texture": "#5"},
				"up": {"uv": [3, 3.75, 2.875, 3.625], "texture": "#5"},
				"down": {"uv": [0.75, 4.25, 0.625, 4.375], "texture": "#5"}
			}
		}
	],
	"display": {
		"head": {
			"rotation": [0, 180, 0]
		}
	}
}