{
	"credit": "Made with Blockbench",
	"textures": {
		"1": "animated_java:item/dino_aj/texture"
	},
	"elements": [
		{
			"from": [6.3312, 17.325, 0.8125],
			"to": [7.5812, 19.825, 2.8125],
			"rotation": {"angle": 45, "axis": "x", "origin": [13.8312, 5.3, -6.9875]},
			"faces": {
				"north": {"uv": [6.53125, 9.875, 6.375, 10.1875], "texture": "#1"},
				"east": {"uv": [8.375, 1.25, 8.125, 1.5625], "texture": "#1"},
				"south": {"uv": [6.78125, 9.875, 6.625, 10.1875], "texture": "#1"},
				"west": {"uv": [0.5, 8.125, 0.25, 8.4375], "texture": "#1"},
				"up": {"uv": [11, 0.5, 11.15625, 0.25], "texture": "#1"},
				"down": {"uv": [11, 1.25, 11.15625, 1.5], "texture": "#1"}
			}
		},
		{
			"from": [6.3332, 1.54835, 9.76283],
			"to": [7.5792, 3.04835, 10.51283],
			"rotation": {"angle": -22.5, "axis": "x", "origin": [13.8296, 5.04835, -7.08717]},
			"faces": {
				"north": {"uv": [0.65625, 11.75, 0.5, 11.9375], "texture": "#1"},
				"east": {"uv": [11.21875, 12.625, 11.125, 12.8125], "texture": "#1"},
				"south": {"uv": [0.90625, 11.75, 0.75, 11.9375], "texture": "#1"},
				"west": {"uv": [10.96875, 12.625, 10.875, 12.8125], "texture": "#1"},
				"up": {"uv": [7.125, 13.09375, 7.28125, 13], "texture": "#1"},
				"down": {"uv": [7.375, 13, 7.53125, 13.09375], "texture": "#1"}
			}
		},
		{
			"from": [6.3322, 15.3, 5.7625],
			"to": [7.5802, 17.05, 6.5125],
			"rotation": {"angle": 22.5, "axis": "x", "origin": [13.8312, 5.3, -6.9875]},
			"faces": {
				"north": {"uv": [11.40625, 11.375, 11.25, 11.59375], "texture": "#1"},
				"east": {"uv": [12.46875, 5.625, 12.375, 5.84375], "texture": "#1"},
				"south": {"uv": [0.15625, 11.5, 0, 11.71875], "texture": "#1"},
				"west": {"uv": [5.71875, 12.375, 5.625, 12.59375], "texture": "#1"},
				"up": {"uv": [13, 7.46875, 13.15625, 7.375], "texture": "#1"},
				"down": {"uv": [13, 7.5, 13.15625, 7.59375], "texture": "#1"}
			}
		},
		{
			"from": [6.3302, 6.05, 7.0125],
			"to": [7.5802, 8.3, 9.7625],
			"rotation": {"angle": 0, "axis": "y", "origin": [13.8312, 5.3, -6.9875]},
			"faces": {
				"north": {"uv": [2.90625, 10.5, 2.75, 10.78125], "texture": "#1"},
				"east": {"uv": [3.71875, 7.25, 3.375, 7.53125], "texture": "#1"},
				"south": {"uv": [10.65625, 2.875, 10.5, 3.15625], "texture": "#1"},
				"west": {"uv": [3.34375, 7.25, 3, 7.53125], "texture": "#1"},
				"up": {"uv": [1.875, 9.96875, 2.03125, 9.625], "texture": "#1"},
				"down": {"uv": [2.125, 9.625, 2.28125, 9.96875], "texture": "#1"}
			}
		},
		{
			"from": [6.3322, 8.05, 9.7625],
			"to": [7.5822, 8.55, 10.5125],
			"rotation": {"angle": 0, "axis": "y", "origin": [13.8312, 5.3, -6.9875]},
			"faces": {
				"north": {"uv": [13.78125, 11.5, 13.625, 11.5625], "texture": "#1"},
				"east": {"uv": [14.34375, 9.5, 14.25, 9.5625], "texture": "#1"},
				"south": {"uv": [13.78125, 11.625, 13.625, 11.6875], "texture": "#1"},
				"west": {"uv": [9.59375, 14.25, 9.5, 14.3125], "texture": "#1"},
				"up": {"uv": [7.625, 13.09375, 7.78125, 13], "texture": "#1"},
				"down": {"uv": [13, 7.75, 13.15625, 7.84375], "texture": "#1"}
			}
		},
		{
			"from": [7.9812, 9.575, 9.7624],
			"to": [8.9812, 10.825, 10.5124],
			"rotation": {"angle": 22.5, "axis": "z", "origin": [14.0812, 5.3, -6.9875]},
			"faces": {
				"north": {"uv": [5.375, 12.5, 5.25, 12.65625], "texture": "#1"},
				"east": {"uv": [13.09375, 8.125, 13, 8.28125], "texture": "#1"},
				"south": {"uv": [6.25, 12.5, 6.125, 12.65625], "texture": "#1"},
				"west": {"uv": [13.09375, 7.875, 13, 8.03125], "texture": "#1"},
				"up": {"uv": [13.5, 0.09375, 13.625, 0], "texture": "#1"},
				"down": {"uv": [0.125, 13.5, 0.25, 13.59375], "texture": "#1"}
			}
		},
		{
			"from": [6.3312, 1.3, 7.2625],
			"to": [8.8312, 2.8, 9.0125],
			"rotation": {"angle": -22.5, "axis": "z", "origin": [14.0812, 5.3, -6.9875]},
			"faces": {
				"north": {"uv": [9.3125, 9.25, 9, 9.4375], "texture": "#1"},
				"east": {"uv": [10.96875, 7.25, 10.75, 7.4375], "texture": "#1"},
				"south": {"uv": [9.6875, 0.5, 9.375, 0.6875], "texture": "#1"},
				"west": {"uv": [6.34375, 10.75, 6.125, 10.9375], "texture": "#1"},
				"up": {"uv": [8.375, 7.59375, 8.6875, 7.375], "texture": "#1"},
				"down": {"uv": [8.5, 0, 8.8125, 0.21875], "texture": "#1"}
			}
		},
		{
			"from": [6.3312, 2.8, 6.7625],
			"to": [8.8312, 5.05, 9.0125],
			"rotation": {"angle": -22.5, "axis": "z", "origin": [14.0812, 5.3, -6.9875]},
			"faces": {
				"north": {"uv": [3.3125, 7.625, 3, 7.90625], "texture": "#1"},
				"east": {"uv": [8.15625, 5.75, 7.875, 6.03125], "texture": "#1"},
				"south": {"uv": [3.6875, 7.625, 3.375, 7.90625], "texture": "#1"},
				"west": {"uv": [6.03125, 7.875, 5.75, 8.15625], "texture": "#1"},
				"up": {"uv": [3.75, 7.90625, 4.0625, 7.625], "texture": "#1"},
				"down": {"uv": [7.625, 4.75, 7.9375, 5.03125], "texture": "#1"}
			}
		},
		{
			"from": [6.5812, 3.05, 7.2625],
			"to": [9.0812, 5.55, 11.0125],
			"rotation": {"angle": -22.5, "axis": "z", "origin": [14.0812, 5.3, -6.9875]},
			"faces": {
				"north": {"uv": [7.4375, 5.5, 7.125, 5.8125], "texture": "#1"},
				"east": {"uv": [0.84375, 5.5, 0.375, 5.8125], "texture": "#1"},
				"south": {"uv": [6.0625, 7.125, 5.75, 7.4375], "texture": "#1"},
				"west": {"uv": [5.84375, 4.75, 5.375, 5.0625], "texture": "#1"},
				"up": {"uv": [0.875, 5.96875, 1.1875, 5.5], "texture": "#1"},
				"down": {"uv": [1.25, 5.5, 1.5625, 5.96875], "texture": "#1"}
			}
		},
		{
			"from": [7.0812, 5.55, 8.0125],
			"to": [9.0812, 6.05, 11.0125],
			"rotation": {"angle": -22.5, "axis": "z", "origin": [14.0812, 5.3, -6.9875]},
			"faces": {
				"north": {"uv": [13, 11.5, 12.75, 11.5625], "texture": "#1"},
				"east": {"uv": [12.625, 1.875, 12.25, 1.9375], "texture": "#1"},
				"south": {"uv": [13, 11.75, 12.75, 11.8125], "texture": "#1"},
				"west": {"uv": [1.75, 12.25, 1.375, 12.3125], "texture": "#1"},
				"up": {"uv": [7.25, 7.375, 7.5, 7], "texture": "#1"},
				"down": {"uv": [0, 7.375, 0.25, 7.75], "texture": "#1"}
			}
		},
		{
			"from": [7.0812, 1.55, 10.7625],
			"to": [8.8312, 3.05, 11.7625],
			"rotation": {"angle": -22.5, "axis": "z", "origin": [14.0812, 5.3, -6.9875]},
			"faces": {
				"north": {"uv": [8.34375, 10.75, 8.125, 10.9375], "texture": "#1"},
				"east": {"uv": [2, 12.25, 1.875, 12.4375], "texture": "#1"},
				"south": {"uv": [8.59375, 10.75, 8.375, 10.9375], "texture": "#1"},
				"west": {"uv": [1.875, 12.25, 1.75, 12.4375], "texture": "#1"},
				"up": {"uv": [0.25, 12, 0.46875, 11.875], "texture": "#1"},
				"down": {"uv": [11.875, 0.375, 12.09375, 0.5], "texture": "#1"}
			}
		},
		{
			"from": [6.5812, 1.55, 7.5125],
			"to": [9.0812, 3.05, 10.7625],
			"rotation": {"angle": -22.5, "axis": "z", "origin": [14.0812, 5.3, -6.9875]},
			"faces": {
				"north": {"uv": [9.6875, 0.75, 9.375, 0.9375], "texture": "#1"},
				"east": {"uv": [8.53125, 6.375, 8.125, 6.5625], "texture": "#1"},
				"south": {"uv": [9.6875, 1.875, 9.375, 2.0625], "texture": "#1"},
				"west": {"uv": [8.53125, 6.125, 8.125, 6.3125], "texture": "#1"},
				"up": {"uv": [6, 5.90625, 6.3125, 5.5], "texture": "#1"},
				"down": {"uv": [6, 6, 6.3125, 6.40625], "texture": "#1"}
			}
		},
		{
			"from": [6.8312, 0.3, 7.7625],
			"to": [9.0812, 1.55, 10.5125],
			"rotation": {"angle": -22.5, "axis": "z", "origin": [14.0812, 5.3, -6.9875]},
			"faces": {
				"north": {"uv": [10.78125, 3.25, 10.5, 3.40625], "texture": "#1"},
				"east": {"uv": [3.09375, 9.625, 2.75, 9.78125], "texture": "#1"},
				"south": {"uv": [10.78125, 3.5, 10.5, 3.65625], "texture": "#1"},
				"west": {"uv": [2.71875, 9.625, 2.375, 9.78125], "texture": "#1"},
				"up": {"uv": [7.25, 5.34375, 7.53125, 5], "texture": "#1"},
				"down": {"uv": [5.125, 7.25, 5.40625, 7.59375], "texture": "#1"}
			}
		},
		{
			"from": [7.3312, -0.7, 10.2625],
			"to": [8.8312, 0.3, 10.7625],
			"rotation": {"angle": -22.5, "axis": "z", "origin": [14.0812, 5.3, -6.9875]},
			"faces": {
				"north": {"uv": [12.4375, 2, 12.25, 2.125], "texture": "#1"},
				"east": {"uv": [14.0625, 3.375, 14, 3.5], "texture": "#1"},
				"south": {"uv": [12.4375, 2.375, 12.25, 2.5], "texture": "#1"},
				"west": {"uv": [3.4375, 14, 3.375, 14.125], "texture": "#1"},
				"up": {"uv": [13.5, 0.1875, 13.6875, 0.125], "texture": "#1"},
				"down": {"uv": [13.5, 0.25, 13.6875, 0.3125], "texture": "#1"}
			}
		},
		{
			"from": [7.3312, -1.2, 8.5125],
			"to": [8.8312, -0.7, 10.2625],
			"rotation": {"angle": -22.5, "axis": "z", "origin": [14.0812, 5.3, -6.9875]},
			"faces": {
				"north": {"uv": [13.6875, 0.375, 13.5, 0.4375], "texture": "#1"},
				"east": {"uv": [13.34375, 5.375, 13.125, 5.4375], "texture": "#1"},
				"south": {"uv": [0.6875, 13.5, 0.5, 13.5625], "texture": "#1"},
				"west": {"uv": [13.34375, 5.25, 13.125, 5.3125], "texture": "#1"},
				"up": {"uv": [8.625, 10.96875, 8.8125, 10.75], "texture": "#1"},
				"down": {"uv": [10.75, 8.75, 10.9375, 8.96875], "texture": "#1"}
			}
		},
		{
			"from": [7.0812, 0.3, 10.5125],
			"to": [8.8312, 1.55, 11.2625],
			"rotation": {"angle": -22.5, "axis": "z", "origin": [14.0812, 5.3, -6.9875]},
			"faces": {
				"north": {"uv": [11.71875, 0.125, 11.5, 0.28125], "texture": "#1"},
				"east": {"uv": [13.09375, 8.625, 13, 8.78125], "texture": "#1"},
				"south": {"uv": [0.71875, 11.5, 0.5, 11.65625], "texture": "#1"},
				"west": {"uv": [8.59375, 13, 8.5, 13.15625], "texture": "#1"},
				"up": {"uv": [5.75, 12.46875, 5.96875, 12.375], "texture": "#1"},
				"down": {"uv": [6, 12.375, 6.21875, 12.46875], "texture": "#1"}
			}
		},
		{
			"from": [7.0812, -0.7, 8.5125],
			"to": [9.0812, 0.3, 10.2625],
			"rotation": {"angle": -22.5, "axis": "z", "origin": [14.0812, 5.3, -6.9875]},
			"faces": {
				"north": {"uv": [11.875, 2.125, 11.625, 2.25], "texture": "#1"},
				"east": {"uv": [12.09375, 0.625, 11.875, 0.75], "texture": "#1"},
				"south": {"uv": [11.875, 2.25, 11.625, 2.375], "texture": "#1"},
				"west": {"uv": [12.09375, 0.5, 11.875, 0.625], "texture": "#1"},
				"up": {"uv": [0.75, 9.71875, 1, 9.5], "texture": "#1"},
				"down": {"uv": [1, 9.5, 1.25, 9.71875], "texture": "#1"}
			}
		},
		{
			"from": [6.8312, -1.7, 7.7625],
			"to": [8.8312, -0.2, 8.5125],
			"rotation": {"angle": -22.5, "axis": "z", "origin": [14.0812, 5.3, -6.9875]},
			"faces": {
				"north": {"uv": [3, 10.25, 2.75, 10.4375], "texture": "#1"},
				"east": {"uv": [11.46875, 12.625, 11.375, 12.8125], "texture": "#1"},
				"south": {"uv": [10.5, 2.875, 10.25, 3.0625], "texture": "#1"},
				"west": {"uv": [11.34375, 12.625, 11.25, 12.8125], "texture": "#1"},
				"up": {"uv": [12.25, 2.59375, 12.5, 2.5], "texture": "#1"},
				"down": {"uv": [2.625, 12.25, 2.875, 12.34375], "texture": "#1"}
			}
		},
		{
			"from": [6.5812, 3.55, 6.2625],
			"to": [8.5812, 4.55, 7.0125],
			"rotation": {"angle": -22.5, "axis": "z", "origin": [14.0812, 5.3, -6.9875]},
			"faces": {
				"north": {"uv": [2.625, 11.625, 2.375, 11.75], "texture": "#1"},
				"east": {"uv": [13.59375, 0.625, 13.5, 0.75], "texture": "#1"},
				"south": {"uv": [2.875, 11.625, 2.625, 11.75], "texture": "#1"},
				"west": {"uv": [13.59375, 0.5, 13.5, 0.625], "texture": "#1"},
				"up": {"uv": [12.25, 2.71875, 12.5, 2.625], "texture": "#1"},
				"down": {"uv": [12.25, 2.75, 12.5, 2.84375], "texture": "#1"}
			}
		},
		{
			"from": [7.5312, 7.95, 6.2635],
			"to": [8.9562, 9.35, 7.0135],
			"rotation": {"angle": 22.5, "axis": "z", "origin": [14.0812, 5.3, -6.9875]},
			"faces": {
				"north": {"uv": [9.1875, 11.125, 9, 11.3125], "texture": "#1"},
				"east": {"uv": [11.71875, 12.625, 11.625, 12.8125], "texture": "#1"},
				"south": {"uv": [11.3125, 9, 11.125, 9.1875], "texture": "#1"},
				"west": {"uv": [11.59375, 12.625, 11.5, 12.8125], "texture": "#1"},
				"up": {"uv": [12.625, 11.71875, 12.8125, 11.625], "texture": "#1"},
				"down": {"uv": [11.75, 12.625, 11.9375, 12.71875], "texture": "#1"}
			}
		},
		{
			"from": [6.4812, 6.9, 6.5135],
			"to": [7.9062, 8.3, 7.2635],
			"rotation": {"angle": 22.5, "axis": "z", "origin": [14.0812, 5.3, -6.9875]},
			"faces": {
				"north": {"uv": [9.4375, 11.125, 9.25, 11.3125], "texture": "#1"},
				"east": {"uv": [12.09375, 12.625, 12, 12.8125], "texture": "#1"},
				"south": {"uv": [11.3125, 9.25, 11.125, 9.4375], "texture": "#1"},
				"west": {"uv": [12.71875, 11.75, 12.625, 11.9375], "texture": "#1"},
				"up": {"uv": [12.125, 12.71875, 12.3125, 12.625], "texture": "#1"},
				"down": {"uv": [12.375, 12.625, 12.5625, 12.71875], "texture": "#1"}
			}
		},
		{
			"from": [5.5812, 5.825, 7.0135],
			"to": [6.8312, 7.075, 7.5135],
			"rotation": {"angle": 22.5, "axis": "z", "origin": [14.0812, 5.3, -6.9875]},
			"faces": {
				"north": {"uv": [12.03125, 10, 11.875, 10.15625], "texture": "#1"},
				"east": {"uv": [11.6875, 13.625, 11.625, 13.78125], "texture": "#1"},
				"south": {"uv": [10.40625, 11.875, 10.25, 12.03125], "texture": "#1"},
				"west": {"uv": [11.4375, 13.625, 11.375, 13.78125], "texture": "#1"},
				"up": {"uv": [13.625, 11.8125, 13.78125, 11.75], "texture": "#1"},
				"down": {"uv": [13.625, 11.875, 13.78125, 11.9375], "texture": "#1"}
			}
		},
		{
			"from": [4.0062, 4.075, 7.7635],
			"to": [5.4062, 5.475, 8.5135],
			"rotation": {"angle": 22.5, "axis": "z", "origin": [14.0812, 5.3, -6.9875]},
			"faces": {
				"north": {"uv": [9.6875, 11.125, 9.5, 11.3125], "texture": "#1"},
				"east": {"uv": [0.09375, 12.75, 0, 12.9375], "texture": "#1"},
				"south": {"uv": [9.9375, 11.125, 9.75, 11.3125], "texture": "#1"},
				"west": {"uv": [12.71875, 12.625, 12.625, 12.8125], "texture": "#1"},
				"up": {"uv": [12.75, 0.21875, 12.9375, 0.125], "texture": "#1"},
				"down": {"uv": [0.375, 12.75, 0.5625, 12.84375], "texture": "#1"}
			}
		},
		{
			"from": [4.7062, 4.75, 7.2635],
			"to": [5.7562, 5.825, 7.7635],
			"rotation": {"angle": 22.5, "axis": "z", "origin": [14.0812, 5.3, -6.9875]},
			"faces": {
				"north": {"uv": [10.5, 2.75, 10.375, 2.875], "texture": "#1"},
				"east": {"uv": [14.0625, 3.5, 14, 3.625], "texture": "#1"},
				"south": {"uv": [10.75, 8.75, 10.625, 8.875], "texture": "#1"},
				"west": {"uv": [3.5625, 14, 3.5, 14.125], "texture": "#1"},
				"up": {"uv": [3.625, 14.0625, 3.75, 14], "texture": "#1"},
				"down": {"uv": [14, 3.625, 14.125, 3.6875], "texture": "#1"}
			}
		},
		{
			"from": [6.5812, 2.05, 6.5125],
			"to": [8.5812, 3.55, 7.2625],
			"rotation": {"angle": -22.5, "axis": "z", "origin": [14.0812, 5.3, -6.9875]},
			"faces": {
				"north": {"uv": [3.25, 10.25, 3, 10.4375], "texture": "#1"},
				"east": {"uv": [0.84375, 12.75, 0.75, 12.9375], "texture": "#1"},
				"south": {"uv": [10.5, 3.125, 10.25, 3.3125], "texture": "#1"},
				"west": {"uv": [0.71875, 12.75, 0.625, 12.9375], "texture": "#1"},
				"up": {"uv": [2.875, 12.34375, 3.125, 12.25], "texture": "#1"},
				"down": {"uv": [12.25, 2.875, 12.5, 2.96875], "texture": "#1"}
			}
		},
		{
			"from": [6.8312, 0.55, 7.0125],
			"to": [8.5812, 2.05, 7.5125],
			"rotation": {"angle": -22.5, "axis": "z", "origin": [14.0812, 5.3, -6.9875]},
			"faces": {
				"north": {"uv": [9.21875, 10.75, 9, 10.9375], "texture": "#1"},
				"east": {"uv": [1.0625, 13.5, 1, 13.6875], "texture": "#1"},
				"south": {"uv": [9.59375, 10.75, 9.375, 10.9375], "texture": "#1"},
				"west": {"uv": [13.5625, 0.75, 13.5, 0.9375], "texture": "#1"},
				"up": {"uv": [13.125, 5.5625, 13.34375, 5.5], "texture": "#1"},
				"down": {"uv": [13.125, 5.625, 13.34375, 5.6875], "texture": "#1"}
			}
		},
		{
			"from": [7.0812, -0.95, 7.2625],
			"to": [8.5812, 0.55, 7.7625],
			"rotation": {"angle": -22.5, "axis": "z", "origin": [14.0812, 5.3, -6.9875]},
			"faces": {
				"north": {"uv": [11.3125, 9.875, 11.125, 10.0625], "texture": "#1"},
				"east": {"uv": [1.3125, 13.5, 1.25, 13.6875], "texture": "#1"},
				"south": {"uv": [11.3125, 10.125, 11.125, 10.3125], "texture": "#1"},
				"west": {"uv": [1.1875, 13.5, 1.125, 13.6875], "texture": "#1"},
				"up": {"uv": [13.5, 1.0625, 13.6875, 1], "texture": "#1"},
				"down": {"uv": [1.375, 13.5, 1.5625, 13.5625], "texture": "#1"}
			}
		},
		{
			"from": [6.5812, -0.2, 7.5125],
			"to": [8.8312, 1.3, 8.7625],
			"rotation": {"angle": -22.5, "axis": "z", "origin": [14.0812, 5.3, -6.9875]},
			"faces": {
				"north": {"uv": [0.65625, 9.75, 0.375, 9.9375], "texture": "#1"},
				"east": {"uv": [1.15625, 11.75, 1, 11.9375], "texture": "#1"},
				"south": {"uv": [10.03125, 0.5, 9.75, 0.6875], "texture": "#1"},
				"west": {"uv": [11.90625, 0.75, 11.75, 0.9375], "texture": "#1"},
				"up": {"uv": [10.5, 3.90625, 10.78125, 3.75], "texture": "#1"},
				"down": {"uv": [10.5, 4, 10.78125, 4.15625], "texture": "#1"}
			}
		},
		{
			"from": [7.0812, 3.05, 11.0125],
			"to": [8.8312, 4.8, 12.0125],
			"rotation": {"angle": -22.5, "axis": "z", "origin": [14.0812, 5.3, -6.9875]},
			"faces": {
				"north": {"uv": [4.96875, 10, 4.75, 10.21875], "texture": "#1"},
				"east": {"uv": [1.5, 11.875, 1.375, 12.09375], "texture": "#1"},
				"south": {"uv": [5.21875, 10, 5, 10.21875], "texture": "#1"},
				"west": {"uv": [12, 1, 11.875, 1.21875], "texture": "#1"},
				"up": {"uv": [11.875, 1.5, 12.09375, 1.375], "texture": "#1"},
				"down": {"uv": [11.875, 1.5, 12.09375, 1.625], "texture": "#1"}
			}
		},
		{
			"from": [7.0812, 4.8, 11.0125],
			"to": [8.8312, 5.55, 11.7625],
			"rotation": {"angle": -22.5, "axis": "z", "origin": [14.0812, 5.3, -6.9875]},
			"faces": {
				"north": {"uv": [6.46875, 12.375, 6.25, 12.46875], "texture": "#1"},
				"east": {"uv": [13.71875, 13.75, 13.625, 13.84375], "texture": "#1"},
				"south": {"uv": [12.59375, 6.25, 12.375, 6.34375], "texture": "#1"},
				"west": {"uv": [13.84375, 13.5, 13.75, 13.59375], "texture": "#1"},
				"up": {"uv": [12.375, 6.46875, 12.59375, 6.375], "texture": "#1"},
				"down": {"uv": [6.5, 12.375, 6.71875, 12.46875], "texture": "#1"}
			}
		},
		{
			"from": [6.3342, 9.5, 9.2625],
			"to": [7.5782, 11, 10.0125],
			"rotation": {"angle": 0, "axis": "y", "origin": [13.8312, 5.3, -6.9875]},
			"faces": {
				"north": {"uv": [0.15625, 11.75, 0, 11.9375], "texture": "#1"},
				"east": {"uv": [10.84375, 12.625, 10.75, 12.8125], "texture": "#1"},
				"south": {"uv": [11.90625, 0.125, 11.75, 0.3125], "texture": "#1"},
				"west": {"uv": [10.71875, 12.625, 10.625, 12.8125], "texture": "#1"},
				"up": {"uv": [13, 5.96875, 13.15625, 5.875], "texture": "#1"},
				"down": {"uv": [13, 7, 13.15625, 7.09375], "texture": "#1"}
			}
		}
	],
	"display": {
		"head": {
			"rotation": [0, 180, 0]
		}
	}
}