{
	"credit": "Made with Blockbench",
	"textures": {
		"1": "animated_java:item/dino_aj/texture"
	},
	"elements": [
		{
			"from": [7.5, 5.325, 6.61675],
			"to": [8.5, 5.725, 8.11675],
			"rotation": {"angle": 0, "axis": "y", "origin": [0, 5.225, 1.86675]},
			"faces": {
				"north": {"uv": [1.75, 14, 1.875, 14.0625], "texture": "#1"},
				"east": {"uv": [9.125, 13.375, 9.3125, 13.4375], "texture": "#1"},
				"south": {"uv": [14, 1.75, 14.125, 1.8125], "texture": "#1"},
				"west": {"uv": [13.375, 9.125, 13.5625, 9.1875], "texture": "#1"},
				"up": {"uv": [11.75, 12.3125, 11.625, 12.125], "texture": "#1"},
				"down": {"uv": [11.875, 12.125, 11.75, 12.3125], "texture": "#1"}
			}
		},
		{
			"from": [7.125, 5.725, 6.61675],
			"to": [8.875, 6.225, 8.11675],
			"rotation": {"angle": 0, "axis": "y", "origin": [0, 5.225, 1.86675]},
			"faces": {
				"north": {"uv": [13.125, 3.375, 13.34375, 3.4375], "texture": "#1"},
				"east": {"uv": [8.875, 13.375, 9.0625, 13.4375], "texture": "#1"},
				"south": {"uv": [3.5, 13.125, 3.71875, 13.1875], "texture": "#1"},
				"west": {"uv": [13.375, 9, 13.5625, 9.0625], "texture": "#1"},
				"up": {"uv": [10.96875, 4.4375, 10.75, 4.25], "texture": "#1"},
				"down": {"uv": [10.96875, 5.75, 10.75, 5.9375], "texture": "#1"}
			}
		},
		{
			"from": [6.75, 8.1, 5.71675],
			"to": [9.25, 8.35, 6.79175],
			"rotation": {"angle": 22.5, "axis": "x", "origin": [0, 4.975, 1.86675]},
			"faces": {
				"north": {"uv": [13.625, 10.5, 13.9375, 10.53125], "texture": "#1"},
				"east": {"uv": [8.875, 14.5, 9, 14.53125], "texture": "#1"},
				"south": {"uv": [13.625, 10.625, 13.9375, 10.65625], "texture": "#1"},
				"west": {"uv": [14.5, 8.875, 14.625, 8.90625], "texture": "#1"},
				"up": {"uv": [11.1875, 8.75, 10.875, 8.625], "texture": "#1"},
				"down": {"uv": [0.3125, 11, 0, 11.125], "texture": "#1"}
			}
		},
		{
			"from": [6.75, 5.975, 7.61675],
			"to": [9.25, 6.225, 8.11775],
			"rotation": {"angle": 0, "axis": "y", "origin": [0, 4.975, 1.86675]},
			"faces": {
				"north": {"uv": [13.625, 10.25, 13.9375, 10.28125], "texture": "#1"},
				"east": {"uv": [14.625, 14.75, 14.6875, 14.78125], "texture": "#1"},
				"south": {"uv": [10.375, 13.625, 10.6875, 13.65625], "texture": "#1"},
				"west": {"uv": [14.75, 14.625, 14.8125, 14.65625], "texture": "#1"},
				"up": {"uv": [6.0625, 12.5625, 5.75, 12.5], "texture": "#1"},
				"down": {"uv": [12.8125, 5.75, 12.5, 5.8125], "texture": "#1"}
			}
		},
		{
			"from": [6.75, 6.225, 6.61675],
			"to": [9.25, 6.725, 8.11675],
			"rotation": {"angle": 0, "axis": "y", "origin": [0, 4.975, 1.86675]},
			"faces": {
				"north": {"uv": [12.5, 5.375, 12.8125, 5.4375], "texture": "#1"},
				"east": {"uv": [8.375, 13.375, 8.5625, 13.4375], "texture": "#1"},
				"south": {"uv": [12.5, 5.625, 12.8125, 5.6875], "texture": "#1"},
				"west": {"uv": [8.625, 13.375, 8.8125, 13.4375], "texture": "#1"},
				"up": {"uv": [8.5625, 9.4375, 8.25, 9.25], "texture": "#1"},
				"down": {"uv": [9.5625, 8.625, 9.25, 8.8125], "texture": "#1"}
			}
		},
		{
			"from": [6.875, 9.475, 6.61675],
			"to": [9.125, 9.725, 8.11675],
			"rotation": {"angle": 0, "axis": "y", "origin": [0, 4.975, 1.86675]},
			"faces": {
				"north": {"uv": [4.5, 13.75, 4.78125, 13.78125], "texture": "#1"},
				"east": {"uv": [8.625, 14.125, 8.8125, 14.15625], "texture": "#1"},
				"south": {"uv": [4.875, 13.75, 5.15625, 13.78125], "texture": "#1"},
				"west": {"uv": [14.125, 8.625, 14.3125, 8.65625], "texture": "#1"},
				"up": {"uv": [3.78125, 9.8125, 3.5, 9.625], "texture": "#1"},
				"down": {"uv": [4.15625, 9.625, 3.875, 9.8125], "texture": "#1"}
			}
		},
		{
			"from": [7.625, 11.375, 4.36675],
			"to": [8.375, 11.875, 5.61675],
			"rotation": {"angle": 22.5, "axis": "x", "origin": [0, 4.975, 1.86675]},
			"faces": {
				"north": {"uv": [14.125, 8.375, 14.21875, 8.4375], "texture": "#1"},
				"east": {"uv": [13.625, 1.875, 13.78125, 1.9375], "texture": "#1"},
				"south": {"uv": [14.125, 8.5, 14.21875, 8.5625], "texture": "#1"},
				"west": {"uv": [2, 13.625, 2.15625, 13.6875], "texture": "#1"},
				"up": {"uv": [12.96875, 3.53125, 12.875, 3.375], "texture": "#1"},
				"down": {"uv": [12.96875, 3.625, 12.875, 3.78125], "texture": "#1"}
			}
		},
		{
			"from": [7.25, 9.725, 6.61675],
			"to": [8.75, 9.975, 8.11675],
			"rotation": {"angle": 0, "axis": "y", "origin": [0, 4.975, 1.86675]},
			"faces": {
				"north": {"uv": [8.125, 14.125, 8.3125, 14.15625], "texture": "#1"},
				"east": {"uv": [14.125, 8.125, 14.3125, 8.15625], "texture": "#1"},
				"south": {"uv": [14.125, 8.25, 14.3125, 8.28125], "texture": "#1"},
				"west": {"uv": [8.375, 14.125, 8.5625, 14.15625], "texture": "#1"},
				"up": {"uv": [6.3125, 11.1875, 6.125, 11], "texture": "#1"},
				"down": {"uv": [8.1875, 11, 8, 11.1875], "texture": "#1"}
			}
		},
		{
			"from": [7.95, 8.475, 6.61775],
			"to": [8.45, 9.475, 8.11575],
			"rotation": {"angle": 22.5, "axis": "z", "origin": [8, 4.975, 1.86675]},
			"faces": {
				"north": {"uv": [8.9375, 13.875, 8.875, 14], "texture": "#1"},
				"east": {"uv": [12.1875, 2.375, 12, 2.5], "texture": "#1"},
				"south": {"uv": [13.9375, 8.875, 13.875, 9], "texture": "#1"},
				"west": {"uv": [2.3125, 12, 2.125, 12.125], "texture": "#1"},
				"up": {"uv": [5.25, 13.4375, 5.3125, 13.25], "texture": "#1"},
				"down": {"uv": [5.375, 13.25, 5.4375, 13.4375], "texture": "#1"}
			}
		},
		{
			"from": [5.39745, 5.25209, 6.61875],
			"to": [5.64745, 5.50209, 8.11475],
			"rotation": {"angle": -45, "axis": "z", "origin": [7.99745, 4.97709, 1.86575]},
			"faces": {
				"north": {"uv": [14.90625, 6.875, 14.875, 6.90625], "texture": "#1"},
				"east": {"uv": [14.3125, 7.75, 14.125, 7.78125], "texture": "#1"},
				"south": {"uv": [7.03125, 14.875, 7, 14.90625], "texture": "#1"},
				"west": {"uv": [14.3125, 7.625, 14.125, 7.65625], "texture": "#1"},
				"up": {"uv": [7.625, 14.3125, 7.65625, 14.125], "texture": "#1"},
				"down": {"uv": [14.125, 7.875, 14.15625, 8.0625], "texture": "#1"}
			}
		},
		{
			"from": [5.7, 6.225, 6.61775],
			"to": [5.95, 6.725, 8.11575],
			"rotation": {"angle": -22.5, "axis": "z", "origin": [8, 4.975, 1.86675]},
			"faces": {
				"north": {"uv": [7.78125, 14.75, 7.75, 14.8125], "texture": "#1"},
				"east": {"uv": [5.9375, 13.25, 5.75, 13.3125], "texture": "#1"},
				"south": {"uv": [14.78125, 7.75, 14.75, 7.8125], "texture": "#1"},
				"west": {"uv": [5.6875, 13.25, 5.5, 13.3125], "texture": "#1"},
				"up": {"uv": [6.75, 14.3125, 6.78125, 14.125], "texture": "#1"},
				"down": {"uv": [7.5, 14.125, 7.53125, 14.3125], "texture": "#1"}
			}
		},
		{
			"from": [10.35255, 5.25209, 6.61875],
			"to": [10.60255, 5.50209, 8.11475],
			"rotation": {"angle": 45, "axis": "z", "origin": [8.00255, 4.97709, 1.86575]},
			"faces": {
				"north": {"uv": [14.875, 6.875, 14.90625, 6.90625], "texture": "#1"},
				"east": {"uv": [14.125, 7.625, 14.3125, 7.65625], "texture": "#1"},
				"south": {"uv": [7, 14.875, 7.03125, 14.90625], "texture": "#1"},
				"west": {"uv": [14.125, 7.75, 14.3125, 7.78125], "texture": "#1"},
				"up": {"uv": [7.65625, 14.3125, 7.625, 14.125], "texture": "#1"},
				"down": {"uv": [14.15625, 7.875, 14.125, 8.0625], "texture": "#1"}
			}
		},
		{
			"from": [10.05, 6.225, 6.61775],
			"to": [10.3, 6.725, 8.11575],
			"rotation": {"angle": 22.5, "axis": "z", "origin": [8, 4.975, 1.86675]},
			"faces": {
				"north": {"uv": [7.75, 14.75, 7.78125, 14.8125], "texture": "#1"},
				"east": {"uv": [5.5, 13.25, 5.6875, 13.3125], "texture": "#1"},
				"south": {"uv": [14.75, 7.75, 14.78125, 7.8125], "texture": "#1"},
				"west": {"uv": [5.75, 13.25, 5.9375, 13.3125], "texture": "#1"},
				"up": {"uv": [6.78125, 14.3125, 6.75, 14.125], "texture": "#1"},
				"down": {"uv": [7.53125, 14.125, 7.5, 14.3125], "texture": "#1"}
			}
		},
		{
			"from": [7.55, 8.475, 6.61775],
			"to": [8.05, 9.475, 8.11575],
			"rotation": {"angle": -22.5, "axis": "z", "origin": [8, 4.975, 1.86675]},
			"faces": {
				"north": {"uv": [8.875, 13.875, 8.9375, 14], "texture": "#1"},
				"east": {"uv": [2.125, 12, 2.3125, 12.125], "texture": "#1"},
				"south": {"uv": [13.875, 8.875, 13.9375, 9], "texture": "#1"},
				"west": {"uv": [12, 2.375, 12.1875, 2.5], "texture": "#1"},
				"up": {"uv": [5.3125, 13.4375, 5.25, 13.25], "texture": "#1"},
				"down": {"uv": [5.4375, 13.25, 5.375, 13.4375], "texture": "#1"}
			}
		},
		{
			"from": [6.501, 8.425, 5.61675],
			"to": [9.499, 8.925, 6.94175],
			"rotation": {"angle": 22.5, "axis": "x", "origin": [0, 4.975, 1.86675]},
			"faces": {
				"north": {"uv": [12, 2.125, 12.375, 2.1875], "texture": "#1"},
				"east": {"uv": [1.75, 13.625, 1.90625, 13.6875], "texture": "#1"},
				"south": {"uv": [12, 2.25, 12.375, 2.3125], "texture": "#1"},
				"west": {"uv": [13.625, 1.75, 13.78125, 1.8125], "texture": "#1"},
				"up": {"uv": [9.5, 2.53125, 9.125, 2.375], "texture": "#1"},
				"down": {"uv": [9.5, 2.625, 9.125, 2.78125], "texture": "#1"}
			}
		},
		{
			"from": [6.5, 6.225, 7.86675],
			"to": [9.5, 6.725, 8.11775],
			"rotation": {"angle": 0, "axis": "y", "origin": [0, 4.975, 1.86675]},
			"faces": {
				"north": {"uv": [12, 1.625, 12.375, 1.6875], "texture": "#1"},
				"east": {"uv": [7.625, 14.75, 7.65625, 14.8125], "texture": "#1"},
				"south": {"uv": [1.75, 12, 2.125, 12.0625], "texture": "#1"},
				"west": {"uv": [14.75, 7.625, 14.78125, 7.6875], "texture": "#1"},
				"up": {"uv": [13.625, 5.03125, 13.25, 5], "texture": "#1"},
				"down": {"uv": [13.625, 5.125, 13.25, 5.15625], "texture": "#1"}
			}
		},
		{
			"from": [6.5, 6.725, 6.61675],
			"to": [9.5, 9.475, 8.11675],
			"rotation": {"angle": 0, "axis": "y", "origin": [0, 4.975, 1.86675]},
			"faces": {
				"north": {"uv": [2.25, 5.875, 2.625, 6.21875], "texture": "#1"},
				"east": {"uv": [8.5, 8.25, 8.6875, 8.59375], "texture": "#1"},
				"south": {"uv": [2.625, 5.875, 3, 6.21875], "texture": "#1"},
				"west": {"uv": [8.625, 0.25, 8.8125, 0.59375], "texture": "#1"},
				"up": {"uv": [8.625, 2.0625, 8.25, 1.875], "texture": "#1"},
				"down": {"uv": [3, 8.25, 2.625, 8.4375], "texture": "#1"}
			}
		}
	],
	"display": {
		"head": {
			"rotation": [0, 180, 0]
		}
	}
}