{
	"credit": "Made with Blockbench",
	"textures": {
		"1": "animated_java:item/dino_aj/texture"
	},
	"elements": [
		{
			"from": [7.5, 5.4, 6.80214],
			"to": [8.5, 5.9, 8.30214],
			"rotation": {"angle": 0, "axis": "y", "origin": [0, 5.4, 5.55214]},
			"faces": {
				"north": {"uv": [1.5, 14, 1.625, 14.0625], "texture": "#1"},
				"east": {"uv": [13.375, 7.125, 13.5625, 7.1875], "texture": "#1"},
				"south": {"uv": [14, 1.5, 14.125, 1.5625], "texture": "#1"},
				"west": {"uv": [13.375, 7.25, 13.5625, 7.3125], "texture": "#1"},
				"up": {"uv": [11.125, 12.3125, 11, 12.125], "texture": "#1"},
				"down": {"uv": [11.25, 12.125, 11.125, 12.3125], "texture": "#1"}
			}
		},
		{
			"from": [7.125, 5.9, 6.80214],
			"to": [8.875, 6.4, 8.30214],
			"rotation": {"angle": 0, "axis": "y", "origin": [0, 5.4, 5.55214]},
			"faces": {
				"north": {"uv": [13.125, 2.625, 13.34375, 2.6875], "texture": "#1"},
				"east": {"uv": [13.375, 7, 13.5625, 7.0625], "texture": "#1"},
				"south": {"uv": [13.125, 3.25, 13.34375, 3.3125], "texture": "#1"},
				"west": {"uv": [7.125, 13.375, 7.3125, 13.4375], "texture": "#1"},
				"up": {"uv": [4.21875, 10.9375, 4, 10.75], "texture": "#1"},
				"down": {"uv": [4.46875, 10.75, 4.25, 10.9375], "texture": "#1"}
			}
		},
		{
			"from": [6.75, 6.4, 6.80214],
			"to": [9.25, 7.15, 8.30214],
			"rotation": {"angle": 0, "axis": "y", "origin": [0, 5.15, 5.55214]},
			"faces": {
				"north": {"uv": [11.625, 11, 11.9375, 11.09375], "texture": "#1"},
				"east": {"uv": [12.625, 9.25, 12.8125, 9.34375], "texture": "#1"},
				"south": {"uv": [11.75, 0, 12.0625, 0.09375], "texture": "#1"},
				"west": {"uv": [12.625, 10, 12.8125, 10.09375], "texture": "#1"},
				"up": {"uv": [9.5625, 4.8125, 9.25, 4.625], "texture": "#1"},
				"down": {"uv": [9.5625, 7.625, 9.25, 7.8125], "texture": "#1"}
			}
		},
		{
			"from": [6.5, 7.15, 6.80214],
			"to": [9.5, 9.9, 8.30214],
			"rotation": {"angle": 0, "axis": "y", "origin": [0, 5.3, 5.55214]},
			"faces": {
				"north": {"uv": [2.25, 1.375, 2.625, 1.71875], "texture": "#1"},
				"east": {"uv": [7.875, 8.5, 8.0625, 8.84375], "texture": "#1"},
				"south": {"uv": [0.25, 5.875, 0.625, 6.21875], "texture": "#1"},
				"west": {"uv": [8.125, 8.5, 8.3125, 8.84375], "texture": "#1"},
				"up": {"uv": [1.375, 8.4375, 1, 8.25], "texture": "#1"},
				"down": {"uv": [1.75, 8.25, 1.375, 8.4375], "texture": "#1"}
			}
		},
		{
			"from": [5.31158, 5.49641, 6.80414],
			"to": [6.06158, 5.74641, 8.30014],
			"rotation": {"angle": -45, "axis": "z", "origin": [7.98658, 5.32141, 5.55114]},
			"faces": {
				"north": {"uv": [14.71875, 7.375, 14.625, 7.40625], "texture": "#1"},
				"east": {"uv": [7.3125, 14.125, 7.125, 14.15625], "texture": "#1"},
				"south": {"uv": [7.59375, 14.625, 7.5, 14.65625], "texture": "#1"},
				"west": {"uv": [14.3125, 6.875, 14.125, 6.90625], "texture": "#1"},
				"up": {"uv": [8.375, 12.6875, 8.46875, 12.5], "texture": "#1"},
				"down": {"uv": [8.5, 12.5, 8.59375, 12.6875], "texture": "#1"}
			}
		},
		{
			"from": [5.575, 6.5, 6.80314],
			"to": [5.825, 7.25, 8.30114],
			"rotation": {"angle": -22.5, "axis": "z", "origin": [8, 5.3, 5.55214]},
			"faces": {
				"north": {"uv": [14.65625, 7.25, 14.625, 7.34375], "texture": "#1"},
				"east": {"uv": [8.3125, 12.5, 8.125, 12.59375], "texture": "#1"},
				"south": {"uv": [7.40625, 14.625, 7.375, 14.71875], "texture": "#1"},
				"west": {"uv": [8.0625, 12.5, 7.875, 12.59375], "texture": "#1"},
				"up": {"uv": [6.625, 14.3125, 6.65625, 14.125], "texture": "#1"},
				"down": {"uv": [14.125, 6.625, 14.15625, 6.8125], "texture": "#1"}
			}
		},
		{
			"from": [8, 9.05, 6.80114],
			"to": [8.5, 10.3, 8.30314],
			"rotation": {"angle": 22.5, "axis": "z", "origin": [8, 5.3, 5.55214]},
			"faces": {
				"north": {"uv": [1.5625, 13.625, 1.5, 13.78125], "texture": "#1"},
				"east": {"uv": [11.8125, 3.75, 11.625, 3.90625], "texture": "#1"},
				"south": {"uv": [13.6875, 1.5, 13.625, 1.65625], "texture": "#1"},
				"west": {"uv": [3.8125, 11.625, 3.625, 11.78125], "texture": "#1"},
				"up": {"uv": [4.5, 13.4375, 4.5625, 13.25], "texture": "#1"},
				"down": {"uv": [13.25, 4.5, 13.3125, 4.6875], "texture": "#1"}
			}
		},
		{
			"from": [9.93842, 5.49641, 6.80414],
			"to": [10.68842, 5.74641, 8.30014],
			"rotation": {"angle": 45, "axis": "z", "origin": [8.01342, 5.32141, 5.55114]},
			"faces": {
				"north": {"uv": [14.625, 7.375, 14.71875, 7.40625], "texture": "#1"},
				"east": {"uv": [14.125, 6.875, 14.3125, 6.90625], "texture": "#1"},
				"south": {"uv": [7.5, 14.625, 7.59375, 14.65625], "texture": "#1"},
				"west": {"uv": [7.125, 14.125, 7.3125, 14.15625], "texture": "#1"},
				"up": {"uv": [8.46875, 12.6875, 8.375, 12.5], "texture": "#1"},
				"down": {"uv": [8.59375, 12.5, 8.5, 12.6875], "texture": "#1"}
			}
		},
		{
			"from": [10.175, 6.5, 6.80314],
			"to": [10.425, 7.25, 8.30114],
			"rotation": {"angle": 22.5, "axis": "z", "origin": [8, 5.3, 5.55214]},
			"faces": {
				"north": {"uv": [14.625, 7.25, 14.65625, 7.34375], "texture": "#1"},
				"east": {"uv": [7.875, 12.5, 8.0625, 12.59375], "texture": "#1"},
				"south": {"uv": [7.375, 14.625, 7.40625, 14.71875], "texture": "#1"},
				"west": {"uv": [8.125, 12.5, 8.3125, 12.59375], "texture": "#1"},
				"up": {"uv": [6.65625, 14.3125, 6.625, 14.125], "texture": "#1"},
				"down": {"uv": [14.15625, 6.625, 14.125, 6.8125], "texture": "#1"}
			}
		},
		{
			"from": [7.5, 9.05, 6.80114],
			"to": [8, 10.3, 8.30314],
			"rotation": {"angle": -22.5, "axis": "z", "origin": [8, 5.3, 5.55214]},
			"faces": {
				"north": {"uv": [1.5, 13.625, 1.5625, 13.78125], "texture": "#1"},
				"east": {"uv": [3.625, 11.625, 3.8125, 11.78125], "texture": "#1"},
				"south": {"uv": [13.625, 1.5, 13.6875, 1.65625], "texture": "#1"},
				"west": {"uv": [11.625, 3.75, 11.8125, 3.90625], "texture": "#1"},
				"up": {"uv": [4.5625, 13.4375, 4.5, 13.25], "texture": "#1"},
				"down": {"uv": [13.3125, 4.5, 13.25, 4.6875], "texture": "#1"}
			}
		},
		{
			"from": [6.875, 9.9, 7.30214],
			"to": [9.125, 10.15, 8.30214],
			"rotation": {"angle": 0, "axis": "y", "origin": [0, 5.3, 5.55214]},
			"faces": {
				"north": {"uv": [4.125, 13.75, 4.40625, 13.78125], "texture": "#1"},
				"east": {"uv": [14.25, 14.375, 14.375, 14.40625], "texture": "#1"},
				"south": {"uv": [13.75, 4.125, 14.03125, 4.15625], "texture": "#1"},
				"west": {"uv": [14.375, 14.25, 14.5, 14.28125], "texture": "#1"},
				"up": {"uv": [6.90625, 11.125, 6.625, 11], "texture": "#1"},
				"down": {"uv": [11.28125, 7.25, 11, 7.375], "texture": "#1"}
			}
		},
		{
			"from": [7.75, 10.15, 1.95214],
			"to": [8.25, 10.4, 2.70214],
			"rotation": {"angle": 45, "axis": "x", "origin": [0, 5.3, 5.05214]},
			"faces": {
				"north": {"uv": [7.5, 14.75, 7.5625, 14.78125], "texture": "#1"},
				"east": {"uv": [14.625, 7.125, 14.71875, 7.15625], "texture": "#1"},
				"south": {"uv": [14.75, 7.5, 14.8125, 7.53125], "texture": "#1"},
				"west": {"uv": [7.25, 14.625, 7.34375, 14.65625], "texture": "#1"},
				"up": {"uv": [6.5625, 14.21875, 6.5, 14.125], "texture": "#1"},
				"down": {"uv": [14.1875, 6.5, 14.125, 6.59375], "texture": "#1"}
			}
		},
		{
			"from": [7.75, 9.9, 1.70214],
			"to": [8.25, 10.15, 3.45214],
			"rotation": {"angle": 45, "axis": "x", "origin": [0, 5.3, 5.05214]},
			"faces": {
				"north": {"uv": [7.375, 14.75, 7.4375, 14.78125], "texture": "#1"},
				"east": {"uv": [14, 7.125, 14.21875, 7.15625], "texture": "#1"},
				"south": {"uv": [14.75, 7.375, 14.8125, 7.40625], "texture": "#1"},
				"west": {"uv": [14, 7.25, 14.21875, 7.28125], "texture": "#1"},
				"up": {"uv": [11.9375, 13.21875, 11.875, 13], "texture": "#1"},
				"down": {"uv": [13.0625, 12.375, 13, 12.59375], "texture": "#1"}
			}
		},
		{
			"from": [7.748, 10.05, 6.80214],
			"to": [8.252, 10.8, 7.55214],
			"rotation": {"angle": 0, "axis": "y", "origin": [0, 5.3, 5.05214]},
			"faces": {
				"north": {"uv": [14.125, 5.875, 14.1875, 5.96875], "texture": "#1"},
				"east": {"uv": [4, 13.75, 4.09375, 13.84375], "texture": "#1"},
				"south": {"uv": [14.125, 6, 14.1875, 6.09375], "texture": "#1"},
				"west": {"uv": [13.75, 4, 13.84375, 4.09375], "texture": "#1"},
				"up": {"uv": [14.1875, 6.21875, 14.125, 6.125], "texture": "#1"},
				"down": {"uv": [14.1875, 6.25, 14.125, 6.34375], "texture": "#1"}
			}
		},
		{
			"from": [7.749, 10.95, 3.80214],
			"to": [8.251, 11.2, 5.05214],
			"rotation": {"angle": 22.5, "axis": "x", "origin": [0, 5.3, 5.05214]},
			"faces": {
				"north": {"uv": [7.25, 14.75, 7.3125, 14.78125], "texture": "#1"},
				"east": {"uv": [14, 14.25, 14.15625, 14.28125], "texture": "#1"},
				"south": {"uv": [14.75, 7.25, 14.8125, 7.28125], "texture": "#1"},
				"west": {"uv": [14.25, 14, 14.40625, 14.03125], "texture": "#1"},
				"up": {"uv": [13.6875, 0.90625, 13.625, 0.75], "texture": "#1"},
				"down": {"uv": [1.4375, 13.625, 1.375, 13.78125], "texture": "#1"}
			}
		},
		{
			"from": [7.75, 10.85, 5.25214],
			"to": [8.25, 11.35, 6.22714],
			"rotation": {"angle": 22.5, "axis": "x", "origin": [0, 5.3, 5.05214]},
			"faces": {
				"north": {"uv": [14.125, 14.375, 14.1875, 14.4375], "texture": "#1"},
				"east": {"uv": [8.5, 13.875, 8.625, 13.9375], "texture": "#1"},
				"south": {"uv": [14.375, 14.125, 14.4375, 14.1875], "texture": "#1"},
				"west": {"uv": [13.875, 8.5, 14, 8.5625], "texture": "#1"},
				"up": {"uv": [8.6875, 14, 8.625, 13.875], "texture": "#1"},
				"down": {"uv": [13.9375, 8.625, 13.875, 8.75], "texture": "#1"}
			}
		},
		{
			"from": [7.25, 9.65, 6.55214],
			"to": [8.75, 10.15, 7.30214],
			"rotation": {"angle": 0, "axis": "y", "origin": [0, 5.3, 5.55214]},
			"faces": {
				"north": {"uv": [13.25, 4.125, 13.4375, 4.1875], "texture": "#1"},
				"east": {"uv": [14.125, 5.75, 14.21875, 5.8125], "texture": "#1"},
				"south": {"uv": [13.25, 4.25, 13.4375, 4.3125], "texture": "#1"},
				"west": {"uv": [5.875, 14.125, 5.96875, 14.1875], "texture": "#1"},
				"up": {"uv": [7.8125, 12.59375, 7.625, 12.5], "texture": "#1"},
				"down": {"uv": [12.6875, 7.75, 12.5, 7.84375], "texture": "#1"}
			}
		},
		{
			"from": [7, 10.15, 7.30214],
			"to": [9, 10.4, 8.30214],
			"rotation": {"angle": 0, "axis": "y", "origin": [0, 5.3, 5.55214]},
			"faces": {
				"north": {"uv": [13.875, 8.25, 14.125, 8.28125], "texture": "#1"},
				"east": {"uv": [13.875, 14.375, 14, 14.40625], "texture": "#1"},
				"south": {"uv": [13.875, 8.375, 14.125, 8.40625], "texture": "#1"},
				"west": {"uv": [14, 14.375, 14.125, 14.40625], "texture": "#1"},
				"up": {"uv": [7.375, 1, 7.125, 0.875], "texture": "#1"},
				"down": {"uv": [2.875, 7.125, 2.625, 7.25], "texture": "#1"}
			}
		}
	],
	"display": {
		"head": {
			"rotation": [0, 180, 0]
		}
	}
}