{
	"credit": "Made with Blockbench",
	"textures": {
		"6": "animated_java:item/dino_aj/texture_anger"
	},
	"elements": [
		{
			"from": [7.74109, 6.37233, 10.079],
			"to": [8.25891, 6.7607, 11.11465],
			"rotation": {"angle": 0, "axis": "y", "origin": [3.85741, 5.72505, -10.11614]},
			"faces": {
				"north": {"uv": [13.25, 0.875, 13.375, 0.96875], "texture": "#6"},
				"east": {"uv": [11.75, 9.25, 12, 9.34375], "texture": "#6"},
				"south": {"uv": [13.25, 1.125, 13.375, 1.21875], "texture": "#6"},
				"west": {"uv": [9.5, 11.75, 9.75, 11.84375], "texture": "#6"},
				"up": {"uv": [10.75, 11, 10.625, 10.75], "texture": "#6"},
				"down": {"uv": [10.875, 10.75, 10.75, 11], "texture": "#6"}
			}
		},
		{
			"from": [7.67636, 6.89015, 9.04335],
			"to": [8.32364, 7.66689, 10.98519],
			"rotation": {"angle": 0, "axis": "y", "origin": [3.85741, 5.98396, -10.11614]},
			"faces": {
				"north": {"uv": [3.75, 11, 3.90625, 11.1875], "texture": "#6"},
				"east": {"uv": [2.875, 5.5, 3.34375, 5.6875], "texture": "#6"},
				"south": {"uv": [11, 4.5, 11.15625, 4.6875], "texture": "#6"},
				"west": {"uv": [4.25, 5.5, 4.71875, 5.6875], "texture": "#6"},
				"up": {"uv": [1.15625, 7.09375, 1, 6.625], "texture": "#6"},
				"down": {"uv": [1.40625, 6.625, 1.25, 7.09375], "texture": "#6"}
			}
		},
		{
			"from": [7.48218, 7.66689, 9.04335],
			"to": [8.51782, 8.31417, 11.11465],
			"rotation": {"angle": 0, "axis": "y", "origin": [3.85741, 5.98396, -10.11614]},
			"faces": {
				"north": {"uv": [9.375, 9.875, 9.625, 10.03125], "texture": "#6"},
				"east": {"uv": [0.5, 6.125, 1, 6.28125], "texture": "#6"},
				"south": {"uv": [9.875, 9.5, 10.125, 9.65625], "texture": "#6"},
				"west": {"uv": [2.25, 6.125, 2.75, 6.28125], "texture": "#6"},
				"up": {"uv": [0.75, 3.75, 0.5, 3.25], "texture": "#6"},
				"down": {"uv": [1, 3.25, 0.75, 3.75], "texture": "#6"}
			}
		},
		{
			"from": [7.15854, 7.53743, 8.0077],
			"to": [8.84146, 8.05526, 9.04335],
			"rotation": {"angle": 0, "axis": "y", "origin": [3.85741, 5.98396, -10.11614]},
			"faces": {
				"north": {"uv": [8.625, 5.25, 9.03125, 5.375], "texture": "#6"},
				"east": {"uv": [9.5, 10.75, 9.75, 10.875], "texture": "#6"},
				"south": {"uv": [8.625, 5.375, 9.03125, 5.5], "texture": "#6"},
				"west": {"uv": [9.75, 10.75, 10, 10.875], "texture": "#6"},
				"up": {"uv": [4.65625, 5.125, 4.25, 4.875], "texture": "#6"},
				"down": {"uv": [5.28125, 4.25, 4.875, 4.5], "texture": "#6"}
			}
		},
		{
			"from": [7.28799, 6.89015, 8.0077],
			"to": [8.71201, 7.14906, 9.04335],
			"rotation": {"angle": 0, "axis": "y", "origin": [3.85741, 5.98396, -10.11614]},
			"faces": {
				"north": {"uv": [12, 2.625, 12.34375, 2.6875], "texture": "#6"},
				"east": {"uv": [0.375, 12.875, 0.625, 12.9375], "texture": "#6"},
				"south": {"uv": [12, 2.75, 12.34375, 2.8125], "texture": "#6"},
				"west": {"uv": [12.875, 0.5, 13.125, 0.5625], "texture": "#6"},
				"up": {"uv": [5.96875, 5.875, 5.625, 5.625], "texture": "#6"},
				"down": {"uv": [3.09375, 5.75, 2.75, 6], "texture": "#6"}
			}
		},
		{
			"from": [7.48218, 6.50178, 8.0077],
			"to": [8.51782, 6.89015, 9.04335],
			"rotation": {"angle": 0, "axis": "y", "origin": [3.85741, 5.98396, -10.11614]},
			"faces": {
				"north": {"uv": [11.75, 8.75, 12, 8.84375], "texture": "#6"},
				"east": {"uv": [11.75, 8.875, 12, 8.96875], "texture": "#6"},
				"south": {"uv": [11.75, 9, 12, 9.09375], "texture": "#6"},
				"west": {"uv": [9.25, 11.75, 9.5, 11.84375], "texture": "#6"},
				"up": {"uv": [3, 8.375, 2.75, 8.125], "texture": "#6"},
				"down": {"uv": [8.375, 2.875, 8.125, 3.125], "texture": "#6"}
			}
		},
		{
			"from": [7.15854, 7.14906, 8.0077],
			"to": [8.84146, 7.53743, 9.04335],
			"rotation": {"angle": 0, "axis": "y", "origin": [3.85741, 5.98396, -10.11614]},
			"faces": {
				"north": {"uv": [10.125, 4, 10.53125, 4.09375], "texture": "#6"},
				"east": {"uv": [8.375, 11.75, 8.625, 11.84375], "texture": "#6"},
				"south": {"uv": [10.125, 4.25, 10.53125, 4.34375], "texture": "#6"},
				"west": {"uv": [8.625, 11.75, 8.875, 11.84375], "texture": "#6"},
				"up": {"uv": [5.28125, 4, 4.875, 3.75], "texture": "#6"},
				"down": {"uv": [5.28125, 4, 4.875, 4.25], "texture": "#6"}
			}
		},
		{
			"from": [6.49279, 4.88467, 9.8206],
			"to": [6.62225, 5.07885, 11.11516],
			"rotation": {"angle": -45, "axis": "z", "origin": [12.15002, 5.9721, -10.11562]},
			"faces": {
				"north": {"uv": [10.15625, 14.25, 10.125, 14.28125], "texture": "#6"},
				"east": {"uv": [13.8125, 6.125, 13.5, 6.15625], "texture": "#6"},
				"south": {"uv": [14.28125, 10.125, 14.25, 10.15625], "texture": "#6"},
				"west": {"uv": [13.8125, 5.5, 13.5, 5.53125], "texture": "#6"},
				"up": {"uv": [6.25, 13.8125, 6.28125, 13.5], "texture": "#6"},
				"down": {"uv": [6.375, 13.5, 6.40625, 13.8125], "texture": "#6"}
			}
		},
		{
			"from": [6.51126, 6.22993, 9.82009],
			"to": [6.64071, 7.13612, 11.11516],
			"rotation": {"angle": -22.5, "axis": "z", "origin": [12.14259, 5.98396, -10.11614]},
			"faces": {
				"north": {"uv": [13.90625, 11.375, 13.875, 11.59375], "texture": "#6"},
				"east": {"uv": [6.5625, 7, 6.25, 7.21875], "texture": "#6"},
				"south": {"uv": [11.53125, 13.875, 11.5, 14.09375], "texture": "#6"},
				"west": {"uv": [7.3125, 5.375, 7, 5.59375], "texture": "#6"},
				"up": {"uv": [3.625, 13.8125, 3.65625, 13.5], "texture": "#6"},
				"down": {"uv": [4, 13.5, 4.03125, 13.8125], "texture": "#6"}
			}
		},
		{
			"from": [6.47242, 6.3076, 9.04335],
			"to": [6.60188, 7.21379, 9.82009],
			"rotation": {"angle": -22.5, "axis": "z", "origin": [12.14259, 5.98396, -10.11614]},
			"faces": {
				"north": {"uv": [11.65625, 13.875, 11.625, 14.09375], "texture": "#6"},
				"east": {"uv": [0.1875, 9.75, 0, 9.96875], "texture": "#6"},
				"south": {"uv": [13.90625, 11.625, 13.875, 11.84375], "texture": "#6"},
				"west": {"uv": [9.8125, 9.5, 9.625, 9.71875], "texture": "#6"},
				"up": {"uv": [14, 4.5625, 14.03125, 4.375], "texture": "#6"},
				"down": {"uv": [4.5, 14, 4.53125, 14.1875], "texture": "#6"}
			}
		},
		{
			"from": [6.44653, 6.35938, 8.00822],
			"to": [6.70544, 7.26558, 9.04387],
			"rotation": {"angle": -22.5, "axis": "z", "origin": [12.14259, 5.98396, -10.11614]},
			"faces": {
				"north": {"uv": [7.5625, 13, 7.5, 13.21875], "texture": "#6"},
				"east": {"uv": [5.375, 8.375, 5.125, 8.59375], "texture": "#6"},
				"south": {"uv": [13.0625, 7.5, 13, 7.71875], "texture": "#6"},
				"west": {"uv": [8.625, 5, 8.375, 5.21875], "texture": "#6"},
				"up": {"uv": [0.25, 13.125, 0.3125, 12.875], "texture": "#6"},
				"down": {"uv": [12.875, 0.25, 12.9375, 0.5], "texture": "#6"}
			}
		},
		{
			"from": [8.31069, 9.75113, 9.04335],
			"to": [8.51782, 10.17834, 9.82009],
			"rotation": {"angle": 22.5, "axis": "z", "origin": [12.14259, 5.98396, -10.11614]},
			"faces": {
				"north": {"uv": [4.6875, 14, 4.625, 14.09375], "texture": "#6"},
				"east": {"uv": [12.8125, 8.625, 12.625, 8.71875], "texture": "#6"},
				"south": {"uv": [14.0625, 4.625, 14, 4.71875], "texture": "#6"},
				"west": {"uv": [12.8125, 8.5, 12.625, 8.59375], "texture": "#6"},
				"up": {"uv": [13.25, 0.8125, 13.3125, 0.625], "texture": "#6"},
				"down": {"uv": [0.875, 13.25, 0.9375, 13.4375], "texture": "#6"}
			}
		},
		{
			"from": [6.67955, 4.04212, 9.04335],
			"to": [7.06792, 4.43049, 9.8206],
			"rotation": {"angle": -45, "axis": "z", "origin": [12.14259, 5.98396, -10.11614]},
			"faces": {
				"north": {"uv": [1.09375, 13.75, 1, 13.84375], "texture": "#6"},
				"east": {"uv": [12.8125, 8.375, 12.625, 8.46875], "texture": "#6"},
				"south": {"uv": [1.21875, 13.75, 1.125, 13.84375], "texture": "#6"},
				"west": {"uv": [12.8125, 8.25, 12.625, 8.34375], "texture": "#6"},
				"up": {"uv": [7.25, 12.8125, 7.34375, 12.625], "texture": "#6"},
				"down": {"uv": [8.5, 12.625, 8.59375, 12.8125], "texture": "#6"}
			}
		},
		{
			"from": [8.19418, 9.66051, 8.0077],
			"to": [8.58255, 10.43725, 9.04335],
			"rotation": {"angle": 22.5, "axis": "z", "origin": [12.14259, 5.98396, -10.11614]},
			"faces": {
				"north": {"uv": [9.21875, 12.625, 9.125, 12.8125], "texture": "#6"},
				"east": {"uv": [7.625, 9, 7.375, 9.1875], "texture": "#6"},
				"south": {"uv": [9.34375, 12.625, 9.25, 12.8125], "texture": "#6"},
				"west": {"uv": [7.375, 9, 7.125, 9.1875], "texture": "#6"},
				"up": {"uv": [8, 12, 8.09375, 11.75], "texture": "#6"},
				"down": {"uv": [11.75, 8, 11.84375, 8.25], "texture": "#6"}
			}
		},
		{
			"from": [7.06792, 3.5243, 8.00822],
			"to": [7.84465, 4.04212, 9.04283],
			"rotation": {"angle": -45, "axis": "z", "origin": [12.14259, 5.98396, -10.11614]},
			"faces": {
				"north": {"uv": [11.9375, 7.75, 11.75, 7.875], "texture": "#6"},
				"east": {"uv": [11, 9.375, 10.75, 9.5], "texture": "#6"},
				"south": {"uv": [11.9375, 7.875, 11.75, 8], "texture": "#6"},
				"west": {"uv": [9.5, 10.75, 9.25, 10.875], "texture": "#6"},
				"up": {"uv": [9, 6.875, 9.1875, 6.625], "texture": "#6"},
				"down": {"uv": [9, 6.875, 9.1875, 7.125], "texture": "#6"}
			}
		},
		{
			"from": [7.41745, 9.66051, 8.0077],
			"to": [7.80582, 10.43725, 9.04335],
			"rotation": {"angle": -22.5, "axis": "z", "origin": [3.85741, 5.98396, -10.11614]},
			"faces": {
				"north": {"uv": [9.125, 12.625, 9.21875, 12.8125], "texture": "#6"},
				"east": {"uv": [7.125, 9, 7.375, 9.1875], "texture": "#6"},
				"south": {"uv": [9.25, 12.625, 9.34375, 12.8125], "texture": "#6"},
				"west": {"uv": [7.375, 9, 7.625, 9.1875], "texture": "#6"},
				"up": {"uv": [8.09375, 12, 8, 11.75], "texture": "#6"},
				"down": {"uv": [11.84375, 8, 11.75, 8.25], "texture": "#6"}
			}
		},
		{
			"from": [7.48218, 9.75113, 9.04335],
			"to": [7.68931, 10.17834, 9.82009],
			"rotation": {"angle": -22.5, "axis": "z", "origin": [3.85741, 5.98396, -10.11614]},
			"faces": {
				"north": {"uv": [4.625, 14, 4.6875, 14.09375], "texture": "#6"},
				"east": {"uv": [12.625, 8.5, 12.8125, 8.59375], "texture": "#6"},
				"south": {"uv": [14, 4.625, 14.0625, 4.71875], "texture": "#6"},
				"west": {"uv": [12.625, 8.625, 12.8125, 8.71875], "texture": "#6"},
				"up": {"uv": [13.3125, 0.8125, 13.25, 0.625], "texture": "#6"},
				"down": {"uv": [0.9375, 13.25, 0.875, 13.4375], "texture": "#6"}
			}
		},
		{
			"from": [8.15535, 3.5243, 8.00822],
			"to": [8.93208, 4.04212, 9.04283],
			"rotation": {"angle": 45, "axis": "z", "origin": [3.85741, 5.98396, -10.11614]},
			"faces": {
				"north": {"uv": [11.75, 7.75, 11.9375, 7.875], "texture": "#6"},
				"east": {"uv": [9.25, 10.75, 9.5, 10.875], "texture": "#6"},
				"south": {"uv": [11.75, 7.875, 11.9375, 8], "texture": "#6"},
				"west": {"uv": [10.75, 9.375, 11, 9.5], "texture": "#6"},
				"up": {"uv": [9.1875, 6.875, 9, 6.625], "texture": "#6"},
				"down": {"uv": [9.1875, 6.875, 9, 7.125], "texture": "#6"}
			}
		},
		{
			"from": [8.93208, 4.04212, 9.04335],
			"to": [9.32045, 4.43049, 9.8206],
			"rotation": {"angle": 45, "axis": "z", "origin": [3.85741, 5.98396, -10.11614]},
			"faces": {
				"north": {"uv": [1, 13.75, 1.09375, 13.84375], "texture": "#6"},
				"east": {"uv": [12.625, 8.25, 12.8125, 8.34375], "texture": "#6"},
				"south": {"uv": [1.125, 13.75, 1.21875, 13.84375], "texture": "#6"},
				"west": {"uv": [12.625, 8.375, 12.8125, 8.46875], "texture": "#6"},
				"up": {"uv": [7.34375, 12.8125, 7.25, 12.625], "texture": "#6"},
				"down": {"uv": [8.59375, 12.625, 8.5, 12.8125], "texture": "#6"}
			}
		},
		{
			"from": [9.29456, 6.35938, 8.00822],
			"to": [9.55347, 7.26558, 9.04387],
			"rotation": {"angle": 22.5, "axis": "z", "origin": [3.85741, 5.98396, -10.11614]},
			"faces": {
				"north": {"uv": [7.5, 13, 7.5625, 13.21875], "texture": "#6"},
				"east": {"uv": [8.375, 5, 8.625, 5.21875], "texture": "#6"},
				"south": {"uv": [13, 7.5, 13.0625, 7.71875], "texture": "#6"},
				"west": {"uv": [5.125, 8.375, 5.375, 8.59375], "texture": "#6"},
				"up": {"uv": [0.3125, 13.125, 0.25, 12.875], "texture": "#6"},
				"down": {"uv": [12.9375, 0.25, 12.875, 0.5], "texture": "#6"}
			}
		},
		{
			"from": [9.39812, 6.3076, 9.04335],
			"to": [9.52758, 7.21379, 9.82009],
			"rotation": {"angle": 22.5, "axis": "z", "origin": [3.85741, 5.98396, -10.11614]},
			"faces": {
				"north": {"uv": [11.625, 13.875, 11.65625, 14.09375], "texture": "#6"},
				"east": {"uv": [9.625, 9.5, 9.8125, 9.71875], "texture": "#6"},
				"south": {"uv": [13.875, 11.625, 13.90625, 11.84375], "texture": "#6"},
				"west": {"uv": [0, 9.75, 0.1875, 9.96875], "texture": "#6"},
				"up": {"uv": [14.03125, 4.5625, 14, 4.375], "texture": "#6"},
				"down": {"uv": [4.53125, 14, 4.5, 14.1875], "texture": "#6"}
			}
		},
		{
			"from": [9.37775, 4.88467, 9.8206],
			"to": [9.50721, 5.07885, 11.11516],
			"rotation": {"angle": 45, "axis": "z", "origin": [3.84998, 5.9721, -10.11562]},
			"faces": {
				"north": {"uv": [10.125, 14.25, 10.15625, 14.28125], "texture": "#6"},
				"east": {"uv": [13.5, 5.5, 13.8125, 5.53125], "texture": "#6"},
				"south": {"uv": [14.25, 10.125, 14.28125, 10.15625], "texture": "#6"},
				"west": {"uv": [13.5, 6.125, 13.8125, 6.15625], "texture": "#6"},
				"up": {"uv": [6.28125, 13.8125, 6.25, 13.5], "texture": "#6"},
				"down": {"uv": [6.40625, 13.5, 6.375, 13.8125], "texture": "#6"}
			}
		},
		{
			"from": [9.10038, 6.48884, 9.82009],
			"to": [9.35929, 7.13612, 11.11465],
			"rotation": {"angle": 22.5, "axis": "z", "origin": [3.85741, 5.98396, -10.11614]},
			"faces": {
				"north": {"uv": [5.5, 13.5, 5.5625, 13.65625], "texture": "#6"},
				"east": {"uv": [2.625, 8.75, 2.9375, 8.90625], "texture": "#6"},
				"south": {"uv": [13.5, 5.875, 13.5625, 6.03125], "texture": "#6"},
				"west": {"uv": [3, 8.75, 3.3125, 8.90625], "texture": "#6"},
				"up": {"uv": [11.5625, 12.6875, 11.5, 12.375], "texture": "#6"},
				"down": {"uv": [11.6875, 12.375, 11.625, 12.6875], "texture": "#6"}
			}
		},
		{
			"from": [6.64071, 6.48884, 9.82009],
			"to": [6.89962, 7.13612, 11.11465],
			"rotation": {"angle": -22.5, "axis": "z", "origin": [12.14259, 5.98396, -10.11614]},
			"faces": {
				"north": {"uv": [5.5625, 13.5, 5.5, 13.65625], "texture": "#6"},
				"east": {"uv": [3.3125, 8.75, 3, 8.90625], "texture": "#6"},
				"south": {"uv": [13.5625, 5.875, 13.5, 6.03125], "texture": "#6"},
				"west": {"uv": [2.9375, 8.75, 2.625, 8.90625], "texture": "#6"},
				"up": {"uv": [11.5, 12.6875, 11.5625, 12.375], "texture": "#6"},
				"down": {"uv": [11.625, 12.375, 11.6875, 12.6875], "texture": "#6"}
			}
		},
		{
			"from": [9.35929, 6.22993, 9.82009],
			"to": [9.48874, 7.13612, 11.11516],
			"rotation": {"angle": 22.5, "axis": "z", "origin": [3.85741, 5.98396, -10.11614]},
			"faces": {
				"north": {"uv": [13.875, 11.375, 13.90625, 11.59375], "texture": "#6"},
				"east": {"uv": [7, 5.375, 7.3125, 5.59375], "texture": "#6"},
				"south": {"uv": [11.5, 13.875, 11.53125, 14.09375], "texture": "#6"},
				"west": {"uv": [6.25, 7, 6.5625, 7.21875], "texture": "#6"},
				"up": {"uv": [3.65625, 13.8125, 3.625, 13.5], "texture": "#6"},
				"down": {"uv": [4.03125, 13.5, 4, 13.8125], "texture": "#6"}
			}
		},
		{
			"from": [7.15802, 8.31417, 8.0077],
			"to": [8.83991, 8.57308, 11.11465],
			"rotation": {"angle": 0, "axis": "y", "origin": [3.85741, 5.98396, -10.11614]},
			"faces": {
				"north": {"uv": [11.375, 7.375, 11.78125, 7.4375], "texture": "#6"},
				"east": {"uv": [9, 6.25, 9.75, 6.3125], "texture": "#6"},
				"south": {"uv": [7.5, 11.375, 7.90625, 11.4375], "texture": "#6"},
				"west": {"uv": [9, 6.5, 9.75, 6.5625], "texture": "#6"},
				"up": {"uv": [2.28125, 0.75, 1.875, 0], "texture": "#6"},
				"down": {"uv": [2.28125, 0.75, 1.875, 1.5], "texture": "#6"}
			}
		},
		{
			"from": [7.61215, 13.60892, 6.46718],
			"to": [8.38785, 13.99729, 7.76174],
			"rotation": {"angle": 22.5, "axis": "x", "origin": [3.85741, 5.98396, -10.11614]},
			"faces": {
				"north": {"uv": [12.625, 8, 12.8125, 8.09375], "texture": "#6"},
				"east": {"uv": [11, 4.375, 11.3125, 4.46875], "texture": "#6"},
				"south": {"uv": [8.25, 12.625, 8.4375, 12.71875], "texture": "#6"},
				"west": {"uv": [4.5, 11, 4.8125, 11.09375], "texture": "#6"},
				"up": {"uv": [8.4375, 3.9375, 8.25, 3.625], "texture": "#6"},
				"down": {"uv": [8.4375, 4, 8.25, 4.3125], "texture": "#6"}
			}
		},
		{
			"from": [7.15854, 0.15844, 8.13716],
			"to": [8.84146, 0.41735, 10.079],
			"rotation": {"angle": -22.5, "axis": "x", "origin": [3.85741, 5.98396, -10.11614]},
			"faces": {
				"north": {"uv": [7, 11.375, 7.40625, 11.4375], "texture": "#6"},
				"east": {"uv": [11, 4.125, 11.46875, 4.1875], "texture": "#6"},
				"south": {"uv": [11.375, 7, 11.78125, 7.0625], "texture": "#6"},
				"west": {"uv": [11, 4.25, 11.46875, 4.3125], "texture": "#6"},
				"up": {"uv": [1.40625, 2.71875, 1, 2.25], "texture": "#6"},
				"down": {"uv": [1.90625, 2.25, 1.5, 2.71875], "texture": "#6"}
			}
		},
		{
			"from": [7.15854, 0.41735, 8.26661],
			"to": [8.84146, 0.77983, 9.43172],
			"rotation": {"angle": -22.5, "axis": "x", "origin": [3.85741, 5.98396, -10.11614]},
			"faces": {
				"north": {"uv": [3.875, 10.125, 4.28125, 10.21875], "texture": "#6"},
				"east": {"uv": [11.25, 5, 11.53125, 5.09375], "texture": "#6"},
				"south": {"uv": [10.125, 3.875, 10.53125, 3.96875], "texture": "#6"},
				"west": {"uv": [11.25, 5.125, 11.53125, 5.21875], "texture": "#6"},
				"up": {"uv": [0.78125, 4.28125, 0.375, 4], "texture": "#6"},
				"down": {"uv": [4.40625, 0.5, 4, 0.78125], "texture": "#6"}
			}
		},
		{
			"from": [7.15854, 7.79634, 8.0077],
			"to": [8.84146, 8.31417, 9.04335],
			"rotation": {"angle": 0, "axis": "y", "origin": [3.85741, 5.98396, -10.11614]},
			"faces": {
				"north": {"uv": [8.625, 5, 9.03125, 5.125], "texture": "#6"},
				"east": {"uv": [8.75, 10.75, 9, 10.875], "texture": "#6"},
				"south": {"uv": [8.625, 5.125, 9.03125, 5.25], "texture": "#6"},
				"west": {"uv": [9, 10.75, 9.25, 10.875], "texture": "#6"},
				"up": {"uv": [5.28125, 3.5, 4.875, 3.25], "texture": "#6"},
				"down": {"uv": [5.28125, 3.5, 4.875, 3.75], "texture": "#6"}
			}
		},
		{
			"from": [7.61163, 19.87239, 2.1963],
			"to": [8.38837, 20.26076, 3.49086],
			"rotation": {"angle": 45, "axis": "x", "origin": [3.85689, 5.99471, -10.11496]},
			"faces": {
				"north": {"uv": [7.625, 12.625, 7.8125, 12.71875], "texture": "#6"},
				"east": {"uv": [11, 4, 11.3125, 4.09375], "texture": "#6"},
				"south": {"uv": [12.625, 7.875, 12.8125, 7.96875], "texture": "#6"},
				"west": {"uv": [4.125, 11, 4.4375, 11.09375], "texture": "#6"},
				"up": {"uv": [1.1875, 8.5625, 1, 8.25], "texture": "#6"},
				"down": {"uv": [3.4375, 8.25, 3.25, 8.5625], "texture": "#6"}
			}
		},
		{
			"from": [7.74109, 22.29542, 1.31482],
			"to": [8.25891, 22.55433, 1.9621],
			"rotation": {"angle": 45, "axis": "x", "origin": [3.85741, 5.98396, -10.11614]},
			"faces": {
				"north": {"uv": [13, 13.75, 13.125, 13.8125], "texture": "#6"},
				"east": {"uv": [13.5, 5.125, 13.65625, 5.1875], "texture": "#6"},
				"south": {"uv": [13.75, 13, 13.875, 13.0625], "texture": "#6"},
				"west": {"uv": [13.5, 5.375, 13.65625, 5.4375], "texture": "#6"},
				"up": {"uv": [11.5, 12.53125, 11.375, 12.375], "texture": "#6"},
				"down": {"uv": [12.5, 11.375, 12.375, 11.53125], "texture": "#6"}
			}
		},
		{
			"from": [7.74109, 0.93518, 9.56117],
			"to": [8.25891, 1.453, 10.72628],
			"rotation": {"angle": -22.5, "axis": "x", "origin": [3.85741, 5.98396, -10.11614]},
			"faces": {
				"north": {"uv": [6.625, 11, 6.75, 11.125], "texture": "#6"},
				"east": {"uv": [10.125, 9.75, 10.40625, 9.875], "texture": "#6"},
				"south": {"uv": [1.375, 11.125, 1.5, 11.25], "texture": "#6"},
				"west": {"uv": [10.125, 9.875, 10.40625, 10], "texture": "#6"},
				"up": {"uv": [1.75, 10.53125, 1.625, 10.25], "texture": "#6"},
				"down": {"uv": [1.875, 10.25, 1.75, 10.53125], "texture": "#6"}
			}
		},
		{
			"from": [7.74161, 9.34982, 10.079],
			"to": [8.25839, 9.73818, 10.59682],
			"rotation": {"angle": 0, "axis": "y", "origin": [3.85741, 5.98396, -10.11614]},
			"faces": {
				"north": {"uv": [0.25, 13.25, 0.375, 13.34375], "texture": "#6"},
				"east": {"uv": [13.25, 0.25, 13.375, 0.34375], "texture": "#6"},
				"south": {"uv": [0.375, 13.25, 0.5, 13.34375], "texture": "#6"},
				"west": {"uv": [13.25, 0.375, 13.375, 0.46875], "texture": "#6"},
				"up": {"uv": [6.625, 11, 6.5, 10.875], "texture": "#6"},
				"down": {"uv": [1.875, 11, 1.75, 11.125], "texture": "#6"}
			}
		},
		{
			"from": [7.74057, 17.25958, 6.66136],
			"to": [8.25943, 17.51849, 7.82646],
			"rotation": {"angle": 22.5, "axis": "x", "origin": [3.85741, 5.98396, -10.11614]},
			"faces": {
				"north": {"uv": [13.75, 12.75, 13.875, 12.8125], "texture": "#6"},
				"east": {"uv": [12.625, 7.5, 12.90625, 7.5625], "texture": "#6"},
				"south": {"uv": [12.875, 13.75, 13, 13.8125], "texture": "#6"},
				"west": {"uv": [12.625, 7.75, 12.90625, 7.8125], "texture": "#6"},
				"up": {"uv": [0.875, 10.53125, 0.75, 10.25], "texture": "#6"},
				"down": {"uv": [1, 10.25, 0.875, 10.53125], "texture": "#6"}
			}
		},
		{
			"from": [7.41745, -0.74775, 9.04335],
			"to": [8.58255, -0.48884, 10.20845],
			"rotation": {"angle": -22.5, "axis": "x", "origin": [3.85741, 5.8545, -10.11614]},
			"faces": {
				"north": {"uv": [6.875, 12.625, 7.15625, 12.6875], "texture": "#6"},
				"east": {"uv": [12.625, 7, 12.90625, 7.0625], "texture": "#6"},
				"south": {"uv": [12.625, 7.125, 12.90625, 7.1875], "texture": "#6"},
				"west": {"uv": [12.625, 7.25, 12.90625, 7.3125], "texture": "#6"},
				"up": {"uv": [6.28125, 0.28125, 6, 0], "texture": "#6"},
				"down": {"uv": [6.28125, 0.375, 6, 0.65625], "texture": "#6"}
			}
		},
		{
			"from": [7.48166, -0.87721, 9.04335],
			"to": [8.51834, -0.74775, 10.20845],
			"rotation": {"angle": -22.5, "axis": "x", "origin": [3.85741, 5.8545, -10.11614]},
			"faces": {
				"north": {"uv": [12.625, 13.75, 12.875, 13.78125], "texture": "#6"},
				"east": {"uv": [13.75, 1.125, 14.03125, 1.15625], "texture": "#6"},
				"south": {"uv": [13.75, 12.625, 14, 12.65625], "texture": "#6"},
				"west": {"uv": [13.75, 1.25, 14.03125, 1.28125], "texture": "#6"},
				"up": {"uv": [7, 5.15625, 6.75, 4.875], "texture": "#6"},
				"down": {"uv": [7, 5.25, 6.75, 5.53125], "texture": "#6"}
			}
		},
		{
			"from": [7.48218, 7.01961, 10.20845],
			"to": [8.51782, 7.40798, 11.11465],
			"rotation": {"angle": 0, "axis": "y", "origin": [3.85741, 5.8545, -10.11614]},
			"faces": {
				"north": {"uv": [11.75, 7.5, 12, 7.59375], "texture": "#6"},
				"east": {"uv": [12.25, 7.375, 12.46875, 7.46875], "texture": "#6"},
				"south": {"uv": [7.75, 11.75, 8, 11.84375], "texture": "#6"},
				"west": {"uv": [12.25, 7.625, 12.46875, 7.71875], "texture": "#6"},
				"up": {"uv": [4.5, 8.59375, 4.25, 8.375], "texture": "#6"},
				"down": {"uv": [5.125, 8.375, 4.875, 8.59375], "texture": "#6"}
			}
		},
		{
			"from": [7.61163, 6.7607, 10.079],
			"to": [8.38837, 7.27852, 11.11413],
			"rotation": {"angle": 0, "axis": "y", "origin": [3.85741, 5.8545, -10.11614]},
			"faces": {
				"north": {"uv": [11.75, 6.75, 11.9375, 6.875], "texture": "#6"},
				"east": {"uv": [8.25, 10.75, 8.5, 10.875], "texture": "#6"},
				"south": {"uv": [7.5, 11.75, 7.6875, 11.875], "texture": "#6"},
				"west": {"uv": [8.5, 10.75, 8.75, 10.875], "texture": "#6"},
				"up": {"uv": [9.1875, 6.25, 9, 6], "texture": "#6"},
				"down": {"uv": [6.5625, 9, 6.375, 9.25], "texture": "#6"}
			}
		},
		{
			"from": [7.48218, 16.08153, 5.54804],
			"to": [7.87054, 16.59935, 7.10151],
			"rotation": {"angle": 22.5, "axis": "x", "origin": [12.14259, 5.98396, -10.11614]},
			"faces": {
				"north": {"uv": [0.125, 13.25, 0.21875, 13.375], "texture": "#6"},
				"east": {"uv": [9, 5.75, 9.375, 5.875], "texture": "#6"},
				"south": {"uv": [13.25, 0.125, 13.34375, 0.25], "texture": "#6"},
				"west": {"uv": [9, 5.875, 9.375, 6], "texture": "#6"},
				"up": {"uv": [0.71875, 10.625, 0.625, 10.25], "texture": "#6"},
				"down": {"uv": [10.34375, 0.625, 10.25, 1], "texture": "#6"}
			}
		},
		{
			"from": [8.12946, 16.08153, 5.54804],
			"to": [8.51782, 16.59935, 7.10151],
			"rotation": {"angle": 22.5, "axis": "x", "origin": [3.85741, 5.98396, -10.11614]},
			"faces": {
				"north": {"uv": [13.125, 13.125, 13.21875, 13.25], "texture": "#6"},
				"east": {"uv": [9, 4.25, 9.375, 4.375], "texture": "#6"},
				"south": {"uv": [0, 13.25, 0.09375, 13.375], "texture": "#6"},
				"west": {"uv": [9, 5.625, 9.375, 5.75], "texture": "#6"},
				"up": {"uv": [0.46875, 10.625, 0.375, 10.25], "texture": "#6"},
				"down": {"uv": [0.59375, 10.25, 0.5, 10.625], "texture": "#6"}
			}
		},
		{
			"from": [7.50807, 8.57308, 9.82009],
			"to": [8.49193, 9.34982, 11.11465],
			"rotation": {"angle": 0, "axis": "y", "origin": [3.85741, 5.98396, -10.11614]},
			"faces": {
				"north": {"uv": [4.875, 9, 5.125, 9.1875], "texture": "#6"},
				"east": {"uv": [8.25, 1.875, 8.5625, 2.0625], "texture": "#6"},
				"south": {"uv": [5.625, 9, 5.875, 9.1875], "texture": "#6"},
				"west": {"uv": [2.125, 8.25, 2.4375, 8.4375], "texture": "#6"},
				"up": {"uv": [0.25, 6.4375, 0, 6.125], "texture": "#6"},
				"down": {"uv": [0.5, 6.125, 0.25, 6.4375], "texture": "#6"}
			}
		},
		{
			"from": [7.35272, 8.57308, 8.0077],
			"to": [8.64728, 9.34982, 9.82009],
			"rotation": {"angle": 0, "axis": "y", "origin": [3.85741, 5.98396, -10.11614]},
			"faces": {
				"north": {"uv": [8.25, 1.625, 8.5625, 1.8125], "texture": "#6"},
				"east": {"uv": [5.875, 4, 6.3125, 4.1875], "texture": "#6"},
				"south": {"uv": [1.75, 8.25, 2.0625, 8.4375], "texture": "#6"},
				"west": {"uv": [4.125, 5.875, 4.5625, 6.0625], "texture": "#6"},
				"up": {"uv": [3.4375, 0.4375, 3.125, 0], "texture": "#6"},
				"down": {"uv": [3.4375, 0.5, 3.125, 0.9375], "texture": "#6"}
			}
		}
	],
	"display": {
		"head": {
			"rotation": [0, 180, 0]
		}
	}
}