{
	"credit": "Made with Blockbench",
	"textures": {
		"6": "animated_java:item/dino_aj/texture_anger"
	},
	"elements": [
		{
			"from": [7.82161, 6.51154, 7.96483],
			"to": [8.17839, 6.86832, 9.51086],
			"rotation": {"angle": 0, "axis": "y", "origin": [4.1944, 5.79799, -11.53887]},
			"faces": {
				"north": {"uv": [13.625, 13.375, 13.71875, 13.46875], "texture": "#6"},
				"east": {"uv": [10.125, 3, 10.53125, 3.09375], "texture": "#6"},
				"south": {"uv": [13.5, 13.625, 13.59375, 13.71875], "texture": "#6"},
				"west": {"uv": [10.125, 3.75, 10.53125, 3.84375], "texture": "#6"},
				"up": {"uv": [1.59375, 10.53125, 1.5, 10.125], "texture": "#6"},
				"down": {"uv": [3.46875, 10.125, 3.375, 10.53125], "texture": "#6"}
			}
		},
		{
			"from": [7.82161, 6.63047, 9.51086],
			"to": [8.17839, 6.98724, 10.81903],
			"rotation": {"angle": 0, "axis": "y", "origin": [4.1944, 5.79799, -11.53887]},
			"faces": {
				"north": {"uv": [13.625, 13.25, 13.71875, 13.34375], "texture": "#6"},
				"east": {"uv": [10.5, 6.125, 10.84375, 6.21875], "texture": "#6"},
				"south": {"uv": [13.375, 13.625, 13.46875, 13.71875], "texture": "#6"},
				"west": {"uv": [10.5, 6.25, 10.84375, 6.34375], "texture": "#6"},
				"up": {"uv": [4.46875, 10.71875, 4.375, 10.375], "texture": "#6"},
				"down": {"uv": [6.96875, 10.375, 6.875, 10.71875], "texture": "#6"}
			}
		},
		{
			"from": [7.58376, 7.81972, 9.51086],
			"to": [8.41624, 8.29542, 10.81903],
			"rotation": {"angle": 0, "axis": "y", "origin": [4.1944, 6.03584, -11.53887]},
			"faces": {
				"north": {"uv": [9.375, 11.125, 9.59375, 11.25], "texture": "#6"},
				"east": {"uv": [9.25, 6.75, 9.59375, 6.875], "texture": "#6"},
				"south": {"uv": [11.125, 9.5, 11.34375, 9.625], "texture": "#6"},
				"west": {"uv": [9.25, 6.875, 9.59375, 7], "texture": "#6"},
				"up": {"uv": [6.46875, 3.84375, 6.25, 3.5], "texture": "#6"},
				"down": {"uv": [5.34375, 6.25, 5.125, 6.59375], "texture": "#6"}
			}
		},
		{
			"from": [7.58376, 7.70079, 7.96483],
			"to": [8.41624, 8.17649, 9.51086],
			"rotation": {"angle": 0, "axis": "y", "origin": [4.1944, 6.03584, -11.53887]},
			"faces": {
				"north": {"uv": [8.875, 11.125, 9.09375, 11.25], "texture": "#6"},
				"east": {"uv": [4, 8.625, 4.40625, 8.75], "texture": "#6"},
				"south": {"uv": [9.125, 11.125, 9.34375, 11.25], "texture": "#6"},
				"west": {"uv": [4.625, 8.625, 5.03125, 8.75], "texture": "#6"},
				"up": {"uv": [5.59375, 2.40625, 5.375, 2], "texture": "#6"},
				"down": {"uv": [5.59375, 2.5, 5.375, 2.90625], "texture": "#6"}
			}
		},
		{
			"from": [8.38056, 8.7949, 9.51086],
			"to": [8.61841, 9.29439, 10.81951],
			"rotation": {"angle": 22.5, "axis": "z", "origin": [11.8056, 6.03584, -11.53887]},
			"faces": {
				"north": {"uv": [10.3125, 13.75, 10.25, 13.875], "texture": "#6"},
				"east": {"uv": [9.59375, 6.625, 9.25, 6.75], "texture": "#6"},
				"south": {"uv": [13.8125, 10.25, 13.75, 10.375], "texture": "#6"},
				"west": {"uv": [9.59375, 6.125, 9.25, 6.25], "texture": "#6"},
				"up": {"uv": [11.375, 12.21875, 11.4375, 11.875], "texture": "#6"},
				"down": {"uv": [0.25, 12, 0.3125, 12.34375], "texture": "#6"}
			}
		},
		{
			"from": [8.28542, 8.72355, 7.96436],
			"to": [8.52327, 9.21114, 9.51133],
			"rotation": {"angle": 22.5, "axis": "z", "origin": [11.8056, 6.03584, -11.53887]},
			"faces": {
				"north": {"uv": [13.8125, 10, 13.75, 10.125], "texture": "#6"},
				"east": {"uv": [3.90625, 8.625, 3.5, 8.75], "texture": "#6"},
				"south": {"uv": [10.1875, 13.75, 10.125, 13.875], "texture": "#6"},
				"west": {"uv": [9.03125, 3.25, 8.625, 3.375], "texture": "#6"},
				"up": {"uv": [5.125, 11.78125, 5.1875, 11.375], "texture": "#6"},
				"down": {"uv": [5.25, 11.375, 5.3125, 11.78125], "texture": "#6"}
			}
		},
		{
			"from": [6.81075, 6.46397, 9.51086],
			"to": [6.92968, 6.93967, 10.81951],
			"rotation": {"angle": -22.5, "axis": "z", "origin": [11.8056, 6.03584, -11.53887]},
			"faces": {
				"north": {"uv": [14.15625, 9.5, 14.125, 9.625], "texture": "#6"},
				"east": {"uv": [9.59375, 4.5, 9.25, 4.625], "texture": "#6"},
				"south": {"uv": [9.65625, 14.125, 9.625, 14.25], "texture": "#6"},
				"west": {"uv": [4.84375, 9.25, 4.5, 9.375], "texture": "#6"},
				"up": {"uv": [13.25, 13.09375, 13.28125, 12.75], "texture": "#6"},
				"down": {"uv": [12.875, 13.25, 12.90625, 13.59375], "texture": "#6"}
			}
		},
		{
			"from": [6.67895, 5.11288, 9.51086],
			"to": [6.9168, 5.46965, 10.81856],
			"rotation": {"angle": -45, "axis": "z", "origin": [11.80462, 6.04049, -11.53839]},
			"faces": {
				"north": {"uv": [2.4375, 14, 2.375, 14.09375], "texture": "#6"},
				"east": {"uv": [6.46875, 10.5, 6.125, 10.59375], "texture": "#6"},
				"south": {"uv": [14.0625, 2.375, 14, 2.46875], "texture": "#6"},
				"west": {"uv": [6.09375, 10.5, 5.75, 10.59375], "texture": "#6"},
				"up": {"uv": [11.25, 12.21875, 11.3125, 11.875], "texture": "#6"},
				"down": {"uv": [11.875, 11.25, 11.9375, 11.59375], "texture": "#6"}
			}
		},
		{
			"from": [6.63078, 5.06879, 7.96531],
			"to": [6.86863, 5.40178, 9.51038],
			"rotation": {"angle": -45, "axis": "z", "origin": [11.80402, 6.03208, -11.53839]},
			"faces": {
				"north": {"uv": [2.5625, 14, 2.5, 14.09375], "texture": "#6"},
				"east": {"uv": [10.53125, 2.875, 10.125, 2.96875], "texture": "#6"},
				"south": {"uv": [14.0625, 2.5, 14, 2.59375], "texture": "#6"},
				"west": {"uv": [10.53125, 2.75, 10.125, 2.84375], "texture": "#6"},
				"up": {"uv": [2.75, 11.78125, 2.8125, 11.375], "texture": "#6"},
				"down": {"uv": [4, 11.375, 4.0625, 11.78125], "texture": "#6"}
			}
		},
		{
			"from": [6.75129, 6.30937, 7.96436],
			"to": [6.87021, 6.90399, 9.51133],
			"rotation": {"angle": -22.5, "axis": "z", "origin": [11.8056, 6.03584, -11.53887]},
			"faces": {
				"north": {"uv": [14.15625, 3.375, 14.125, 3.53125], "texture": "#6"},
				"east": {"uv": [8.03125, 5.875, 7.625, 6.03125], "texture": "#6"},
				"south": {"uv": [3.53125, 14.125, 3.5, 14.28125], "texture": "#6"},
				"west": {"uv": [8.03125, 5.625, 7.625, 5.78125], "texture": "#6"},
				"up": {"uv": [1.5, 13.53125, 1.53125, 13.125], "texture": "#6"},
				"down": {"uv": [1.625, 13.125, 1.65625, 13.53125], "texture": "#6"}
			}
		},
		{
			"from": [7.38159, 8.7949, 9.51086],
			"to": [7.61944, 9.29439, 10.81951],
			"rotation": {"angle": -22.5, "axis": "z", "origin": [4.1944, 6.03584, -11.53887]},
			"faces": {
				"north": {"uv": [10.25, 13.75, 10.3125, 13.875], "texture": "#6"},
				"east": {"uv": [9.25, 6.125, 9.59375, 6.25], "texture": "#6"},
				"south": {"uv": [13.75, 10.25, 13.8125, 10.375], "texture": "#6"},
				"west": {"uv": [9.25, 6.625, 9.59375, 6.75], "texture": "#6"},
				"up": {"uv": [11.4375, 12.21875, 11.375, 11.875], "texture": "#6"},
				"down": {"uv": [0.3125, 12, 0.25, 12.34375], "texture": "#6"}
			}
		},
		{
			"from": [7.47673, 8.72355, 7.96436],
			"to": [7.71458, 9.21114, 9.51133],
			"rotation": {"angle": -22.5, "axis": "z", "origin": [4.1944, 6.03584, -11.53887]},
			"faces": {
				"north": {"uv": [13.75, 10, 13.8125, 10.125], "texture": "#6"},
				"east": {"uv": [8.625, 3.25, 9.03125, 3.375], "texture": "#6"},
				"south": {"uv": [10.125, 13.75, 10.1875, 13.875], "texture": "#6"},
				"west": {"uv": [3.5, 8.625, 3.90625, 8.75], "texture": "#6"},
				"up": {"uv": [5.1875, 11.78125, 5.125, 11.375], "texture": "#6"},
				"down": {"uv": [5.3125, 11.375, 5.25, 11.78125], "texture": "#6"}
			}
		},
		{
			"from": [7.5243, 7.10617, 7.96483],
			"to": [8.4757, 7.70079, 9.51086],
			"rotation": {"angle": 0, "axis": "y", "origin": [4.1944, 6.03584, -11.53887]},
			"faces": {
				"north": {"uv": [9.875, 7.625, 10.125, 7.78125], "texture": "#6"},
				"east": {"uv": [6, 7.625, 6.40625, 7.78125], "texture": "#6"},
				"south": {"uv": [7.75, 9.875, 8, 10.03125], "texture": "#6"},
				"west": {"uv": [7.75, 0.375, 8.15625, 0.53125], "texture": "#6"},
				"up": {"uv": [3.375, 5.03125, 3.125, 4.625], "texture": "#6"},
				"down": {"uv": [4.25, 4.75, 4, 5.15625], "texture": "#6"}
			}
		},
		{
			"from": [9.12979, 6.30937, 7.96436],
			"to": [9.24871, 6.90399, 9.51133],
			"rotation": {"angle": 22.5, "axis": "z", "origin": [4.1944, 6.03584, -11.53887]},
			"faces": {
				"north": {"uv": [14.125, 3.375, 14.15625, 3.53125], "texture": "#6"},
				"east": {"uv": [7.625, 5.625, 8.03125, 5.78125], "texture": "#6"},
				"south": {"uv": [3.5, 14.125, 3.53125, 14.28125], "texture": "#6"},
				"west": {"uv": [7.625, 5.875, 8.03125, 6.03125], "texture": "#6"},
				"up": {"uv": [1.53125, 13.53125, 1.5, 13.125], "texture": "#6"},
				"down": {"uv": [1.65625, 13.125, 1.625, 13.53125], "texture": "#6"}
			}
		},
		{
			"from": [7.34591, 8.17649, 7.96483],
			"to": [8.65409, 8.41434, 9.51086],
			"rotation": {"angle": 0, "axis": "y", "origin": [4.1944, 6.03584, -11.53887]},
			"faces": {
				"north": {"uv": [11.625, 11.875, 11.96875, 11.9375], "texture": "#6"},
				"east": {"uv": [11.375, 4.375, 11.78125, 4.4375], "texture": "#6"},
				"south": {"uv": [11.875, 11.75, 12.21875, 11.8125], "texture": "#6"},
				"west": {"uv": [4.625, 11.375, 5.03125, 11.4375], "texture": "#6"},
				"up": {"uv": [1.84375, 3.15625, 1.5, 2.75], "texture": "#6"},
				"down": {"uv": [3.09375, 2.5, 2.75, 2.90625], "texture": "#6"}
			}
		},
		{
			"from": [7.46484, 8.41434, 7.96483],
			"to": [8.53516, 9.00897, 9.51086],
			"rotation": {"angle": 0, "axis": "y", "origin": [4.1944, 6.03584, -11.53887]},
			"faces": {
				"north": {"uv": [9.125, 1.25, 9.40625, 1.40625], "texture": "#6"},
				"east": {"uv": [7.625, 5.125, 8.03125, 5.28125], "texture": "#6"},
				"south": {"uv": [9.125, 1.625, 9.40625, 1.78125], "texture": "#6"},
				"west": {"uv": [7.625, 5.375, 8.03125, 5.53125], "texture": "#6"},
				"up": {"uv": [0.28125, 4.40625, 0, 4], "texture": "#6"},
				"down": {"uv": [4.28125, 0, 4, 0.40625], "texture": "#6"}
			}
		},
		{
			"from": [7.70269, 9.00897, 7.96483],
			"to": [8.29731, 9.24682, 9.51086],
			"rotation": {"angle": 0, "axis": "y", "origin": [4.1944, 6.03584, -11.53887]},
			"faces": {
				"north": {"uv": [13.5, 0.625, 13.65625, 0.6875], "texture": "#6"},
				"east": {"uv": [11.375, 4, 11.78125, 4.0625], "texture": "#6"},
				"south": {"uv": [13.5, 0.75, 13.65625, 0.8125], "texture": "#6"},
				"west": {"uv": [4.125, 11.375, 4.53125, 11.4375], "texture": "#6"},
				"up": {"uv": [3.90625, 8.03125, 3.75, 7.625], "texture": "#6"},
				"down": {"uv": [4.40625, 7.625, 4.25, 8.03125], "texture": "#6"}
			}
		},
		{
			"from": [7.77404, 9.00897, 10.34333],
			"to": [8.22596, 9.25871, 10.81903],
			"rotation": {"angle": 0, "axis": "y", "origin": [4.1944, 6.03584, -11.53887]},
			"faces": {
				"north": {"uv": [9.625, 13.75, 9.75, 13.8125], "texture": "#6"},
				"east": {"uv": [13.75, 9.625, 13.875, 9.6875], "texture": "#6"},
				"south": {"uv": [13.75, 9.75, 13.875, 9.8125], "texture": "#6"},
				"west": {"uv": [13.75, 9.875, 13.875, 9.9375], "texture": "#6"},
				"up": {"uv": [7.25, 8.5, 7.125, 8.375], "texture": "#6"},
				"down": {"uv": [8.375, 8.375, 8.25, 8.5], "texture": "#6"}
			}
		},
		{
			"from": [9.13137, 5.06879, 7.96531],
			"to": [9.36922, 5.40178, 9.51038],
			"rotation": {"angle": 45, "axis": "z", "origin": [4.19598, 6.03208, -11.53839]},
			"faces": {
				"north": {"uv": [2.5, 14, 2.5625, 14.09375], "texture": "#6"},
				"east": {"uv": [10.125, 2.75, 10.53125, 2.84375], "texture": "#6"},
				"south": {"uv": [14, 2.5, 14.0625, 2.59375], "texture": "#6"},
				"west": {"uv": [10.125, 2.875, 10.53125, 2.96875], "texture": "#6"},
				"up": {"uv": [2.8125, 11.78125, 2.75, 11.375], "texture": "#6"},
				"down": {"uv": [4.0625, 11.375, 4, 11.78125], "texture": "#6"}
			}
		},
		{
			"from": [9.0832, 5.11288, 9.51086],
			"to": [9.32105, 5.46965, 10.81856],
			"rotation": {"angle": 45, "axis": "z", "origin": [4.19538, 6.04049, -11.53839]},
			"faces": {
				"north": {"uv": [2.375, 14, 2.4375, 14.09375], "texture": "#6"},
				"east": {"uv": [5.75, 10.5, 6.09375, 10.59375], "texture": "#6"},
				"south": {"uv": [14, 2.375, 14.0625, 2.46875], "texture": "#6"},
				"west": {"uv": [6.125, 10.5, 6.46875, 10.59375], "texture": "#6"},
				"up": {"uv": [11.3125, 12.21875, 11.25, 11.875], "texture": "#6"},
				"down": {"uv": [11.9375, 11.25, 11.875, 11.59375], "texture": "#6"}
			}
		},
		{
			"from": [7.5243, 8.53327, 9.51086],
			"to": [8.4757, 9.00897, 10.81903],
			"rotation": {"angle": 0, "axis": "y", "origin": [4.1944, 6.03584, -11.53887]},
			"faces": {
				"north": {"uv": [10.75, 3.75, 11, 3.875], "texture": "#6"},
				"east": {"uv": [9.25, 4.625, 9.59375, 4.75], "texture": "#6"},
				"south": {"uv": [3.875, 10.75, 4.125, 10.875], "texture": "#6"},
				"west": {"uv": [9.25, 6, 9.59375, 6.125], "texture": "#6"},
				"up": {"uv": [5.875, 3.46875, 5.625, 3.125], "texture": "#6"},
				"down": {"uv": [3.625, 5.625, 3.375, 5.96875], "texture": "#6"}
			}
		},
		{
			"from": [7.82161, 16.4061, 5.27713],
			"to": [8.17839, 16.73909, 6.22853],
			"rotation": {"angle": 22.5, "axis": "x", "origin": [4.1944, 6.03584, -11.53887]},
			"faces": {
				"north": {"uv": [13.125, 13.625, 13.21875, 13.71875], "texture": "#6"},
				"east": {"uv": [11.75, 2.625, 12, 2.71875], "texture": "#6"},
				"south": {"uv": [13.625, 13.125, 13.71875, 13.21875], "texture": "#6"},
				"west": {"uv": [11.75, 2.75, 12, 2.84375], "texture": "#6"},
				"up": {"uv": [2.71875, 12, 2.625, 11.75], "texture": "#6"},
				"down": {"uv": [3.09375, 11.75, 3, 12], "texture": "#6"}
			}
		},
		{
			"from": [7.70269, 0.44637, 9.39193],
			"to": [8.29731, 1.15992, 9.98656],
			"rotation": {"angle": -22.5, "axis": "x", "origin": [4.1944, 6.03584, -11.53887]},
			"faces": {
				"north": {"uv": [11, 0.75, 11.15625, 0.9375], "texture": "#6"},
				"east": {"uv": [11, 1, 11.15625, 1.1875], "texture": "#6"},
				"south": {"uv": [11, 1.25, 11.15625, 1.4375], "texture": "#6"},
				"west": {"uv": [1.5, 11, 1.65625, 11.1875], "texture": "#6"},
				"up": {"uv": [1.15625, 11.65625, 1, 11.5], "texture": "#6"},
				"down": {"uv": [1.40625, 11.5, 1.25, 11.65625], "texture": "#6"}
			}
		},
		{
			"from": [7.70316, 0.68422, 8.44053],
			"to": [8.29684, 1.63562, 9.39193],
			"rotation": {"angle": -22.5, "axis": "x", "origin": [4.1944, 6.03584, -11.53887]},
			"faces": {
				"north": {"uv": [6.75, 9.875, 6.90625, 10.125], "texture": "#6"},
				"east": {"uv": [7.5, 8, 7.75, 8.25], "texture": "#6"},
				"south": {"uv": [9.875, 6.875, 10.03125, 7.125], "texture": "#6"},
				"west": {"uv": [8, 7.625, 8.25, 7.875], "texture": "#6"},
				"up": {"uv": [7.15625, 10.125, 7, 9.875], "texture": "#6"},
				"down": {"uv": [10.03125, 7.125, 9.875, 7.375], "texture": "#6"}
			}
		},
		{
			"from": [7.70221, 17.33372, 4.99171],
			"to": [8.29779, 17.80942, 7.13236],
			"rotation": {"angle": 22.5, "axis": "x", "origin": [4.1944, 6.03584, -11.53887]},
			"faces": {
				"north": {"uv": [8.25, 12.375, 8.40625, 12.5], "texture": "#6"},
				"east": {"uv": [6.75, 3.375, 7.3125, 3.5], "texture": "#6"},
				"south": {"uv": [12.375, 8.25, 12.53125, 8.375], "texture": "#6"},
				"west": {"uv": [6.75, 3.5, 7.3125, 3.625], "texture": "#6"},
				"up": {"uv": [0.78125, 6.0625, 0.625, 5.5], "texture": "#6"},
				"down": {"uv": [2.40625, 5.5, 2.25, 6.0625], "texture": "#6"}
			}
		},
		{
			"from": [7.58376, 7.22509, 9.51086],
			"to": [8.41624, 7.81972, 10.81903],
			"rotation": {"angle": 0, "axis": "y", "origin": [4.1944, 6.03584, -11.53887]},
			"faces": {
				"north": {"uv": [10.375, 0.5, 10.59375, 0.65625], "texture": "#6"},
				"east": {"uv": [1.75, 8.5, 2.09375, 8.65625], "texture": "#6"},
				"south": {"uv": [10.375, 0.75, 10.59375, 0.90625], "texture": "#6"},
				"west": {"uv": [2.125, 8.5, 2.46875, 8.65625], "texture": "#6"},
				"up": {"uv": [2.21875, 6.59375, 2, 6.25], "texture": "#6"},
				"down": {"uv": [6.46875, 2.375, 6.25, 2.71875], "texture": "#6"}
			}
		},
		{
			"from": [9.07033, 6.46397, 9.51086],
			"to": [9.18925, 6.93967, 10.81951],
			"rotation": {"angle": 22.5, "axis": "z", "origin": [4.1944, 6.03584, -11.53887]},
			"faces": {
				"north": {"uv": [14.125, 9.5, 14.15625, 9.625], "texture": "#6"},
				"east": {"uv": [4.5, 9.25, 4.84375, 9.375], "texture": "#6"},
				"south": {"uv": [9.625, 14.125, 9.65625, 14.25], "texture": "#6"},
				"west": {"uv": [9.25, 4.5, 9.59375, 4.625], "texture": "#6"},
				"up": {"uv": [13.28125, 13.09375, 13.25, 12.75], "texture": "#6"},
				"down": {"uv": [12.90625, 13.25, 12.875, 13.59375], "texture": "#6"}
			}
		},
		{
			"from": [7.46484, 8.29542, 9.51086],
			"to": [8.53516, 8.53327, 10.81903],
			"rotation": {"angle": 0, "axis": "y", "origin": [4.1944, 6.03584, -11.53887]},
			"faces": {
				"north": {"uv": [3.75, 12.625, 4.03125, 12.6875], "texture": "#6"},
				"east": {"uv": [11.875, 11, 12.21875, 11.0625], "texture": "#6"},
				"south": {"uv": [4.125, 12.625, 4.40625, 12.6875], "texture": "#6"},
				"west": {"uv": [11.875, 11.125, 12.21875, 11.1875], "texture": "#6"},
				"up": {"uv": [3.15625, 5.46875, 2.875, 5.125], "texture": "#6"},
				"down": {"uv": [4.53125, 5.125, 4.25, 5.46875], "texture": "#6"}
			}
		},
		{
			"from": [7.70269, 6.98724, 9.51086],
			"to": [8.29731, 7.22509, 10.81903],
			"rotation": {"angle": 0, "axis": "y", "origin": [4.1944, 5.79799, -11.53887]},
			"faces": {
				"north": {"uv": [13.5, 0.25, 13.65625, 0.3125], "texture": "#6"},
				"east": {"uv": [10.875, 11.875, 11.21875, 11.9375], "texture": "#6"},
				"south": {"uv": [13.5, 0.375, 13.65625, 0.4375], "texture": "#6"},
				"west": {"uv": [11.875, 10.875, 12.21875, 10.9375], "texture": "#6"},
				"up": {"uv": [8.65625, 0.59375, 8.5, 0.25], "texture": "#6"},
				"down": {"uv": [8.65625, 0.625, 8.5, 0.96875], "texture": "#6"}
			}
		},
		{
			"from": [7.70269, 6.86832, 7.96483],
			"to": [8.29731, 7.10617, 9.51086],
			"rotation": {"angle": 0, "axis": "y", "origin": [4.1944, 5.79799, -11.53887]},
			"faces": {
				"north": {"uv": [13.5, 0, 13.65625, 0.0625], "texture": "#6"},
				"east": {"uv": [3.5, 11.375, 3.90625, 11.4375], "texture": "#6"},
				"south": {"uv": [13.5, 0.125, 13.65625, 0.1875], "texture": "#6"},
				"west": {"uv": [11.375, 3.875, 11.78125, 3.9375], "texture": "#6"},
				"up": {"uv": [3.15625, 8.03125, 3, 7.625], "texture": "#6"},
				"down": {"uv": [3.65625, 7.625, 3.5, 8.03125], "texture": "#6"}
			}
		}
	],
	"display": {
		"head": {
			"rotation": [0, 180, 0]
		}
	}
}