{
	"credit": "Made with Blockbench",
	"textures": {
		"6": "animated_java:item/dino_aj/texture_anger"
	},
	"elements": [
		{
			"from": [7.77507, 8.02351, 8.33408],
			"to": [8.22493, 9.82294, 8.60399],
			"rotation": {"angle": 22.5, "axis": "x", "origin": [8, 9.1125, 8.06185]},
			"faces": {
				"north": {"uv": [1.40625, 5, 1.25, 5.625], "rotation": 180, "texture": "#6"},
				"east": {"uv": [8.25, 1, 8.875, 1.09375], "rotation": 270, "texture": "#6"},
				"south": {"uv": [1.15625, 5.625, 1, 5], "texture": "#6"},
				"west": {"uv": [8.25, 2.125, 8.875, 2.21875], "rotation": 90, "texture": "#6"},
				"up": {"uv": [12.25, 12.875, 12.40625, 12.96875], "rotation": 180, "texture": "#6"},
				"down": {"uv": [12.5, 12.875, 12.65625, 12.96875], "texture": "#6"}
			}
		},
		{
			"from": [7.77543, 9.12953, 8.65466],
			"to": [8.22457, 9.56139, 8.8346],
			"rotation": {"angle": 0, "axis": "x", "origin": [8, 9.1125, 8.06185]},
			"faces": {
				"north": {"uv": [11.5, 6, 11.65625, 6.15625], "rotation": 180, "texture": "#6"},
				"east": {"uv": [11.125, 13.5, 11.1875, 13.65625], "rotation": 180, "texture": "#6"},
				"south": {"uv": [5.75, 11.5, 5.90625, 11.65625], "rotation": 180, "texture": "#6"},
				"west": {"uv": [11.25, 13.5, 11.3125, 13.65625], "rotation": 180, "texture": "#6"},
				"up": {"uv": [13.65625, 11.25, 13.5, 11.3125], "texture": "#6"},
				"down": {"uv": [13.65625, 11.0625, 13.5, 11], "texture": "#6"}
			}
		},
		{
			"from": [7.77507, 8.41039, 8.60399],
			"to": [8.22493, 9.42707, 8.76594],
			"rotation": {"angle": 22.5, "axis": "x", "origin": [8, 9.1125, 8.06185]},
			"faces": {
				"north": {"uv": [8.65625, 7, 8.5, 7.34375], "rotation": 180, "texture": "#6"},
				"east": {"uv": [12, 9.375, 12.34375, 9.4375], "rotation": 270, "texture": "#6"},
				"south": {"uv": [8.65625, 6.96875, 8.5, 6.625], "texture": "#6"},
				"west": {"uv": [12, 9.5, 12.34375, 9.5625], "rotation": 90, "texture": "#6"},
				"up": {"uv": [11.375, 13.5, 11.53125, 13.5625], "rotation": 180, "texture": "#6"},
				"down": {"uv": [11.625, 13.5, 11.78125, 13.5625], "texture": "#6"}
			}
		},
		{
			"from": [7.86504, 8.3744, 8.76594],
			"to": [8.13496, 9.36409, 8.85591],
			"rotation": {"angle": 22.5, "axis": "x", "origin": [8, 9.1125, 8.06185]},
			"faces": {
				"north": {"uv": [1.59375, 10.625, 1.5, 10.96875], "rotation": 180, "texture": "#6"},
				"east": {"uv": [13.375, 1.125, 13.71875, 1.15625], "rotation": 270, "texture": "#6"},
				"south": {"uv": [10.71875, 1.46875, 10.625, 1.125], "texture": "#6"},
				"west": {"uv": [13.375, 2.25, 13.71875, 2.28125], "rotation": 90, "texture": "#6"},
				"up": {"uv": [2.75, 14.25, 2.84375, 14.28125], "rotation": 180, "texture": "#6"},
				"down": {"uv": [2.875, 14.25, 2.96875, 14.28125], "texture": "#6"}
			}
		},
		{
			"from": [7.86504, 7.36705, 8.98406],
			"to": [8.13496, 8.73462, 9.07403],
			"rotation": {"angle": 45, "axis": "x", "origin": [8, 9.1125, 8.06185]},
			"faces": {
				"north": {"uv": [5.21875, 9.125, 5.125, 9.59375], "rotation": 180, "texture": "#6"},
				"east": {"uv": [12.75, 12.875, 13.21875, 12.90625], "rotation": 270, "texture": "#6"},
				"south": {"uv": [4.46875, 9.59375, 4.375, 9.125], "texture": "#6"},
				"west": {"uv": [13, 0, 13.46875, 0.03125], "rotation": 90, "texture": "#6"},
				"up": {"uv": [3, 14.25, 3.09375, 14.28125], "rotation": 180, "texture": "#6"},
				"down": {"uv": [3.125, 14.25, 3.21875, 14.28125], "texture": "#6"}
			}
		},
		{
			"from": [7.77507, 7.75359, 8.33408],
			"to": [8.22493, 8.02351, 8.46004],
			"rotation": {"angle": 22.5, "axis": "x", "origin": [8, 9.1125, 8.06185]},
			"faces": {
				"north": {"uv": [13.15625, 0.125, 13, 0.21875], "rotation": 180, "texture": "#6"},
				"east": {"uv": [3.25, 14.25, 3.34375, 14.28125], "rotation": 270, "texture": "#6"},
				"south": {"uv": [0.15625, 13.09375, 0, 13], "texture": "#6"},
				"west": {"uv": [14.25, 3.25, 14.34375, 3.28125], "rotation": 90, "texture": "#6"},
				"up": {"uv": [6.125, 14.125, 6.28125, 14.15625], "rotation": 180, "texture": "#6"},
				"down": {"uv": [14.125, 6.25, 14.28125, 6.28125], "texture": "#6"}
			}
		},
		{
			"from": [7.77507, 7.51067, 8.24411],
			"to": [8.22493, 8.78827, 8.33408],
			"rotation": {"angle": 22.5, "axis": "x", "origin": [8, 9.1125, 8.06185]},
			"faces": {
				"north": {"uv": [1.65625, 7.125, 1.5, 7.5625], "rotation": 180, "texture": "#6"},
				"east": {"uv": [13, 9.625, 13.4375, 9.65625], "rotation": 270, "texture": "#6"},
				"south": {"uv": [1.40625, 7.5625, 1.25, 7.125], "texture": "#6"},
				"west": {"uv": [10.25, 13, 10.6875, 13.03125], "rotation": 90, "texture": "#6"},
				"up": {"uv": [6.375, 14.125, 6.53125, 14.15625], "rotation": 180, "texture": "#6"},
				"down": {"uv": [14.125, 6.375, 14.28125, 6.40625], "texture": "#6"}
			}
		},
		{
			"from": [7.77507, 7.39099, 7.37353],
			"to": [8.22493, 8.15575, 7.62545],
			"rotation": {"angle": 0, "axis": "x", "origin": [8, 9.1125, 8.06185]},
			"faces": {
				"north": {"uv": [9.125, 5.25, 9.28125, 5.53125], "rotation": 180, "texture": "#6"},
				"east": {"uv": [6.25, 11.25, 6.34375, 11.53125], "rotation": 180, "texture": "#6"},
				"south": {"uv": [5.25, 9.125, 5.40625, 9.40625], "rotation": 180, "texture": "#6"},
				"west": {"uv": [6.375, 11.25, 6.46875, 11.53125], "rotation": 180, "texture": "#6"},
				"up": {"uv": [0.53125, 13, 0.375, 13.09375], "texture": "#6"},
				"down": {"uv": [13.15625, 0.34375, 13, 0.25], "texture": "#6"}
			}
		},
		{
			"from": [7.77471, 7.36705, 8.83111],
			"to": [8.22529, 8.73462, 8.98406],
			"rotation": {"angle": 45, "axis": "x", "origin": [8, 9.1125, 8.06185]},
			"faces": {
				"north": {"uv": [3.15625, 6.625, 3, 7.09375], "rotation": 180, "texture": "#6"},
				"east": {"uv": [9.125, 11, 9.59375, 11.0625], "rotation": 270, "texture": "#6"},
				"south": {"uv": [2.15625, 7.09375, 2, 6.625], "texture": "#6"},
				"west": {"uv": [11, 9.25, 11.46875, 9.3125], "rotation": 90, "texture": "#6"},
				"up": {"uv": [13.5, 11.75, 13.65625, 11.8125], "rotation": 180, "texture": "#6"},
				"down": {"uv": [11.875, 13.5, 12.03125, 13.5625], "texture": "#6"}
			}
		},
		{
			"from": [7.77507, 7.33701, 7.37353],
			"to": [8.22493, 7.39099, 7.4635],
			"rotation": {"angle": 0, "axis": "x", "origin": [8, 9.1125, 8.06185]},
			"faces": {
				"north": {"uv": [6.625, 14.125, 6.78125, 14.15625], "rotation": 180, "texture": "#6"},
				"east": {"uv": [10.5, 14.25, 10.53125, 14.28125], "rotation": 180, "texture": "#6"},
				"south": {"uv": [14.125, 6.5, 14.28125, 6.53125], "rotation": 180, "texture": "#6"},
				"west": {"uv": [14.25, 10.5, 14.28125, 10.53125], "rotation": 180, "texture": "#6"},
				"up": {"uv": [14.28125, 6.75, 14.125, 6.78125], "texture": "#6"},
				"down": {"uv": [14.28125, 6.65625, 14.125, 6.625], "texture": "#6"}
			}
		},
		{
			"from": [7.82006, 7.24704, 7.19359],
			"to": [8.17994, 8.18274, 7.37353],
			"rotation": {"angle": 0, "axis": "x", "origin": [8, 9.1125, 8.06185]},
			"faces": {
				"north": {"uv": [2.75, 10, 2.875, 10.3125], "rotation": 180, "texture": "#6"},
				"east": {"uv": [1.625, 12.5, 1.6875, 12.8125], "rotation": 180, "texture": "#6"},
				"south": {"uv": [2.625, 10, 2.75, 10.3125], "rotation": 180, "texture": "#6"},
				"west": {"uv": [1.875, 12.5, 1.9375, 12.8125], "rotation": 180, "texture": "#6"},
				"up": {"uv": [14, 3.25, 13.875, 3.3125], "texture": "#6"},
				"down": {"uv": [3.375, 13.9375, 3.25, 13.875], "texture": "#6"}
			}
		},
		{
			"from": [7.82006, 7.17811, 8.76813],
			"to": [8.17994, 7.36705, 8.98406],
			"rotation": {"angle": 45, "axis": "x", "origin": [8, 9.1125, 8.06185]},
			"faces": {
				"north": {"uv": [14, 3.625, 13.875, 3.6875], "rotation": 180, "texture": "#6"},
				"east": {"uv": [14.125, 11.5, 14.1875, 11.5625], "rotation": 270, "texture": "#6"},
				"south": {"uv": [3.75, 13.9375, 3.625, 13.875], "texture": "#6"},
				"west": {"uv": [11.625, 14.125, 11.6875, 14.1875], "rotation": 90, "texture": "#6"},
				"up": {"uv": [13.875, 3.375, 14, 3.4375], "rotation": 180, "texture": "#6"},
				"down": {"uv": [13.875, 3.5, 14, 3.5625], "texture": "#6"}
			}
		},
		{
			"from": [7.91003, 6.93518, 8.67816],
			"to": [8.08997, 7.36705, 9.07403],
			"rotation": {"angle": 45, "axis": "x", "origin": [8, 9.1125, 8.06185]},
			"faces": {
				"north": {"uv": [13.5625, 12.125, 13.5, 12.28125], "rotation": 180, "texture": "#6"},
				"east": {"uv": [12.5, 2.875, 12.65625, 3], "rotation": 270, "texture": "#6"},
				"south": {"uv": [13.5625, 12.03125, 13.5, 11.875], "texture": "#6"},
				"west": {"uv": [12.5, 3, 12.65625, 3.125], "rotation": 90, "texture": "#6"},
				"up": {"uv": [3.75, 13.875, 3.8125, 14], "rotation": 180, "texture": "#6"},
				"down": {"uv": [13.875, 3.75, 13.9375, 3.875], "texture": "#6"}
			}
		},
		{
			"from": [7.90967, 7.13907, 6.95966],
			"to": [8.09033, 8.18274, 7.31955],
			"rotation": {"angle": 0, "axis": "x", "origin": [8, 9.1125, 8.06185]},
			"faces": {
				"north": {"uv": [1.875, 11.875, 1.9375, 12.25], "rotation": 180, "texture": "#6"},
				"east": {"uv": [6.625, 9, 6.75, 9.375], "rotation": 180, "texture": "#6"},
				"south": {"uv": [11.875, 1.75, 11.9375, 2.125], "rotation": 180, "texture": "#6"},
				"west": {"uv": [7.625, 9, 7.75, 9.375], "rotation": 180, "texture": "#6"},
				"up": {"uv": [13.9375, 3.875, 13.875, 4], "texture": "#6"},
				"down": {"uv": [3.9375, 14, 3.875, 13.875], "texture": "#6"}
			}
		},
		{
			"from": [7.82006, 7.91554, 7.6143],
			"to": [8.17994, 9.05818, 7.79425],
			"rotation": {"angle": 22.5, "axis": "x", "origin": [8, 9.1125, 8.06185]},
			"faces": {
				"north": {"uv": [7, 8.625, 6.875, 9.03125], "rotation": 180, "texture": "#6"},
				"east": {"uv": [11.375, 9.375, 11.78125, 9.4375], "rotation": 270, "texture": "#6"},
				"south": {"uv": [6.875, 9.03125, 6.75, 8.625], "texture": "#6"},
				"west": {"uv": [11.375, 9.5, 11.78125, 9.5625], "rotation": 90, "texture": "#6"},
				"up": {"uv": [4, 13.875, 4.125, 13.9375], "rotation": 180, "texture": "#6"},
				"down": {"uv": [13.875, 4, 14, 4.0625], "texture": "#6"}
			}
		},
		{
			"from": [7.73008, 7.96053, 7.79425],
			"to": [8.26992, 9.05818, 8.06416],
			"rotation": {"angle": 22.5, "axis": "x", "origin": [8, 9.1125, 8.06185]},
			"faces": {
				"north": {"uv": [2.8125, 6.875, 2.625, 7.25], "rotation": 180, "texture": "#6"},
				"east": {"uv": [10.25, 3.625, 10.625, 3.71875], "rotation": 270, "texture": "#6"},
				"south": {"uv": [7.0625, 2, 6.875, 1.625], "texture": "#6"},
				"west": {"uv": [4.125, 10.25, 4.5, 10.34375], "rotation": 90, "texture": "#6"},
				"up": {"uv": [12.125, 12.625, 12.3125, 12.71875], "rotation": 180, "texture": "#6"},
				"down": {"uv": [12.625, 12.125, 12.8125, 12.21875], "texture": "#6"}
			}
		},
		{
			"from": [7.91003, 7.82557, 7.39837],
			"to": [8.08997, 10.2728, 7.70428],
			"rotation": {"angle": 22.5, "axis": "x", "origin": [8, 9.1125, 8.06185]},
			"faces": {
				"north": {"uv": [0.9375, 8.625, 0.875, 9.46875], "rotation": 180, "texture": "#6"},
				"east": {"uv": [6, 1, 6.84375, 1.09375], "rotation": 270, "texture": "#6"},
				"south": {"uv": [0.8125, 9.46875, 0.75, 8.625], "texture": "#6"},
				"west": {"uv": [6, 1.125, 6.84375, 1.21875], "rotation": 90, "texture": "#6"},
				"up": {"uv": [14, 9, 14.0625, 9.09375], "rotation": 180, "texture": "#6"},
				"down": {"uv": [9.125, 14, 9.1875, 14.09375], "texture": "#6"}
			}
		},
		{
			"from": [7.73008, 9.05818, 7.79425],
			"to": [8.26992, 10.05687, 8.15413],
			"rotation": {"angle": 22.5, "axis": "x", "origin": [8, 9.1125, 8.06185]},
			"faces": {
				"north": {"uv": [7.6875, 0.75, 7.5, 1.09375], "rotation": 180, "texture": "#6"},
				"east": {"uv": [9.5, 2.5, 9.84375, 2.625], "rotation": 270, "texture": "#6"},
				"south": {"uv": [7.6875, 0.71875, 7.5, 0.375], "texture": "#6"},
				"west": {"uv": [9.5, 2.625, 9.84375, 2.75], "rotation": 90, "texture": "#6"},
				"up": {"uv": [2, 11.875, 2.1875, 12], "rotation": 180, "texture": "#6"},
				"down": {"uv": [2.25, 11.875, 2.4375, 12], "texture": "#6"}
			}
		},
		{
			"from": [7.82006, 10.05687, 7.94739],
			"to": [8.17994, 10.89336, 8.15413],
			"rotation": {"angle": 22.5, "axis": "x", "origin": [8, 9.1125, 8.06185]},
			"faces": {
				"north": {"uv": [4.625, 10.25, 4.5, 10.53125], "rotation": 180, "texture": "#6"},
				"east": {"uv": [12.375, 12.625, 12.65625, 12.6875], "rotation": 270, "texture": "#6"},
				"south": {"uv": [3.75, 10.53125, 3.625, 10.25], "texture": "#6"},
				"west": {"uv": [12.625, 12.5, 12.90625, 12.5625], "rotation": 90, "texture": "#6"},
				"up": {"uv": [4.125, 13.875, 4.25, 13.9375], "rotation": 180, "texture": "#6"},
				"down": {"uv": [13.875, 4.125, 14, 4.1875], "texture": "#6"}
			}
		},
		{
			"from": [7.82006, 10.05687, 7.76745],
			"to": [8.17994, 10.41675, 7.94739],
			"rotation": {"angle": 22.5, "axis": "x", "origin": [8, 9.1125, 8.06185]},
			"faces": {
				"north": {"uv": [13, 3, 12.875, 3.125], "rotation": 180, "texture": "#6"},
				"east": {"uv": [13.875, 4.25, 14, 4.3125], "rotation": 270, "texture": "#6"},
				"south": {"uv": [3.125, 13, 3, 12.875], "texture": "#6"},
				"west": {"uv": [13.875, 4.375, 14, 4.4375], "rotation": 90, "texture": "#6"},
				"up": {"uv": [4.25, 13.875, 4.375, 13.9375], "rotation": 180, "texture": "#6"},
				"down": {"uv": [4.375, 13.875, 4.5, 13.9375], "texture": "#6"}
			}
		},
		{
			"from": [7.91003, 10.8936, 7.93904],
			"to": [8.08997, 11.57851, 8.15413],
			"rotation": {"angle": 22.5, "axis": "x", "origin": [8, 9.1125, 8.06185]},
			"faces": {
				"north": {"uv": [3.6875, 12.875, 3.625, 13.125], "rotation": 180, "texture": "#6"},
				"east": {"uv": [3.125, 12.875, 3.375, 12.9375], "rotation": 270, "texture": "#6"},
				"south": {"uv": [12.9375, 3.5, 12.875, 3.25], "texture": "#6"},
				"west": {"uv": [12.875, 3.125, 13.125, 3.1875], "rotation": 90, "texture": "#6"},
				"up": {"uv": [14.125, 11.625, 14.1875, 11.6875], "rotation": 180, "texture": "#6"},
				"down": {"uv": [11.75, 14.125, 11.8125, 14.1875], "texture": "#6"}
			}
		},
		{
			"from": [7.91003, 10.94871, 7.84906],
			"to": [8.08997, 11.12865, 7.93904],
			"rotation": {"angle": 22.5, "axis": "x", "origin": [8, 9.1125, 8.06185]},
			"faces": {
				"north": {"uv": [11.9375, 14.125, 11.875, 14.1875], "rotation": 180, "texture": "#6"},
				"east": {"uv": [14.25, 8, 14.3125, 8.03125], "rotation": 270, "texture": "#6"},
				"south": {"uv": [14.1875, 11.8125, 14.125, 11.75], "texture": "#6"},
				"west": {"uv": [8.25, 14.25, 8.3125, 14.28125], "rotation": 90, "texture": "#6"},
				"up": {"uv": [14.25, 7.875, 14.3125, 7.90625], "rotation": 180, "texture": "#6"},
				"down": {"uv": [14.25, 8.125, 14.3125, 8.15625], "texture": "#6"}
			}
		},
		{
			"from": [7.82006, 9.05818, 7.6143],
			"to": [8.17994, 10.08386, 7.79425],
			"rotation": {"angle": 22.5, "axis": "x", "origin": [8, 9.1125, 8.06185]},
			"faces": {
				"north": {"uv": [3.75, 9.5, 3.625, 9.84375], "rotation": 180, "texture": "#6"},
				"east": {"uv": [12, 9.625, 12.34375, 9.6875], "rotation": 270, "texture": "#6"},
				"south": {"uv": [3.625, 9.84375, 3.5, 9.5], "texture": "#6"},
				"west": {"uv": [12, 9.75, 12.34375, 9.8125], "rotation": 90, "texture": "#6"},
				"up": {"uv": [4.5, 13.875, 4.625, 13.9375], "rotation": 180, "texture": "#6"},
				"down": {"uv": [13.875, 4.5, 14, 4.5625], "texture": "#6"}
			}
		},
		{
			"from": [7.90967, 9.93124, 7.00468],
			"to": [8.09033, 10.80397, 7.2746],
			"rotation": {"angle": 45, "axis": "x", "origin": [8, 9.1125, 8.06185]},
			"faces": {
				"north": {"uv": [3.3125, 12.5, 3.25, 12.8125], "rotation": 180, "texture": "#6"},
				"east": {"uv": [11, 9.375, 11.3125, 9.46875], "rotation": 270, "texture": "#6"},
				"south": {"uv": [3.1875, 12.8125, 3.125, 12.5], "texture": "#6"},
				"west": {"uv": [11, 10.5, 11.3125, 10.59375], "rotation": 90, "texture": "#6"},
				"up": {"uv": [14, 9.125, 14.0625, 9.21875], "rotation": 180, "texture": "#6"},
				"down": {"uv": [9.25, 14, 9.3125, 14.09375], "texture": "#6"}
			}
		},
		{
			"from": [7.90967, 10.80397, 7.00468],
			"to": [8.09033, 11.3438, 7.18463],
			"rotation": {"angle": 45, "axis": "x", "origin": [8, 9.1125, 8.06185]},
			"faces": {
				"north": {"uv": [13.3125, 5.625, 13.25, 5.8125], "rotation": 180, "texture": "#6"},
				"east": {"uv": [13.25, 5.375, 13.4375, 5.4375], "rotation": 270, "texture": "#6"},
				"south": {"uv": [5.5625, 13.4375, 5.5, 13.25], "texture": "#6"},
				"west": {"uv": [13.25, 5.5, 13.4375, 5.5625], "rotation": 90, "texture": "#6"},
				"up": {"uv": [14.125, 11.875, 14.1875, 11.9375], "rotation": 180, "texture": "#6"},
				"down": {"uv": [12, 14.125, 12.0625, 14.1875], "texture": "#6"}
			}
		},
		{
			"from": [7.8197, 9.84127, 7.2746],
			"to": [8.1803, 10.714, 7.45454],
			"rotation": {"angle": 45, "axis": "x", "origin": [8, 9.1125, 8.06185]},
			"faces": {
				"north": {"uv": [3, 10, 2.875, 10.3125], "rotation": 180, "texture": "#6"},
				"east": {"uv": [3.375, 12.5, 3.6875, 12.5625], "rotation": 270, "texture": "#6"},
				"south": {"uv": [10.125, 3.0625, 10, 2.75], "texture": "#6"},
				"west": {"uv": [12.5, 3.375, 12.8125, 3.4375], "rotation": 90, "texture": "#6"},
				"up": {"uv": [4.625, 13.875, 4.75, 13.9375], "rotation": 180, "texture": "#6"},
				"down": {"uv": [13.875, 4.625, 14, 4.6875], "texture": "#6"}
			}
		},
		{
			"from": [7.82006, 7.52866, 8.06416],
			"to": [8.17994, 9.77796, 8.33408],
			"rotation": {"angle": 22.5, "axis": "x", "origin": [8, 9.1125, 8.06185]},
			"faces": {
				"north": {"uv": [2.875, 4.875, 2.75, 5.65625], "rotation": 180, "texture": "#6"},
				"east": {"uv": [6.375, 1.25, 7.15625, 1.34375], "rotation": 270, "texture": "#6"},
				"south": {"uv": [3.5, 5.40625, 3.375, 4.625], "texture": "#6"},
				"west": {"uv": [6.375, 1.375, 7.15625, 1.46875], "rotation": 90, "texture": "#6"},
				"up": {"uv": [5.75, 13.25, 5.875, 13.34375], "rotation": 180, "texture": "#6"},
				"down": {"uv": [5.875, 13.25, 6, 13.34375], "texture": "#6"}
			}
		}
	],
	"display": {
		"head": {
			"rotation": [0, 180, 0]
		}
	},
	"groups": [
		{
			"name": "sword_brake_general",
			"origin": [8, 2.0625, 8.41185],
			"color": 0,
			"children": [
				{
					"name": "tail19",
					"origin": [8, 2.0625, -22.08015],
					"color": 0,
					"children": [
						{
							"name": "bone4",
							"origin": [3.52, 2.0625, -22.08015],
							"color": 0,
							"children": [0, 1, 2, 3, 4, 5, 6, 7, 8, 9, 10, 11, 12, 13, 14, 15, 16, 17, 18, 19, 20, 21, 22, 23, 24, 25, 26]
						}
					]
				}
			]
		}
	]
}