{
	"credit": "Made with Blockbench",
	"textures": {
		"6": "animated_java:item/dino_aj/texture_anger"
	},
	"elements": [
		{
			"from": [7.90981, 6.95624, 7.95538],
			"to": [8.09019, 7.22682, 8.9475],
			"rotation": {"angle": 0, "axis": "y", "origin": [5.11383, 6.23469, -9.0009]},
			"faces": {
				"north": {"uv": [14, 13.125, 14.0625, 13.21875], "texture": "#6"},
				"east": {"uv": [10.625, 4.25, 10.96875, 4.34375], "texture": "#6"},
				"south": {"uv": [14, 13.25, 14.0625, 13.34375], "texture": "#6"},
				"west": {"uv": [10.625, 4.375, 10.96875, 4.46875], "texture": "#6"},
				"up": {"uv": [2.1875, 12.46875, 2.125, 12.125], "texture": "#6"},
				"down": {"uv": [2.3125, 12.125, 2.25, 12.46875], "texture": "#6"}
			}
		},
		{
			"from": [7.90945, 7.04643, 8.9475],
			"to": [8.09055, 7.22682, 9.48866],
			"rotation": {"angle": 0, "axis": "y", "origin": [5.11383, 6.23469, -9.0009]},
			"faces": {
				"north": {"uv": [14.125, 13.375, 14.1875, 13.4375], "texture": "#6"},
				"east": {"uv": [13.25, 9.125, 13.4375, 9.1875], "texture": "#6"},
				"south": {"uv": [13.5, 14.125, 13.5625, 14.1875], "texture": "#6"},
				"west": {"uv": [9.25, 13.25, 9.4375, 13.3125], "texture": "#6"},
				"up": {"uv": [13.3125, 9.4375, 13.25, 9.25], "texture": "#6"},
				"down": {"uv": [9.5625, 13.25, 9.5, 13.4375], "texture": "#6"}
			}
		},
		{
			"from": [7.90981, -0.07881, 8.3883],
			"to": [8.09019, 0.10157, 8.9475],
			"rotation": {"angle": -22.5, "axis": "x", "origin": [5.11383, 6.23469, -9.0009]},
			"faces": {
				"north": {"uv": [14.125, 13.5, 14.1875, 13.5625], "texture": "#6"},
				"east": {"uv": [13.25, 9.5, 13.4375, 9.5625], "texture": "#6"},
				"south": {"uv": [13.625, 14.125, 13.6875, 14.1875], "texture": "#6"},
				"west": {"uv": [9.625, 13.25, 9.8125, 13.3125], "texture": "#6"},
				"up": {"uv": [13.3125, 9.9375, 13.25, 9.75], "texture": "#6"},
				"down": {"uv": [9.9375, 13.25, 9.875, 13.4375], "texture": "#6"}
			}
		},
		{
			"from": [7.91017, 7.27191, 9.72316],
			"to": [8.08983, 7.54249, 9.99374],
			"rotation": {"angle": 0, "axis": "y", "origin": [5.11383, 6.23469, -9.0009]},
			"faces": {
				"north": {"uv": [14, 13.375, 14.0625, 13.46875], "texture": "#6"},
				"east": {"uv": [4.25, 13.75, 4.34375, 13.84375], "texture": "#6"},
				"south": {"uv": [14, 13.5, 14.0625, 13.59375], "texture": "#6"},
				"west": {"uv": [13.75, 4.25, 13.84375, 4.34375], "texture": "#6"},
				"up": {"uv": [14.0625, 13.71875, 14, 13.625], "texture": "#6"},
				"down": {"uv": [13.8125, 14, 13.75, 14.09375], "texture": "#6"}
			}
		},
		{
			"from": [7.72942, 8.12875, 8.9475],
			"to": [8.27058, 8.30913, 9.93962],
			"rotation": {"angle": 0, "axis": "y", "origin": [5.11383, 6.41508, -9.0009]},
			"faces": {
				"north": {"uv": [10, 13.25, 10.1875, 13.3125], "texture": "#6"},
				"east": {"uv": [2.375, 12.125, 2.71875, 12.1875], "texture": "#6"},
				"south": {"uv": [13.25, 10, 13.4375, 10.0625], "texture": "#6"},
				"west": {"uv": [2.75, 12.125, 3.09375, 12.1875], "texture": "#6"},
				"up": {"uv": [7.6875, 6.59375, 7.5, 6.25], "texture": "#6"},
				"down": {"uv": [7.6875, 6.625, 7.5, 6.96875], "texture": "#6"}
			}
		},
		{
			"from": [7.72942, 8.30913, 8.9475],
			"to": [8.27058, 8.6699, 9.57885],
			"rotation": {"angle": 0, "axis": "y", "origin": [5.11383, 6.41508, -9.0009]},
			"faces": {
				"north": {"uv": [4.5, 11.875, 4.6875, 12], "texture": "#6"},
				"east": {"uv": [0.5, 11.25, 0.71875, 11.375], "texture": "#6"},
				"south": {"uv": [11.875, 4.5, 12.0625, 4.625], "texture": "#6"},
				"west": {"uv": [11.25, 0.5, 11.46875, 0.625], "texture": "#6"},
				"up": {"uv": [6.1875, 9.96875, 6, 9.75], "texture": "#6"},
				"down": {"uv": [7.4375, 9.75, 7.25, 9.96875], "texture": "#6"}
			}
		},
		{
			"from": [8.82697, 5.84492, 9.57885],
			"to": [9.00736, 6.1155, 10.2102],
			"rotation": {"angle": 45, "axis": "z", "origin": [5.12004, 6.41314, -8.45974]},
			"faces": {
				"north": {"uv": [14, 13.75, 14.0625, 13.84375], "texture": "#6"},
				"east": {"uv": [12.375, 2.125, 12.59375, 2.21875], "texture": "#6"},
				"south": {"uv": [13.875, 14, 13.9375, 14.09375], "texture": "#6"},
				"west": {"uv": [12.375, 2.25, 12.59375, 2.34375], "texture": "#6"},
				"up": {"uv": [13.0625, 12.59375, 13, 12.375], "texture": "#6"},
				"down": {"uv": [12.6875, 13, 12.625, 13.21875], "texture": "#6"}
			}
		},
		{
			"from": [8.85683, 5.93706, 10.2102],
			"to": [9.03722, 6.1896, 10.84155],
			"rotation": {"angle": 45, "axis": "z", "origin": [5.11383, 6.41508, -8.45974]},
			"faces": {
				"north": {"uv": [14, 13.875, 14.0625, 13.96875], "texture": "#6"},
				"east": {"uv": [2.375, 12.375, 2.59375, 12.46875], "texture": "#6"},
				"south": {"uv": [14, 14, 14.0625, 14.09375], "texture": "#6"},
				"west": {"uv": [12.375, 2.375, 12.59375, 2.46875], "texture": "#6"},
				"up": {"uv": [13.0625, 12.84375, 13, 12.625], "texture": "#6"},
				"down": {"uv": [12.8125, 13, 12.75, 13.21875], "texture": "#6"}
			}
		},
		{
			"from": [8.75746, 5.77824, 8.9475],
			"to": [8.93785, 6.04882, 9.57885],
			"rotation": {"angle": 45, "axis": "z", "origin": [5.11366, 6.41861, -8.45974]},
			"faces": {
				"north": {"uv": [0, 14.125, 0.0625, 14.21875], "texture": "#6"},
				"east": {"uv": [12.375, 2.5, 12.59375, 2.59375], "texture": "#6"},
				"south": {"uv": [14.125, 0, 14.1875, 0.09375], "texture": "#6"},
				"west": {"uv": [2.625, 12.375, 2.84375, 12.46875], "texture": "#6"},
				"up": {"uv": [12.9375, 13.21875, 12.875, 13], "texture": "#6"},
				"down": {"uv": [13.0625, 13, 13, 13.21875], "texture": "#6"}
			}
		},
		{
			"from": [7.77452, 8.48952, 10.2102],
			"to": [8.22548, 8.85029, 10.66117],
			"rotation": {"angle": 0, "axis": "y", "origin": [5.11383, 6.41508, -9.0009]},
			"faces": {
				"north": {"uv": [5.625, 12.5, 5.78125, 12.625], "texture": "#6"},
				"east": {"uv": [6.125, 12.5, 6.28125, 12.625], "texture": "#6"},
				"south": {"uv": [12.5, 6.375, 12.65625, 6.5], "texture": "#6"},
				"west": {"uv": [12.5, 6.5, 12.65625, 6.625], "texture": "#6"},
				"up": {"uv": [7.65625, 11.65625, 7.5, 11.5], "texture": "#6"},
				"down": {"uv": [7.90625, 11.5, 7.75, 11.65625], "texture": "#6"}
			}
		},
		{
			"from": [7.77452, 8.48952, 10.66117],
			"to": [8.22548, 8.85029, 10.84155],
			"rotation": {"angle": 0, "axis": "y", "origin": [5.11383, 6.41508, -9.0009]},
			"faces": {
				"north": {"uv": [12.5, 6.625, 12.65625, 6.75], "texture": "#6"},
				"east": {"uv": [13.875, 7.875, 13.9375, 8], "texture": "#6"},
				"south": {"uv": [6.75, 12.5, 6.90625, 12.625], "texture": "#6"},
				"west": {"uv": [8, 13.875, 8.0625, 14], "texture": "#6"},
				"up": {"uv": [13.78125, 4.5625, 13.625, 4.5], "texture": "#6"},
				"down": {"uv": [13.78125, 5, 13.625, 5.0625], "texture": "#6"}
			}
		},
		{
			"from": [7.9549, 8.85029, 10.2102],
			"to": [8.0451, 9.03068, 10.84155],
			"rotation": {"angle": 0, "axis": "y", "origin": [5.11383, 6.41508, -9.0009]},
			"faces": {
				"north": {"uv": [9, 14.25, 9.03125, 14.3125], "texture": "#6"},
				"east": {"uv": [0, 13.125, 0.21875, 13.1875], "texture": "#6"},
				"south": {"uv": [14.25, 9, 14.28125, 9.0625], "texture": "#6"},
				"west": {"uv": [0.25, 13.125, 0.46875, 13.1875], "texture": "#6"},
				"up": {"uv": [13.40625, 14.09375, 13.375, 13.875], "texture": "#6"},
				"down": {"uv": [13.53125, 13.875, 13.5, 14.09375], "texture": "#6"}
			}
		},
		{
			"from": [7.72942, 8.22796, 9.57885],
			"to": [8.27058, 8.7601, 10.2102],
			"rotation": {"angle": 0, "axis": "y", "origin": [5.11383, 6.41508, -9.0009]},
			"faces": {
				"north": {"uv": [5.875, 10.25, 6.0625, 10.4375], "texture": "#6"},
				"east": {"uv": [9.75, 7.875, 9.96875, 8.0625], "texture": "#6"},
				"south": {"uv": [10.25, 6.125, 10.4375, 6.3125], "texture": "#6"},
				"west": {"uv": [8, 9.75, 8.21875, 9.9375], "texture": "#6"},
				"up": {"uv": [9.9375, 8.96875, 9.75, 8.75], "texture": "#6"},
				"down": {"uv": [9.9375, 9, 9.75, 9.21875], "texture": "#6"}
			}
		},
		{
			"from": [7.72906, 0.73292, 9.15494],
			"to": [8.27094, 0.91331, 9.44356],
			"rotation": {"angle": -22.5, "axis": "x", "origin": [5.11383, 6.41508, -9.0009]},
			"faces": {
				"north": {"uv": [13.25, 10.125, 13.4375, 10.1875], "texture": "#6"},
				"east": {"uv": [0.125, 14.125, 0.21875, 14.1875], "texture": "#6"},
				"south": {"uv": [13.25, 10.25, 13.4375, 10.3125], "texture": "#6"},
				"west": {"uv": [14.125, 0.125, 14.21875, 0.1875], "texture": "#6"},
				"up": {"uv": [2.5625, 12.84375, 2.375, 12.75], "texture": "#6"},
				"down": {"uv": [2.8125, 12.75, 2.625, 12.84375], "texture": "#6"}
			}
		},
		{
			"from": [7.77488, 0.73292, 9.44356],
			"to": [8.22512, 1.0035, 10.12903],
			"rotation": {"angle": -22.5, "axis": "x", "origin": [5.11383, 6.41508, -9.0009]},
			"faces": {
				"north": {"uv": [13, 1.875, 13.15625, 1.96875], "texture": "#6"},
				"east": {"uv": [11.875, 4.625, 12.125, 4.71875], "texture": "#6"},
				"south": {"uv": [13, 2, 13.15625, 2.09375], "texture": "#6"},
				"west": {"uv": [4.75, 11.875, 5, 11.96875], "texture": "#6"},
				"up": {"uv": [6.03125, 10.25, 5.875, 10], "texture": "#6"},
				"down": {"uv": [7.40625, 10, 7.25, 10.25], "texture": "#6"}
			}
		},
		{
			"from": [7.86435, 16.06573, 6.69268],
			"to": [8.13565, 16.24611, 7.6848],
			"rotation": {"angle": 22.5, "axis": "x", "origin": [5.11383, 6.41508, -9.0009]},
			"faces": {
				"north": {"uv": [0.25, 14.125, 0.34375, 14.1875], "texture": "#6"},
				"east": {"uv": [12.125, 2.875, 12.46875, 2.9375], "texture": "#6"},
				"south": {"uv": [14.125, 0.25, 14.21875, 0.3125], "texture": "#6"},
				"west": {"uv": [12.125, 3, 12.46875, 3.0625], "texture": "#6"},
				"up": {"uv": [4.34375, 10.96875, 4.25, 10.625], "texture": "#6"},
				"down": {"uv": [4.59375, 10.625, 4.5, 10.96875], "texture": "#6"}
			}
		},
		{
			"from": [7.86435, 15.88534, 7.32403],
			"to": [8.13565, 16.06573, 7.86518],
			"rotation": {"angle": 22.5, "axis": "x", "origin": [5.11383, 6.41508, -9.0009]},
			"faces": {
				"north": {"uv": [0.375, 14.125, 0.46875, 14.1875], "texture": "#6"},
				"east": {"uv": [10.375, 13.25, 10.5625, 13.3125], "texture": "#6"},
				"south": {"uv": [14.125, 0.375, 14.21875, 0.4375], "texture": "#6"},
				"west": {"uv": [13.25, 10.375, 13.4375, 10.4375], "texture": "#6"},
				"up": {"uv": [1.21875, 12.9375, 1.125, 12.75], "texture": "#6"},
				"down": {"uv": [2.96875, 12.75, 2.875, 12.9375], "texture": "#6"}
			}
		},
		{
			"from": [7.86471, 21.34202, 1.80422],
			"to": [8.13529, 21.5224, 2.25518],
			"rotation": {"angle": 45, "axis": "x", "origin": [5.11383, 6.41508, -9.0009]},
			"faces": {
				"north": {"uv": [0.5, 14.125, 0.59375, 14.1875], "texture": "#6"},
				"east": {"uv": [13.625, 5.25, 13.78125, 5.3125], "texture": "#6"},
				"south": {"uv": [14.125, 0.5, 14.21875, 0.5625], "texture": "#6"},
				"west": {"uv": [13.625, 6, 13.78125, 6.0625], "texture": "#6"},
				"up": {"uv": [13.09375, 2.28125, 13, 2.125], "texture": "#6"},
				"down": {"uv": [2.34375, 13, 2.25, 13.15625], "texture": "#6"}
			}
		},
		{
			"from": [7.86471, 21.60358, 2.63399],
			"to": [8.13529, 21.87415, 2.90457],
			"rotation": {"angle": 45, "axis": "x", "origin": [5.11383, 6.41508, -9.0009]},
			"faces": {
				"north": {"uv": [4.375, 13.75, 4.46875, 13.84375], "texture": "#6"},
				"east": {"uv": [13.75, 4.375, 13.84375, 4.46875], "texture": "#6"},
				"south": {"uv": [4.5, 13.75, 4.59375, 13.84375], "texture": "#6"},
				"west": {"uv": [4.625, 13.75, 4.71875, 13.84375], "texture": "#6"},
				"up": {"uv": [13.84375, 4.71875, 13.75, 4.625], "texture": "#6"},
				"down": {"uv": [4.84375, 13.75, 4.75, 13.84375], "texture": "#6"}
			}
		},
		{
			"from": [7.81961, 20.7738, 1.61481],
			"to": [8.18039, 20.95419, 2.33636],
			"rotation": {"angle": 45, "axis": "x", "origin": [5.11383, 6.41508, -9.0009]},
			"faces": {
				"north": {"uv": [13.875, 8, 14, 8.0625], "texture": "#6"},
				"east": {"uv": [12.875, 5.625, 13.125, 5.6875], "texture": "#6"},
				"south": {"uv": [8.125, 13.875, 8.25, 13.9375], "texture": "#6"},
				"west": {"uv": [5.75, 12.875, 6, 12.9375], "texture": "#6"},
				"up": {"uv": [4.125, 11.125, 4, 10.875], "texture": "#6"},
				"down": {"uv": [11, 4, 10.875, 4.25], "texture": "#6"}
			}
		},
		{
			"from": [7.90981, 8.6699, 8.85731],
			"to": [8.09019, 8.85029, 9.57885],
			"rotation": {"angle": 0, "axis": "y", "origin": [5.11383, 6.41508, -9.0009]},
			"faces": {
				"north": {"uv": [14.125, 13.625, 14.1875, 13.6875], "texture": "#6"},
				"east": {"uv": [12.875, 5.75, 13.125, 5.8125], "texture": "#6"},
				"south": {"uv": [13.75, 14.125, 13.8125, 14.1875], "texture": "#6"},
				"west": {"uv": [12.875, 5.875, 13.125, 5.9375], "texture": "#6"},
				"up": {"uv": [6.0625, 13.125, 6, 12.875], "texture": "#6"},
				"down": {"uv": [6.1875, 12.875, 6.125, 13.125], "texture": "#6"}
			}
		},
		{
			"from": [7.81997, 1.76112, 7.77499],
			"to": [8.18003, 2.16699, 8.49653],
			"rotation": {"angle": -22.5, "axis": "x", "origin": [5.11383, 6.41508, -9.0009]},
			"faces": {
				"north": {"uv": [6.375, 12.5, 6.5, 12.65625], "texture": "#6"},
				"east": {"uv": [10, 7.875, 10.25, 8.03125], "texture": "#6"},
				"south": {"uv": [12.5, 7.125, 12.625, 7.28125], "texture": "#6"},
				"west": {"uv": [8, 10, 8.25, 10.15625], "texture": "#6"},
				"up": {"uv": [11, 5, 10.875, 4.75], "texture": "#6"},
				"down": {"uv": [11, 5, 10.875, 5.25], "texture": "#6"}
			}
		},
		{
			"from": [7.86507, 1.36428, 9.03769],
			"to": [8.13493, 1.90543, 9.39846],
			"rotation": {"angle": -22.5, "axis": "x", "origin": [5.11383, 6.41508, -9.0009]},
			"faces": {
				"north": {"uv": [12.75, 2.875, 12.84375, 3.0625], "texture": "#6"},
				"east": {"uv": [4, 11.875, 4.125, 12.0625], "texture": "#6"},
				"south": {"uv": [3.375, 12.75, 3.46875, 12.9375], "texture": "#6"},
				"west": {"uv": [11.875, 4.75, 12, 4.9375], "texture": "#6"},
				"up": {"uv": [10.71875, 13.375, 10.625, 13.25], "texture": "#6"},
				"down": {"uv": [10.84375, 13.25, 10.75, 13.375], "texture": "#6"}
			}
		},
		{
			"from": [7.68432, 8.30913, 7.95538],
			"to": [8.31568, 8.6699, 8.9475],
			"rotation": {"angle": 0, "axis": "y", "origin": [5.11383, 6.41508, -9.0009]},
			"faces": {
				"north": {"uv": [11.25, 0.625, 11.46875, 0.75], "texture": "#6"},
				"east": {"uv": [0.75, 9.625, 1.09375, 9.75], "texture": "#6"},
				"south": {"uv": [0.75, 11.25, 0.96875, 11.375], "texture": "#6"},
				"west": {"uv": [9.625, 0.75, 9.96875, 0.875], "texture": "#6"},
				"up": {"uv": [6.71875, 3.21875, 6.5, 2.875], "texture": "#6"},
				"down": {"uv": [3.71875, 6.5, 3.5, 6.84375], "texture": "#6"}
			}
		},
		{
			"from": [8.79399, 5.7448, 7.95574],
			"to": [8.97438, 6.01538, 8.94786],
			"rotation": {"angle": 45, "axis": "z", "origin": [5.11412, 6.41223, -9.00126]},
			"faces": {
				"north": {"uv": [0.625, 14.125, 0.6875, 14.21875], "texture": "#6"},
				"east": {"uv": [10.625, 4.5, 10.96875, 4.59375], "texture": "#6"},
				"south": {"uv": [14.125, 0.625, 14.1875, 0.71875], "texture": "#6"},
				"west": {"uv": [4.625, 10.625, 4.96875, 10.71875], "texture": "#6"},
				"up": {"uv": [3.1875, 12.46875, 3.125, 12.125], "texture": "#6"},
				"down": {"uv": [3.3125, 12.125, 3.25, 12.46875], "texture": "#6"}
			}
		},
		{
			"from": [7.86471, 8.6699, 7.95538],
			"to": [8.13529, 8.85029, 8.22596],
			"rotation": {"angle": 0, "axis": "y", "origin": [5.11383, 6.41508, -9.0009]},
			"faces": {
				"north": {"uv": [0.75, 14.125, 0.84375, 14.1875], "texture": "#6"},
				"east": {"uv": [0.875, 14.125, 0.96875, 14.1875], "texture": "#6"},
				"south": {"uv": [14.125, 0.875, 14.21875, 0.9375], "texture": "#6"},
				"west": {"uv": [1, 14.125, 1.09375, 14.1875], "texture": "#6"},
				"up": {"uv": [13.84375, 4.84375, 13.75, 4.75], "texture": "#6"},
				"down": {"uv": [4.96875, 13.75, 4.875, 13.84375], "texture": "#6"}
			}
		},
		{
			"from": [7.68432, 8.03855, 7.95538],
			"to": [8.31568, 8.30913, 8.9475],
			"rotation": {"angle": 0, "axis": "y", "origin": [5.11383, 6.41508, -9.0009]},
			"faces": {
				"north": {"uv": [12.375, 2.625, 12.59375, 2.71875], "texture": "#6"},
				"east": {"uv": [10.625, 4.625, 10.96875, 4.71875], "texture": "#6"},
				"south": {"uv": [12.375, 2.75, 12.59375, 2.84375], "texture": "#6"},
				"west": {"uv": [5, 10.625, 5.34375, 10.71875], "texture": "#6"},
				"up": {"uv": [6.71875, 3.84375, 6.5, 3.5], "texture": "#6"},
				"down": {"uv": [3.96875, 6.5, 3.75, 6.84375], "texture": "#6"}
			}
		},
		{
			"from": [8.69449, 6.69468, 7.95502],
			"to": [8.82076, 7.04643, 8.94786],
			"rotation": {"angle": 22.5, "axis": "z", "origin": [5.11383, 6.41508, -9.0009]},
			"faces": {
				"north": {"uv": [14.125, 13.75, 14.15625, 13.875], "texture": "#6"},
				"east": {"uv": [9.625, 0.875, 9.96875, 1], "texture": "#6"},
				"south": {"uv": [13.875, 14.125, 13.90625, 14.25], "texture": "#6"},
				"west": {"uv": [9.625, 1, 9.96875, 1.125], "texture": "#6"},
				"up": {"uv": [5.90625, 13.71875, 5.875, 13.375], "texture": "#6"},
				"down": {"uv": [6.03125, 13.375, 6, 13.71875], "texture": "#6"}
			}
		},
		{
			"from": [8.68547, 6.79389, 8.9475],
			"to": [8.77566, 7.06447, 9.93962],
			"rotation": {"angle": 22.5, "axis": "z", "origin": [5.11383, 6.41508, -9.0009]},
			"faces": {
				"north": {"uv": [4.875, 14.25, 4.90625, 14.34375], "texture": "#6"},
				"east": {"uv": [10.625, 5.5, 10.96875, 5.59375], "texture": "#6"},
				"south": {"uv": [5, 14.25, 5.03125, 14.34375], "texture": "#6"},
				"west": {"uv": [5.625, 10.625, 5.96875, 10.71875], "texture": "#6"},
				"up": {"uv": [13.40625, 6.34375, 13.375, 6], "texture": "#6"},
				"down": {"uv": [6.15625, 13.375, 6.125, 13.71875], "texture": "#6"}
			}
		},
		{
			"from": [7.72942, 7.4072, 7.95538],
			"to": [8.27058, 7.76798, 8.9475],
			"rotation": {"angle": 0, "axis": "y", "origin": [5.11383, 6.41508, -9.0009]},
			"faces": {
				"north": {"uv": [11.875, 5, 12.0625, 5.125], "texture": "#6"},
				"east": {"uv": [9.625, 1.125, 9.96875, 1.25], "texture": "#6"},
				"south": {"uv": [5.125, 11.875, 5.3125, 12], "texture": "#6"},
				"west": {"uv": [9.625, 1.5, 9.96875, 1.625], "texture": "#6"},
				"up": {"uv": [6.9375, 7.84375, 6.75, 7.5], "texture": "#6"},
				"down": {"uv": [7.6875, 7, 7.5, 7.34375], "texture": "#6"}
			}
		},
		{
			"from": [7.72942, 7.67778, 8.9475],
			"to": [8.27058, 7.85817, 10.04785],
			"rotation": {"angle": 0, "axis": "y", "origin": [5.11383, 6.41508, -9.0009]},
			"faces": {
				"north": {"uv": [10.875, 13.25, 11.0625, 13.3125], "texture": "#6"},
				"east": {"uv": [11.875, 5.125, 12.25, 5.1875], "texture": "#6"},
				"south": {"uv": [13.25, 11, 13.4375, 11.0625], "texture": "#6"},
				"west": {"uv": [11.875, 5.25, 12.25, 5.3125], "texture": "#6"},
				"up": {"uv": [7.0625, 6.625, 6.875, 6.25], "texture": "#6"},
				"down": {"uv": [6.8125, 6.875, 6.625, 7.25], "texture": "#6"}
			}
		},
		{
			"from": [7.72906, 7.4072, 8.9475],
			"to": [8.27094, 7.67778, 9.48866],
			"rotation": {"angle": 0, "axis": "y", "origin": [5.11383, 6.41508, -9.0009]},
			"faces": {
				"north": {"uv": [12.75, 3.5, 12.9375, 3.59375], "texture": "#6"},
				"east": {"uv": [12.75, 3.625, 12.9375, 3.71875], "texture": "#6"},
				"south": {"uv": [3.75, 12.75, 3.9375, 12.84375], "texture": "#6"},
				"west": {"uv": [12.75, 3.75, 12.9375, 3.84375], "texture": "#6"},
				"up": {"uv": [6.5625, 10.4375, 6.375, 10.25], "texture": "#6"},
				"down": {"uv": [10.4375, 6.5, 10.25, 6.6875], "texture": "#6"}
			}
		},
		{
			"from": [7.72942, 0.28196, 8.40634],
			"to": [8.27058, 0.46235, 9.84943],
			"rotation": {"angle": -22.5, "axis": "x", "origin": [5.11383, 6.41508, -9.0009]},
			"faces": {
				"north": {"uv": [11.125, 13.25, 11.3125, 13.3125], "texture": "#6"},
				"east": {"uv": [10.875, 5.25, 11.375, 5.3125], "texture": "#6"},
				"south": {"uv": [13.25, 11.25, 13.4375, 11.3125], "texture": "#6"},
				"west": {"uv": [10.875, 5.375, 11.375, 5.4375], "texture": "#6"},
				"up": {"uv": [5.3125, 5.75, 5.125, 5.25], "texture": "#6"},
				"down": {"uv": [5.5625, 0, 5.375, 0.5], "texture": "#6"}
			}
		},
		{
			"from": [7.47688, 8.715, 8.9475],
			"to": [7.56707, 8.95852, 9.87649],
			"rotation": {"angle": -22.5, "axis": "z", "origin": [5.11383, 6.41508, -9.0009]},
			"faces": {
				"north": {"uv": [5.125, 14.25, 5.15625, 14.34375], "texture": "#6"},
				"east": {"uv": [11.125, 6.375, 11.4375, 6.46875], "texture": "#6"},
				"south": {"uv": [5.25, 14.25, 5.28125, 14.34375], "texture": "#6"},
				"west": {"uv": [11.125, 6.5, 11.4375, 6.59375], "texture": "#6"},
				"up": {"uv": [6.90625, 13.9375, 6.875, 13.625], "texture": "#6"},
				"down": {"uv": [13.65625, 7, 13.625, 7.3125], "texture": "#6"}
			}
		},
		{
			"from": [7.45884, 8.56167, 7.95502],
			"to": [7.63923, 8.88637, 8.94786],
			"rotation": {"angle": -22.5, "axis": "z", "origin": [5.11383, 6.41508, -9.0009]},
			"faces": {
				"north": {"uv": [13.875, 8.125, 13.9375, 8.25], "texture": "#6"},
				"east": {"uv": [1.625, 9.625, 1.96875, 9.75], "texture": "#6"},
				"south": {"uv": [8.25, 13.875, 8.3125, 14], "texture": "#6"},
				"west": {"uv": [2, 9.625, 2.34375, 9.75], "texture": "#6"},
				"up": {"uv": [3.9375, 12.46875, 3.875, 12.125], "texture": "#6"},
				"down": {"uv": [4.0625, 12.125, 4, 12.46875], "texture": "#6"}
			}
		},
		{
			"from": [6.96278, 5.93706, 10.2102],
			"to": [7.14317, 6.1896, 10.84155],
			"rotation": {"angle": -45, "axis": "z", "origin": [10.88617, 6.41508, -8.45974]},
			"faces": {
				"north": {"uv": [14.125, 1, 14.1875, 1.09375], "texture": "#6"},
				"east": {"uv": [12.375, 3.125, 12.59375, 3.21875], "texture": "#6"},
				"south": {"uv": [1.125, 14.125, 1.1875, 14.21875], "texture": "#6"},
				"west": {"uv": [12.375, 3.25, 12.59375, 3.34375], "texture": "#6"},
				"up": {"uv": [0.5625, 13.34375, 0.5, 13.125], "texture": "#6"},
				"down": {"uv": [0.6875, 13.125, 0.625, 13.34375], "texture": "#6"}
			}
		},
		{
			"from": [6.99264, 5.84492, 9.57885],
			"to": [7.17303, 6.1155, 10.2102],
			"rotation": {"angle": -45, "axis": "z", "origin": [10.87996, 6.41314, -8.45974]},
			"faces": {
				"north": {"uv": [14.125, 1.125, 14.1875, 1.21875], "texture": "#6"},
				"east": {"uv": [3.375, 12.375, 3.59375, 12.46875], "texture": "#6"},
				"south": {"uv": [1.25, 14.125, 1.3125, 14.21875], "texture": "#6"},
				"west": {"uv": [12.375, 3.5, 12.59375, 3.59375], "texture": "#6"},
				"up": {"uv": [0.8125, 13.34375, 0.75, 13.125], "texture": "#6"},
				"down": {"uv": [13.1875, 0.75, 13.125, 0.96875], "texture": "#6"}
			}
		},
		{
			"from": [7.06215, 5.77824, 8.9475],
			"to": [7.24254, 6.04882, 9.57885],
			"rotation": {"angle": -45, "axis": "z", "origin": [10.88634, 6.41861, -8.45974]},
			"faces": {
				"north": {"uv": [14.125, 1.25, 14.1875, 1.34375], "texture": "#6"},
				"east": {"uv": [3.625, 12.375, 3.84375, 12.46875], "texture": "#6"},
				"south": {"uv": [1.375, 14.125, 1.4375, 14.21875], "texture": "#6"},
				"west": {"uv": [12.375, 3.625, 12.59375, 3.71875], "texture": "#6"},
				"up": {"uv": [1.0625, 13.34375, 1, 13.125], "texture": "#6"},
				"down": {"uv": [1.1875, 13.125, 1.125, 13.34375], "texture": "#6"}
			}
		},
		{
			"from": [7.02562, 5.7448, 7.95574],
			"to": [7.20601, 6.01538, 8.94786],
			"rotation": {"angle": -45, "axis": "z", "origin": [10.88588, 6.41223, -9.00126]},
			"faces": {
				"north": {"uv": [14.125, 1.375, 14.1875, 1.46875], "texture": "#6"},
				"east": {"uv": [10.625, 5.625, 10.96875, 5.71875], "texture": "#6"},
				"south": {"uv": [1.5, 14.125, 1.5625, 14.21875], "texture": "#6"},
				"west": {"uv": [10.625, 5.75, 10.96875, 5.84375], "texture": "#6"},
				"up": {"uv": [4.1875, 12.46875, 4.125, 12.125], "texture": "#6"},
				"down": {"uv": [12.1875, 4.375, 12.125, 4.71875], "texture": "#6"}
			}
		},
		{
			"from": [7.17924, 6.69468, 7.95502],
			"to": [7.30551, 7.04643, 8.94786],
			"rotation": {"angle": -22.5, "axis": "z", "origin": [10.88617, 6.41508, -9.0009]},
			"faces": {
				"north": {"uv": [14.125, 13.875, 14.15625, 14], "texture": "#6"},
				"east": {"uv": [9.625, 2.25, 9.96875, 2.375], "texture": "#6"},
				"south": {"uv": [14, 14.125, 14.03125, 14.25], "texture": "#6"},
				"west": {"uv": [9.625, 2.375, 9.96875, 2.5], "texture": "#6"},
				"up": {"uv": [6.53125, 13.71875, 6.5, 13.375], "texture": "#6"},
				"down": {"uv": [6.65625, 13.375, 6.625, 13.71875], "texture": "#6"}
			}
		},
		{
			"from": [7.22434, 6.79389, 8.9475],
			"to": [7.31453, 7.06447, 9.93962],
			"rotation": {"angle": -22.5, "axis": "z", "origin": [10.88617, 6.41508, -9.0009]},
			"faces": {
				"north": {"uv": [5.375, 14.25, 5.40625, 14.34375], "texture": "#6"},
				"east": {"uv": [10.625, 5.875, 10.96875, 5.96875], "texture": "#6"},
				"south": {"uv": [5.5, 14.25, 5.53125, 14.34375], "texture": "#6"},
				"west": {"uv": [6, 10.625, 6.34375, 10.71875], "texture": "#6"},
				"up": {"uv": [7.03125, 13.71875, 7, 13.375], "texture": "#6"},
				"down": {"uv": [7.15625, 13.375, 7.125, 13.71875], "texture": "#6"}
			}
		},
		{
			"from": [8.43293, 8.715, 8.9475],
			"to": [8.52312, 8.95852, 9.87649],
			"rotation": {"angle": 22.5, "axis": "z", "origin": [10.88617, 6.41508, -9.0009]},
			"faces": {
				"north": {"uv": [5.625, 14.25, 5.65625, 14.34375], "texture": "#6"},
				"east": {"uv": [6.625, 11.125, 6.9375, 11.21875], "texture": "#6"},
				"south": {"uv": [14.25, 5.625, 14.28125, 5.71875], "texture": "#6"},
				"west": {"uv": [7, 11.125, 7.3125, 11.21875], "texture": "#6"},
				"up": {"uv": [7.28125, 13.9375, 7.25, 13.625], "texture": "#6"},
				"down": {"uv": [7.40625, 13.625, 7.375, 13.9375], "texture": "#6"}
			}
		},
		{
			"from": [8.36077, 8.56167, 7.95502],
			"to": [8.54116, 8.88637, 8.94786],
			"rotation": {"angle": 22.5, "axis": "z", "origin": [10.88617, 6.41508, -9.0009]},
			"faces": {
				"north": {"uv": [13.875, 8.25, 13.9375, 8.375], "texture": "#6"},
				"east": {"uv": [9.625, 2.75, 9.96875, 2.875], "texture": "#6"},
				"south": {"uv": [8.375, 13.875, 8.4375, 14], "texture": "#6"},
				"west": {"uv": [9.625, 2.875, 9.96875, 3], "texture": "#6"},
				"up": {"uv": [4.8125, 12.46875, 4.75, 12.125], "texture": "#6"},
				"down": {"uv": [4.9375, 12.125, 4.875, 12.46875], "texture": "#6"}
			}
		},
		{
			"from": [7.81925, 7.22682, 7.95538],
			"to": [8.18075, 7.4072, 9.48866],
			"rotation": {"angle": 0, "axis": "y", "origin": [5.11383, 6.23469, -9.0009]},
			"faces": {
				"north": {"uv": [13.875, 8.375, 14, 8.4375], "texture": "#6"},
				"east": {"uv": [10.375, 9.25, 10.90625, 9.3125], "texture": "#6"},
				"south": {"uv": [8.5, 13.875, 8.625, 13.9375], "texture": "#6"},
				"west": {"uv": [9.375, 10.375, 9.90625, 10.4375], "texture": "#6"},
				"up": {"uv": [7.25, 6.90625, 7.125, 6.375], "texture": "#6"},
				"down": {"uv": [7.25, 7, 7.125, 7.53125], "texture": "#6"}
			}
		},
		{
			"from": [7.81961, 0.10157, 8.40634],
			"to": [8.18039, 0.28196, 9.39846],
			"rotation": {"angle": -22.5, "axis": "x", "origin": [5.11383, 6.23469, -9.0009]},
			"faces": {
				"north": {"uv": [13.875, 8.5, 14, 8.5625], "texture": "#6"},
				"east": {"uv": [12.125, 3.375, 12.46875, 3.4375], "texture": "#6"},
				"south": {"uv": [8.625, 13.875, 8.75, 13.9375], "texture": "#6"},
				"west": {"uv": [12.125, 4, 12.46875, 4.0625], "texture": "#6"},
				"up": {"uv": [1.25, 9.96875, 1.125, 9.625], "texture": "#6"},
				"down": {"uv": [1.375, 9.625, 1.25, 9.96875], "texture": "#6"}
			}
		},
		{
			"from": [7.81997, 7.60563, 10.1651],
			"to": [8.18003, 7.87621, 10.34549],
			"rotation": {"angle": 0, "axis": "y", "origin": [5.11383, 6.23469, -9.0009]},
			"faces": {
				"north": {"uv": [11.375, 13.25, 11.5, 13.34375], "texture": "#6"},
				"east": {"uv": [14.125, 1.5, 14.1875, 1.59375], "texture": "#6"},
				"south": {"uv": [11.5, 13.25, 11.625, 13.34375], "texture": "#6"},
				"west": {"uv": [1.625, 14.125, 1.6875, 14.21875], "texture": "#6"},
				"up": {"uv": [14, 8.6875, 13.875, 8.625], "texture": "#6"},
				"down": {"uv": [8.875, 13.875, 8.75, 13.9375], "texture": "#6"}
			}
		},
		{
			"from": [7.81961, 20.12441, 2.18303],
			"to": [8.18039, 20.3048, 3.17515],
			"rotation": {"angle": 45, "axis": "x", "origin": [5.11383, 6.23469, -9.0009]},
			"faces": {
				"north": {"uv": [13.875, 8.75, 14, 8.8125], "texture": "#6"},
				"east": {"uv": [12.125, 5, 12.46875, 5.0625], "texture": "#6"},
				"south": {"uv": [8.875, 13.875, 9, 13.9375], "texture": "#6"},
				"west": {"uv": [5.5, 12.125, 5.84375, 12.1875], "texture": "#6"},
				"up": {"uv": [2.5, 9.96875, 2.375, 9.625], "texture": "#6"},
				"down": {"uv": [2.625, 9.625, 2.5, 9.96875], "texture": "#6"}
			}
		},
		{
			"from": [7.77452, 7.85817, 8.9475],
			"to": [8.22548, 8.12875, 9.93962],
			"rotation": {"angle": 0, "axis": "y", "origin": [5.11383, 6.41508, -9.0009]},
			"faces": {
				"north": {"uv": [2.375, 13, 2.53125, 13.09375], "texture": "#6"},
				"east": {"uv": [10.625, 6.75, 10.96875, 6.84375], "texture": "#6"},
				"south": {"uv": [13, 2.75, 13.15625, 2.84375], "texture": "#6"},
				"west": {"uv": [7.25, 10.625, 7.59375, 10.71875], "texture": "#6"},
				"up": {"uv": [8.65625, 8.09375, 8.5, 7.75], "texture": "#6"},
				"down": {"uv": [8.40625, 8.5, 8.25, 8.84375], "texture": "#6"}
			}
		},
		{
			"from": [7.81961, 0.46235, 8.9024],
			"to": [8.18039, 0.73292, 9.80433],
			"rotation": {"angle": -22.5, "axis": "x", "origin": [5.11383, 6.41508, -9.0009]},
			"faces": {
				"north": {"uv": [11.625, 13.25, 11.75, 13.34375], "texture": "#6"},
				"east": {"uv": [11.125, 7.125, 11.4375, 7.21875], "texture": "#6"},
				"south": {"uv": [13.25, 11.625, 13.375, 11.71875], "texture": "#6"},
				"west": {"uv": [11.125, 7.25, 11.4375, 7.34375], "texture": "#6"},
				"up": {"uv": [6.25, 10.3125, 6.125, 10], "texture": "#6"},
				"down": {"uv": [10.125, 8.75, 10, 9.0625], "texture": "#6"}
			}
		},
		{
			"from": [7.72942, 7.76798, 7.95538],
			"to": [8.27058, 8.03855, 8.9475],
			"rotation": {"angle": 0, "axis": "y", "origin": [5.11383, 6.41508, -9.0009]},
			"faces": {
				"north": {"uv": [12.75, 3.875, 12.9375, 3.96875], "texture": "#6"},
				"east": {"uv": [10.625, 7.375, 10.96875, 7.46875], "texture": "#6"},
				"south": {"uv": [4, 12.75, 4.1875, 12.84375], "texture": "#6"},
				"west": {"uv": [7.625, 10.625, 7.96875, 10.71875], "texture": "#6"},
				"up": {"uv": [7.4375, 7.84375, 7.25, 7.5], "texture": "#6"},
				"down": {"uv": [7.6875, 7.375, 7.5, 7.71875], "texture": "#6"}
			}
		}
	],
	"display": {
		"head": {
			"rotation": [0, 180, 0]
		}
	},
	"groups": [
		{
			"name": "bone",
			"origin": [0, 1.69803, 6.952],
			"color": 0,
			"children": [
				{
					"name": "sword_brake_rust",
					"origin": [0, 1.69803, 4.392],
					"color": 0,
					"children": [
						{
							"name": "tail21",
							"origin": [0, 1.69803, -26.328],
							"color": 0,
							"children": [
								{
									"name": "77",
									"origin": [-5.12, 1.69803, -26.328],
									"color": 0,
									"children": [
										0,
										1,
										2,
										3,
										4,
										5,
										6,
										7,
										8,
										9,
										10,
										11,
										12,
										13,
										14,
										15,
										16,
										17,
										18,
										19,
										20,
										21,
										22,
										23,
										24,
										25,
										26,
										27,
										28,
										29,
										30,
										31,
										32,
										33,
										34,
										35,
										36,
										37,
										38,
										39,
										40,
										41,
										42,
										43,
										44,
										45,
										46,
										47,
										48,
										49
									]
								}
							]
						}
					]
				}
			]
		}
	]
}