{
	"credit": "Made with Blockbench",
	"textures": {
		"6": "animated_java:item/dino_aj/texture_anger"
	},
	"elements": [
		{
			"from": [7.73068, 7.75328, 7.97975],
			"to": [8.26933, 8.02261, 8.96727],
			"rotation": {"angle": 0, "axis": "y", "origin": [5.1272, 6.40666, -8.89795]},
			"faces": {
				"north": {"uv": [12.625, 5.625, 12.8125, 5.71875], "texture": "#6"},
				"east": {"uv": [10.5, 7.875, 10.84375, 7.96875], "texture": "#6"},
				"south": {"uv": [12.625, 6, 12.8125, 6.09375], "texture": "#6"},
				"west": {"uv": [10.5, 8, 10.84375, 8.09375], "texture": "#6"},
				"up": {"uv": [7.5625, 0.34375, 7.375, 0], "texture": "#6"},
				"down": {"uv": [0.6875, 7.375, 0.5, 7.71875], "texture": "#6"}
			}
		},
		{
			"from": [7.77556, 7.84306, 8.96727],
			"to": [8.22444, 8.11238, 9.9548],
			"rotation": {"angle": 0, "axis": "y", "origin": [5.1272, 6.40666, -8.89795]},
			"faces": {
				"north": {"uv": [9.625, 12.875, 9.78125, 12.96875], "texture": "#6"},
				"east": {"uv": [10.5, 7.75, 10.84375, 7.84375], "texture": "#6"},
				"south": {"uv": [12.875, 9.75, 13.03125, 9.84375], "texture": "#6"},
				"west": {"uv": [7.875, 10.5, 8.21875, 10.59375], "texture": "#6"},
				"up": {"uv": [8.65625, 3.71875, 8.5, 3.375], "texture": "#6"},
				"down": {"uv": [8.65625, 3.75, 8.5, 4.09375], "texture": "#6"}
			}
		},
		{
			"from": [7.82009, 7.30441, 8.96727],
			"to": [8.17991, 7.48396, 9.92786],
			"rotation": {"angle": 0, "axis": "y", "origin": [5.1272, 6.22711, -8.89795]},
			"faces": {
				"north": {"uv": [12.25, 13.75, 12.375, 13.8125], "texture": "#6"},
				"east": {"uv": [12, 2.25, 12.34375, 2.3125], "texture": "#6"},
				"south": {"uv": [13.75, 12.25, 13.875, 12.3125], "texture": "#6"},
				"west": {"uv": [12, 2.375, 12.34375, 2.4375], "texture": "#6"},
				"up": {"uv": [7.625, 9.59375, 7.5, 9.25], "texture": "#6"},
				"down": {"uv": [2.75, 9.375, 2.625, 9.71875], "texture": "#6"}
			}
		},
		{
			"from": [7.82045, 7.21463, 7.97975],
			"to": [8.17955, 7.39418, 8.96727],
			"rotation": {"angle": 0, "axis": "y", "origin": [5.1272, 6.22711, -8.89795]},
			"faces": {
				"north": {"uv": [12.125, 13.75, 12.25, 13.8125], "texture": "#6"},
				"east": {"uv": [2.125, 12, 2.46875, 12.0625], "texture": "#6"},
				"south": {"uv": [13.75, 12.125, 13.875, 12.1875], "texture": "#6"},
				"west": {"uv": [12, 2.125, 12.34375, 2.1875], "texture": "#6"},
				"up": {"uv": [6.5, 9.59375, 6.375, 9.25], "texture": "#6"},
				"down": {"uv": [6.625, 9.25, 6.5, 9.59375], "texture": "#6"}
			}
		},
		{
			"from": [6.96759, 5.93085, 10.22412],
			"to": [7.14714, 6.18222, 10.85255],
			"rotation": {"angle": -45, "axis": "z", "origin": [10.8728, 6.40666, -8.3593]},
			"faces": {
				"north": {"uv": [3.0625, 14, 3, 14.09375], "texture": "#6"},
				"east": {"uv": [12.46875, 4.625, 12.25, 4.71875], "texture": "#6"},
				"south": {"uv": [14.0625, 3, 14, 3.09375], "texture": "#6"},
				"west": {"uv": [12.46875, 4.5, 12.25, 4.59375], "texture": "#6"},
				"up": {"uv": [13, 6.46875, 13.0625, 6.25], "texture": "#6"},
				"down": {"uv": [6.375, 13, 6.4375, 13.21875], "texture": "#6"}
			}
		},
		{
			"from": [8.43092, 8.66899, 8.96727],
			"to": [8.5207, 8.93831, 9.89195],
			"rotation": {"angle": 22.5, "axis": "z", "origin": [10.8728, 6.40666, -8.89795]},
			"faces": {
				"north": {"uv": [0.90625, 14.25, 0.875, 14.34375], "texture": "#6"},
				"east": {"uv": [11.3125, 2, 11, 2.09375], "texture": "#6"},
				"south": {"uv": [14.28125, 0.875, 14.25, 0.96875], "texture": "#6"},
				"west": {"uv": [11.3125, 1.875, 11, 1.96875], "texture": "#6"},
				"up": {"uv": [0.875, 13.8125, 0.90625, 13.5], "texture": "#6"},
				"down": {"uv": [13.5, 1.25, 13.53125, 1.5625], "texture": "#6"}
			}
		},
		{
			"from": [7.22794, 6.78371, 8.96727],
			"to": [7.31771, 7.05304, 9.9548],
			"rotation": {"angle": -22.5, "axis": "z", "origin": [10.8728, 6.40666, -8.89795]},
			"faces": {
				"north": {"uv": [1.28125, 14.25, 1.25, 14.34375], "texture": "#6"},
				"east": {"uv": [10.84375, 7.625, 10.5, 7.71875], "texture": "#6"},
				"south": {"uv": [14.28125, 1.25, 14.25, 1.34375], "texture": "#6"},
				"west": {"uv": [10.84375, 7.5, 10.5, 7.59375], "texture": "#6"},
				"up": {"uv": [13.25, 13.46875, 13.28125, 13.125], "texture": "#6"},
				"down": {"uv": [0, 13.375, 0.03125, 13.71875], "texture": "#6"}
			}
		},
		{
			"from": [6.99731, 5.83914, 9.5957],
			"to": [7.17686, 6.10847, 10.22412],
			"rotation": {"angle": -45, "axis": "z", "origin": [10.86661, 6.40472, -8.3593]},
			"faces": {
				"north": {"uv": [2.9375, 14, 2.875, 14.09375], "texture": "#6"},
				"east": {"uv": [12.46875, 4.375, 12.25, 4.46875], "texture": "#6"},
				"south": {"uv": [14.0625, 2.875, 14, 2.96875], "texture": "#6"},
				"west": {"uv": [12.46875, 3.875, 12.25, 3.96875], "texture": "#6"},
				"up": {"uv": [13, 6.21875, 13.0625, 6], "texture": "#6"},
				"down": {"uv": [6.25, 13, 6.3125, 13.21875], "texture": "#6"}
			}
		},
		{
			"from": [7.0665, 5.77277, 8.96727],
			"to": [7.24605, 6.04209, 9.5957],
			"rotation": {"angle": -45, "axis": "z", "origin": [10.87296, 6.41017, -8.3593]},
			"faces": {
				"north": {"uv": [3.1875, 14, 3.125, 14.09375], "texture": "#6"},
				"east": {"uv": [12.46875, 5.25, 12.25, 5.34375], "texture": "#6"},
				"south": {"uv": [14.0625, 3.125, 14, 3.21875], "texture": "#6"},
				"west": {"uv": [12.46875, 5.125, 12.25, 5.21875], "texture": "#6"},
				"up": {"uv": [6.5, 13.21875, 6.5625, 13], "texture": "#6"},
				"down": {"uv": [13, 6.5, 13.0625, 6.71875], "texture": "#6"}
			}
		},
		{
			"from": [7.03014, 5.73949, 7.98011],
			"to": [7.20969, 6.00881, 8.96763],
			"rotation": {"angle": -45, "axis": "z", "origin": [10.87251, 6.40382, -8.89831]},
			"faces": {
				"north": {"uv": [14.0625, 4, 14, 4.09375], "texture": "#6"},
				"east": {"uv": [10.84375, 7.125, 10.5, 7.21875], "texture": "#6"},
				"south": {"uv": [4.1875, 14, 4.125, 14.09375], "texture": "#6"},
				"west": {"uv": [10.84375, 6.625, 10.5, 6.71875], "texture": "#6"},
				"up": {"uv": [1, 12.34375, 1.0625, 12], "texture": "#6"},
				"down": {"uv": [1.75, 12, 1.8125, 12.34375], "texture": "#6"}
			}
		},
		{
			"from": [7.18305, 6.68496, 7.97939],
			"to": [7.30873, 7.03508, 8.96763],
			"rotation": {"angle": -22.5, "axis": "z", "origin": [10.8728, 6.40666, -8.89795]},
			"faces": {
				"north": {"uv": [14.15625, 10, 14.125, 10.125], "texture": "#6"},
				"east": {"uv": [9.59375, 7.625, 9.25, 7.75], "texture": "#6"},
				"south": {"uv": [10.15625, 14.125, 10.125, 14.25], "texture": "#6"},
				"west": {"uv": [9.59375, 7.5, 9.25, 7.625], "texture": "#6"},
				"up": {"uv": [13, 13.59375, 13.03125, 13.25], "texture": "#6"},
				"down": {"uv": [13.125, 13.25, 13.15625, 13.59375], "texture": "#6"}
			}
		},
		{
			"from": [8.3591, 8.5433, 7.97939],
			"to": [8.53865, 8.86649, 8.96763],
			"rotation": {"angle": 22.5, "axis": "z", "origin": [10.8728, 6.40666, -8.89795]},
			"faces": {
				"north": {"uv": [12.0625, 13.75, 12, 13.875], "texture": "#6"},
				"east": {"uv": [9.71875, 2.125, 9.375, 2.25], "texture": "#6"},
				"south": {"uv": [13.8125, 12, 13.75, 12.125], "texture": "#6"},
				"west": {"uv": [9.71875, 2, 9.375, 2.125], "texture": "#6"},
				"up": {"uv": [12, 2.09375, 12.0625, 1.75], "texture": "#6"},
				"down": {"uv": [2, 12, 2.0625, 12.34375], "texture": "#6"}
			}
		},
		{
			"from": [7.46135, 8.5433, 7.97939],
			"to": [7.6409, 8.86649, 8.96763],
			"rotation": {"angle": -22.5, "axis": "z", "origin": [5.1272, 6.40666, -8.89795]},
			"faces": {
				"north": {"uv": [12, 13.75, 12.0625, 13.875], "texture": "#6"},
				"east": {"uv": [9.375, 2, 9.71875, 2.125], "texture": "#6"},
				"south": {"uv": [13.75, 12, 13.8125, 12.125], "texture": "#6"},
				"west": {"uv": [9.375, 2.125, 9.71875, 2.25], "texture": "#6"},
				"up": {"uv": [12.0625, 2.09375, 12, 1.75], "texture": "#6"},
				"down": {"uv": [2.0625, 12, 2, 12.34375], "texture": "#6"}
			}
		},
		{
			"from": [7.73068, 7.39418, 7.97975],
			"to": [8.26933, 7.75328, 8.96727],
			"rotation": {"angle": 0, "axis": "y", "origin": [5.1272, 6.40666, -8.89795]},
			"faces": {
				"north": {"uv": [11.75, 4.25, 11.9375, 4.375], "texture": "#6"},
				"east": {"uv": [8.75, 9.25, 9.09375, 9.375], "texture": "#6"},
				"south": {"uv": [4.5, 11.75, 4.6875, 11.875], "texture": "#6"},
				"west": {"uv": [9.375, 1.875, 9.71875, 2], "texture": "#6"},
				"up": {"uv": [7.4375, 7.09375, 7.25, 6.75], "texture": "#6"},
				"down": {"uv": [7.4375, 7.125, 7.25, 7.46875], "texture": "#6"}
			}
		},
		{
			"from": [8.68229, 6.78371, 8.96727],
			"to": [8.77207, 7.05304, 9.9548],
			"rotation": {"angle": 22.5, "axis": "z", "origin": [5.1272, 6.40666, -8.89795]},
			"faces": {
				"north": {"uv": [1.25, 14.25, 1.28125, 14.34375], "texture": "#6"},
				"east": {"uv": [10.5, 7.5, 10.84375, 7.59375], "texture": "#6"},
				"south": {"uv": [14.25, 1.25, 14.28125, 1.34375], "texture": "#6"},
				"west": {"uv": [10.5, 7.625, 10.84375, 7.71875], "texture": "#6"},
				"up": {"uv": [13.28125, 13.46875, 13.25, 13.125], "texture": "#6"},
				"down": {"uv": [0.03125, 13.375, 0, 13.71875], "texture": "#6"}
			}
		},
		{
			"from": [8.69127, 6.68496, 7.97939],
			"to": [8.81695, 7.03508, 8.96763],
			"rotation": {"angle": 22.5, "axis": "z", "origin": [5.1272, 6.40666, -8.89795]},
			"faces": {
				"north": {"uv": [14.125, 10, 14.15625, 10.125], "texture": "#6"},
				"east": {"uv": [9.25, 7.5, 9.59375, 7.625], "texture": "#6"},
				"south": {"uv": [10.125, 14.125, 10.15625, 14.25], "texture": "#6"},
				"west": {"uv": [9.25, 7.625, 9.59375, 7.75], "texture": "#6"},
				"up": {"uv": [13.03125, 13.59375, 13, 13.25], "texture": "#6"},
				"down": {"uv": [13.15625, 13.25, 13.125, 13.59375], "texture": "#6"}
			}
		},
		{
			"from": [7.68579, 8.02261, 7.97975],
			"to": [8.31421, 8.29193, 8.96727],
			"rotation": {"angle": 0, "axis": "y", "origin": [5.1272, 6.40666, -8.89795]},
			"faces": {
				"north": {"uv": [5.375, 12.25, 5.59375, 12.34375], "texture": "#6"},
				"east": {"uv": [10.5, 7.25, 10.84375, 7.34375], "texture": "#6"},
				"south": {"uv": [5.625, 12.25, 5.84375, 12.34375], "texture": "#6"},
				"west": {"uv": [7.5, 10.5, 7.84375, 10.59375], "texture": "#6"},
				"up": {"uv": [5.84375, 6.59375, 5.625, 6.25], "texture": "#6"},
				"down": {"uv": [6.46875, 5.75, 6.25, 6.09375], "texture": "#6"}
			}
		},
		{
			"from": [7.86534, 8.65103, 7.97975],
			"to": [8.13466, 8.83058, 8.24907],
			"rotation": {"angle": 0, "axis": "y", "origin": [5.1272, 6.40666, -8.89795]},
			"faces": {
				"north": {"uv": [14, 4.125, 14.09375, 4.1875], "texture": "#6"},
				"east": {"uv": [4.25, 14, 4.34375, 14.0625], "texture": "#6"},
				"south": {"uv": [14, 4.25, 14.09375, 4.3125], "texture": "#6"},
				"west": {"uv": [4.375, 14, 4.46875, 14.0625], "texture": "#6"},
				"up": {"uv": [0.34375, 13.84375, 0.25, 13.75], "texture": "#6"},
				"down": {"uv": [13.84375, 0.25, 13.75, 0.34375], "texture": "#6"}
			}
		},
		{
			"from": [8.79031, 5.73949, 7.98011],
			"to": [8.96986, 6.00881, 8.96763],
			"rotation": {"angle": 45, "axis": "z", "origin": [5.12749, 6.40382, -8.89831]},
			"faces": {
				"north": {"uv": [14, 4, 14.0625, 4.09375], "texture": "#6"},
				"east": {"uv": [10.5, 6.625, 10.84375, 6.71875], "texture": "#6"},
				"south": {"uv": [4.125, 14, 4.1875, 14.09375], "texture": "#6"},
				"west": {"uv": [10.5, 7.125, 10.84375, 7.21875], "texture": "#6"},
				"up": {"uv": [1.0625, 12.34375, 1, 12], "texture": "#6"},
				"down": {"uv": [1.8125, 12, 1.75, 12.34375], "texture": "#6"}
			}
		},
		{
			"from": [7.68579, 8.29193, 7.97975],
			"to": [8.31421, 8.65103, 8.96727],
			"rotation": {"angle": 0, "axis": "y", "origin": [5.1272, 6.40666, -8.89795]},
			"faces": {
				"north": {"uv": [11.125, 9.75, 11.34375, 9.875], "texture": "#6"},
				"east": {"uv": [9.25, 7.25, 9.59375, 7.375], "texture": "#6"},
				"south": {"uv": [9.875, 11.125, 10.09375, 11.25], "texture": "#6"},
				"west": {"uv": [9.25, 7.375, 9.59375, 7.5], "texture": "#6"},
				"up": {"uv": [5.59375, 6.59375, 5.375, 6.25], "texture": "#6"},
				"down": {"uv": [6.46875, 5.375, 6.25, 5.71875], "texture": "#6"}
			}
		},
		{
			"from": [7.8657, 1.37926, 9.05705],
			"to": [8.1343, 1.91791, 9.41615],
			"rotation": {"angle": -22.5, "axis": "x", "origin": [5.1272, 6.40666, -8.89795]},
			"faces": {
				"north": {"uv": [12.625, 5.375, 12.71875, 5.5625], "texture": "#6"},
				"east": {"uv": [4.25, 11.75, 4.375, 11.9375], "texture": "#6"},
				"south": {"uv": [5.625, 12.625, 5.71875, 12.8125], "texture": "#6"},
				"west": {"uv": [4.375, 11.75, 4.5, 11.9375], "texture": "#6"},
				"up": {"uv": [13.21875, 12, 13.125, 11.875], "texture": "#6"},
				"down": {"uv": [13.21875, 12, 13.125, 12.125], "texture": "#6"}
			}
		},
		{
			"from": [7.82081, 1.82813, 7.8002],
			"to": [8.17919, 2.54633, 8.1593],
			"rotation": {"angle": -22.5, "axis": "x", "origin": [5.1272, 6.40666, -8.89795]},
			"faces": {
				"north": {"uv": [4.625, 10.75, 4.75, 11], "texture": "#6"},
				"east": {"uv": [4.75, 10.75, 4.875, 11], "texture": "#6"},
				"south": {"uv": [4.875, 10.75, 5, 11], "texture": "#6"},
				"west": {"uv": [5, 10.75, 5.125, 11], "texture": "#6"},
				"up": {"uv": [9.125, 8, 9, 7.875], "texture": "#6"},
				"down": {"uv": [9.125, 8.875, 9, 9], "texture": "#6"}
			}
		},
		{
			"from": [7.82009, 15.56371, 5.37627],
			"to": [8.17991, 15.74326, 6.3638],
			"rotation": {"angle": 22.5, "axis": "x", "origin": [5.1272, 6.40666, -8.89795]},
			"faces": {
				"north": {"uv": [11.875, 13.75, 12, 13.8125], "texture": "#6"},
				"east": {"uv": [1.375, 12, 1.71875, 12.0625], "texture": "#6"},
				"south": {"uv": [13.75, 11.875, 13.875, 11.9375], "texture": "#6"},
				"west": {"uv": [12, 1.375, 12.34375, 1.4375], "texture": "#6"},
				"up": {"uv": [5.75, 9.59375, 5.625, 9.25], "texture": "#6"},
				"down": {"uv": [5.875, 9.25, 5.75, 9.59375], "texture": "#6"}
			}
		},
		{
			"from": [7.91023, 8.65103, 8.8775],
			"to": [8.08978, 8.83058, 9.5957],
			"rotation": {"angle": 0, "axis": "y", "origin": [5.1272, 6.40666, -8.89795]},
			"faces": {
				"north": {"uv": [14.125, 9.875, 14.1875, 9.9375], "texture": "#6"},
				"east": {"uv": [12.75, 10.75, 13, 10.8125], "texture": "#6"},
				"south": {"uv": [10, 14.125, 10.0625, 14.1875], "texture": "#6"},
				"west": {"uv": [12.75, 10.875, 13, 10.9375], "texture": "#6"},
				"up": {"uv": [11.5625, 13, 11.5, 12.75], "texture": "#6"},
				"down": {"uv": [11.6875, 12.75, 11.625, 13], "texture": "#6"}
			}
		},
		{
			"from": [7.82045, 0.03263, 9.86502],
			"to": [8.17955, 0.21218, 11.00516],
			"rotation": {"angle": -22.5, "axis": "x", "origin": [5.1272, 6.40666, -8.89795]},
			"faces": {
				"north": {"uv": [11.75, 13.75, 11.875, 13.8125], "texture": "#6"},
				"east": {"uv": [11.375, 5.25, 11.78125, 5.3125], "texture": "#6"},
				"south": {"uv": [13.75, 11.75, 13.875, 11.8125], "texture": "#6"},
				"west": {"uv": [11.375, 5.375, 11.78125, 5.4375], "texture": "#6"},
				"up": {"uv": [1.625, 9.03125, 1.5, 8.625], "texture": "#6"},
				"down": {"uv": [1.75, 8.625, 1.625, 9.03125], "texture": "#6"}
			}
		},
		{
			"from": [7.82045, 0.03263, 8.84159],
			"to": [8.17955, 0.21218, 9.86502],
			"rotation": {"angle": -22.5, "axis": "x", "origin": [5.1272, 6.40666, -8.89795]},
			"faces": {
				"north": {"uv": [11.625, 13.75, 11.75, 13.8125], "texture": "#6"},
				"east": {"uv": [12, 1.125, 12.34375, 1.1875], "texture": "#6"},
				"south": {"uv": [13.75, 11.625, 13.875, 11.6875], "texture": "#6"},
				"west": {"uv": [12, 1.25, 12.34375, 1.3125], "texture": "#6"},
				"up": {"uv": [5, 9.59375, 4.875, 9.25], "texture": "#6"},
				"down": {"uv": [5.125, 9.25, 5, 9.59375], "texture": "#6"}
			}
		},
		{
			"from": [7.91023, -0.18283, 8.65306],
			"to": [8.08978, 0.12241, 11.09494],
			"rotation": {"angle": -22.5, "axis": "x", "origin": [5.1272, 6.40666, -8.89795]},
			"faces": {
				"north": {"uv": [14, 3.875, 14.0625, 3.96875], "texture": "#6"},
				"east": {"uv": [5.875, 4.25, 6.71875, 4.34375], "texture": "#6"},
				"south": {"uv": [4, 14, 4.0625, 14.09375], "texture": "#6"},
				"west": {"uv": [5.875, 4.375, 6.71875, 4.46875], "texture": "#6"},
				"up": {"uv": [0.3125, 9.46875, 0.25, 8.625], "texture": "#6"},
				"down": {"uv": [0.4375, 8.625, 0.375, 9.46875], "texture": "#6"}
			}
		},
		{
			"from": [7.82045, 20.32178, 0.79775],
			"to": [8.17955, 20.50133, 1.15685],
			"rotation": {"angle": 45, "axis": "x", "origin": [5.1272, 6.40666, -8.89795]},
			"faces": {
				"north": {"uv": [11.375, 13.75, 11.5, 13.8125], "texture": "#6"},
				"east": {"uv": [13.75, 11.375, 13.875, 11.4375], "texture": "#6"},
				"south": {"uv": [11.5, 13.75, 11.625, 13.8125], "texture": "#6"},
				"west": {"uv": [13.75, 11.5, 13.875, 11.5625], "texture": "#6"},
				"up": {"uv": [6, 8.875, 5.875, 8.75], "texture": "#6"},
				"down": {"uv": [6.5, 8.875, 6.375, 9], "texture": "#6"}
			}
		},
		{
			"from": [7.82045, 20.42951, 1.35435],
			"to": [8.17955, 20.69884, 2.16233],
			"rotation": {"angle": 45, "axis": "x", "origin": [5.1272, 6.40666, -8.89795]},
			"faces": {
				"north": {"uv": [13.125, 11.625, 13.25, 11.71875], "texture": "#6"},
				"east": {"uv": [11.25, 3.625, 11.53125, 3.71875], "texture": "#6"},
				"south": {"uv": [13.125, 11.75, 13.25, 11.84375], "texture": "#6"},
				"west": {"uv": [11.25, 3.75, 11.53125, 3.84375], "texture": "#6"},
				"up": {"uv": [10.125, 10.40625, 10, 10.125], "texture": "#6"},
				"down": {"uv": [10.25, 10.125, 10.125, 10.40625], "texture": "#6"}
			}
		},
		{
			"from": [7.82045, 20.69884, 1.62368],
			"to": [8.17955, 20.87839, 2.34188],
			"rotation": {"angle": 45, "axis": "x", "origin": [5.1272, 6.40666, -8.89795]},
			"faces": {
				"north": {"uv": [11.25, 13.75, 11.375, 13.8125], "texture": "#6"},
				"east": {"uv": [10.5, 12.75, 10.75, 12.8125], "texture": "#6"},
				"south": {"uv": [13.75, 11.25, 13.875, 11.3125], "texture": "#6"},
				"west": {"uv": [10.75, 12.75, 11, 12.8125], "texture": "#6"},
				"up": {"uv": [10.875, 4.125, 10.75, 3.875], "texture": "#6"},
				"down": {"uv": [4.5, 10.75, 4.375, 11], "texture": "#6"}
			}
		},
		{
			"from": [7.86534, 21.52477, 2.68302],
			"to": [8.13466, 21.79409, 2.95235],
			"rotation": {"angle": 45, "axis": "x", "origin": [5.1272, 6.40666, -8.89795]},
			"faces": {
				"north": {"uv": [13.625, 13.5, 13.71875, 13.59375], "texture": "#6"},
				"east": {"uv": [13.625, 13.625, 13.71875, 13.71875], "texture": "#6"},
				"south": {"uv": [0, 13.75, 0.09375, 13.84375], "texture": "#6"},
				"west": {"uv": [13.75, 0, 13.84375, 0.09375], "texture": "#6"},
				"up": {"uv": [0.21875, 13.84375, 0.125, 13.75], "texture": "#6"},
				"down": {"uv": [13.84375, 0.125, 13.75, 0.21875], "texture": "#6"}
			}
		},
		{
			"from": [7.86534, 21.26442, 1.85709],
			"to": [8.13466, 21.44397, 2.30597],
			"rotation": {"angle": 45, "axis": "x", "origin": [5.1272, 6.40666, -8.89795]},
			"faces": {
				"north": {"uv": [14, 3.75, 14.09375, 3.8125], "texture": "#6"},
				"east": {"uv": [13.5, 3.125, 13.65625, 3.1875], "texture": "#6"},
				"south": {"uv": [3.875, 14, 3.96875, 14.0625], "texture": "#6"},
				"west": {"uv": [13.5, 3.25, 13.65625, 3.3125], "texture": "#6"},
				"up": {"uv": [9.46875, 13.03125, 9.375, 12.875], "texture": "#6"},
				"down": {"uv": [12.96875, 9.5, 12.875, 9.65625], "texture": "#6"}
			}
		},
		{
			"from": [7.86498, 15.83303, 7.35132],
			"to": [8.13502, 16.01258, 7.88997],
			"rotation": {"angle": 22.5, "axis": "x", "origin": [5.1272, 6.40666, -8.89795]},
			"faces": {
				"north": {"uv": [14, 3.625, 14.09375, 3.6875], "texture": "#6"},
				"east": {"uv": [13.125, 11.375, 13.3125, 11.4375], "texture": "#6"},
				"south": {"uv": [3.75, 14, 3.84375, 14.0625], "texture": "#6"},
				"west": {"uv": [13.125, 11.5, 13.3125, 11.5625], "texture": "#6"},
				"up": {"uv": [4.59375, 12.8125, 4.5, 12.625], "texture": "#6"},
				"down": {"uv": [12.71875, 5.125, 12.625, 5.3125], "texture": "#6"}
			}
		},
		{
			"from": [7.86498, 16.01258, 6.7229],
			"to": [8.13502, 16.19213, 7.71042],
			"rotation": {"angle": 22.5, "axis": "x", "origin": [5.1272, 6.40666, -8.89795]},
			"faces": {
				"north": {"uv": [14, 3.5, 14.09375, 3.5625], "texture": "#6"},
				"east": {"uv": [0.625, 12, 0.96875, 12.0625], "texture": "#6"},
				"south": {"uv": [3.625, 14, 3.71875, 14.0625], "texture": "#6"},
				"west": {"uv": [12, 1, 12.34375, 1.0625], "texture": "#6"},
				"up": {"uv": [7.09375, 10.71875, 7, 10.375], "texture": "#6"},
				"down": {"uv": [1.96875, 10.5, 1.875, 10.84375], "texture": "#6"}
			}
		},
		{
			"from": [7.82045, 0.48151, 8.78772],
			"to": [8.17955, 0.75083, 11.3912],
			"rotation": {"angle": -22.5, "axis": "x", "origin": [5.1272, 6.40666, -8.89795]},
			"faces": {
				"north": {"uv": [10.625, 13.125, 10.75, 13.21875], "texture": "#6"},
				"east": {"uv": [5.75, 4.625, 6.65625, 4.71875], "texture": "#6"},
				"south": {"uv": [13.125, 11.25, 13.25, 11.34375], "texture": "#6"},
				"west": {"uv": [5.75, 4.75, 6.65625, 4.84375], "texture": "#6"},
				"up": {"uv": [4.25, 4.65625, 4.125, 3.75], "texture": "#6"},
				"down": {"uv": [3.875, 4.25, 3.75, 5.15625], "texture": "#6"}
			}
		},
		{
			"from": [7.77556, 23.14072, 4.33488],
			"to": [8.22444, 23.19458, 4.42466],
			"rotation": {"angle": 45, "axis": "x", "origin": [5.1272, 6.40666, -8.89795]},
			"faces": {
				"north": {"uv": [4.125, 14.125, 4.28125, 14.15625], "texture": "#6"},
				"east": {"uv": [10, 14.25, 10.03125, 14.28125], "texture": "#6"},
				"south": {"uv": [14.125, 4.125, 14.28125, 4.15625], "texture": "#6"},
				"west": {"uv": [14.25, 10, 14.28125, 10.03125], "texture": "#6"},
				"up": {"uv": [14.28125, 4.28125, 14.125, 4.25], "texture": "#6"},
				"down": {"uv": [14.28125, 4.375, 14.125, 4.40625], "texture": "#6"}
			}
		},
		{
			"from": [7.77556, 22.37763, 4.17329],
			"to": [8.22444, 23.14072, 4.42466],
			"rotation": {"angle": 45, "axis": "x", "origin": [5.1272, 6.40666, -8.89795]},
			"faces": {
				"north": {"uv": [2.125, 9.125, 2.28125, 9.40625], "texture": "#6"},
				"east": {"uv": [2.875, 11.25, 2.96875, 11.53125], "texture": "#6"},
				"south": {"uv": [2.375, 9.125, 2.53125, 9.40625], "texture": "#6"},
				"west": {"uv": [3.125, 11.25, 3.21875, 11.53125], "texture": "#6"},
				"up": {"uv": [13.03125, 9.34375, 12.875, 9.25], "texture": "#6"},
				"down": {"uv": [13.03125, 9.375, 12.875, 9.46875], "texture": "#6"}
			}
		},
		{
			"from": [7.73068, 0.21218, 9.86502],
			"to": [8.26933, 0.48151, 10.96028],
			"rotation": {"angle": -22.5, "axis": "x", "origin": [5.1272, 6.40666, -8.89795]},
			"faces": {
				"north": {"uv": [12.625, 5, 12.8125, 5.09375], "texture": "#6"},
				"east": {"uv": [10.125, 9.5, 10.5, 9.59375], "texture": "#6"},
				"south": {"uv": [5.125, 12.625, 5.3125, 12.71875], "texture": "#6"},
				"west": {"uv": [10.125, 9.625, 10.5, 9.71875], "texture": "#6"},
				"up": {"uv": [3.4375, 7.125, 3.25, 6.75], "texture": "#6"},
				"down": {"uv": [6.9375, 4.25, 6.75, 4.625], "texture": "#6"}
			}
		},
		{
			"from": [7.73068, 0.21218, 8.86852],
			"to": [8.26933, 0.57128, 9.86502],
			"rotation": {"angle": -22.5, "axis": "x", "origin": [5.1272, 6.40666, -8.89795]},
			"faces": {
				"north": {"uv": [11.75, 3.625, 11.9375, 3.75], "texture": "#6"},
				"east": {"uv": [9.25, 7, 9.59375, 7.125], "texture": "#6"},
				"south": {"uv": [11.75, 4.125, 11.9375, 4.25], "texture": "#6"},
				"west": {"uv": [7.125, 9.25, 7.46875, 9.375], "texture": "#6"},
				"up": {"uv": [7.4375, 6.71875, 7.25, 6.375], "texture": "#6"},
				"down": {"uv": [6.6875, 7.25, 6.5, 7.59375], "texture": "#6"}
			}
		},
		{
			"from": [7.73032, 0.75083, 9.17375],
			"to": [8.26968, 0.93038, 9.46103],
			"rotation": {"angle": -22.5, "axis": "x", "origin": [5.1272, 6.40666, -8.89795]},
			"faces": {
				"north": {"uv": [13.125, 11.125, 13.3125, 11.1875], "texture": "#6"},
				"east": {"uv": [14, 3.375, 14.09375, 3.4375], "texture": "#6"},
				"south": {"uv": [11.25, 13.125, 11.4375, 13.1875], "texture": "#6"},
				"west": {"uv": [3.5, 14, 3.59375, 14.0625], "texture": "#6"},
				"up": {"uv": [12.8125, 4.84375, 12.625, 4.75], "texture": "#6"},
				"down": {"uv": [12.8125, 4.875, 12.625, 4.96875], "texture": "#6"}
			}
		},
		{
			"from": [7.86534, 1.18175, 10.00866],
			"to": [8.13466, 1.27153, 10.54731],
			"rotation": {"angle": -22.5, "axis": "x", "origin": [5.1272, 6.40666, -8.89795]},
			"faces": {
				"north": {"uv": [1.125, 14.25, 1.21875, 14.28125], "texture": "#6"},
				"east": {"uv": [3.25, 14, 3.4375, 14.03125], "texture": "#6"},
				"south": {"uv": [14.25, 1.125, 14.34375, 1.15625], "texture": "#6"},
				"west": {"uv": [14, 3.25, 14.1875, 3.28125], "texture": "#6"},
				"up": {"uv": [12.71875, 4.3125, 12.625, 4.125], "texture": "#6"},
				"down": {"uv": [12.71875, 4.375, 12.625, 4.5625], "texture": "#6"}
			}
		},
		{
			"from": [7.77556, 0.75083, 9.46103],
			"to": [8.22444, 1.02016, 10.89743],
			"rotation": {"angle": -22.5, "axis": "x", "origin": [5.1272, 6.40666, -8.89795]},
			"faces": {
				"north": {"uv": [9.125, 12.875, 9.28125, 12.96875], "texture": "#6"},
				"east": {"uv": [2.625, 9, 3.125, 9.09375], "texture": "#6"},
				"south": {"uv": [12.875, 9.125, 13.03125, 9.21875], "texture": "#6"},
				"west": {"uv": [9, 3.375, 9.5, 3.46875], "texture": "#6"},
				"up": {"uv": [5.03125, 6.5, 4.875, 6], "texture": "#6"},
				"down": {"uv": [6.15625, 5.375, 6, 5.875], "texture": "#6"}
			}
		},
		{
			"from": [7.77556, 1.02016, 9.97275],
			"to": [8.22444, 1.18175, 10.5114],
			"rotation": {"angle": -22.5, "axis": "x", "origin": [5.1272, 6.40666, -8.89795]},
			"faces": {
				"north": {"uv": [13.5, 2.875, 13.65625, 2.9375], "texture": "#6"},
				"east": {"uv": [13.125, 10.75, 13.3125, 10.8125], "texture": "#6"},
				"south": {"uv": [13.5, 3, 13.65625, 3.0625], "texture": "#6"},
				"west": {"uv": [13.125, 10.875, 13.3125, 10.9375], "texture": "#6"},
				"up": {"uv": [11.15625, 2.5625, 11, 2.375], "texture": "#6"},
				"down": {"uv": [2.65625, 11, 2.5, 11.1875], "texture": "#6"}
			}
		},
		{
			"from": [7.77556, 0.75083, 11.07698],
			"to": [8.22444, 0.84061, 11.16676],
			"rotation": {"angle": -22.5, "axis": "x", "origin": [5.1272, 6.40666, -8.89795]},
			"faces": {
				"north": {"uv": [14.125, 3.75, 14.28125, 3.78125], "texture": "#6"},
				"east": {"uv": [9.875, 14.25, 9.90625, 14.28125], "texture": "#6"},
				"south": {"uv": [3.875, 14.125, 4.03125, 14.15625], "texture": "#6"},
				"west": {"uv": [14.25, 9.875, 14.28125, 9.90625], "texture": "#6"},
				"up": {"uv": [14.28125, 3.90625, 14.125, 3.875], "texture": "#6"},
				"down": {"uv": [14.28125, 4, 14.125, 4.03125], "texture": "#6"}
			}
		},
		{
			"from": [7.77556, 0.75083, 10.89743],
			"to": [8.22444, 0.93038, 11.07698],
			"rotation": {"angle": -22.5, "axis": "x", "origin": [5.1272, 6.40666, -8.89795]},
			"faces": {
				"north": {"uv": [13.5, 2.375, 13.65625, 2.4375], "texture": "#6"},
				"east": {"uv": [14.125, 9.75, 14.1875, 9.8125], "texture": "#6"},
				"south": {"uv": [13.5, 2.5, 13.65625, 2.5625], "texture": "#6"},
				"west": {"uv": [9.875, 14.125, 9.9375, 14.1875], "texture": "#6"},
				"up": {"uv": [13.65625, 2.6875, 13.5, 2.625], "texture": "#6"},
				"down": {"uv": [13.65625, 2.75, 13.5, 2.8125], "texture": "#6"}
			}
		},
		{
			"from": [7.77556, 0.66106, 10.13435],
			"to": [8.22444, 0.75083, 11.40915],
			"rotation": {"angle": -22.5, "axis": "x", "origin": [5.1272, 6.40666, -8.89795]},
			"faces": {
				"north": {"uv": [3.625, 14.125, 3.78125, 14.15625], "texture": "#6"},
				"east": {"uv": [13, 6.75, 13.4375, 6.78125], "texture": "#6"},
				"south": {"uv": [14.125, 3.625, 14.28125, 3.65625], "texture": "#6"},
				"west": {"uv": [13, 6.875, 13.4375, 6.90625], "texture": "#6"},
				"up": {"uv": [4.78125, 7.4375, 4.625, 7], "texture": "#6"},
				"down": {"uv": [7.15625, 4.875, 7, 5.3125], "texture": "#6"}
			}
		},
		{
			"from": [7.73068, 8.21113, 9.5957],
			"to": [8.26933, 8.74081, 10.22412],
			"rotation": {"angle": 0, "axis": "y", "origin": [5.1272, 6.40666, -8.89795]},
			"faces": {
				"north": {"uv": [10.125, 9.25, 10.3125, 9.4375], "texture": "#6"},
				"east": {"uv": [9.625, 7.5, 9.84375, 7.6875], "texture": "#6"},
				"south": {"uv": [9.375, 10.125, 9.5625, 10.3125], "texture": "#6"},
				"west": {"uv": [7.75, 9.625, 7.96875, 9.8125], "texture": "#6"},
				"up": {"uv": [8.6875, 9.84375, 8.5, 9.625], "texture": "#6"},
				"down": {"uv": [8.9375, 9.625, 8.75, 9.84375], "texture": "#6"}
			}
		},
		{
			"from": [7.95511, 8.83058, 10.22412],
			"to": [8.04489, 9.01013, 10.85255],
			"rotation": {"angle": 0, "axis": "y", "origin": [5.1272, 6.40666, -8.89795]},
			"faces": {
				"north": {"uv": [14.25, 7, 14.28125, 7.0625], "texture": "#6"},
				"east": {"uv": [13, 5.5, 13.21875, 5.5625], "texture": "#6"},
				"south": {"uv": [7.25, 14.25, 7.28125, 14.3125], "texture": "#6"},
				"west": {"uv": [6.625, 13, 6.84375, 13.0625], "texture": "#6"},
				"up": {"uv": [11.28125, 14.09375, 11.25, 13.875], "texture": "#6"},
				"down": {"uv": [11.40625, 13.875, 11.375, 14.09375], "texture": "#6"}
			}
		},
		{
			"from": [7.77592, 8.47148, 10.22412],
			"to": [8.22408, 8.83058, 10.673],
			"rotation": {"angle": 0, "axis": "y", "origin": [5.1272, 6.40666, -8.89795]},
			"faces": {
				"north": {"uv": [12.375, 9.875, 12.53125, 10], "texture": "#6"},
				"east": {"uv": [12.375, 10, 12.53125, 10.125], "texture": "#6"},
				"south": {"uv": [10.125, 12.375, 10.28125, 12.5], "texture": "#6"},
				"west": {"uv": [10.375, 12.375, 10.53125, 12.5], "texture": "#6"},
				"up": {"uv": [1.65625, 11.65625, 1.5, 11.5], "texture": "#6"},
				"down": {"uv": [1.90625, 11.5, 1.75, 11.65625], "texture": "#6"}
			}
		},
		{
			"from": [7.90987, 22.3507, 4.47852],
			"to": [8.09013, 23.39209, 4.83762],
			"rotation": {"angle": 45, "axis": "x", "origin": [5.1272, 6.40666, -8.89795]},
			"faces": {
				"north": {"uv": [3.875, 11.75, 3.9375, 12.125], "texture": "#6"},
				"east": {"uv": [4.625, 5.125, 4.75, 5.5], "texture": "#6"},
				"south": {"uv": [4.125, 11.75, 4.1875, 12.125], "texture": "#6"},
				"west": {"uv": [2, 7.375, 2.125, 7.75], "texture": "#6"},
				"up": {"uv": [11.1875, 13.875, 11.125, 13.75], "texture": "#6"},
				"down": {"uv": [13.8125, 11.125, 13.75, 11.25], "texture": "#6"}
			}
		},
		{
			"from": [7.82045, 22.3507, 4.42466],
			"to": [8.17955, 23.28436, 4.60421],
			"rotation": {"angle": 45, "axis": "x", "origin": [5.1272, 6.40666, -8.89795]},
			"faces": {
				"north": {"uv": [5.625, 9.875, 5.75, 10.1875], "texture": "#6"},
				"east": {"uv": [9.875, 12.375, 9.9375, 12.6875], "texture": "#6"},
				"south": {"uv": [8.25, 9.875, 8.375, 10.1875], "texture": "#6"},
				"west": {"uv": [10, 12.375, 10.0625, 12.6875], "texture": "#6"},
				"up": {"uv": [13.875, 10.9375, 13.75, 10.875], "texture": "#6"},
				"down": {"uv": [13.875, 11, 13.75, 11.0625], "texture": "#6"}
			}
		},
		{
			"from": [7.86534, 9.01013, 11.0321],
			"to": [8.13466, 9.09991, 12.39668],
			"rotation": {"angle": 0, "axis": "y", "origin": [5.1272, 6.40666, -8.89795]},
			"faces": {
				"north": {"uv": [1, 14.25, 1.09375, 14.28125], "texture": "#6"},
				"east": {"uv": [12.875, 8.625, 13.34375, 8.65625], "texture": "#6"},
				"south": {"uv": [14.25, 1, 14.34375, 1.03125], "texture": "#6"},
				"west": {"uv": [12.875, 8.875, 13.34375, 8.90625], "texture": "#6"},
				"up": {"uv": [1.71875, 9.59375, 1.625, 9.125], "texture": "#6"},
				"down": {"uv": [9.21875, 2, 9.125, 2.46875], "texture": "#6"}
			}
		},
		{
			"from": [7.7752, 8.85751, 11.0321],
			"to": [8.2248, 9.01013, 12.39668],
			"rotation": {"angle": 0, "axis": "y", "origin": [5.1272, 6.40666, -8.89795]},
			"faces": {
				"north": {"uv": [13.5, 0.875, 13.65625, 0.9375], "texture": "#6"},
				"east": {"uv": [11, 2.125, 11.46875, 2.1875], "texture": "#6"},
				"south": {"uv": [13.5, 2.125, 13.65625, 2.1875], "texture": "#6"},
				"west": {"uv": [11, 2.25, 11.46875, 2.3125], "texture": "#6"},
				"up": {"uv": [6.53125, 6.96875, 6.375, 6.5], "texture": "#6"},
				"down": {"uv": [6.78125, 0, 6.625, 0.46875], "texture": "#6"}
			}
		},
		{
			"from": [7.82045, 8.79467, 12.39668],
			"to": [8.17955, 9.01013, 12.5852],
			"rotation": {"angle": 0, "axis": "y", "origin": [5.1272, 6.40666, -8.89795]},
			"faces": {
				"north": {"uv": [10.5, 13.75, 10.625, 13.8125], "texture": "#6"},
				"east": {"uv": [14.125, 9.625, 14.1875, 9.6875], "texture": "#6"},
				"south": {"uv": [13.75, 10.5, 13.875, 10.5625], "texture": "#6"},
				"west": {"uv": [9.75, 14.125, 9.8125, 14.1875], "texture": "#6"},
				"up": {"uv": [13.875, 10.6875, 13.75, 10.625], "texture": "#6"},
				"down": {"uv": [13.875, 10.75, 13.75, 10.8125], "texture": "#6"}
			}
		},
		{
			"from": [7.91023, 8.7049, 12.39668],
			"to": [8.08978, 9.09991, 12.8276],
			"rotation": {"angle": 0, "axis": "y", "origin": [5.1272, 6.40666, -8.89795]},
			"faces": {
				"north": {"uv": [10.375, 13.75, 10.4375, 13.875], "texture": "#6"},
				"east": {"uv": [9.625, 12.375, 9.78125, 12.5], "texture": "#6"},
				"south": {"uv": [13.75, 10.375, 13.8125, 10.5], "texture": "#6"},
				"west": {"uv": [12.375, 9.75, 12.53125, 9.875], "texture": "#6"},
				"up": {"uv": [13.5625, 1.78125, 13.5, 1.625], "texture": "#6"},
				"down": {"uv": [13.5625, 1.875, 13.5, 2.03125], "texture": "#6"}
			}
		},
		{
			"from": [8.75395, 5.77277, 8.96727],
			"to": [8.9335, 6.04209, 9.5957],
			"rotation": {"angle": 45, "axis": "z", "origin": [5.12704, 6.41017, -8.3593]},
			"faces": {
				"north": {"uv": [3.125, 14, 3.1875, 14.09375], "texture": "#6"},
				"east": {"uv": [12.25, 5.125, 12.46875, 5.21875], "texture": "#6"},
				"south": {"uv": [14, 3.125, 14.0625, 3.21875], "texture": "#6"},
				"west": {"uv": [12.25, 5.25, 12.46875, 5.34375], "texture": "#6"},
				"up": {"uv": [6.5625, 13.21875, 6.5, 13], "texture": "#6"},
				"down": {"uv": [13.0625, 6.5, 13, 6.71875], "texture": "#6"}
			}
		},
		{
			"from": [8.85286, 5.93085, 10.22412],
			"to": [9.03241, 6.18222, 10.85255],
			"rotation": {"angle": 45, "axis": "z", "origin": [5.1272, 6.40666, -8.3593]},
			"faces": {
				"north": {"uv": [3, 14, 3.0625, 14.09375], "texture": "#6"},
				"east": {"uv": [12.25, 4.5, 12.46875, 4.59375], "texture": "#6"},
				"south": {"uv": [14, 3, 14.0625, 3.09375], "texture": "#6"},
				"west": {"uv": [12.25, 4.625, 12.46875, 4.71875], "texture": "#6"},
				"up": {"uv": [13.0625, 6.46875, 13, 6.25], "texture": "#6"},
				"down": {"uv": [6.4375, 13, 6.375, 13.21875], "texture": "#6"}
			}
		},
		{
			"from": [8.82314, 5.83914, 9.5957],
			"to": [9.00269, 6.10847, 10.22412],
			"rotation": {"angle": 45, "axis": "z", "origin": [5.13339, 6.40472, -8.3593]},
			"faces": {
				"north": {"uv": [2.875, 14, 2.9375, 14.09375], "texture": "#6"},
				"east": {"uv": [12.25, 3.875, 12.46875, 3.96875], "texture": "#6"},
				"south": {"uv": [14, 2.875, 14.0625, 2.96875], "texture": "#6"},
				"west": {"uv": [12.25, 4.375, 12.46875, 4.46875], "texture": "#6"},
				"up": {"uv": [13.0625, 6.21875, 13, 6], "texture": "#6"},
				"down": {"uv": [6.3125, 13, 6.25, 13.21875], "texture": "#6"}
			}
		},
		{
			"from": [7.73068, 8.29193, 8.96727],
			"to": [8.26933, 8.65103, 9.5957],
			"rotation": {"angle": 0, "axis": "y", "origin": [5.1272, 6.40666, -8.89795]},
			"faces": {
				"north": {"uv": [11.75, 3.5, 11.9375, 3.625], "texture": "#6"},
				"east": {"uv": [9.625, 11.125, 9.84375, 11.25], "texture": "#6"},
				"south": {"uv": [3.625, 11.75, 3.8125, 11.875], "texture": "#6"},
				"west": {"uv": [11.125, 9.625, 11.34375, 9.75], "texture": "#6"},
				"up": {"uv": [9.8125, 7.46875, 9.625, 7.25], "texture": "#6"},
				"down": {"uv": [7.6875, 9.625, 7.5, 9.84375], "texture": "#6"}
			}
		},
		{
			"from": [7.47931, 8.66899, 8.96727],
			"to": [7.56908, 8.93831, 9.89195],
			"rotation": {"angle": -22.5, "axis": "z", "origin": [5.1272, 6.40666, -8.89795]},
			"faces": {
				"north": {"uv": [0.875, 14.25, 0.90625, 14.34375], "texture": "#6"},
				"east": {"uv": [11, 1.875, 11.3125, 1.96875], "texture": "#6"},
				"south": {"uv": [14.25, 0.875, 14.28125, 0.96875], "texture": "#6"},
				"west": {"uv": [11, 2, 11.3125, 2.09375], "texture": "#6"},
				"up": {"uv": [0.90625, 13.8125, 0.875, 13.5], "texture": "#6"},
				"down": {"uv": [13.53125, 1.25, 13.5, 1.5625], "texture": "#6"}
			}
		},
		{
			"from": [7.73032, 7.48396, 8.96727],
			"to": [8.26968, 7.84306, 9.89195],
			"rotation": {"angle": 0, "axis": "y", "origin": [5.1272, 6.40666, -8.89795]},
			"faces": {
				"north": {"uv": [3.125, 11.75, 3.3125, 11.875], "texture": "#6"},
				"east": {"uv": [9.75, 8.125, 10.0625, 8.25], "texture": "#6"},
				"south": {"uv": [3.375, 11.75, 3.5625, 11.875], "texture": "#6"},
				"west": {"uv": [9.875, 3.625, 10.1875, 3.75], "texture": "#6"},
				"up": {"uv": [8.4375, 0.9375, 8.25, 0.625], "texture": "#6"},
				"down": {"uv": [0.9375, 8.25, 0.75, 8.5625], "texture": "#6"}
			}
		},
		{
			"from": [7.73068, 8.11238, 8.96727],
			"to": [8.26933, 8.29193, 9.9548],
			"rotation": {"angle": 0, "axis": "y", "origin": [5.1272, 6.40666, -8.89795]},
			"faces": {
				"north": {"uv": [13.125, 10.5, 13.3125, 10.5625], "texture": "#6"},
				"east": {"uv": [12, 0.125, 12.34375, 0.1875], "texture": "#6"},
				"south": {"uv": [13.125, 10.625, 13.3125, 10.6875], "texture": "#6"},
				"west": {"uv": [12, 0.25, 12.34375, 0.3125], "texture": "#6"},
				"up": {"uv": [6.1875, 7.59375, 6, 7.25], "texture": "#6"},
				"down": {"uv": [6.4375, 7.25, 6.25, 7.59375], "texture": "#6"}
			}
		},
		{
			"from": [7.91023, 6.94531, 7.97975],
			"to": [8.08978, 7.21463, 8.96727],
			"rotation": {"angle": 0, "axis": "y", "origin": [5.1272, 6.22711, -8.89795]},
			"faces": {
				"north": {"uv": [2.75, 14, 2.8125, 14.09375], "texture": "#6"},
				"east": {"uv": [10.5, 6.375, 10.84375, 6.46875], "texture": "#6"},
				"south": {"uv": [14, 2.75, 14.0625, 2.84375], "texture": "#6"},
				"west": {"uv": [10.5, 6.5, 10.84375, 6.59375], "texture": "#6"},
				"up": {"uv": [0.4375, 12.34375, 0.375, 12], "texture": "#6"},
				"down": {"uv": [0.5625, 12, 0.5, 12.34375], "texture": "#6"}
			}
		},
		{
			"from": [7.90987, 7.03508, 8.96727],
			"to": [8.09013, 7.30441, 9.83809],
			"rotation": {"angle": 0, "axis": "y", "origin": [5.1272, 6.22711, -8.89795]},
			"faces": {
				"north": {"uv": [2.625, 14, 2.6875, 14.09375], "texture": "#6"},
				"east": {"uv": [11, 1.625, 11.3125, 1.71875], "texture": "#6"},
				"south": {"uv": [14, 2.625, 14.0625, 2.71875], "texture": "#6"},
				"west": {"uv": [11, 1.75, 11.3125, 1.84375], "texture": "#6"},
				"up": {"uv": [12.4375, 9.6875, 12.375, 9.375], "texture": "#6"},
				"down": {"uv": [9.5625, 12.375, 9.5, 12.6875], "texture": "#6"}
			}
		}
	],
	"display": {
		"head": {
			"rotation": [0, 180, 0]
		}
	}
}