{
	"credit": "Made with Blockbench",
	"textures": {
		"6": "animated_java:item/dino_aj/texture_anger"
	},
	"elements": [
		{
			"from": [7.9096, 6.96403, 7.94978],
			"to": [8.0904, 7.23524, 8.94422],
			"rotation": {"angle": 0, "axis": "y", "origin": [5.10709, 6.2408, -9.04609]},
			"faces": {
				"north": {"uv": [14, 6.75, 14.0625, 6.84375], "texture": "#6"},
				"east": {"uv": [10.5, 10.125, 10.84375, 10.21875], "texture": "#6"},
				"south": {"uv": [6.875, 14, 6.9375, 14.09375], "texture": "#6"},
				"west": {"uv": [10.5, 10.25, 10.84375, 10.34375], "texture": "#6"},
				"up": {"uv": [7.1875, 12.34375, 7.125, 12], "texture": "#6"},
				"down": {"uv": [7.3125, 12, 7.25, 12.34375], "texture": "#6"}
			}
		},
		{
			"from": [7.90923, 7.05443, 8.94422],
			"to": [8.09077, 7.23524, 9.48665],
			"rotation": {"angle": 0, "axis": "y", "origin": [5.10709, 6.2408, -9.04609]},
			"faces": {
				"north": {"uv": [14.125, 10.875, 14.1875, 10.9375], "texture": "#6"},
				"east": {"uv": [13.25, 3.125, 13.4375, 3.1875], "texture": "#6"},
				"south": {"uv": [11, 14.125, 11.0625, 14.1875], "texture": "#6"},
				"west": {"uv": [13.25, 3.25, 13.4375, 3.3125], "texture": "#6"},
				"up": {"uv": [13.3125, 3.5625, 13.25, 3.375], "texture": "#6"},
				"down": {"uv": [3.6875, 13.25, 3.625, 13.4375], "texture": "#6"}
			}
		},
		{
			"from": [7.9096, -0.08745, 8.38372],
			"to": [8.0904, 0.09335, 8.94422],
			"rotation": {"angle": -22.5, "axis": "x", "origin": [5.10709, 6.2408, -9.04609]},
			"faces": {
				"north": {"uv": [14.125, 11, 14.1875, 11.0625], "texture": "#6"},
				"east": {"uv": [13.25, 3.625, 13.4375, 3.6875], "texture": "#6"},
				"south": {"uv": [11.125, 14.125, 11.1875, 14.1875], "texture": "#6"},
				"west": {"uv": [3.75, 13.25, 3.9375, 13.3125], "texture": "#6"},
				"up": {"uv": [13.3125, 3.9375, 13.25, 3.75], "texture": "#6"},
				"down": {"uv": [4.0625, 13.25, 4, 13.4375], "texture": "#6"}
			}
		},
		{
			"from": [7.90996, 7.28044, 9.7217],
			"to": [8.09004, 7.55165, 9.99291],
			"rotation": {"angle": 0, "axis": "y", "origin": [5.10709, 6.2408, -9.04609]},
			"faces": {
				"north": {"uv": [14, 6.875, 14.0625, 6.96875], "texture": "#6"},
				"east": {"uv": [13.75, 2.625, 13.84375, 2.71875], "texture": "#6"},
				"south": {"uv": [7, 14, 7.0625, 14.09375], "texture": "#6"},
				"west": {"uv": [2.75, 13.75, 2.84375, 13.84375], "texture": "#6"},
				"up": {"uv": [14.0625, 7.09375, 14, 7], "texture": "#6"},
				"down": {"uv": [7.1875, 14, 7.125, 14.09375], "texture": "#6"}
			}
		},
		{
			"from": [7.72879, 8.13927, 8.94422],
			"to": [8.27121, 8.32008, 9.93866],
			"rotation": {"angle": 0, "axis": "y", "origin": [5.10709, 6.4216, -9.04609]},
			"faces": {
				"north": {"uv": [13.25, 4, 13.4375, 4.0625], "texture": "#6"},
				"east": {"uv": [12, 6.75, 12.34375, 6.8125], "texture": "#6"},
				"south": {"uv": [4.125, 13.25, 4.3125, 13.3125], "texture": "#6"},
				"west": {"uv": [7.375, 12, 7.71875, 12.0625], "texture": "#6"},
				"up": {"uv": [5.0625, 7.71875, 4.875, 7.375], "texture": "#6"},
				"down": {"uv": [5.3125, 7.375, 5.125, 7.71875], "texture": "#6"}
			}
		},
		{
			"from": [7.72879, 8.32008, 8.94422],
			"to": [8.27121, 8.68169, 9.57705],
			"rotation": {"angle": 0, "axis": "y", "origin": [5.10709, 6.4216, -9.04609]},
			"faces": {
				"north": {"uv": [11.875, 0.375, 12.0625, 0.5], "texture": "#6"},
				"east": {"uv": [11.125, 10.625, 11.34375, 10.75], "texture": "#6"},
				"south": {"uv": [11.875, 0.5, 12.0625, 0.625], "texture": "#6"},
				"west": {"uv": [11.125, 10.75, 11.34375, 10.875], "texture": "#6"},
				"up": {"uv": [2.3125, 9.96875, 2.125, 9.75], "texture": "#6"},
				"down": {"uv": [2.8125, 9.75, 2.625, 9.96875], "texture": "#6"}
			}
		},
		{
			"from": [8.8289, 5.85012, 9.57705],
			"to": [9.00971, 6.12133, 10.20987],
			"rotation": {"angle": 45, "axis": "z", "origin": [5.11332, 6.41966, -8.50367]},
			"faces": {
				"north": {"uv": [14, 7.125, 14.0625, 7.21875], "texture": "#6"},
				"east": {"uv": [9.125, 12.25, 9.34375, 12.34375], "texture": "#6"},
				"south": {"uv": [7.25, 14, 7.3125, 14.09375], "texture": "#6"},
				"west": {"uv": [12.25, 9.125, 12.46875, 9.21875], "texture": "#6"},
				"up": {"uv": [8.4375, 13.21875, 8.375, 13], "texture": "#6"},
				"down": {"uv": [8.6875, 13, 8.625, 13.21875], "texture": "#6"}
			}
		},
		{
			"from": [8.85883, 5.94247, 10.20987],
			"to": [9.03964, 6.1956, 10.8427],
			"rotation": {"angle": 45, "axis": "z", "origin": [5.10709, 6.4216, -8.50367]},
			"faces": {
				"north": {"uv": [14, 7.25, 14.0625, 7.34375], "texture": "#6"},
				"east": {"uv": [9.75, 12.25, 9.96875, 12.34375], "texture": "#6"},
				"south": {"uv": [7.375, 14, 7.4375, 14.09375], "texture": "#6"},
				"west": {"uv": [12.25, 10.125, 12.46875, 10.21875], "texture": "#6"},
				"up": {"uv": [8.8125, 13.21875, 8.75, 13], "texture": "#6"},
				"down": {"uv": [9.1875, 13, 9.125, 13.21875], "texture": "#6"}
			}
		},
		{
			"from": [8.75923, 5.78328, 8.94422],
			"to": [8.94004, 6.05449, 9.57705],
			"rotation": {"angle": 45, "axis": "z", "origin": [5.10692, 6.42514, -8.50367]},
			"faces": {
				"north": {"uv": [14, 7.375, 14.0625, 7.46875], "texture": "#6"},
				"east": {"uv": [12.25, 10.25, 12.46875, 10.34375], "texture": "#6"},
				"south": {"uv": [7.5, 14, 7.5625, 14.09375], "texture": "#6"},
				"west": {"uv": [12.25, 10.375, 12.46875, 10.46875], "texture": "#6"},
				"up": {"uv": [9.3125, 13.21875, 9.25, 13], "texture": "#6"},
				"down": {"uv": [9.5625, 13, 9.5, 13.21875], "texture": "#6"}
			}
		},
		{
			"from": [7.773, 8.50089, 10.20987],
			"to": [8.227, 8.8625, 10.66189],
			"rotation": {"angle": 0, "axis": "y", "origin": [5.10609, 6.4216, -9.04609]},
			"faces": {
				"north": {"uv": [12.5, 1.625, 12.65625, 1.75], "texture": "#6"},
				"east": {"uv": [12.5, 1.75, 12.65625, 1.875], "texture": "#6"},
				"south": {"uv": [2.125, 12.5, 2.28125, 12.625], "texture": "#6"},
				"west": {"uv": [2.375, 12.5, 2.53125, 12.625], "texture": "#6"},
				"up": {"uv": [5.03125, 11.65625, 4.875, 11.5], "texture": "#6"},
				"down": {"uv": [5.65625, 11.5, 5.5, 11.65625], "texture": "#6"}
			}
		},
		{
			"from": [7.773, 8.50089, 10.66189],
			"to": [8.227, 8.8625, 10.8427],
			"rotation": {"angle": 0, "axis": "y", "origin": [5.10609, 6.4216, -9.04609]},
			"faces": {
				"north": {"uv": [2.625, 12.5, 2.78125, 12.625], "texture": "#6"},
				"east": {"uv": [2.25, 13.875, 2.3125, 14], "texture": "#6"},
				"south": {"uv": [2.875, 12.5, 3.03125, 12.625], "texture": "#6"},
				"west": {"uv": [13.875, 2.25, 13.9375, 2.375], "texture": "#6"},
				"up": {"uv": [13.65625, 9.6875, 13.5, 9.625], "texture": "#6"},
				"down": {"uv": [10.28125, 13.5, 10.125, 13.5625], "texture": "#6"}
			}
		},
		{
			"from": [7.9548, 8.8625, 10.20987],
			"to": [8.0452, 9.04331, 10.8427],
			"rotation": {"angle": 0, "axis": "y", "origin": [5.10709, 6.4216, -9.04609]},
			"faces": {
				"north": {"uv": [14.25, 7.75, 14.28125, 7.8125], "texture": "#6"},
				"east": {"uv": [13, 9, 13.21875, 9.0625], "texture": "#6"},
				"south": {"uv": [7.875, 14.25, 7.90625, 14.3125], "texture": "#6"},
				"west": {"uv": [13, 9.5, 13.21875, 9.5625], "texture": "#6"},
				"up": {"uv": [12.28125, 14.09375, 12.25, 13.875], "texture": "#6"},
				"down": {"uv": [12.40625, 13.875, 12.375, 14.09375], "texture": "#6"}
			}
		},
		{
			"from": [7.72879, 8.23872, 9.57705],
			"to": [8.27121, 8.7721, 10.20987],
			"rotation": {"angle": 0, "axis": "y", "origin": [5.10709, 6.4216, -9.04609]},
			"faces": {
				"north": {"uv": [3, 10.25, 3.1875, 10.4375], "texture": "#6"},
				"east": {"uv": [2.875, 9.75, 3.09375, 9.9375], "texture": "#6"},
				"south": {"uv": [10.25, 3.125, 10.4375, 3.3125], "texture": "#6"},
				"west": {"uv": [3.125, 9.75, 3.34375, 9.9375], "texture": "#6"},
				"up": {"uv": [9.9375, 3.34375, 9.75, 3.125], "texture": "#6"},
				"down": {"uv": [9.9375, 3.375, 9.75, 3.59375], "texture": "#6"}
			}
		},
		{
			"from": [7.72843, 0.72618, 9.15215],
			"to": [8.27157, 0.90699, 9.44144],
			"rotation": {"angle": -22.5, "axis": "x", "origin": [5.10709, 6.4216, -9.04609]},
			"faces": {
				"north": {"uv": [13.25, 4.125, 13.4375, 4.1875], "texture": "#6"},
				"east": {"uv": [14, 7.5, 14.09375, 7.5625], "texture": "#6"},
				"south": {"uv": [13.25, 4.25, 13.4375, 4.3125], "texture": "#6"},
				"west": {"uv": [7.625, 14, 7.71875, 14.0625], "texture": "#6"},
				"up": {"uv": [12.8125, 10.71875, 12.625, 10.625], "texture": "#6"},
				"down": {"uv": [10.9375, 12.625, 10.75, 12.71875], "texture": "#6"}
			}
		},
		{
			"from": [7.77435, 0.72618, 9.44144],
			"to": [8.22565, 0.99739, 10.12851],
			"rotation": {"angle": -22.5, "axis": "x", "origin": [5.10709, 6.4216, -9.04609]},
			"faces": {
				"north": {"uv": [11.75, 12.875, 11.90625, 12.96875], "texture": "#6"},
				"east": {"uv": [11.875, 0.625, 12.125, 0.71875], "texture": "#6"},
				"south": {"uv": [12.875, 11.75, 13.03125, 11.84375], "texture": "#6"},
				"west": {"uv": [11.875, 0.75, 12.125, 0.84375], "texture": "#6"},
				"up": {"uv": [1.78125, 10.25, 1.625, 10], "texture": "#6"},
				"down": {"uv": [2.03125, 10, 1.875, 10.25], "texture": "#6"}
			}
		},
		{
			"from": [7.86403, 16.09479, 6.68413],
			"to": [8.13597, 16.2756, 7.67857],
			"rotation": {"angle": 22.5, "axis": "x", "origin": [5.10709, 6.4216, -9.04609]},
			"faces": {
				"north": {"uv": [14, 7.625, 14.09375, 7.6875], "texture": "#6"},
				"east": {"uv": [12, 7.5, 12.34375, 7.5625], "texture": "#6"},
				"south": {"uv": [7.75, 14, 7.84375, 14.0625], "texture": "#6"},
				"west": {"uv": [12, 7.75, 12.34375, 7.8125], "texture": "#6"},
				"up": {"uv": [6.84375, 10.84375, 6.75, 10.5], "texture": "#6"},
				"down": {"uv": [7.21875, 10.5, 7.125, 10.84375], "texture": "#6"}
			}
		},
		{
			"from": [7.86403, 15.91398, 7.31696],
			"to": [8.13597, 16.09479, 7.85938],
			"rotation": {"angle": 22.5, "axis": "x", "origin": [5.10709, 6.4216, -9.04609]},
			"faces": {
				"north": {"uv": [14, 7.75, 14.09375, 7.8125], "texture": "#6"},
				"east": {"uv": [4.375, 13.25, 4.5625, 13.3125], "texture": "#6"},
				"south": {"uv": [7.875, 14, 7.96875, 14.0625], "texture": "#6"},
				"west": {"uv": [13.25, 4.375, 13.4375, 4.4375], "texture": "#6"},
				"up": {"uv": [12.71875, 10.9375, 12.625, 10.75], "texture": "#6"},
				"down": {"uv": [11.09375, 12.625, 11, 12.8125], "texture": "#6"}
			}
		},
		{
			"from": [7.86439, 21.3834, 1.78426],
			"to": [8.13561, 21.5642, 2.23628],
			"rotation": {"angle": 45, "axis": "x", "origin": [5.10709, 6.4216, -9.04609]},
			"faces": {
				"north": {"uv": [14, 7.875, 14.09375, 7.9375], "texture": "#6"},
				"east": {"uv": [10.375, 13.5, 10.53125, 13.5625], "texture": "#6"},
				"south": {"uv": [8, 14, 8.09375, 14.0625], "texture": "#6"},
				"west": {"uv": [13.5, 10.375, 13.65625, 10.4375], "texture": "#6"},
				"up": {"uv": [11.46875, 13.03125, 11.375, 12.875], "texture": "#6"},
				"down": {"uv": [12.96875, 11.875, 12.875, 12.03125], "texture": "#6"}
			}
		},
		{
			"from": [7.86439, 21.64557, 2.61597],
			"to": [8.13561, 21.91678, 2.88718],
			"rotation": {"angle": 45, "axis": "x", "origin": [5.10709, 6.4216, -9.04609]},
			"faces": {
				"north": {"uv": [13.75, 2.75, 13.84375, 2.84375], "texture": "#6"},
				"east": {"uv": [2.875, 13.75, 2.96875, 13.84375], "texture": "#6"},
				"south": {"uv": [13.75, 2.875, 13.84375, 2.96875], "texture": "#6"},
				"west": {"uv": [3, 13.75, 3.09375, 13.84375], "texture": "#6"},
				"up": {"uv": [13.84375, 3.09375, 13.75, 3], "texture": "#6"},
				"down": {"uv": [3.21875, 13.75, 3.125, 13.84375], "texture": "#6"}
			}
		},
		{
			"from": [7.81919, 20.81385, 1.59441],
			"to": [8.18081, 20.99466, 2.31764],
			"rotation": {"angle": 45, "axis": "x", "origin": [5.10709, 6.4216, -9.04609]},
			"faces": {
				"north": {"uv": [2.375, 13.875, 2.5, 13.9375], "texture": "#6"},
				"east": {"uv": [12.875, 2.375, 13.125, 2.4375], "texture": "#6"},
				"south": {"uv": [13.875, 2.375, 14, 2.4375], "texture": "#6"},
				"west": {"uv": [2.5, 12.875, 2.75, 12.9375], "texture": "#6"},
				"up": {"uv": [2.125, 11.125, 2, 10.875], "texture": "#6"},
				"down": {"uv": [2.25, 10.875, 2.125, 11.125], "texture": "#6"}
			}
		},
		{
			"from": [7.9096, 8.68169, 8.85382],
			"to": [8.0904, 8.8625, 9.57705],
			"rotation": {"angle": 0, "axis": "y", "origin": [5.10709, 6.4216, -9.04609]},
			"faces": {
				"north": {"uv": [14.125, 11.125, 14.1875, 11.1875], "texture": "#6"},
				"east": {"uv": [12.875, 2.5, 13.125, 2.5625], "texture": "#6"},
				"south": {"uv": [11.25, 14.125, 11.3125, 14.1875], "texture": "#6"},
				"west": {"uv": [12.875, 2.625, 13.125, 2.6875], "texture": "#6"},
				"up": {"uv": [2.8125, 13.125, 2.75, 12.875], "texture": "#6"},
				"down": {"uv": [12.9375, 2.75, 12.875, 3], "texture": "#6"}
			}
		},
		{
			"from": [7.81955, 1.75678, 7.76898],
			"to": [8.18045, 2.1636, 8.49221],
			"rotation": {"angle": -22.5, "axis": "x", "origin": [5.10709, 6.4216, -9.04609]},
			"faces": {
				"north": {"uv": [0.625, 12.5, 0.75, 12.65625], "texture": "#6"},
				"east": {"uv": [10, 1.875, 10.25, 2.03125], "texture": "#6"},
				"south": {"uv": [1.125, 12.5, 1.25, 12.65625], "texture": "#6"},
				"west": {"uv": [2.125, 10, 2.375, 10.15625], "texture": "#6"},
				"up": {"uv": [2.375, 11.125, 2.25, 10.875], "texture": "#6"},
				"down": {"uv": [2.5, 10.875, 2.375, 11.125], "texture": "#6"}
			}
		},
		{
			"from": [7.86476, 1.359, 9.03463],
			"to": [8.13524, 1.90143, 9.39624],
			"rotation": {"angle": -22.5, "axis": "x", "origin": [5.10709, 6.4216, -9.04609]},
			"faces": {
				"north": {"uv": [11.125, 12.625, 11.21875, 12.8125], "texture": "#6"},
				"east": {"uv": [1.125, 11.875, 1.25, 12.0625], "texture": "#6"},
				"south": {"uv": [11.25, 12.625, 11.34375, 12.8125], "texture": "#6"},
				"west": {"uv": [1.25, 11.875, 1.375, 12.0625], "texture": "#6"},
				"up": {"uv": [13.34375, 4.625, 13.25, 4.5], "texture": "#6"},
				"down": {"uv": [4.71875, 13.25, 4.625, 13.375], "texture": "#6"}
			}
		},
		{
			"from": [7.68359, 8.32008, 7.94978],
			"to": [8.31641, 8.68169, 8.94422],
			"rotation": {"angle": 0, "axis": "y", "origin": [5.10709, 6.4216, -9.04609]},
			"faces": {
				"north": {"uv": [10.875, 11.125, 11.09375, 11.25], "texture": "#6"},
				"east": {"uv": [9.375, 9.375, 9.71875, 9.5], "texture": "#6"},
				"south": {"uv": [11.125, 10.875, 11.34375, 11], "texture": "#6"},
				"west": {"uv": [9.5, 0, 9.84375, 0.125], "texture": "#6"},
				"up": {"uv": [3.46875, 6.71875, 3.25, 6.375], "texture": "#6"},
				"down": {"uv": [6.59375, 3.875, 6.375, 4.21875], "texture": "#6"}
			}
		},
		{
			"from": [8.79584, 5.74976, 7.95015],
			"to": [8.97665, 6.02097, 8.94459],
			"rotation": {"angle": 45, "axis": "z", "origin": [5.10738, 6.41875, -9.04645]},
			"faces": {
				"north": {"uv": [14, 8, 14.0625, 8.09375], "texture": "#6"},
				"east": {"uv": [10.375, 10.5, 10.71875, 10.59375], "texture": "#6"},
				"south": {"uv": [8.125, 14, 8.1875, 14.09375], "texture": "#6"},
				"west": {"uv": [0, 10.625, 0.34375, 10.71875], "texture": "#6"},
				"up": {"uv": [7.8125, 12.34375, 7.75, 12], "texture": "#6"},
				"down": {"uv": [12.0625, 7.875, 12, 8.21875], "texture": "#6"}
			}
		},
		{
			"from": [7.86439, 8.68169, 7.94978],
			"to": [8.13561, 8.8625, 8.221],
			"rotation": {"angle": 0, "axis": "y", "origin": [5.10709, 6.4216, -9.04609]},
			"faces": {
				"north": {"uv": [14, 8.125, 14.09375, 8.1875], "texture": "#6"},
				"east": {"uv": [8.25, 14, 8.34375, 14.0625], "texture": "#6"},
				"south": {"uv": [14, 8.25, 14.09375, 8.3125], "texture": "#6"},
				"west": {"uv": [8.375, 14, 8.46875, 14.0625], "texture": "#6"},
				"up": {"uv": [13.84375, 3.21875, 13.75, 3.125], "texture": "#6"},
				"down": {"uv": [13.84375, 3.25, 13.75, 3.34375], "texture": "#6"}
			}
		},
		{
			"from": [7.68359, 8.04887, 7.94978],
			"to": [8.31641, 8.32008, 8.94422],
			"rotation": {"angle": 0, "axis": "y", "origin": [5.10709, 6.4216, -9.04609]},
			"faces": {
				"north": {"uv": [12.25, 10.5, 12.46875, 10.59375], "texture": "#6"},
				"east": {"uv": [10.625, 0, 10.96875, 0.09375], "texture": "#6"},
				"south": {"uv": [10.625, 12.25, 10.84375, 12.34375], "texture": "#6"},
				"west": {"uv": [10.625, 0.125, 10.96875, 0.21875], "texture": "#6"},
				"up": {"uv": [6.59375, 6.46875, 6.375, 6.125], "texture": "#6"},
				"down": {"uv": [0.21875, 6.5, 0, 6.84375], "texture": "#6"}
			}
		},
		{
			"from": [8.69611, 6.70186, 7.94942],
			"to": [8.82267, 7.05443, 8.94459],
			"rotation": {"angle": 22.5, "axis": "z", "origin": [5.10709, 6.4216, -9.04609]},
			"faces": {
				"north": {"uv": [14.125, 11.25, 14.15625, 11.375], "texture": "#6"},
				"east": {"uv": [9.5, 0.125, 9.84375, 0.25], "texture": "#6"},
				"south": {"uv": [11.375, 14.125, 11.40625, 14.25], "texture": "#6"},
				"west": {"uv": [0.25, 9.5, 0.59375, 9.625], "texture": "#6"},
				"up": {"uv": [1.03125, 13.71875, 1, 13.375], "texture": "#6"},
				"down": {"uv": [1.15625, 13.375, 1.125, 13.71875], "texture": "#6"}
			}
		},
		{
			"from": [8.68707, 6.8013, 8.94422],
			"to": [8.77747, 7.07251, 9.93866],
			"rotation": {"angle": 22.5, "axis": "z", "origin": [5.10709, 6.4216, -9.04609]},
			"faces": {
				"north": {"uv": [1.875, 14.25, 1.90625, 14.34375], "texture": "#6"},
				"east": {"uv": [10.625, 0.25, 10.96875, 0.34375], "texture": "#6"},
				"south": {"uv": [2.125, 14.25, 2.15625, 14.34375], "texture": "#6"},
				"west": {"uv": [0.375, 10.625, 0.71875, 10.71875], "texture": "#6"},
				"up": {"uv": [2.28125, 13.71875, 2.25, 13.375], "texture": "#6"},
				"down": {"uv": [2.65625, 13.375, 2.625, 13.71875], "texture": "#6"}
			}
		},
		{
			"from": [7.72879, 7.41604, 7.94978],
			"to": [8.27121, 7.77766, 8.94422],
			"rotation": {"angle": 0, "axis": "y", "origin": [5.10709, 6.4216, -9.04609]},
			"faces": {
				"north": {"uv": [11.875, 0.875, 12.0625, 1], "texture": "#6"},
				"east": {"uv": [0.625, 9.5, 0.96875, 9.625], "texture": "#6"},
				"south": {"uv": [1.375, 11.875, 1.5625, 12], "texture": "#6"},
				"west": {"uv": [1, 9.5, 1.34375, 9.625], "texture": "#6"},
				"up": {"uv": [7.5625, 5.46875, 7.375, 5.125], "texture": "#6"},
				"down": {"uv": [5.5625, 7.375, 5.375, 7.71875], "texture": "#6"}
			}
		},
		{
			"from": [7.72879, 7.68725, 8.94422],
			"to": [8.27121, 7.86806, 10.04715],
			"rotation": {"angle": 0, "axis": "y", "origin": [5.10709, 6.4216, -9.04609]},
			"faces": {
				"north": {"uv": [13.25, 4.625, 13.4375, 4.6875], "texture": "#6"},
				"east": {"uv": [11.875, 1.5, 12.25, 1.5625], "texture": "#6"},
				"south": {"uv": [4.75, 13.25, 4.9375, 13.3125], "texture": "#6"},
				"west": {"uv": [11.875, 1.625, 12.25, 1.6875], "texture": "#6"},
				"up": {"uv": [0.4375, 7.25, 0.25, 6.875], "texture": "#6"},
				"down": {"uv": [7.0625, 0.75, 6.875, 1.125], "texture": "#6"}
			}
		},
		{
			"from": [7.72843, 7.41604, 8.94422],
			"to": [8.27157, 7.68725, 9.48665],
			"rotation": {"angle": 0, "axis": "y", "origin": [5.10709, 6.4216, -9.04609]},
			"faces": {
				"north": {"uv": [12.625, 11.25, 12.8125, 11.34375], "texture": "#6"},
				"east": {"uv": [12.625, 11.375, 12.8125, 11.46875], "texture": "#6"},
				"south": {"uv": [12.625, 11.5, 12.8125, 11.59375], "texture": "#6"},
				"west": {"uv": [12.625, 11.625, 12.8125, 11.71875], "texture": "#6"},
				"up": {"uv": [10.4375, 3.5625, 10.25, 3.375], "texture": "#6"},
				"down": {"uv": [4.0625, 10.25, 3.875, 10.4375], "texture": "#6"}
			}
		},
		{
			"from": [7.72879, 0.27416, 8.4018],
			"to": [8.27121, 0.45497, 9.84826],
			"rotation": {"angle": -22.5, "axis": "x", "origin": [5.10709, 6.4216, -9.04609]},
			"faces": {
				"north": {"uv": [13.25, 4.75, 13.4375, 4.8125], "texture": "#6"},
				"east": {"uv": [10.875, 1.5, 11.375, 1.5625], "texture": "#6"},
				"south": {"uv": [5, 13.25, 5.1875, 13.3125], "texture": "#6"},
				"west": {"uv": [2.5, 10.875, 3, 10.9375], "texture": "#6"},
				"up": {"uv": [3.6875, 5.625, 3.5, 5.125], "texture": "#6"},
				"down": {"uv": [5.4375, 0.5, 5.25, 1], "texture": "#6"}
			}
		},
		{
			"from": [7.47566, 8.7269, 8.94422],
			"to": [7.56606, 8.97099, 9.87538],
			"rotation": {"angle": -22.5, "axis": "z", "origin": [5.10709, 6.4216, -9.04609]},
			"faces": {
				"north": {"uv": [14.25, 2.125, 14.28125, 2.21875], "texture": "#6"},
				"east": {"uv": [11, 6.875, 11.3125, 6.96875], "texture": "#6"},
				"south": {"uv": [2.25, 14.25, 2.28125, 14.34375], "texture": "#6"},
				"west": {"uv": [11, 7, 11.3125, 7.09375], "texture": "#6"},
				"up": {"uv": [10.65625, 13.8125, 10.625, 13.5], "texture": "#6"},
				"down": {"uv": [10.78125, 13.5, 10.75, 13.8125], "texture": "#6"}
			}
		},
		{
			"from": [7.45758, 8.57321, 7.94942],
			"to": [7.63839, 8.89866, 8.94459],
			"rotation": {"angle": -22.5, "axis": "z", "origin": [5.10709, 6.4216, -9.04609]},
			"faces": {
				"north": {"uv": [2.5, 13.875, 2.5625, 14], "texture": "#6"},
				"east": {"uv": [9.5, 1.25, 9.84375, 1.375], "texture": "#6"},
				"south": {"uv": [13.875, 2.5, 13.9375, 2.625], "texture": "#6"},
				"west": {"uv": [9.5, 1.375, 9.84375, 1.5], "texture": "#6"},
				"up": {"uv": [8.0625, 12.34375, 8, 12], "texture": "#6"},
				"down": {"uv": [8.1875, 12, 8.125, 12.34375], "texture": "#6"}
			}
		},
		{
			"from": [6.96036, 5.94247, 10.20987],
			"to": [7.14117, 6.1956, 10.8427],
			"rotation": {"angle": -45, "axis": "z", "origin": [10.89291, 6.4216, -8.50367]},
			"faces": {
				"north": {"uv": [14, 8.375, 14.0625, 8.46875], "texture": "#6"},
				"east": {"uv": [12.25, 10.625, 12.46875, 10.71875], "texture": "#6"},
				"south": {"uv": [8.5, 14, 8.5625, 14.09375], "texture": "#6"},
				"west": {"uv": [12.25, 10.75, 12.46875, 10.84375], "texture": "#6"},
				"up": {"uv": [9.6875, 13.21875, 9.625, 13], "texture": "#6"},
				"down": {"uv": [9.8125, 13, 9.75, 13.21875], "texture": "#6"}
			}
		},
		{
			"from": [6.99029, 5.85012, 9.57705],
			"to": [7.1711, 6.12133, 10.20987],
			"rotation": {"angle": -45, "axis": "z", "origin": [10.88668, 6.41966, -8.50367]},
			"faces": {
				"north": {"uv": [14, 8.5, 14.0625, 8.59375], "texture": "#6"},
				"east": {"uv": [12.25, 10.875, 12.46875, 10.96875], "texture": "#6"},
				"south": {"uv": [8.625, 14, 8.6875, 14.09375], "texture": "#6"},
				"west": {"uv": [12.25, 11, 12.46875, 11.09375], "texture": "#6"},
				"up": {"uv": [13.0625, 10.09375, 13, 9.875], "texture": "#6"},
				"down": {"uv": [10.0625, 13, 10, 13.21875], "texture": "#6"}
			}
		},
		{
			"from": [7.05996, 5.78328, 8.94422],
			"to": [7.24077, 6.05449, 9.57705],
			"rotation": {"angle": -45, "axis": "z", "origin": [10.89308, 6.42514, -8.50367]},
			"faces": {
				"north": {"uv": [14, 8.625, 14.0625, 8.71875], "texture": "#6"},
				"east": {"uv": [12.25, 11.125, 12.46875, 11.21875], "texture": "#6"},
				"south": {"uv": [8.75, 14, 8.8125, 14.09375], "texture": "#6"},
				"west": {"uv": [11.25, 12.25, 11.46875, 12.34375], "texture": "#6"},
				"up": {"uv": [10.1875, 13.21875, 10.125, 13], "texture": "#6"},
				"down": {"uv": [13.0625, 10.125, 13, 10.34375], "texture": "#6"}
			}
		},
		{
			"from": [7.02335, 5.74976, 7.95015],
			"to": [7.20416, 6.02097, 8.94459],
			"rotation": {"angle": -45, "axis": "z", "origin": [10.89262, 6.41875, -9.04645]},
			"faces": {
				"north": {"uv": [14, 8.75, 14.0625, 8.84375], "texture": "#6"},
				"east": {"uv": [10.625, 0.375, 10.96875, 0.46875], "texture": "#6"},
				"south": {"uv": [8.875, 14, 8.9375, 14.09375], "texture": "#6"},
				"west": {"uv": [10.625, 0.5, 10.96875, 0.59375], "texture": "#6"},
				"up": {"uv": [8.5625, 12.34375, 8.5, 12], "texture": "#6"},
				"down": {"uv": [8.6875, 12, 8.625, 12.34375], "texture": "#6"}
			}
		},
		{
			"from": [7.17733, 6.70186, 7.94942],
			"to": [7.30389, 7.05443, 8.94459],
			"rotation": {"angle": -22.5, "axis": "z", "origin": [10.89291, 6.4216, -9.04609]},
			"faces": {
				"north": {"uv": [14.125, 11.375, 14.15625, 11.5], "texture": "#6"},
				"east": {"uv": [9.5, 1.625, 9.84375, 1.75], "texture": "#6"},
				"south": {"uv": [11.5, 14.125, 11.53125, 14.25], "texture": "#6"},
				"west": {"uv": [9.5, 1.75, 9.84375, 1.875], "texture": "#6"},
				"up": {"uv": [13.40625, 2.96875, 13.375, 2.625], "texture": "#6"},
				"down": {"uv": [3.78125, 13.375, 3.75, 13.71875], "texture": "#6"}
			}
		},
		{
			"from": [7.22253, 6.8013, 8.94422],
			"to": [7.31293, 7.07251, 9.93866],
			"rotation": {"angle": -22.5, "axis": "z", "origin": [10.89291, 6.4216, -9.04609]},
			"faces": {
				"north": {"uv": [14.25, 2.25, 14.28125, 2.34375], "texture": "#6"},
				"east": {"uv": [10.625, 0.625, 10.96875, 0.71875], "texture": "#6"},
				"south": {"uv": [2.375, 14.25, 2.40625, 14.34375], "texture": "#6"},
				"west": {"uv": [0.75, 10.625, 1.09375, 10.71875], "texture": "#6"},
				"up": {"uv": [3.90625, 13.71875, 3.875, 13.375], "texture": "#6"},
				"down": {"uv": [4.15625, 13.375, 4.125, 13.71875], "texture": "#6"}
			}
		},
		{
			"from": [8.43394, 8.7269, 8.94422],
			"to": [8.52434, 8.97099, 9.87538],
			"rotation": {"angle": 22.5, "axis": "z", "origin": [10.89291, 6.4216, -9.04609]},
			"faces": {
				"north": {"uv": [2.5, 14.25, 2.53125, 14.34375], "texture": "#6"},
				"east": {"uv": [11, 7.375, 11.3125, 7.46875], "texture": "#6"},
				"south": {"uv": [2.625, 14.25, 2.65625, 14.34375], "texture": "#6"},
				"west": {"uv": [7.5, 11, 7.8125, 11.09375], "texture": "#6"},
				"up": {"uv": [10.90625, 13.8125, 10.875, 13.5], "texture": "#6"},
				"down": {"uv": [11.03125, 13.5, 11, 13.8125], "texture": "#6"}
			}
		},
		{
			"from": [8.36161, 8.57321, 7.94942],
			"to": [8.54242, 8.89866, 8.94459],
			"rotation": {"angle": 22.5, "axis": "z", "origin": [10.89291, 6.4216, -9.04609]},
			"faces": {
				"north": {"uv": [2.625, 13.875, 2.6875, 14], "texture": "#6"},
				"east": {"uv": [1.875, 9.5, 2.21875, 9.625], "texture": "#6"},
				"south": {"uv": [13.875, 2.625, 13.9375, 2.75], "texture": "#6"},
				"west": {"uv": [2.25, 9.5, 2.59375, 9.625], "texture": "#6"},
				"up": {"uv": [8.8125, 12.34375, 8.75, 12], "texture": "#6"},
				"down": {"uv": [12.0625, 8.75, 12, 9.09375], "texture": "#6"}
			}
		},
		{
			"from": [7.8187, 7.23524, 7.94978],
			"to": [8.1813, 7.41604, 9.48665],
			"rotation": {"angle": 0, "axis": "y", "origin": [5.10695, 6.2408, -9.04609]},
			"faces": {
				"north": {"uv": [2.75, 13.875, 2.875, 13.9375], "texture": "#6"},
				"east": {"uv": [10.25, 9.125, 10.78125, 9.1875], "texture": "#6"},
				"south": {"uv": [13.875, 2.75, 14, 2.8125], "texture": "#6"},
				"west": {"uv": [10.375, 6, 10.90625, 6.0625], "texture": "#6"},
				"up": {"uv": [2.625, 7.53125, 2.5, 7], "texture": "#6"},
				"down": {"uv": [2.25, 7.125, 2.125, 7.65625], "texture": "#6"}
			}
		},
		{
			"from": [7.8191, 0.09335, 8.4018],
			"to": [8.1809, 0.27416, 9.39624],
			"rotation": {"angle": -22.5, "axis": "x", "origin": [5.10699, 6.2408, -9.04609]},
			"faces": {
				"north": {"uv": [2.875, 13.875, 3, 13.9375], "texture": "#6"},
				"east": {"uv": [12, 8.25, 12.34375, 8.3125], "texture": "#6"},
				"south": {"uv": [13.875, 2.875, 14, 2.9375], "texture": "#6"},
				"west": {"uv": [8.875, 12, 9.21875, 12.0625], "texture": "#6"},
				"up": {"uv": [1.5, 9.84375, 1.375, 9.5], "texture": "#6"},
				"down": {"uv": [1.625, 9.5, 1.5, 9.84375], "texture": "#6"}
			}
		},
		{
			"from": [7.81955, 7.61493, 10.16467],
			"to": [8.18045, 7.88614, 10.34548],
			"rotation": {"angle": 0, "axis": "y", "origin": [5.10709, 6.2408, -9.04609]},
			"faces": {
				"north": {"uv": [13.25, 5, 13.375, 5.09375], "texture": "#6"},
				"east": {"uv": [14, 8.875, 14.0625, 8.96875], "texture": "#6"},
				"south": {"uv": [5.25, 13.25, 5.375, 13.34375], "texture": "#6"},
				"west": {"uv": [9, 14, 9.0625, 14.09375], "texture": "#6"},
				"up": {"uv": [3.125, 13.9375, 3, 13.875], "texture": "#6"},
				"down": {"uv": [14, 3, 13.875, 3.0625], "texture": "#6"}
			}
		},
		{
			"from": [7.81919, 20.16295, 2.16396],
			"to": [8.18081, 20.34376, 3.1584],
			"rotation": {"angle": 45, "axis": "x", "origin": [5.10709, 6.2408, -9.04609]},
			"faces": {
				"north": {"uv": [3.125, 13.875, 3.25, 13.9375], "texture": "#6"},
				"east": {"uv": [9.25, 12, 9.59375, 12.0625], "texture": "#6"},
				"south": {"uv": [13.875, 3.125, 14, 3.1875], "texture": "#6"},
				"west": {"uv": [12, 9.25, 12.34375, 9.3125], "texture": "#6"},
				"up": {"uv": [9.625, 3.59375, 9.5, 3.25], "texture": "#6"},
				"down": {"uv": [3.5, 9.5, 3.375, 9.84375], "texture": "#6"}
			}
		},
		{
			"from": [7.773, 7.86806, 8.94422],
			"to": [8.227, 8.13927, 9.93866],
			"rotation": {"angle": 0, "axis": "y", "origin": [5.10609, 6.4216, -9.04609]},
			"faces": {
				"north": {"uv": [12, 12.875, 12.15625, 12.96875], "texture": "#6"},
				"east": {"uv": [10.625, 0.75, 10.96875, 0.84375], "texture": "#6"},
				"south": {"uv": [12.875, 12.125, 13.03125, 12.21875], "texture": "#6"},
				"west": {"uv": [10.625, 0.875, 10.96875, 0.96875], "texture": "#6"},
				"up": {"uv": [6.40625, 8.84375, 6.25, 8.5], "texture": "#6"},
				"down": {"uv": [8.65625, 6.25, 8.5, 6.59375], "texture": "#6"}
			}
		},
		{
			"from": [7.81919, 0.45497, 8.89902],
			"to": [8.18081, 0.72618, 9.80306],
			"rotation": {"angle": -22.5, "axis": "x", "origin": [5.10709, 6.4216, -9.04609]},
			"faces": {
				"north": {"uv": [13.25, 5.25, 13.375, 5.34375], "texture": "#6"},
				"east": {"uv": [7.875, 11, 8.1875, 11.09375], "texture": "#6"},
				"south": {"uv": [5.375, 13.25, 5.5, 13.34375], "texture": "#6"},
				"west": {"uv": [8.75, 11, 9.0625, 11.09375], "texture": "#6"},
				"up": {"uv": [2.5, 10.3125, 2.375, 10], "texture": "#6"},
				"down": {"uv": [2.625, 10, 2.5, 10.3125], "texture": "#6"}
			}
		},
		{
			"from": [7.72879, 7.77766, 7.94978],
			"to": [8.27121, 8.04887, 8.94422],
			"rotation": {"angle": 0, "axis": "y", "origin": [5.10709, 6.4216, -9.04609]},
			"faces": {
				"north": {"uv": [12.625, 11.875, 12.8125, 11.96875], "texture": "#6"},
				"east": {"uv": [10.625, 1, 10.96875, 1.09375], "texture": "#6"},
				"south": {"uv": [12.625, 12, 12.8125, 12.09375], "texture": "#6"},
				"west": {"uv": [1.125, 10.625, 1.46875, 10.71875], "texture": "#6"},
				"up": {"uv": [7.5625, 5.84375, 7.375, 5.5], "texture": "#6"},
				"down": {"uv": [7.5625, 5.875, 7.375, 6.21875], "texture": "#6"}
			}
		}
	],
	"display": {
		"head": {
			"rotation": [0, 180, 0]
		}
	},
	"groups": [
		{
			"name": "bone",
			"origin": [1, 1.69803, 2.952],
			"color": 0,
			"children": [
				{
					"name": "sword_brake_general",
					"origin": [-4.12, 1.69803, 2.952],
					"color": 0,
					"children": [
						{
							"name": "tail19",
							"origin": [1, 4.25803, 2.952],
							"color": 0,
							"children": [
								{
									"name": "71",
									"origin": [1, 4.97651, 2.30659],
									"color": 0,
									"children": [
										0,
										1,
										2,
										3,
										4,
										5,
										6,
										7,
										8,
										9,
										10,
										11,
										12,
										13,
										14,
										15,
										16,
										17,
										18,
										19,
										20,
										21,
										22,
										23,
										24,
										25,
										26,
										27,
										28,
										29,
										30,
										31,
										32,
										33,
										34,
										35,
										36,
										37,
										38,
										39,
										40,
										41,
										42,
										43,
										44,
										45,
										46,
										47,
										48,
										49
									]
								}
							]
						}
					]
				}
			]
		}
	]
}