{
	"credit": "Made with Blockbench",
	"textures": {
		"6": "animated_java:item/dino_aj/texture_anger"
	},
	"elements": [
		{
			"from": [7.82234, 6.52997, 7.94623],
			"to": [8.17766, 6.88528, 9.48592],
			"rotation": {"angle": 0, "axis": "y", "origin": [4.21002, 5.81934, -11.47743]},
			"faces": {
				"north": {"uv": [1.875, 13.75, 1.96875, 13.84375], "texture": "#6"},
				"east": {"uv": [10.125, 4.5, 10.53125, 4.59375], "texture": "#6"},
				"south": {"uv": [2, 13.75, 2.09375, 13.84375], "texture": "#6"},
				"west": {"uv": [10.125, 4.625, 10.53125, 4.71875], "texture": "#6"},
				"up": {"uv": [3.59375, 10.53125, 3.5, 10.125], "texture": "#6"},
				"down": {"uv": [10.21875, 4.75, 10.125, 5.15625], "texture": "#6"}
			}
		},
		{
			"from": [7.82234, 6.6484, 9.48592],
			"to": [8.17766, 7.00371, 10.78872],
			"rotation": {"angle": 0, "axis": "y", "origin": [4.21002, 5.81934, -11.47743]},
			"faces": {
				"north": {"uv": [13.75, 1.625, 13.84375, 1.71875], "texture": "#6"},
				"east": {"uv": [10.5, 8.5, 10.84375, 8.59375], "texture": "#6"},
				"south": {"uv": [13.75, 1.75, 13.84375, 1.84375], "texture": "#6"},
				"west": {"uv": [10.5, 8.625, 10.84375, 8.71875], "texture": "#6"},
				"up": {"uv": [2.09375, 10.84375, 2, 10.5], "texture": "#6"},
				"down": {"uv": [5.46875, 10.5, 5.375, 10.84375], "texture": "#6"}
			}
		},
		{
			"from": [7.58547, 7.83277, 9.48592],
			"to": [8.41453, 8.30652, 10.78872],
			"rotation": {"angle": 0, "axis": "y", "origin": [4.21002, 6.05622, -11.47743]},
			"faces": {
				"north": {"uv": [10.125, 11.125, 10.34375, 11.25], "texture": "#6"},
				"east": {"uv": [9.375, 5.25, 9.71875, 5.375], "texture": "#6"},
				"south": {"uv": [11.125, 10.125, 11.34375, 10.25], "texture": "#6"},
				"west": {"uv": [9.375, 5.375, 9.71875, 5.5], "texture": "#6"},
				"up": {"uv": [6.59375, 0.34375, 6.375, 0], "texture": "#6"},
				"down": {"uv": [6.59375, 0.375, 6.375, 0.71875], "texture": "#6"}
			}
		},
		{
			"from": [7.58547, 7.71434, 7.94623],
			"to": [8.41453, 8.18808, 9.48592],
			"rotation": {"angle": 0, "axis": "y", "origin": [4.21002, 6.05622, -11.47743]},
			"faces": {
				"north": {"uv": [11.125, 9.875, 11.34375, 10], "texture": "#6"},
				"east": {"uv": [8.625, 8.25, 9.03125, 8.375], "texture": "#6"},
				"south": {"uv": [11.125, 10, 11.34375, 10.125], "texture": "#6"},
				"west": {"uv": [8.625, 8.375, 9.03125, 8.5], "texture": "#6"},
				"up": {"uv": [5.59375, 3.40625, 5.375, 3], "texture": "#6"},
				"down": {"uv": [5.59375, 3.5, 5.375, 3.90625], "texture": "#6"}
			}
		},
		{
			"from": [8.28425, 8.73289, 7.94576],
			"to": [8.52112, 9.21849, 9.48639],
			"rotation": {"angle": 22.5, "axis": "z", "origin": [11.78998, 6.05622, -11.47743]},
			"faces": {
				"north": {"uv": [13.8125, 13.375, 13.75, 13.5], "texture": "#6"},
				"east": {"uv": [9.03125, 8.125, 8.625, 8.25], "texture": "#6"},
				"south": {"uv": [13.5625, 13.75, 13.5, 13.875], "texture": "#6"},
				"west": {"uv": [9.03125, 5.5, 8.625, 5.625], "texture": "#6"},
				"up": {"uv": [9, 11.78125, 9.0625, 11.375], "texture": "#6"},
				"down": {"uv": [9.125, 11.375, 9.1875, 11.78125], "texture": "#6"}
			}
		},
		{
			"from": [8.379, 8.80396, 9.48592],
			"to": [8.61587, 9.30139, 10.7892],
			"rotation": {"angle": 22.5, "axis": "z", "origin": [11.78998, 6.05622, -11.47743]},
			"faces": {
				"north": {"uv": [13.8125, 13.5, 13.75, 13.625], "texture": "#6"},
				"east": {"uv": [4.84375, 9.375, 4.5, 9.5], "texture": "#6"},
				"south": {"uv": [13.6875, 13.75, 13.625, 13.875], "texture": "#6"},
				"west": {"uv": [9.71875, 4.25, 9.375, 4.375], "texture": "#6"},
				"up": {"uv": [4.25, 12.34375, 4.3125, 12], "texture": "#6"},
				"down": {"uv": [4.375, 12, 4.4375, 12.34375], "texture": "#6"}
			}
		},
		{
			"from": [6.81563, 6.48259, 9.48592],
			"to": [6.93407, 6.95634, 10.7892],
			"rotation": {"angle": -22.5, "axis": "z", "origin": [11.78998, 6.05622, -11.47743]},
			"faces": {
				"north": {"uv": [14.15625, 10.125, 14.125, 10.25], "texture": "#6"},
				"east": {"uv": [9.71875, 3.875, 9.375, 4], "texture": "#6"},
				"south": {"uv": [10.28125, 14.125, 10.25, 14.25], "texture": "#6"},
				"west": {"uv": [4.21875, 9.375, 3.875, 9.5], "texture": "#6"},
				"up": {"uv": [0.125, 13.71875, 0.15625, 13.375], "texture": "#6"},
				"down": {"uv": [13.375, 0.125, 13.40625, 0.46875], "texture": "#6"}
			}
		},
		{
			"from": [6.68437, 5.13704, 9.48592],
			"to": [6.92124, 5.49235, 10.78825],
			"rotation": {"angle": -45, "axis": "z", "origin": [11.78901, 6.06085, -11.47696]},
			"faces": {
				"north": {"uv": [4.8125, 14, 4.75, 14.09375], "texture": "#6"},
				"east": {"uv": [10.84375, 8.375, 10.5, 8.46875], "texture": "#6"},
				"south": {"uv": [14.0625, 4.75, 14, 4.84375], "texture": "#6"},
				"west": {"uv": [8.71875, 10.5, 8.375, 10.59375], "texture": "#6"},
				"up": {"uv": [3.375, 12.34375, 3.4375, 12], "texture": "#6"},
				"down": {"uv": [3.5, 12, 3.5625, 12.34375], "texture": "#6"}
			}
		},
		{
			"from": [6.6364, 5.09314, 7.94671],
			"to": [6.87327, 5.42476, 9.48544],
			"rotation": {"angle": -45, "axis": "z", "origin": [11.78841, 6.05248, -11.47696]},
			"faces": {
				"north": {"uv": [4.9375, 14, 4.875, 14.09375], "texture": "#6"},
				"east": {"uv": [10.53125, 4.375, 10.125, 4.46875], "texture": "#6"},
				"south": {"uv": [14.0625, 4.875, 14, 4.96875], "texture": "#6"},
				"west": {"uv": [4.78125, 10.125, 4.375, 10.21875], "texture": "#6"},
				"up": {"uv": [6, 11.78125, 6.0625, 11.375], "texture": "#6"},
				"down": {"uv": [6.125, 11.375, 6.1875, 11.78125], "texture": "#6"}
			}
		},
		{
			"from": [6.75641, 6.32862, 7.94576],
			"to": [6.87485, 6.92081, 9.48639],
			"rotation": {"angle": -22.5, "axis": "z", "origin": [11.78998, 6.05622, -11.47743]},
			"faces": {
				"north": {"uv": [4.40625, 14.125, 4.375, 14.28125], "texture": "#6"},
				"east": {"uv": [8.15625, 1.625, 7.75, 1.78125], "texture": "#6"},
				"south": {"uv": [14.15625, 4.625, 14.125, 4.78125], "texture": "#6"},
				"west": {"uv": [8.15625, 0.875, 7.75, 1.03125], "texture": "#6"},
				"up": {"uv": [1.75, 13.53125, 1.78125, 13.125], "texture": "#6"},
				"down": {"uv": [1.875, 13.125, 1.90625, 13.53125], "texture": "#6"}
			}
		},
		{
			"from": [7.38413, 8.80396, 9.48592],
			"to": [7.621, 9.30139, 10.7892],
			"rotation": {"angle": -22.5, "axis": "z", "origin": [4.21002, 6.05622, -11.47743]},
			"faces": {
				"north": {"uv": [13.75, 13.5, 13.8125, 13.625], "texture": "#6"},
				"east": {"uv": [9.375, 4.25, 9.71875, 4.375], "texture": "#6"},
				"south": {"uv": [13.625, 13.75, 13.6875, 13.875], "texture": "#6"},
				"west": {"uv": [4.5, 9.375, 4.84375, 9.5], "texture": "#6"},
				"up": {"uv": [4.3125, 12.34375, 4.25, 12], "texture": "#6"},
				"down": {"uv": [4.4375, 12, 4.375, 12.34375], "texture": "#6"}
			}
		},
		{
			"from": [7.47888, 8.73289, 7.94576],
			"to": [7.71575, 9.21849, 9.48639],
			"rotation": {"angle": -22.5, "axis": "z", "origin": [4.21002, 6.05622, -11.47743]},
			"faces": {
				"north": {"uv": [13.75, 13.375, 13.8125, 13.5], "texture": "#6"},
				"east": {"uv": [8.625, 5.5, 9.03125, 5.625], "texture": "#6"},
				"south": {"uv": [13.5, 13.75, 13.5625, 13.875], "texture": "#6"},
				"west": {"uv": [8.625, 8.125, 9.03125, 8.25], "texture": "#6"},
				"up": {"uv": [9.0625, 11.78125, 9, 11.375], "texture": "#6"},
				"down": {"uv": [9.1875, 11.375, 9.125, 11.78125], "texture": "#6"}
			}
		},
		{
			"from": [7.52625, 7.12215, 7.94623],
			"to": [8.47375, 7.71434, 9.48592],
			"rotation": {"angle": 0, "axis": "y", "origin": [4.21002, 6.05622, -11.47743]},
			"faces": {
				"north": {"uv": [0.75, 10, 1, 10.15625], "texture": "#6"},
				"east": {"uv": [1.75, 7.75, 2.15625, 7.90625], "texture": "#6"},
				"south": {"uv": [10, 0.75, 10.25, 0.90625], "texture": "#6"},
				"west": {"uv": [7.75, 1.875, 8.15625, 2.03125], "texture": "#6"},
				"up": {"uv": [5.125, 4.90625, 4.875, 4.5], "texture": "#6"},
				"down": {"uv": [1, 5, 0.75, 5.40625], "texture": "#6"}
			}
		},
		{
			"from": [9.12515, 6.32862, 7.94576],
			"to": [9.24359, 6.92081, 9.48639],
			"rotation": {"angle": 22.5, "axis": "z", "origin": [4.21002, 6.05622, -11.47743]},
			"faces": {
				"north": {"uv": [4.375, 14.125, 4.40625, 14.28125], "texture": "#6"},
				"east": {"uv": [7.75, 0.875, 8.15625, 1.03125], "texture": "#6"},
				"south": {"uv": [14.125, 4.625, 14.15625, 4.78125], "texture": "#6"},
				"west": {"uv": [7.75, 1.625, 8.15625, 1.78125], "texture": "#6"},
				"up": {"uv": [1.78125, 13.53125, 1.75, 13.125], "texture": "#6"},
				"down": {"uv": [1.90625, 13.125, 1.875, 13.53125], "texture": "#6"}
			}
		},
		{
			"from": [7.3486, 8.18808, 7.94623],
			"to": [8.6514, 8.42496, 9.48592],
			"rotation": {"angle": 0, "axis": "y", "origin": [4.21002, 6.05622, -11.47743]},
			"faces": {
				"north": {"uv": [12, 3.625, 12.34375, 3.6875], "texture": "#6"},
				"east": {"uv": [8.5, 11.375, 8.90625, 11.4375], "texture": "#6"},
				"south": {"uv": [12, 4.125, 12.34375, 4.1875], "texture": "#6"},
				"west": {"uv": [11.375, 8.5, 11.78125, 8.5625], "texture": "#6"},
				"up": {"uv": [3.21875, 1.90625, 2.875, 1.5], "texture": "#6"},
				"down": {"uv": [3.21875, 2, 2.875, 2.40625], "texture": "#6"}
			}
		},
		{
			"from": [7.46703, 8.42496, 7.94623],
			"to": [8.53297, 9.01714, 9.48592],
			"rotation": {"angle": 0, "axis": "y", "origin": [4.21002, 6.05622, -11.47743]},
			"faces": {
				"north": {"uv": [9.125, 2.5, 9.40625, 2.65625], "texture": "#6"},
				"east": {"uv": [7.75, 0.625, 8.15625, 0.78125], "texture": "#6"},
				"south": {"uv": [2.625, 9.125, 2.90625, 9.28125], "texture": "#6"},
				"west": {"uv": [0.75, 7.75, 1.15625, 7.90625], "texture": "#6"},
				"up": {"uv": [1.15625, 4.40625, 0.875, 4], "texture": "#6"},
				"down": {"uv": [1.53125, 4, 1.25, 4.40625], "texture": "#6"}
			}
		},
		{
			"from": [7.70391, 9.01714, 7.94623],
			"to": [8.29609, 9.25402, 9.48592],
			"rotation": {"angle": 0, "axis": "y", "origin": [4.21002, 6.05622, -11.47743]},
			"faces": {
				"north": {"uv": [13.5, 6.875, 13.65625, 6.9375], "texture": "#6"},
				"east": {"uv": [11.375, 8.25, 11.78125, 8.3125], "texture": "#6"},
				"south": {"uv": [7.25, 13.5, 7.40625, 13.5625], "texture": "#6"},
				"west": {"uv": [11.375, 8.375, 11.78125, 8.4375], "texture": "#6"},
				"up": {"uv": [7.15625, 8.03125, 7, 7.625], "texture": "#6"},
				"down": {"uv": [0.65625, 7.75, 0.5, 8.15625], "texture": "#6"}
			}
		},
		{
			"from": [7.77497, 9.01714, 10.31497],
			"to": [8.22503, 9.26586, 10.78872],
			"rotation": {"angle": 0, "axis": "y", "origin": [4.21002, 6.05622, -11.47743]},
			"faces": {
				"north": {"uv": [13.125, 13.75, 13.25, 13.8125], "texture": "#6"},
				"east": {"uv": [13.75, 13.125, 13.875, 13.1875], "texture": "#6"},
				"south": {"uv": [13.75, 13.25, 13.875, 13.3125], "texture": "#6"},
				"west": {"uv": [13.375, 13.75, 13.5, 13.8125], "texture": "#6"},
				"up": {"uv": [13, 0.75, 12.875, 0.625], "texture": "#6"},
				"down": {"uv": [0.875, 12.875, 0.75, 13], "texture": "#6"}
			}
		},
		{
			"from": [9.12673, 5.09314, 7.94671],
			"to": [9.3636, 5.42476, 9.48544],
			"rotation": {"angle": 45, "axis": "z", "origin": [4.21159, 6.05248, -11.47696]},
			"faces": {
				"north": {"uv": [4.875, 14, 4.9375, 14.09375], "texture": "#6"},
				"east": {"uv": [4.375, 10.125, 4.78125, 10.21875], "texture": "#6"},
				"south": {"uv": [14, 4.875, 14.0625, 4.96875], "texture": "#6"},
				"west": {"uv": [10.125, 4.375, 10.53125, 4.46875], "texture": "#6"},
				"up": {"uv": [6.0625, 11.78125, 6, 11.375], "texture": "#6"},
				"down": {"uv": [6.1875, 11.375, 6.125, 11.78125], "texture": "#6"}
			}
		},
		{
			"from": [9.07876, 5.13704, 9.48592],
			"to": [9.31563, 5.49235, 10.78825],
			"rotation": {"angle": 45, "axis": "z", "origin": [4.21099, 6.06085, -11.47696]},
			"faces": {
				"north": {"uv": [4.75, 14, 4.8125, 14.09375], "texture": "#6"},
				"east": {"uv": [8.375, 10.5, 8.71875, 10.59375], "texture": "#6"},
				"south": {"uv": [14, 4.75, 14.0625, 4.84375], "texture": "#6"},
				"west": {"uv": [10.5, 8.375, 10.84375, 8.46875], "texture": "#6"},
				"up": {"uv": [3.4375, 12.34375, 3.375, 12], "texture": "#6"},
				"down": {"uv": [3.5625, 12, 3.5, 12.34375], "texture": "#6"}
			}
		},
		{
			"from": [7.52625, 8.54339, 9.48592],
			"to": [8.47375, 9.01714, 10.78872],
			"rotation": {"angle": 0, "axis": "y", "origin": [4.21002, 6.05622, -11.47743]},
			"faces": {
				"north": {"uv": [0.25, 10.875, 0.5, 11], "texture": "#6"},
				"east": {"uv": [9.375, 4, 9.71875, 4.125], "texture": "#6"},
				"south": {"uv": [0.75, 10.875, 1, 11], "texture": "#6"},
				"west": {"uv": [9.375, 4.125, 9.71875, 4.25], "texture": "#6"},
				"up": {"uv": [5.125, 5.96875, 4.875, 5.625], "texture": "#6"},
				"down": {"uv": [0.25, 5.75, 0, 6.09375], "texture": "#6"}
			}
		},
		{
			"from": [7.82234, 16.38392, 5.26956],
			"to": [8.17766, 16.71555, 6.21705],
			"rotation": {"angle": 22.5, "axis": "x", "origin": [4.21002, 6.05622, -11.47743]},
			"faces": {
				"north": {"uv": [13.75, 1.375, 13.84375, 1.46875], "texture": "#6"},
				"east": {"uv": [9.75, 11.75, 10, 11.84375], "texture": "#6"},
				"south": {"uv": [13.75, 1.5, 13.84375, 1.59375], "texture": "#6"},
				"west": {"uv": [10.125, 11.75, 10.375, 11.84375], "texture": "#6"},
				"up": {"uv": [8.21875, 12, 8.125, 11.75], "texture": "#6"},
				"down": {"uv": [11.84375, 10.125, 11.75, 10.375], "texture": "#6"}
			}
		},
		{
			"from": [7.70391, 20.74241, 1.92003],
			"to": [8.29609, 21.21615, 2.86753],
			"rotation": {"angle": 45, "axis": "x", "origin": [4.21002, 6.05622, -11.47743]},
			"faces": {
				"north": {"uv": [12.25, 12.375, 12.40625, 12.5], "texture": "#6"},
				"east": {"uv": [10.75, 10.5, 11, 10.625], "texture": "#6"},
				"south": {"uv": [0, 12.5, 0.15625, 12.625], "texture": "#6"},
				"west": {"uv": [0, 10.875, 0.25, 11], "texture": "#6"},
				"up": {"uv": [0.65625, 10.25, 0.5, 10], "texture": "#6"},
				"down": {"uv": [10.15625, 0.5, 10, 0.75], "texture": "#6"}
			}
		},
		{
			"from": [7.70391, 0.48968, 9.36748],
			"to": [8.29609, 1.2003, 9.95966],
			"rotation": {"angle": -22.5, "axis": "x", "origin": [4.21002, 6.05622, -11.47743]},
			"faces": {
				"north": {"uv": [11, 4.75, 11.15625, 4.9375], "texture": "#6"},
				"east": {"uv": [4.875, 11, 5.03125, 11.1875], "texture": "#6"},
				"south": {"uv": [11, 5, 11.15625, 5.1875], "texture": "#6"},
				"west": {"uv": [5.125, 11, 5.28125, 11.1875], "texture": "#6"},
				"up": {"uv": [4.28125, 11.65625, 4.125, 11.5], "texture": "#6"},
				"down": {"uv": [11.65625, 4.125, 11.5, 4.28125], "texture": "#6"}
			}
		},
		{
			"from": [7.70438, 0.72655, 8.41998],
			"to": [8.29562, 1.67405, 9.36748],
			"rotation": {"angle": -22.5, "axis": "x", "origin": [4.21002, 6.05622, -11.47743]},
			"faces": {
				"north": {"uv": [9.875, 9.75, 10.03125, 10], "texture": "#6"},
				"east": {"uv": [3, 8.125, 3.25, 8.375], "texture": "#6"},
				"south": {"uv": [0, 10, 0.15625, 10.25], "texture": "#6"},
				"west": {"uv": [8.125, 3.125, 8.375, 3.375], "texture": "#6"},
				"up": {"uv": [0.40625, 10.25, 0.25, 10], "texture": "#6"},
				"down": {"uv": [10.15625, 0.25, 10, 0.5], "texture": "#6"}
			}
		},
		{
			"from": [7.70438, 20.74241, 1.92003],
			"to": [8.29562, 21.21615, 2.51222],
			"rotation": {"angle": 45, "axis": "x", "origin": [4.21002, 6.05622, -11.47743]},
			"faces": {
				"north": {"uv": [12.375, 11.875, 12.53125, 12], "texture": "#6"},
				"east": {"uv": [12, 12.375, 12.15625, 12.5], "texture": "#6"},
				"south": {"uv": [12.375, 12, 12.53125, 12.125], "texture": "#6"},
				"west": {"uv": [12.375, 12.125, 12.53125, 12.25], "texture": "#6"},
				"up": {"uv": [3.53125, 11.65625, 3.375, 11.5], "texture": "#6"},
				"down": {"uv": [3.78125, 11.5, 3.625, 11.65625], "texture": "#6"}
			}
		},
		{
			"from": [7.70343, 17.30773, 4.98531],
			"to": [8.29657, 17.78148, 7.11718],
			"rotation": {"angle": 22.5, "axis": "x", "origin": [4.21002, 6.05622, -11.47743]},
			"faces": {
				"north": {"uv": [12.375, 11.625, 12.53125, 11.75], "texture": "#6"},
				"east": {"uv": [6.75, 5.625, 7.3125, 5.75], "texture": "#6"},
				"south": {"uv": [11.75, 12.375, 11.90625, 12.5], "texture": "#6"},
				"west": {"uv": [6.75, 5.75, 7.3125, 5.875], "texture": "#6"},
				"up": {"uv": [2.65625, 6.0625, 2.5, 5.5], "texture": "#6"},
				"down": {"uv": [5.65625, 4.5, 5.5, 5.0625], "texture": "#6"}
			}
		},
		{
			"from": [7.58547, 7.24059, 9.48592],
			"to": [8.41453, 7.83277, 10.78872],
			"rotation": {"angle": 0, "axis": "y", "origin": [4.21002, 6.05622, -11.47743]},
			"faces": {
				"north": {"uv": [4.125, 10.375, 4.34375, 10.53125], "texture": "#6"},
				"east": {"uv": [8.5, 4.5, 8.84375, 4.65625], "texture": "#6"},
				"south": {"uv": [10.375, 5.75, 10.59375, 5.90625], "texture": "#6"},
				"west": {"uv": [5.625, 8.5, 5.96875, 8.65625], "texture": "#6"},
				"up": {"uv": [6.09375, 6.59375, 5.875, 6.25], "texture": "#6"},
				"down": {"uv": [6.34375, 6.25, 6.125, 6.59375], "texture": "#6"}
			}
		},
		{
			"from": [9.06593, 6.48259, 9.48592],
			"to": [9.18437, 6.95634, 10.7892],
			"rotation": {"angle": 22.5, "axis": "z", "origin": [4.21002, 6.05622, -11.47743]},
			"faces": {
				"north": {"uv": [14.125, 10.125, 14.15625, 10.25], "texture": "#6"},
				"east": {"uv": [3.875, 9.375, 4.21875, 9.5], "texture": "#6"},
				"south": {"uv": [10.25, 14.125, 10.28125, 14.25], "texture": "#6"},
				"west": {"uv": [9.375, 3.875, 9.71875, 4], "texture": "#6"},
				"up": {"uv": [0.15625, 13.71875, 0.125, 13.375], "texture": "#6"},
				"down": {"uv": [13.40625, 0.125, 13.375, 0.46875], "texture": "#6"}
			}
		},
		{
			"from": [7.46703, 8.30652, 9.48592],
			"to": [8.53297, 8.54339, 10.78872],
			"rotation": {"angle": 0, "axis": "y", "origin": [4.21002, 6.05622, -11.47743]},
			"faces": {
				"north": {"uv": [12.625, 8.75, 12.90625, 8.8125], "texture": "#6"},
				"east": {"uv": [12, 3.25, 12.34375, 3.3125], "texture": "#6"},
				"south": {"uv": [12.625, 9, 12.90625, 9.0625], "texture": "#6"},
				"west": {"uv": [12, 3.5, 12.34375, 3.5625], "texture": "#6"},
				"up": {"uv": [5.40625, 4.84375, 5.125, 4.5], "texture": "#6"},
				"down": {"uv": [5.40625, 4.875, 5.125, 5.21875], "texture": "#6"}
			}
		},
		{
			"from": [7.70391, 7.00371, 9.48592],
			"to": [8.29609, 7.24059, 10.78872],
			"rotation": {"angle": 0, "axis": "y", "origin": [4.21002, 5.81934, -11.47743]},
			"faces": {
				"north": {"uv": [6.75, 13.5, 6.90625, 13.5625], "texture": "#6"},
				"east": {"uv": [3, 12, 3.34375, 12.0625], "texture": "#6"},
				"south": {"uv": [13.5, 6.75, 13.65625, 6.8125], "texture": "#6"},
				"west": {"uv": [12, 3.125, 12.34375, 3.1875], "texture": "#6"},
				"up": {"uv": [8.65625, 4.46875, 8.5, 4.125], "texture": "#6"},
				"down": {"uv": [5.53125, 8.5, 5.375, 8.84375], "texture": "#6"}
			}
		},
		{
			"from": [7.70391, 6.88528, 7.94623],
			"to": [8.29609, 7.12215, 9.48592],
			"rotation": {"angle": 0, "axis": "y", "origin": [4.21002, 5.81934, -11.47743]},
			"faces": {
				"north": {"uv": [13.5, 6.25, 13.65625, 6.3125], "texture": "#6"},
				"east": {"uv": [11.375, 7.625, 11.78125, 7.6875], "texture": "#6"},
				"south": {"uv": [13.5, 6.625, 13.65625, 6.6875], "texture": "#6"},
				"west": {"uv": [8, 11.375, 8.40625, 11.4375], "texture": "#6"},
				"up": {"uv": [5.78125, 8.03125, 5.625, 7.625], "texture": "#6"},
				"down": {"uv": [6.65625, 7.625, 6.5, 8.03125], "texture": "#6"}
			}
		}
	],
	"display": {
		"head": {
			"rotation": [0, 180, 0]
		}
	}
}