{
	"credit": "Made with Blockbench",
	"textures": {
		"6": "animated_java:item/dino_aj/texture_anger"
	},
	"elements": [
		{
			"from": [5.93171, 5.11805, 9.0072],
			"to": [6.58831, 5.77465, 10.3204],
			"rotation": {"angle": -22.5, "axis": "z", "origin": [13.2528, 5.6105, -11.3474]},
			"faces": {
				"north": {"uv": [3.375, 7.625, 3.25, 7.75], "texture": "#6"},
				"east": {"uv": [0.5, 10.75, 0.25, 10.875], "texture": "#6"},
				"south": {"uv": [7.75, 6.125, 7.625, 6.25], "texture": "#6"},
				"west": {"uv": [0.25, 10.75, 0, 10.875], "texture": "#6"},
				"up": {"uv": [0.5, 11, 0.625, 10.75], "texture": "#6"},
				"down": {"uv": [0.625, 10.75, 0.75, 11], "texture": "#6"}
			}
		},
		{
			"from": [8.09849, 10.535, 10.3204],
			"to": [8.59094, 11.35575, 11.6336],
			"rotation": {"angle": 22.5, "axis": "z", "origin": [13.2528, 5.6105, -11.3474]},
			"faces": {
				"north": {"uv": [8.96875, 12.875, 8.875, 13.03125], "texture": "#6"},
				"east": {"uv": [10.125, 6.375, 9.875, 6.53125], "texture": "#6"},
				"south": {"uv": [9.09375, 12.875, 9, 13.03125], "texture": "#6"},
				"west": {"uv": [6.5, 9.875, 6.25, 10.03125], "texture": "#6"},
				"up": {"uv": [0.5, 12, 0.59375, 11.75], "texture": "#6"},
				"down": {"uv": [11.75, 0.5, 11.84375, 0.75], "texture": "#6"}
			}
		},
		{
			"from": [6.62114, 2.39316, 10.3204],
			"to": [7.44189, 3.04976, 11.63294],
			"rotation": {"angle": -45, "axis": "z", "origin": [13.2528, 5.6105, -11.3474]},
			"faces": {
				"north": {"uv": [12.53125, 7, 12.375, 7.125], "texture": "#6"},
				"east": {"uv": [10.875, 10.625, 10.625, 10.75], "texture": "#6"},
				"south": {"uv": [12.53125, 7.5, 12.375, 7.625], "texture": "#6"},
				"west": {"uv": [10.875, 10.375, 10.625, 10.5], "texture": "#6"},
				"up": {"uv": [5.375, 10.125, 5.53125, 9.875], "texture": "#6"},
				"down": {"uv": [9.875, 6, 10.03125, 6.25], "texture": "#6"}
			}
		},
		{
			"from": [6.45699, 2.22901, 9.0072],
			"to": [7.44189, 3.37806, 10.3204],
			"rotation": {"angle": -45, "axis": "z", "origin": [13.2528, 5.6105, -11.3474]},
			"faces": {
				"north": {"uv": [9.8125, 6.625, 9.625, 6.84375], "texture": "#6"},
				"east": {"uv": [1.75, 8.375, 1.5, 8.59375], "texture": "#6"},
				"south": {"uv": [6.9375, 9.625, 6.75, 9.84375], "texture": "#6"},
				"west": {"uv": [8.625, 1.375, 8.375, 1.59375], "texture": "#6"},
				"up": {"uv": [8.875, 0.5, 9.0625, 0.25], "texture": "#6"},
				"down": {"uv": [8.875, 0.5, 9.0625, 0.75], "texture": "#6"}
			}
		},
		{
			"from": [8.16415, 10.46934, 9.0072],
			"to": [8.6566, 11.45424, 10.3204],
			"rotation": {"angle": 22.5, "axis": "z", "origin": [13.2528, 5.6105, -11.3474]},
			"faces": {
				"north": {"uv": [1.46875, 12.625, 1.375, 12.8125], "texture": "#6"},
				"east": {"uv": [9.125, 1.25, 8.875, 1.4375], "texture": "#6"},
				"south": {"uv": [1.59375, 12.625, 1.5, 12.8125], "texture": "#6"},
				"west": {"uv": [9.125, 1, 8.875, 1.1875], "texture": "#6"},
				"up": {"uv": [0.875, 12, 0.96875, 11.75], "texture": "#6"},
				"down": {"uv": [1, 11.75, 1.09375, 12], "texture": "#6"}
			}
		},
		{
			"from": [8.09849, 10.8633, 7.694],
			"to": [8.59094, 11.5199, 9.0072],
			"rotation": {"angle": 22.5, "axis": "z", "origin": [13.2528, 5.6105, -11.3474]},
			"faces": {
				"north": {"uv": [8.96875, 13.125, 8.875, 13.25], "texture": "#6"},
				"east": {"uv": [1.25, 10.75, 1, 10.875], "texture": "#6"},
				"south": {"uv": [9.09375, 13.125, 9, 13.25], "texture": "#6"},
				"west": {"uv": [1, 10.75, 0.75, 10.875], "texture": "#6"},
				"up": {"uv": [0.625, 12, 0.71875, 11.75], "texture": "#6"},
				"down": {"uv": [0.75, 11.75, 0.84375, 12], "texture": "#6"}
			}
		},
		{
			"from": [6.29284, 2.09769, 7.69466],
			"to": [7.60604, 3.08259, 9.00786],
			"rotation": {"angle": -45, "axis": "z", "origin": [13.2528, 5.6105, -11.3474]},
			"faces": {
				"north": {"uv": [9, 7.75, 8.75, 7.9375], "texture": "#6"},
				"east": {"uv": [9, 8.75, 8.75, 8.9375], "texture": "#6"},
				"south": {"uv": [9, 8.5, 8.75, 8.6875], "texture": "#6"},
				"west": {"uv": [8.25, 8.75, 8, 8.9375], "texture": "#6"},
				"up": {"uv": [3.25, 8.25, 3.5, 8], "texture": "#6"},
				"down": {"uv": [4.75, 8, 5, 8.25], "texture": "#6"}
			}
		},
		{
			"from": [7.3434, 10.46934, 9.0072],
			"to": [7.83585, 11.45424, 10.3204],
			"rotation": {"angle": -22.5, "axis": "z", "origin": [2.7472, 5.6105, -11.3474]},
			"faces": {
				"north": {"uv": [1.375, 12.625, 1.46875, 12.8125], "texture": "#6"},
				"east": {"uv": [8.875, 1, 9.125, 1.1875], "texture": "#6"},
				"south": {"uv": [1.5, 12.625, 1.59375, 12.8125], "texture": "#6"},
				"west": {"uv": [8.875, 1.25, 9.125, 1.4375], "texture": "#6"},
				"up": {"uv": [0.96875, 12, 0.875, 11.75], "texture": "#6"},
				"down": {"uv": [1.09375, 11.75, 1, 12], "texture": "#6"}
			}
		},
		{
			"from": [7.40906, 10.8633, 7.694],
			"to": [7.90151, 11.5199, 9.0072],
			"rotation": {"angle": -22.5, "axis": "z", "origin": [2.7472, 5.6105, -11.3474]},
			"faces": {
				"north": {"uv": [8.875, 13.125, 8.96875, 13.25], "texture": "#6"},
				"east": {"uv": [0.75, 10.75, 1, 10.875], "texture": "#6"},
				"south": {"uv": [9, 13.125, 9.09375, 13.25], "texture": "#6"},
				"west": {"uv": [1, 10.75, 1.25, 10.875], "texture": "#6"},
				"up": {"uv": [0.71875, 12, 0.625, 11.75], "texture": "#6"},
				"down": {"uv": [0.84375, 11.75, 0.75, 12], "texture": "#6"}
			}
		},
		{
			"from": [7.40906, 10.535, 10.3204],
			"to": [7.90151, 11.35575, 11.6336],
			"rotation": {"angle": -22.5, "axis": "z", "origin": [2.7472, 5.6105, -11.3474]},
			"faces": {
				"north": {"uv": [8.875, 12.875, 8.96875, 13.03125], "texture": "#6"},
				"east": {"uv": [6.25, 9.875, 6.5, 10.03125], "texture": "#6"},
				"south": {"uv": [9, 12.875, 9.09375, 13.03125], "texture": "#6"},
				"west": {"uv": [9.875, 6.375, 10.125, 6.53125], "texture": "#6"},
				"up": {"uv": [0.59375, 12, 0.5, 11.75], "texture": "#6"},
				"down": {"uv": [11.84375, 0.5, 11.75, 0.75], "texture": "#6"}
			}
		},
		{
			"from": [9.41169, 5.11805, 9.0072],
			"to": [10.06829, 5.77465, 10.3204],
			"rotation": {"angle": 22.5, "axis": "z", "origin": [2.7472, 5.6105, -11.3474]},
			"faces": {
				"north": {"uv": [3.25, 7.625, 3.375, 7.75], "texture": "#6"},
				"east": {"uv": [0, 10.75, 0.25, 10.875], "texture": "#6"},
				"south": {"uv": [7.625, 6.125, 7.75, 6.25], "texture": "#6"},
				"west": {"uv": [0.25, 10.75, 0.5, 10.875], "texture": "#6"},
				"up": {"uv": [0.625, 11, 0.5, 10.75], "texture": "#6"},
				"down": {"uv": [0.75, 10.75, 0.625, 11], "texture": "#6"}
			}
		},
		{
			"from": [8.55811, 2.39316, 10.3204],
			"to": [9.37886, 3.04976, 11.63294],
			"rotation": {"angle": 45, "axis": "z", "origin": [2.7472, 5.6105, -11.3474]},
			"faces": {
				"north": {"uv": [12.375, 7, 12.53125, 7.125], "texture": "#6"},
				"east": {"uv": [10.625, 10.375, 10.875, 10.5], "texture": "#6"},
				"south": {"uv": [12.375, 7.5, 12.53125, 7.625], "texture": "#6"},
				"west": {"uv": [10.625, 10.625, 10.875, 10.75], "texture": "#6"},
				"up": {"uv": [5.53125, 10.125, 5.375, 9.875], "texture": "#6"},
				"down": {"uv": [10.03125, 6, 9.875, 6.25], "texture": "#6"}
			}
		},
		{
			"from": [8.55811, 2.22901, 9.0072],
			"to": [9.54301, 3.37806, 10.3204],
			"rotation": {"angle": 45, "axis": "z", "origin": [2.7472, 5.6105, -11.3474]},
			"faces": {
				"north": {"uv": [9.625, 6.625, 9.8125, 6.84375], "texture": "#6"},
				"east": {"uv": [8.375, 1.375, 8.625, 1.59375], "texture": "#6"},
				"south": {"uv": [6.75, 9.625, 6.9375, 9.84375], "texture": "#6"},
				"west": {"uv": [1.5, 8.375, 1.75, 8.59375], "texture": "#6"},
				"up": {"uv": [9.0625, 0.5, 8.875, 0.25], "texture": "#6"},
				"down": {"uv": [9.0625, 0.5, 8.875, 0.75], "texture": "#6"}
			}
		},
		{
			"from": [8.39396, 2.09769, 7.69466],
			"to": [9.70716, 3.08259, 9.00786],
			"rotation": {"angle": 45, "axis": "z", "origin": [2.7472, 5.6105, -11.3474]},
			"faces": {
				"north": {"uv": [8.75, 7.75, 9, 7.9375], "texture": "#6"},
				"east": {"uv": [8, 8.75, 8.25, 8.9375], "texture": "#6"},
				"south": {"uv": [8.75, 8.5, 9, 8.6875], "texture": "#6"},
				"west": {"uv": [8.75, 8.75, 9, 8.9375], "texture": "#6"},
				"up": {"uv": [3.5, 8.25, 3.25, 8], "texture": "#6"},
				"down": {"uv": [5, 8, 4.75, 8.25], "texture": "#6"}
			}
		},
		{
			"from": [6.78529, 9.38595, 9.49965],
			"to": [7.60604, 9.5501, 9.82795],
			"rotation": {"angle": 0, "axis": "y", "origin": [13.18714, 5.6105, -11.3474]},
			"faces": {
				"north": {"uv": [14.28125, 3.125, 14.125, 3.15625], "texture": "#6"},
				"east": {"uv": [14.3125, 6.875, 14.25, 6.90625], "texture": "#6"},
				"south": {"uv": [3.40625, 14.125, 3.25, 14.15625], "texture": "#6"},
				"west": {"uv": [6.8125, 14.25, 6.75, 14.28125], "texture": "#6"},
				"up": {"uv": [13.375, 10.8125, 13.53125, 10.75], "texture": "#6"},
				"down": {"uv": [13.375, 10.875, 13.53125, 10.9375], "texture": "#6"}
			}
		},
		{
			"from": [6.78595, 23.22379, 0.81611],
			"to": [7.60538, 24.20869, 1.63686],
			"rotation": {"angle": 45, "axis": "x", "origin": [13.02299, 5.6105, -11.3474]},
			"faces": {
				"north": {"uv": [11.03125, 9.75, 10.875, 9.9375], "texture": "#6"},
				"east": {"uv": [10.28125, 10.875, 10.125, 11.0625], "texture": "#6"},
				"south": {"uv": [11.03125, 10, 10.875, 10.1875], "texture": "#6"},
				"west": {"uv": [10.03125, 10.875, 9.875, 11.0625], "texture": "#6"},
				"up": {"uv": [11.25, 11.53125, 11.40625, 11.375], "texture": "#6"},
				"down": {"uv": [11.5, 0.125, 11.65625, 0.28125], "texture": "#6"}
			}
		},
		{
			"from": [6.78529, 0.37411, 10.48455],
			"to": [7.60604, 1.49033, 10.81285],
			"rotation": {"angle": -22.5, "axis": "x", "origin": [13.18714, 5.6105, -11.3474]},
			"faces": {
				"north": {"uv": [9.03125, 10.25, 8.875, 10.46875], "texture": "#6"},
				"east": {"uv": [13.0625, 5.25, 13, 5.46875], "texture": "#6"},
				"south": {"uv": [10.40625, 8.875, 10.25, 9.09375], "texture": "#6"},
				"west": {"uv": [5.3125, 13, 5.25, 13.21875], "texture": "#6"},
				"up": {"uv": [11, 13.4375, 11.15625, 13.375], "texture": "#6"},
				"down": {"uv": [13.375, 11.125, 13.53125, 11.1875], "texture": "#6"}
			}
		},
		{
			"from": [6.86671, 17.49496, 6.54495],
			"to": [7.52462, 18.31571, 7.20155],
			"rotation": {"angle": 22.5, "axis": "x", "origin": [13.02299, 5.6105, -11.3474]},
			"faces": {
				"north": {"uv": [7.125, 12.375, 7, 12.53125], "texture": "#6"},
				"east": {"uv": [7.75, 12.375, 7.625, 12.53125], "texture": "#6"},
				"south": {"uv": [7.375, 12.375, 7.25, 12.53125], "texture": "#6"},
				"west": {"uv": [7.25, 12.375, 7.125, 12.53125], "texture": "#6"},
				"up": {"uv": [7.375, 0.5, 7.5, 0.375], "texture": "#6"},
				"down": {"uv": [7.375, 2.125, 7.5, 2.25], "texture": "#6"}
			}
		},
		{
			"from": [6.86737, 1.0143, 9.49965],
			"to": [7.52397, 1.50675, 10.15625],
			"rotation": {"angle": -22.5, "axis": "x", "origin": [13.18714, 5.6105, -11.3474]},
			"faces": {
				"north": {"uv": [13.25, 8, 13.125, 8.09375], "texture": "#6"},
				"east": {"uv": [13.25, 8.5, 13.125, 8.59375], "texture": "#6"},
				"south": {"uv": [8.625, 13.125, 8.5, 13.21875], "texture": "#6"},
				"west": {"uv": [13.25, 8.125, 13.125, 8.21875], "texture": "#6"},
				"up": {"uv": [7.125, 4.875, 7.25, 4.75], "texture": "#6"},
				"down": {"uv": [7.25, 3.25, 7.375, 3.375], "texture": "#6"}
			}
		},
		{
			"from": [6.94944, 1.50675, 9.49965],
			"to": [7.44189, 2.49165, 9.9921],
			"rotation": {"angle": -22.5, "axis": "x", "origin": [13.02299, 5.6105, -11.3474]},
			"faces": {
				"north": {"uv": [1.09375, 12.625, 1, 12.8125], "texture": "#6"},
				"east": {"uv": [12.71875, 1.25, 12.625, 1.4375], "texture": "#6"},
				"south": {"uv": [1.34375, 12.625, 1.25, 12.8125], "texture": "#6"},
				"west": {"uv": [12.71875, 1, 12.625, 1.1875], "texture": "#6"},
				"up": {"uv": [12.125, 13.71875, 12.21875, 13.625], "texture": "#6"},
				"down": {"uv": [13.625, 12.125, 13.71875, 12.21875], "texture": "#6"}
			}
		},
		{
			"from": [6.94878, 23.667, -0.49709],
			"to": [7.44255, 24.15945, 0.65196],
			"rotation": {"angle": 45, "axis": "x", "origin": [13.02299, 5.6105, -11.3474]},
			"faces": {
				"north": {"uv": [12.09375, 13.625, 12, 13.71875], "texture": "#6"},
				"east": {"uv": [12.46875, 1.75, 12.25, 1.84375], "texture": "#6"},
				"south": {"uv": [13.71875, 12, 13.625, 12.09375], "texture": "#6"},
				"west": {"uv": [12.46875, 1.625, 12.25, 1.71875], "texture": "#6"},
				"up": {"uv": [10.875, 12.34375, 10.96875, 12.125], "texture": "#6"},
				"down": {"uv": [11.5, 12.125, 11.59375, 12.34375], "texture": "#6"}
			}
		},
		{
			"from": [6.85029, 22.51795, -1.8556],
			"to": [7.34406, 23.0104, -0.00655],
			"rotation": {"angle": 45, "axis": "x", "origin": [13.08865, 5.6105, -11.3474]},
			"faces": {
				"north": {"uv": [12.46875, 13.625, 12.375, 13.71875], "texture": "#6"},
				"east": {"uv": [2.84375, 12.25, 2.625, 12.34375], "texture": "#6"},
				"south": {"uv": [12.59375, 13.625, 12.5, 13.71875], "texture": "#6"},
				"west": {"uv": [2.59375, 12.25, 2.375, 12.34375], "texture": "#6"},
				"up": {"uv": [2.875, 12.46875, 2.96875, 12.25], "texture": "#6"},
				"down": {"uv": [3, 12.25, 3.09375, 12.46875], "texture": "#6"}
			}
		},
		{
			"from": [6.85095, 2.16335, 7.85815],
			"to": [7.3434, 3.3124, 8.3506],
			"rotation": {"angle": -22.5, "axis": "x", "origin": [13.08865, 5.6105, -11.3474]},
			"faces": {
				"north": {"uv": [0.96875, 12.25, 0.875, 12.46875], "texture": "#6"},
				"east": {"uv": [12.34375, 1.875, 12.25, 2.09375], "texture": "#6"},
				"south": {"uv": [1.96875, 12.25, 1.875, 12.46875], "texture": "#6"},
				"west": {"uv": [1.46875, 12.25, 1.375, 12.46875], "texture": "#6"},
				"up": {"uv": [12.25, 13.71875, 12.34375, 13.625], "texture": "#6"},
				"down": {"uv": [13.625, 12.25, 13.71875, 12.34375], "texture": "#6"}
			}
		},
		{
			"from": [6.76888, 1.83505, 7.85815],
			"to": [7.42548, 2.16335, 8.51475],
			"rotation": {"angle": -22.5, "axis": "x", "origin": [13.08865, 5.6105, -11.3474]},
			"faces": {
				"north": {"uv": [13.875, 8.875, 13.75, 8.9375], "texture": "#6"},
				"east": {"uv": [9.25, 13.75, 9.125, 13.8125], "texture": "#6"},
				"south": {"uv": [13.875, 9, 13.75, 9.0625], "texture": "#6"},
				"west": {"uv": [9.125, 13.75, 9, 13.8125], "texture": "#6"},
				"up": {"uv": [7.375, 6.375, 7.5, 6.25], "texture": "#6"},
				"down": {"uv": [7.5, 1.125, 7.625, 1.25], "texture": "#6"}
			}
		},
		{
			"from": [6.76822, 16.4444, 4.90345],
			"to": [7.42613, 17.7576, 5.56005],
			"rotation": {"angle": 22.5, "axis": "x", "origin": [13.08865, 5.6105, -11.3474]},
			"faces": {
				"north": {"uv": [10.25, 10.625, 10.125, 10.875], "texture": "#6"},
				"east": {"uv": [10.625, 10.625, 10.5, 10.875], "texture": "#6"},
				"south": {"uv": [10.5, 10.625, 10.375, 10.875], "texture": "#6"},
				"west": {"uv": [10.375, 10.625, 10.25, 10.875], "texture": "#6"},
				"up": {"uv": [7.5, 2.5, 7.625, 2.375], "texture": "#6"},
				"down": {"uv": [7, 7.5, 7.125, 7.625], "texture": "#6"}
			}
		},
		{
			"from": [6.68746, 22.09116, -0.52992],
			"to": [7.50689, 23.04323, 0.29083],
			"rotation": {"angle": 45, "axis": "x", "origin": [13.2528, 5.6105, -11.3474]},
			"faces": {
				"north": {"uv": [11.03125, 10.25, 10.875, 10.4375], "texture": "#6"},
				"east": {"uv": [11.03125, 10.875, 10.875, 11.0625], "texture": "#6"},
				"south": {"uv": [11.03125, 10.625, 10.875, 10.8125], "texture": "#6"},
				"west": {"uv": [10.53125, 10.875, 10.375, 11.0625], "texture": "#6"},
				"up": {"uv": [0.25, 11.65625, 0.40625, 11.5], "texture": "#6"},
				"down": {"uv": [0.5, 11.5, 0.65625, 11.65625], "texture": "#6"}
			}
		},
		{
			"from": [6.68614, 1.17845, 8.89229],
			"to": [7.50821, 2.29467, 9.22059],
			"rotation": {"angle": -22.5, "axis": "x", "origin": [13.2528, 5.6105, -11.3474]},
			"faces": {
				"north": {"uv": [10.40625, 10.125, 10.25, 10.34375], "texture": "#6"},
				"east": {"uv": [5.5625, 13, 5.5, 13.21875], "texture": "#6"},
				"south": {"uv": [10.53125, 0.25, 10.375, 0.46875], "texture": "#6"},
				"west": {"uv": [5.4375, 13, 5.375, 13.21875], "texture": "#6"},
				"up": {"uv": [11.25, 13.4375, 11.40625, 13.375], "texture": "#6"},
				"down": {"uv": [13.375, 11.375, 13.53125, 11.4375], "texture": "#6"}
			}
		},
		{
			"from": [6.6868, 9.38595, 7.694],
			"to": [7.50755, 9.68142, 9.0072],
			"rotation": {"angle": 0, "axis": "y", "origin": [13.2528, 5.6105, -11.3474]},
			"faces": {
				"north": {"uv": [11.65625, 13.375, 11.5, 13.4375], "texture": "#6"},
				"east": {"uv": [13, 10.125, 12.75, 10.1875], "texture": "#6"},
				"south": {"uv": [13.53125, 11.5, 13.375, 11.5625], "texture": "#6"},
				"west": {"uv": [10.125, 12.75, 9.875, 12.8125], "texture": "#6"},
				"up": {"uv": [9.875, 5.25, 10.03125, 5], "texture": "#6"},
				"down": {"uv": [5.125, 9.875, 5.28125, 10.125], "texture": "#6"}
			}
		},
		{
			"from": [8.57387, 16.4444, 4.90345],
			"to": [9.23178, 17.7576, 5.56005],
			"rotation": {"angle": 22.5, "axis": "x", "origin": [2.91135, 5.6105, -11.3474]},
			"faces": {
				"north": {"uv": [10.125, 10.625, 10.25, 10.875], "texture": "#6"},
				"east": {"uv": [10.25, 10.625, 10.375, 10.875], "texture": "#6"},
				"south": {"uv": [10.375, 10.625, 10.5, 10.875], "texture": "#6"},
				"west": {"uv": [10.5, 10.625, 10.625, 10.875], "texture": "#6"},
				"up": {"uv": [7.625, 2.5, 7.5, 2.375], "texture": "#6"},
				"down": {"uv": [7.125, 7.5, 7, 7.625], "texture": "#6"}
			}
		},
		{
			"from": [8.57453, 1.83505, 7.85815],
			"to": [9.23112, 2.16335, 8.51475],
			"rotation": {"angle": -22.5, "axis": "x", "origin": [2.91135, 5.6105, -11.3474]},
			"faces": {
				"north": {"uv": [13.75, 8.875, 13.875, 8.9375], "texture": "#6"},
				"east": {"uv": [9, 13.75, 9.125, 13.8125], "texture": "#6"},
				"south": {"uv": [13.75, 9, 13.875, 9.0625], "texture": "#6"},
				"west": {"uv": [9.125, 13.75, 9.25, 13.8125], "texture": "#6"},
				"up": {"uv": [7.5, 6.375, 7.375, 6.25], "texture": "#6"},
				"down": {"uv": [7.625, 1.125, 7.5, 1.25], "texture": "#6"}
			}
		},
		{
			"from": [8.65594, 22.51795, -1.8556],
			"to": [9.14971, 23.0104, -0.00655],
			"rotation": {"angle": 45, "axis": "x", "origin": [2.91135, 5.6105, -11.3474]},
			"faces": {
				"north": {"uv": [12.375, 13.625, 12.46875, 13.71875], "texture": "#6"},
				"east": {"uv": [2.375, 12.25, 2.59375, 12.34375], "texture": "#6"},
				"south": {"uv": [12.5, 13.625, 12.59375, 13.71875], "texture": "#6"},
				"west": {"uv": [2.625, 12.25, 2.84375, 12.34375], "texture": "#6"},
				"up": {"uv": [2.96875, 12.46875, 2.875, 12.25], "texture": "#6"},
				"down": {"uv": [3.09375, 12.25, 3, 12.46875], "texture": "#6"}
			}
		},
		{
			"from": [8.6566, 2.16335, 7.85815],
			"to": [9.14905, 3.3124, 8.3506],
			"rotation": {"angle": -22.5, "axis": "x", "origin": [2.91135, 5.6105, -11.3474]},
			"faces": {
				"north": {"uv": [0.875, 12.25, 0.96875, 12.46875], "texture": "#6"},
				"east": {"uv": [1.375, 12.25, 1.46875, 12.46875], "texture": "#6"},
				"south": {"uv": [1.875, 12.25, 1.96875, 12.46875], "texture": "#6"},
				"west": {"uv": [12.25, 1.875, 12.34375, 2.09375], "texture": "#6"},
				"up": {"uv": [12.34375, 13.71875, 12.25, 13.625], "texture": "#6"},
				"down": {"uv": [13.71875, 12.25, 13.625, 12.34375], "texture": "#6"}
			}
		},
		{
			"from": [8.49311, 22.09116, -0.52992],
			"to": [9.31254, 23.04323, 0.29083],
			"rotation": {"angle": 45, "axis": "x", "origin": [2.7472, 5.6105, -11.3474]},
			"faces": {
				"north": {"uv": [10.875, 10.25, 11.03125, 10.4375], "texture": "#6"},
				"east": {"uv": [10.375, 10.875, 10.53125, 11.0625], "texture": "#6"},
				"south": {"uv": [10.875, 10.625, 11.03125, 10.8125], "texture": "#6"},
				"west": {"uv": [10.875, 10.875, 11.03125, 11.0625], "texture": "#6"},
				"up": {"uv": [0.40625, 11.65625, 0.25, 11.5], "texture": "#6"},
				"down": {"uv": [0.65625, 11.5, 0.5, 11.65625], "texture": "#6"}
			}
		},
		{
			"from": [8.49245, 9.38595, 7.694],
			"to": [9.3132, 9.68142, 9.0072],
			"rotation": {"angle": 0, "axis": "y", "origin": [2.7472, 5.6105, -11.3474]},
			"faces": {
				"north": {"uv": [11.5, 13.375, 11.65625, 13.4375], "texture": "#6"},
				"east": {"uv": [9.875, 12.75, 10.125, 12.8125], "texture": "#6"},
				"south": {"uv": [13.375, 11.5, 13.53125, 11.5625], "texture": "#6"},
				"west": {"uv": [12.75, 10.125, 13, 10.1875], "texture": "#6"},
				"up": {"uv": [10.03125, 5.25, 9.875, 5], "texture": "#6"},
				"down": {"uv": [5.28125, 9.875, 5.125, 10.125], "texture": "#6"}
			}
		},
		{
			"from": [8.49179, 1.17845, 8.89229],
			"to": [9.31386, 2.29467, 9.22059],
			"rotation": {"angle": -22.5, "axis": "x", "origin": [2.7472, 5.6105, -11.3474]},
			"faces": {
				"north": {"uv": [10.25, 10.125, 10.40625, 10.34375], "texture": "#6"},
				"east": {"uv": [5.375, 13, 5.4375, 13.21875], "texture": "#6"},
				"south": {"uv": [10.375, 0.25, 10.53125, 0.46875], "texture": "#6"},
				"west": {"uv": [5.5, 13, 5.5625, 13.21875], "texture": "#6"},
				"up": {"uv": [11.40625, 13.4375, 11.25, 13.375], "texture": "#6"},
				"down": {"uv": [13.53125, 11.375, 13.375, 11.4375], "texture": "#6"}
			}
		},
		{
			"from": [8.39462, 23.22379, 0.81611],
			"to": [9.21405, 24.20869, 1.63686],
			"rotation": {"angle": 45, "axis": "x", "origin": [2.97701, 5.6105, -11.3474]},
			"faces": {
				"north": {"uv": [10.875, 9.75, 11.03125, 9.9375], "texture": "#6"},
				"east": {"uv": [9.875, 10.875, 10.03125, 11.0625], "texture": "#6"},
				"south": {"uv": [10.875, 10, 11.03125, 10.1875], "texture": "#6"},
				"west": {"uv": [10.125, 10.875, 10.28125, 11.0625], "texture": "#6"},
				"up": {"uv": [11.40625, 11.53125, 11.25, 11.375], "texture": "#6"},
				"down": {"uv": [11.65625, 0.125, 11.5, 0.28125], "texture": "#6"}
			}
		},
		{
			"from": [8.47538, 17.49496, 6.54495],
			"to": [9.13329, 18.31571, 7.20155],
			"rotation": {"angle": 22.5, "axis": "x", "origin": [2.97701, 5.6105, -11.3474]},
			"faces": {
				"north": {"uv": [7, 12.375, 7.125, 12.53125], "texture": "#6"},
				"east": {"uv": [7.125, 12.375, 7.25, 12.53125], "texture": "#6"},
				"south": {"uv": [7.25, 12.375, 7.375, 12.53125], "texture": "#6"},
				"west": {"uv": [7.625, 12.375, 7.75, 12.53125], "texture": "#6"},
				"up": {"uv": [7.5, 0.5, 7.375, 0.375], "texture": "#6"},
				"down": {"uv": [7.5, 2.125, 7.375, 2.25], "texture": "#6"}
			}
		},
		{
			"from": [8.55811, 1.50675, 9.49965],
			"to": [9.05056, 2.49165, 9.9921],
			"rotation": {"angle": -22.5, "axis": "x", "origin": [2.97701, 5.6105, -11.3474]},
			"faces": {
				"north": {"uv": [1, 12.625, 1.09375, 12.8125], "texture": "#6"},
				"east": {"uv": [12.625, 1, 12.71875, 1.1875], "texture": "#6"},
				"south": {"uv": [1.25, 12.625, 1.34375, 12.8125], "texture": "#6"},
				"west": {"uv": [12.625, 1.25, 12.71875, 1.4375], "texture": "#6"},
				"up": {"uv": [12.21875, 13.71875, 12.125, 13.625], "texture": "#6"},
				"down": {"uv": [13.71875, 12.125, 13.625, 12.21875], "texture": "#6"}
			}
		},
		{
			"from": [8.55745, 23.667, -0.49709],
			"to": [9.05122, 24.15945, 0.65196],
			"rotation": {"angle": 45, "axis": "x", "origin": [2.97701, 5.6105, -11.3474]},
			"faces": {
				"north": {"uv": [12, 13.625, 12.09375, 13.71875], "texture": "#6"},
				"east": {"uv": [12.25, 1.625, 12.46875, 1.71875], "texture": "#6"},
				"south": {"uv": [13.625, 12, 13.71875, 12.09375], "texture": "#6"},
				"west": {"uv": [12.25, 1.75, 12.46875, 1.84375], "texture": "#6"},
				"up": {"uv": [10.96875, 12.34375, 10.875, 12.125], "texture": "#6"},
				"down": {"uv": [11.59375, 12.125, 11.5, 12.34375], "texture": "#6"}
			}
		},
		{
			"from": [8.47604, 1.0143, 9.49965],
			"to": [9.13263, 1.50675, 10.15625],
			"rotation": {"angle": -22.5, "axis": "x", "origin": [2.81286, 5.6105, -11.3474]},
			"faces": {
				"north": {"uv": [13.125, 8, 13.25, 8.09375], "texture": "#6"},
				"east": {"uv": [13.125, 8.125, 13.25, 8.21875], "texture": "#6"},
				"south": {"uv": [8.5, 13.125, 8.625, 13.21875], "texture": "#6"},
				"west": {"uv": [13.125, 8.5, 13.25, 8.59375], "texture": "#6"},
				"up": {"uv": [7.25, 4.875, 7.125, 4.75], "texture": "#6"},
				"down": {"uv": [7.375, 3.25, 7.25, 3.375], "texture": "#6"}
			}
		},
		{
			"from": [8.39396, 0.37411, 10.48455],
			"to": [9.21471, 1.49033, 10.81285],
			"rotation": {"angle": -22.5, "axis": "x", "origin": [2.81286, 5.6105, -11.3474]},
			"faces": {
				"north": {"uv": [8.875, 10.25, 9.03125, 10.46875], "texture": "#6"},
				"east": {"uv": [5.25, 13, 5.3125, 13.21875], "texture": "#6"},
				"south": {"uv": [10.25, 8.875, 10.40625, 9.09375], "texture": "#6"},
				"west": {"uv": [13, 5.25, 13.0625, 5.46875], "texture": "#6"},
				"up": {"uv": [11.15625, 13.4375, 11, 13.375], "texture": "#6"},
				"down": {"uv": [13.53125, 11.125, 13.375, 11.1875], "texture": "#6"}
			}
		},
		{
			"from": [8.39396, 9.38595, 9.49965],
			"to": [9.21471, 9.5501, 9.82795],
			"rotation": {"angle": 0, "axis": "y", "origin": [2.81286, 5.6105, -11.3474]},
			"faces": {
				"north": {"uv": [14.125, 3.125, 14.28125, 3.15625], "texture": "#6"},
				"east": {"uv": [6.75, 14.25, 6.8125, 14.28125], "texture": "#6"},
				"south": {"uv": [3.25, 14.125, 3.40625, 14.15625], "texture": "#6"},
				"west": {"uv": [14.25, 6.875, 14.3125, 6.90625], "texture": "#6"},
				"up": {"uv": [13.53125, 10.8125, 13.375, 10.75], "texture": "#6"},
				"down": {"uv": [13.53125, 10.875, 13.375, 10.9375], "texture": "#6"}
			}
		},
		{
			"from": [7.09718, 9.38595, 9.0072],
			"to": [8.90283, 9.71425, 10.3204],
			"rotation": {"angle": 0, "axis": "y", "origin": [2.7472, 5.6105, -11.3474]},
			"faces": {
				"north": {"uv": [10.5, 11.875, 10.84375, 11.9375], "texture": "#6"},
				"east": {"uv": [8.625, 12.75, 8.875, 12.8125], "texture": "#6"},
				"south": {"uv": [11.875, 10.5, 12.21875, 10.5625], "texture": "#6"},
				"west": {"uv": [8.875, 12.75, 9.125, 12.8125], "texture": "#6"},
				"up": {"uv": [5.96875, 2.375, 5.625, 2.125], "texture": "#6"},
				"down": {"uv": [5.96875, 2.375, 5.625, 2.625], "texture": "#6"}
			}
		},
		{
			"from": [7.09718, 9.38595, 10.3204],
			"to": [8.90283, 9.8784, 11.6336],
			"rotation": {"angle": 0, "axis": "y", "origin": [2.7472, 5.6105, -11.3474]},
			"faces": {
				"north": {"uv": [10.5, 5.25, 10.84375, 5.34375], "texture": "#6"},
				"east": {"uv": [11.75, 0.125, 12, 0.21875], "texture": "#6"},
				"south": {"uv": [10.5, 5.375, 10.84375, 5.46875], "texture": "#6"},
				"west": {"uv": [0.25, 11.75, 0.5, 11.84375], "texture": "#6"},
				"up": {"uv": [5.96875, 1.875, 5.625, 1.625], "texture": "#6"},
				"down": {"uv": [5.96875, 1.875, 5.625, 2.125], "texture": "#6"}
			}
		},
		{
			"from": [7.6717, 14.4746, 8.0223],
			"to": [8.3283, 14.96705, 9.49965],
			"rotation": {"angle": 22.5, "axis": "x", "origin": [2.7472, 5.6105, -11.3474]},
			"faces": {
				"north": {"uv": [13.125, 7.5, 13.25, 7.59375], "texture": "#6"},
				"east": {"uv": [11.25, 3.25, 11.53125, 3.34375], "texture": "#6"},
				"south": {"uv": [13.125, 7.625, 13.25, 7.71875], "texture": "#6"},
				"west": {"uv": [11.25, 3.375, 11.53125, 3.46875], "texture": "#6"},
				"up": {"uv": [7.875, 10.40625, 7.75, 10.125], "texture": "#6"},
				"down": {"uv": [8, 10.125, 7.875, 10.40625], "texture": "#6"}
			}
		},
		{
			"from": [7.6717, 13.98215, 6.54495],
			"to": [8.3283, 14.4746, 8.0223],
			"rotation": {"angle": 22.5, "axis": "x", "origin": [2.7472, 5.6105, -11.3474]},
			"faces": {
				"north": {"uv": [7.375, 13.125, 7.5, 13.21875], "texture": "#6"},
				"east": {"uv": [11.25, 3, 11.53125, 3.09375], "texture": "#6"},
				"south": {"uv": [13.125, 7.375, 13.25, 7.46875], "texture": "#6"},
				"west": {"uv": [11.25, 3.125, 11.53125, 3.21875], "texture": "#6"},
				"up": {"uv": [7.625, 10.40625, 7.5, 10.125], "texture": "#6"},
				"down": {"uv": [7.75, 10.125, 7.625, 10.40625], "texture": "#6"}
			}
		},
		{
			"from": [7.26132, 6.2671, 9.0072],
			"to": [8.73868, 6.75955, 11.6336],
			"rotation": {"angle": 0, "axis": "y", "origin": [2.7472, 5.2822, -11.3474]},
			"faces": {
				"north": {"uv": [11.25, 2.75, 11.53125, 2.84375], "texture": "#6"},
				"east": {"uv": [8.75, 7.5, 9.25, 7.59375], "texture": "#6"},
				"south": {"uv": [11.25, 2.875, 11.53125, 2.96875], "texture": "#6"},
				"west": {"uv": [8.75, 7.625, 9.25, 7.71875], "texture": "#6"},
				"up": {"uv": [2.78125, 2.5, 2.5, 2], "texture": "#6"},
				"down": {"uv": [2.65625, 2.5, 2.375, 3], "texture": "#6"}
			}
		},
		{
			"from": [7.26132, 6.10295, 7.694],
			"to": [8.73868, 6.5954, 9.0072],
			"rotation": {"angle": 0, "axis": "y", "origin": [2.7472, 5.2822, -11.3474]},
			"faces": {
				"north": {"uv": [11.25, 2.5, 11.53125, 2.59375], "texture": "#6"},
				"east": {"uv": [11.25, 11.625, 11.5, 11.71875], "texture": "#6"},
				"south": {"uv": [11.25, 2.625, 11.53125, 2.71875], "texture": "#6"},
				"west": {"uv": [11.5, 11.625, 11.75, 11.71875], "texture": "#6"},
				"up": {"uv": [2.53125, 7, 2.25, 6.75], "texture": "#6"},
				"down": {"uv": [7.03125, 2.25, 6.75, 2.5], "texture": "#6"}
			}
		},
		{
			"from": [6.76888, 7.08785, 10.3204],
			"to": [9.23112, 8.2369, 11.6336],
			"rotation": {"angle": 0, "axis": "y", "origin": [2.7472, 5.6105, -11.3474]},
			"faces": {
				"north": {"uv": [4.375, 1.625, 4.84375, 1.84375], "texture": "#6"},
				"east": {"uv": [8.375, 1.125, 8.625, 1.34375], "texture": "#6"},
				"south": {"uv": [4.375, 1.875, 4.84375, 2.09375], "texture": "#6"},
				"west": {"uv": [1.25, 8.375, 1.5, 8.59375], "texture": "#6"},
				"up": {"uv": [3.96875, 1, 3.5, 0.75], "texture": "#6"},
				"down": {"uv": [1.46875, 3.5, 1, 3.75], "texture": "#6"}
			}
		},
		{
			"from": [6.76888, 7.08785, 9.0072],
			"to": [9.23112, 8.2369, 10.3204],
			"rotation": {"angle": 0, "axis": "y", "origin": [2.7472, 5.6105, -11.3474]},
			"faces": {
				"north": {"uv": [0.375, 4.375, 0.84375, 4.59375], "texture": "#6"},
				"east": {"uv": [8.375, 0, 8.625, 0.21875], "texture": "#6"},
				"south": {"uv": [4.375, 1.375, 4.84375, 1.59375], "texture": "#6"},
				"west": {"uv": [0.25, 8.375, 0.5, 8.59375], "texture": "#6"},
				"up": {"uv": [3.96875, 0.5, 3.5, 0.25], "texture": "#6"},
				"down": {"uv": [3.96875, 0.5, 3.5, 0.75], "texture": "#6"}
			}
		},
		{
			"from": [6.93303, 6.75955, 9.0072],
			"to": [9.06698, 7.08785, 10.3204],
			"rotation": {"angle": 0, "axis": "y", "origin": [2.7472, 5.6105, -11.3474]},
			"faces": {
				"north": {"uv": [11.375, 1.625, 11.78125, 1.6875], "texture": "#6"},
				"east": {"uv": [8, 12.75, 8.25, 12.8125], "texture": "#6"},
				"south": {"uv": [1.75, 11.375, 2.15625, 11.4375], "texture": "#6"},
				"west": {"uv": [8.25, 12.75, 8.5, 12.8125], "texture": "#6"},
				"up": {"uv": [1.65625, 5, 1.25, 4.75], "texture": "#6"},
				"down": {"uv": [2.15625, 4.75, 1.75, 5], "texture": "#6"}
			}
		},
		{
			"from": [6.93303, 6.75955, 10.3204],
			"to": [9.06698, 7.08785, 11.6336],
			"rotation": {"angle": 0, "axis": "y", "origin": [2.7472, 5.6105, -11.3474]},
			"faces": {
				"north": {"uv": [1.25, 11.375, 1.65625, 11.4375], "texture": "#6"},
				"east": {"uv": [7.625, 12.75, 7.875, 12.8125], "texture": "#6"},
				"south": {"uv": [11.375, 1.5, 11.78125, 1.5625], "texture": "#6"},
				"west": {"uv": [12.75, 7.625, 13, 7.6875], "texture": "#6"},
				"up": {"uv": [5.15625, 1, 4.75, 0.75], "texture": "#6"},
				"down": {"uv": [5.15625, 1, 4.75, 1.25], "texture": "#6"}
			}
		},
		{
			"from": [6.93303, 6.5954, 7.694],
			"to": [9.06698, 6.9237, 9.0072],
			"rotation": {"angle": 0, "axis": "y", "origin": [2.7472, 5.6105, -11.3474]},
			"faces": {
				"north": {"uv": [11.375, 0.375, 11.78125, 0.4375], "texture": "#6"},
				"east": {"uv": [6.875, 12.75, 7.125, 12.8125], "texture": "#6"},
				"south": {"uv": [0.75, 11.375, 1.15625, 11.4375], "texture": "#6"},
				"west": {"uv": [12.75, 7.375, 13, 7.4375], "texture": "#6"},
				"up": {"uv": [4.78125, 4.875, 4.375, 4.625], "texture": "#6"},
				"down": {"uv": [1.15625, 4.75, 0.75, 5], "texture": "#6"}
			}
		},
		{
			"from": [6.76888, 6.9237, 7.69334],
			"to": [9.23112, 8.2369, 9.0072],
			"rotation": {"angle": 0, "axis": "y", "origin": [2.7472, 5.6105, -11.3474]},
			"faces": {
				"north": {"uv": [3.375, 2.75, 3.84375, 3], "texture": "#6"},
				"east": {"uv": [2, 8, 2.25, 8.25], "texture": "#6"},
				"south": {"uv": [3.375, 3, 3.84375, 3.25], "texture": "#6"},
				"west": {"uv": [2.25, 8, 2.5, 8.25], "texture": "#6"},
				"up": {"uv": [3.84375, 3.5, 3.375, 3.25], "texture": "#6"},
				"down": {"uv": [3.96875, 0, 3.5, 0.25], "texture": "#6"}
			}
		},
		{
			"from": [8.18057, 8.8935, 7.69466],
			"to": [9.55942, 9.38595, 9.00786],
			"rotation": {"angle": 22.5, "axis": "z", "origin": [8, 5.6105, -11.3474]},
			"faces": {
				"north": {"uv": [11.625, 10.875, 11.875, 10.96875], "texture": "#6"},
				"east": {"uv": [11, 11.625, 11.25, 11.71875], "texture": "#6"},
				"south": {"uv": [11.625, 11, 11.875, 11.09375], "texture": "#6"},
				"west": {"uv": [11.625, 11.125, 11.875, 11.21875], "texture": "#6"},
				"up": {"uv": [1.25, 8.25, 1, 8], "texture": "#6"},
				"down": {"uv": [2, 8, 1.75, 8.25], "texture": "#6"}
			}
		},
		{
			"from": [6.44058, 8.8935, 7.69466],
			"to": [7.81944, 9.38595, 9.00786],
			"rotation": {"angle": -22.5, "axis": "z", "origin": [8, 5.6105, -11.3474]},
			"faces": {
				"north": {"uv": [11.625, 10.5, 11.875, 10.59375], "texture": "#6"},
				"east": {"uv": [11.625, 10.625, 11.875, 10.71875], "texture": "#6"},
				"south": {"uv": [10.75, 11.625, 11, 11.71875], "texture": "#6"},
				"west": {"uv": [11.625, 10.75, 11.875, 10.84375], "texture": "#6"},
				"up": {"uv": [0.25, 8.25, 0, 8], "texture": "#6"},
				"down": {"uv": [1, 8, 0.75, 8.25], "texture": "#6"}
			}
		},
		{
			"from": [6.60473, 8.2369, 7.69334],
			"to": [9.39528, 9.38595, 11.63426],
			"rotation": {"angle": 0, "axis": "y", "origin": [2.7472, 5.6105, -11.3474]},
			"faces": {
				"north": {"uv": [3.75, 1.75, 4.28125, 1.96875], "texture": "#6"},
				"east": {"uv": [2.375, 0.5, 3.125, 0.71875], "texture": "#6"},
				"south": {"uv": [3.75, 2, 4.28125, 2.21875], "texture": "#6"},
				"west": {"uv": [2.375, 0.75, 3.125, 0.96875], "texture": "#6"},
				"up": {"uv": [0.53125, 1.5, 0, 0.75], "texture": "#6"},
				"down": {"uv": [1.15625, 0.75, 0.625, 1.5], "texture": "#6"}
			}
		}
	],
	"display": {
		"head": {
			"rotation": [0, 180, 0]
		}
	}
}