{
	"credit": "Made with Blockbench",
	"textures": {
		"6": "animated_java:item/dino_aj/texture_anger"
	},
	"elements": [
		{
			"from": [7.35613, 8.56886, 8.01608],
			"to": [8.64388, 9.34151, 9.81893],
			"rotation": {"angle": 0, "axis": "y", "origin": [3.8792, 5.99336, -10.01242]},
			"faces": {
				"north": {"uv": [8.125, 3.375, 8.4375, 3.5625], "texture": "#6"},
				"east": {"uv": [0.875, 5.875, 1.3125, 6.0625], "texture": "#6"},
				"south": {"uv": [3.5, 8.125, 3.8125, 8.3125], "texture": "#6"},
				"west": {"uv": [5.875, 1.25, 6.3125, 1.4375], "texture": "#6"},
				"up": {"uv": [2.1875, 3.4375, 1.875, 3], "texture": "#6"},
				"down": {"uv": [2.5625, 3, 2.25, 3.4375], "texture": "#6"}
			}
		},
		{
			"from": [7.51066, 8.56886, 9.81893],
			"to": [8.48935, 9.34151, 11.10668],
			"rotation": {"angle": 0, "axis": "y", "origin": [3.8792, 5.99336, -10.01242]},
			"faces": {
				"north": {"uv": [5.625, 8.75, 5.875, 8.9375], "texture": "#6"},
				"east": {"uv": [3.875, 8.125, 4.1875, 8.3125], "texture": "#6"},
				"south": {"uv": [8.75, 5.625, 9, 5.8125], "texture": "#6"},
				"west": {"uv": [4.25, 8.125, 4.5625, 8.3125], "texture": "#6"},
				"up": {"uv": [3.375, 6.0625, 3.125, 5.75], "texture": "#6"},
				"down": {"uv": [4.875, 5.75, 4.625, 6.0625], "texture": "#6"}
			}
		},
		{
			"from": [8.12877, 16.03781, 5.56935],
			"to": [8.5151, 16.55291, 7.11465],
			"rotation": {"angle": 22.5, "axis": "x", "origin": [3.8792, 5.99336, -10.01242]},
			"faces": {
				"north": {"uv": [13.125, 4.5, 13.21875, 4.625], "texture": "#6"},
				"east": {"uv": [0, 4.5, 0.375, 4.625], "texture": "#6"},
				"south": {"uv": [13.125, 4.625, 13.21875, 4.75], "texture": "#6"},
				"west": {"uv": [2.375, 4.5, 2.75, 4.625], "texture": "#6"},
				"up": {"uv": [10.21875, 5.625, 10.125, 5.25], "texture": "#6"},
				"down": {"uv": [5.46875, 10.125, 5.375, 10.5], "texture": "#6"}
			}
		},
		{
			"from": [7.4849, 16.03781, 5.56935],
			"to": [7.87123, 16.55291, 7.11465],
			"rotation": {"angle": 22.5, "axis": "x", "origin": [12.1208, 5.99336, -10.01242]},
			"faces": {
				"north": {"uv": [4.75, 13.125, 4.84375, 13.25], "texture": "#6"},
				"east": {"uv": [6, 3.875, 6.375, 4], "texture": "#6"},
				"south": {"uv": [4.875, 13.125, 4.96875, 13.25], "texture": "#6"},
				"west": {"uv": [7.875, 0.25, 8.25, 0.375], "texture": "#6"},
				"up": {"uv": [5.59375, 10.5, 5.5, 10.125], "texture": "#6"},
				"down": {"uv": [10.21875, 5.625, 10.125, 6], "texture": "#6"}
			}
		},
		{
			"from": [7.61368, 6.76601, 10.07648],
			"to": [8.38633, 7.28111, 11.10616],
			"rotation": {"angle": 0, "axis": "y", "origin": [3.8792, 5.86458, -10.01242]},
			"faces": {
				"north": {"uv": [11.625, 2.875, 11.8125, 3], "texture": "#6"},
				"east": {"uv": [6.875, 1.125, 7.125, 1.25], "texture": "#6"},
				"south": {"uv": [11.625, 3, 11.8125, 3.125], "texture": "#6"},
				"west": {"uv": [6.875, 2, 7.125, 2.125], "texture": "#6"},
				"up": {"uv": [8.9375, 6.125, 8.75, 5.875], "texture": "#6"},
				"down": {"uv": [8.9375, 6.125, 8.75, 6.375], "texture": "#6"}
			}
		},
		{
			"from": [7.4849, 7.02356, 10.20525],
			"to": [8.5151, 7.40988, 11.10668],
			"rotation": {"angle": 0, "axis": "y", "origin": [3.8792, 5.86458, -10.01242]},
			"faces": {
				"north": {"uv": [3.125, 11.625, 3.375, 11.71875], "texture": "#6"},
				"east": {"uv": [10.625, 12.125, 10.84375, 12.21875], "texture": "#6"},
				"south": {"uv": [11.625, 3.125, 11.875, 3.21875], "texture": "#6"},
				"west": {"uv": [12.125, 11.375, 12.34375, 11.46875], "texture": "#6"},
				"up": {"uv": [7.75, 8.46875, 7.5, 8.25], "texture": "#6"},
				"down": {"uv": [8.5, 7.625, 8.25, 7.84375], "texture": "#6"}
			}
		},
		{
			"from": [7.48438, -0.83172, 9.04628],
			"to": [8.51562, -0.70294, 10.20525],
			"rotation": {"angle": -22.5, "axis": "x", "origin": [3.8792, 5.86458, -10.01242]},
			"faces": {
				"north": {"uv": [5.25, 13.75, 5.5, 13.78125], "texture": "#6"},
				"east": {"uv": [10.125, 13.625, 10.40625, 13.65625], "texture": "#6"},
				"south": {"uv": [13.75, 5.375, 14, 5.40625], "texture": "#6"},
				"west": {"uv": [13.625, 10.125, 13.90625, 10.15625], "texture": "#6"},
				"up": {"uv": [6.875, 6.40625, 6.625, 6.125], "texture": "#6"},
				"down": {"uv": [6.875, 6.5, 6.625, 6.78125], "texture": "#6"}
			}
		},
		{
			"from": [7.42051, -0.70294, 9.04628],
			"to": [8.57949, -0.44539, 10.20525],
			"rotation": {"angle": -22.5, "axis": "x", "origin": [3.8792, 5.86458, -10.01242]},
			"faces": {
				"north": {"uv": [12.5, 8.875, 12.78125, 8.9375], "texture": "#6"},
				"east": {"uv": [9.125, 12.5, 9.40625, 12.5625], "texture": "#6"},
				"south": {"uv": [12.5, 9.125, 12.78125, 9.1875], "texture": "#6"},
				"west": {"uv": [12.5, 9.375, 12.78125, 9.4375], "texture": "#6"},
				"up": {"uv": [2.15625, 6.15625, 1.875, 5.875], "texture": "#6"},
				"down": {"uv": [5.40625, 5.875, 5.125, 6.15625], "texture": "#6"}
			}
		},
		{
			"from": [7.74193, 17.20966, 6.67682],
			"to": [8.25807, 17.46721, 7.83579],
			"rotation": {"angle": 22.5, "axis": "x", "origin": [3.8792, 5.99336, -10.01242]},
			"faces": {
				"north": {"uv": [5.5, 13.75, 5.625, 13.8125], "texture": "#6"},
				"east": {"uv": [12.5, 9.5, 12.78125, 9.5625], "texture": "#6"},
				"south": {"uv": [5.625, 13.75, 5.75, 13.8125], "texture": "#6"},
				"west": {"uv": [12.5, 9.625, 12.78125, 9.6875], "texture": "#6"},
				"up": {"uv": [10.25, 6.28125, 10.125, 6], "texture": "#6"},
				"down": {"uv": [6.375, 10.125, 6.25, 10.40625], "texture": "#6"}
			}
		},
		{
			"from": [7.74297, 9.34151, 10.07648],
			"to": [8.25703, 9.72783, 10.59158],
			"rotation": {"angle": 0, "axis": "y", "origin": [3.8792, 5.99336, -10.01242]},
			"faces": {
				"north": {"uv": [5, 13.125, 5.125, 13.21875], "texture": "#6"},
				"east": {"uv": [13.125, 5, 13.25, 5.09375], "texture": "#6"},
				"south": {"uv": [5.125, 13.125, 5.25, 13.21875], "texture": "#6"},
				"west": {"uv": [13.125, 5.25, 13.25, 5.34375], "texture": "#6"},
				"up": {"uv": [3.125, 6.125, 3, 6], "texture": "#6"},
				"down": {"uv": [1.375, 6.125, 1.25, 6.25], "texture": "#6"}
			}
		},
		{
			"from": [7.74245, 0.97113, 9.56138],
			"to": [8.25755, 1.48623, 10.72035],
			"rotation": {"angle": -22.5, "axis": "x", "origin": [3.8792, 5.99336, -10.01242]},
			"faces": {
				"north": {"uv": [6.25, 6.125, 6.375, 6.25], "texture": "#6"},
				"east": {"uv": [6.375, 10.125, 6.65625, 10.25], "texture": "#6"},
				"south": {"uv": [6.375, 3.125, 6.5, 3.25], "texture": "#6"},
				"west": {"uv": [10.125, 6.375, 10.40625, 6.5], "texture": "#6"},
				"up": {"uv": [10.25, 6.78125, 10.125, 6.5], "texture": "#6"},
				"down": {"uv": [6.875, 10.125, 6.75, 10.40625], "texture": "#6"}
			}
		},
		{
			"from": [7.74245, 22.21901, 1.31978],
			"to": [8.25755, 22.47656, 1.96365],
			"rotation": {"angle": 45, "axis": "x", "origin": [3.8792, 5.99336, -10.01242]},
			"faces": {
				"north": {"uv": [13.75, 5.625, 13.875, 5.6875], "texture": "#6"},
				"east": {"uv": [13.375, 7.125, 13.53125, 7.1875], "texture": "#6"},
				"south": {"uv": [5.75, 13.75, 5.875, 13.8125], "texture": "#6"},
				"west": {"uv": [7.25, 13.375, 7.40625, 13.4375], "texture": "#6"},
				"up": {"uv": [2.125, 12.53125, 2, 12.375], "texture": "#6"},
				"down": {"uv": [4.625, 12.375, 4.5, 12.53125], "texture": "#6"}
			}
		},
		{
			"from": [7.61368, 19.80872, 2.23525],
			"to": [8.38633, 20.19505, 3.523],
			"rotation": {"angle": 45, "axis": "x", "origin": [3.87868, 6.00404, -10.01125]},
			"faces": {
				"north": {"uv": [9.625, 12.5, 9.8125, 12.59375], "texture": "#6"},
				"east": {"uv": [10.875, 6.625, 11.1875, 6.71875], "texture": "#6"},
				"south": {"uv": [10.125, 12.5, 10.3125, 12.59375], "texture": "#6"},
				"west": {"uv": [10.875, 7.5, 11.1875, 7.59375], "texture": "#6"},
				"up": {"uv": [8.3125, 5.4375, 8.125, 5.125], "texture": "#6"},
				"down": {"uv": [5.6875, 8.125, 5.5, 8.4375], "texture": "#6"}
			}
		},
		{
			"from": [7.16296, 7.79621, 8.01608],
			"to": [8.83704, 8.31131, 9.04628],
			"rotation": {"angle": 0, "axis": "y", "origin": [3.8792, 5.99336, -10.01242]},
			"faces": {
				"north": {"uv": [8.625, 0, 9.03125, 0.125], "texture": "#6"},
				"east": {"uv": [7.25, 4.375, 7.5, 4.5], "texture": "#6"},
				"south": {"uv": [8.625, 0.125, 9.03125, 0.25], "texture": "#6"},
				"west": {"uv": [7.75, 7.625, 8, 7.75], "texture": "#6"},
				"up": {"uv": [4.90625, 0.75, 4.5, 0.5], "texture": "#6"},
				"down": {"uv": [1.28125, 4.5, 0.875, 4.75], "texture": "#6"}
			}
		},
		{
			"from": [7.16296, 0.45603, 8.27363],
			"to": [8.83704, 0.8166, 9.4326],
			"rotation": {"angle": -22.5, "axis": "x", "origin": [3.8792, 5.99336, -10.01242]},
			"faces": {
				"north": {"uv": [10, 1.5, 10.40625, 1.59375], "texture": "#6"},
				"east": {"uv": [1.75, 11.25, 2.03125, 11.34375], "texture": "#6"},
				"south": {"uv": [10, 4.125, 10.40625, 4.21875], "texture": "#6"},
				"west": {"uv": [2.125, 11.25, 2.40625, 11.34375], "texture": "#6"},
				"up": {"uv": [3.15625, 4.03125, 2.75, 3.75], "texture": "#6"},
				"down": {"uv": [3.65625, 3.75, 3.25, 4.03125], "texture": "#6"}
			}
		},
		{
			"from": [7.16296, 0.19848, 8.14485],
			"to": [8.83704, 0.45603, 10.07648],
			"rotation": {"angle": -22.5, "axis": "x", "origin": [3.8792, 5.99336, -10.01242]},
			"faces": {
				"north": {"uv": [8, 11.25, 8.40625, 11.3125], "texture": "#6"},
				"east": {"uv": [10.875, 7.625, 11.34375, 7.6875], "texture": "#6"},
				"south": {"uv": [8.5, 11.25, 8.90625, 11.3125], "texture": "#6"},
				"west": {"uv": [7.75, 10.875, 8.21875, 10.9375], "texture": "#6"},
				"up": {"uv": [2.40625, 1.96875, 2, 1.5], "texture": "#6"},
				"down": {"uv": [2.40625, 2, 2, 2.46875], "texture": "#6"}
			}
		},
		{
			"from": [7.61419, 13.5782, 6.48366],
			"to": [8.38581, 13.96453, 7.77141],
			"rotation": {"angle": 22.5, "axis": "x", "origin": [3.8792, 5.99336, -10.01242]},
			"faces": {
				"north": {"uv": [12.5, 10.125, 12.6875, 10.21875], "texture": "#6"},
				"east": {"uv": [10.875, 7.75, 11.1875, 7.84375], "texture": "#6"},
				"south": {"uv": [12.5, 10.25, 12.6875, 10.34375], "texture": "#6"},
				"west": {"uv": [10.875, 7.875, 11.1875, 7.96875], "texture": "#6"},
				"up": {"uv": [8.3125, 5.8125, 8.125, 5.5], "texture": "#6"},
				"down": {"uv": [5.9375, 8.125, 5.75, 8.4375], "texture": "#6"}
			}
		},
		{
			"from": [7.16245, 8.31131, 8.01608],
			"to": [8.83549, 8.56886, 11.10668],
			"rotation": {"angle": 0, "axis": "y", "origin": [3.8792, 5.99336, -10.01242]},
			"faces": {
				"north": {"uv": [11.25, 8.75, 11.65625, 8.8125], "texture": "#6"},
				"east": {"uv": [8.75, 4.375, 9.5, 4.4375], "texture": "#6"},
				"south": {"uv": [11.25, 8.875, 11.65625, 8.9375], "texture": "#6"},
				"west": {"uv": [8.75, 6.375, 9.5, 6.4375], "texture": "#6"},
				"up": {"uv": [0.40625, 2.25, 0, 1.5], "texture": "#6"},
				"down": {"uv": [0.90625, 1.5, 0.5, 2.25], "texture": "#6"}
			}
		},
		{
			"from": [9.09459, 6.49558, 9.81893],
			"to": [9.35214, 7.13945, 11.10668],
			"rotation": {"angle": 22.5, "axis": "z", "origin": [3.8792, 5.99336, -10.01242]},
			"faces": {
				"north": {"uv": [7.75, 13.375, 7.8125, 13.53125], "texture": "#6"},
				"east": {"uv": [8.75, 0.75, 9.0625, 0.90625], "texture": "#6"},
				"south": {"uv": [7.875, 13.375, 7.9375, 13.53125], "texture": "#6"},
				"west": {"uv": [8.75, 1.625, 9.0625, 1.78125], "texture": "#6"},
				"up": {"uv": [4.6875, 12.6875, 4.625, 12.375], "texture": "#6"},
				"down": {"uv": [5.0625, 12.375, 5, 12.6875], "texture": "#6"}
			}
		},
		{
			"from": [9.3705, 4.89985, 9.81944],
			"to": [9.49928, 5.09301, 11.10719],
			"rotation": {"angle": 45, "axis": "z", "origin": [3.87181, 5.98156, -10.01191]},
			"faces": {
				"north": {"uv": [9.375, 14.25, 9.40625, 14.28125], "texture": "#6"},
				"east": {"uv": [13.375, 7.625, 13.6875, 7.65625], "texture": "#6"},
				"south": {"uv": [14.25, 9.375, 14.28125, 9.40625], "texture": "#6"},
				"west": {"uv": [13.375, 7.875, 13.6875, 7.90625], "texture": "#6"},
				"up": {"uv": [8.03125, 13.6875, 8, 13.375], "texture": "#6"},
				"down": {"uv": [8.15625, 13.375, 8.125, 13.6875], "texture": "#6"}
			}
		},
		{
			"from": [9.39077, 6.31529, 9.04628],
			"to": [9.51955, 7.21672, 9.81893],
			"rotation": {"angle": 22.5, "axis": "z", "origin": [3.8792, 5.99336, -10.01242]},
			"faces": {
				"north": {"uv": [10.625, 13.875, 10.65625, 14.09375], "texture": "#6"},
				"east": {"uv": [4.5, 9.625, 4.6875, 9.84375], "texture": "#6"},
				"south": {"uv": [13.875, 10.625, 13.90625, 10.84375], "texture": "#6"},
				"west": {"uv": [9.625, 4.5, 9.8125, 4.71875], "texture": "#6"},
				"up": {"uv": [13.90625, 13.6875, 13.875, 13.5], "texture": "#6"},
				"down": {"uv": [13.65625, 13.875, 13.625, 14.0625], "texture": "#6"}
			}
		},
		{
			"from": [9.28775, 6.3668, 8.01659],
			"to": [9.5453, 7.26823, 9.04679],
			"rotation": {"angle": 22.5, "axis": "z", "origin": [3.8792, 5.99336, -10.01242]},
			"faces": {
				"north": {"uv": [4, 13, 4.0625, 13.21875], "texture": "#6"},
				"east": {"uv": [7.75, 8.25, 8, 8.46875], "texture": "#6"},
				"south": {"uv": [13, 4, 13.0625, 4.21875], "texture": "#6"},
				"west": {"uv": [8.25, 7.875, 8.5, 8.09375], "texture": "#6"},
				"up": {"uv": [3.5625, 13, 3.5, 12.75], "texture": "#6"},
				"down": {"uv": [5.3125, 12.75, 5.25, 13], "texture": "#6"}
			}
		},
		{
			"from": [8.92718, 4.06173, 9.04628],
			"to": [9.31351, 4.44806, 9.81944],
			"rotation": {"angle": 45, "axis": "z", "origin": [3.8792, 5.99336, -10.01242]},
			"faces": {
				"north": {"uv": [13.625, 10.25, 13.71875, 10.34375], "texture": "#6"},
				"east": {"uv": [10.375, 12.5, 10.5625, 12.59375], "texture": "#6"},
				"south": {"uv": [10.5, 13.625, 10.59375, 13.71875], "texture": "#6"},
				"west": {"uv": [12.5, 10.375, 12.6875, 10.46875], "texture": "#6"},
				"up": {"uv": [12.59375, 10.6875, 12.5, 10.5], "texture": "#6"},
				"down": {"uv": [12.59375, 10.75, 12.5, 10.9375], "texture": "#6"}
			}
		},
		{
			"from": [8.15453, 3.54663, 8.01659],
			"to": [8.92718, 4.06173, 9.04576],
			"rotation": {"angle": 45, "axis": "z", "origin": [3.8792, 5.99336, -10.01242]},
			"faces": {
				"north": {"uv": [11.625, 3.25, 11.8125, 3.375], "texture": "#6"},
				"east": {"uv": [8, 10.625, 8.25, 10.75], "texture": "#6"},
				"south": {"uv": [11.625, 3.375, 11.8125, 3.5], "texture": "#6"},
				"west": {"uv": [8.25, 10.625, 8.5, 10.75], "texture": "#6"},
				"up": {"uv": [6.6875, 9, 6.5, 8.75], "texture": "#6"},
				"down": {"uv": [8.9375, 6.5, 8.75, 6.75], "texture": "#6"}
			}
		},
		{
			"from": [7.4849, 9.74071, 9.04628],
			"to": [7.69094, 10.16567, 9.81893],
			"rotation": {"angle": -22.5, "axis": "z", "origin": [3.8792, 5.99336, -10.01242]},
			"faces": {
				"north": {"uv": [13.875, 12.75, 13.9375, 12.84375], "texture": "#6"},
				"east": {"uv": [12.5, 11, 12.6875, 11.09375], "texture": "#6"},
				"south": {"uv": [13.75, 13.875, 13.8125, 13.96875], "texture": "#6"},
				"west": {"uv": [11.125, 12.5, 11.3125, 12.59375], "texture": "#6"},
				"up": {"uv": [5.6875, 13.3125, 5.625, 13.125], "texture": "#6"},
				"down": {"uv": [13.1875, 5.625, 13.125, 5.8125], "texture": "#6"}
			}
		},
		{
			"from": [7.42051, 9.65057, 8.01608],
			"to": [7.80684, 10.42322, 9.04628],
			"rotation": {"angle": -22.5, "axis": "z", "origin": [3.8792, 5.99336, -10.01242]},
			"faces": {
				"north": {"uv": [12.5, 11.375, 12.59375, 11.5625], "texture": "#6"},
				"east": {"uv": [8.75, 6.75, 9, 6.9375], "texture": "#6"},
				"south": {"uv": [11.75, 12.5, 11.84375, 12.6875], "texture": "#6"},
				"west": {"uv": [8.75, 7, 9, 7.1875], "texture": "#6"},
				"up": {"uv": [2.96875, 11.875, 2.875, 11.625], "texture": "#6"},
				"down": {"uv": [11.71875, 3.5, 11.625, 3.75], "texture": "#6"}
			}
		},
		{
			"from": [8.19316, 9.65057, 8.01608],
			"to": [8.57949, 10.42322, 9.04628],
			"rotation": {"angle": 22.5, "axis": "z", "origin": [12.1208, 5.99336, -10.01242]},
			"faces": {
				"north": {"uv": [12.59375, 11.375, 12.5, 11.5625], "texture": "#6"},
				"east": {"uv": [9, 7, 8.75, 7.1875], "texture": "#6"},
				"south": {"uv": [11.84375, 12.5, 11.75, 12.6875], "texture": "#6"},
				"west": {"uv": [9, 6.75, 8.75, 6.9375], "texture": "#6"},
				"up": {"uv": [2.875, 11.875, 2.96875, 11.625], "texture": "#6"},
				"down": {"uv": [11.625, 3.5, 11.71875, 3.75], "texture": "#6"}
			}
		},
		{
			"from": [6.4547, 6.3668, 8.01659],
			"to": [6.71225, 7.26823, 9.04679],
			"rotation": {"angle": -22.5, "axis": "z", "origin": [12.1208, 5.99336, -10.01242]},
			"faces": {
				"north": {"uv": [4.0625, 13, 4, 13.21875], "texture": "#6"},
				"east": {"uv": [8.5, 7.875, 8.25, 8.09375], "texture": "#6"},
				"south": {"uv": [13.0625, 4, 13, 4.21875], "texture": "#6"},
				"west": {"uv": [8, 8.25, 7.75, 8.46875], "texture": "#6"},
				"up": {"uv": [3.5, 13, 3.5625, 12.75], "texture": "#6"},
				"down": {"uv": [5.25, 12.75, 5.3125, 13], "texture": "#6"}
			}
		},
		{
			"from": [6.48046, 6.31529, 9.04628],
			"to": [6.60923, 7.21672, 9.81893],
			"rotation": {"angle": -22.5, "axis": "z", "origin": [12.1208, 5.99336, -10.01242]},
			"faces": {
				"north": {"uv": [10.65625, 13.875, 10.625, 14.09375], "texture": "#6"},
				"east": {"uv": [9.8125, 4.5, 9.625, 4.71875], "texture": "#6"},
				"south": {"uv": [13.90625, 10.625, 13.875, 10.84375], "texture": "#6"},
				"west": {"uv": [4.6875, 9.625, 4.5, 9.84375], "texture": "#6"},
				"up": {"uv": [13.875, 13.6875, 13.90625, 13.5], "texture": "#6"},
				"down": {"uv": [13.625, 13.875, 13.65625, 14.0625], "texture": "#6"}
			}
		},
		{
			"from": [6.6865, 4.06173, 9.04628],
			"to": [7.07282, 4.44806, 9.81944],
			"rotation": {"angle": -45, "axis": "z", "origin": [12.1208, 5.99336, -10.01242]},
			"faces": {
				"north": {"uv": [13.71875, 10.25, 13.625, 10.34375], "texture": "#6"},
				"east": {"uv": [12.6875, 10.375, 12.5, 10.46875], "texture": "#6"},
				"south": {"uv": [10.59375, 13.625, 10.5, 13.71875], "texture": "#6"},
				"west": {"uv": [10.5625, 12.5, 10.375, 12.59375], "texture": "#6"},
				"up": {"uv": [12.5, 10.6875, 12.59375, 10.5], "texture": "#6"},
				"down": {"uv": [12.5, 10.75, 12.59375, 10.9375], "texture": "#6"}
			}
		},
		{
			"from": [8.30906, 9.74071, 9.04628],
			"to": [8.5151, 10.16567, 9.81893],
			"rotation": {"angle": 22.5, "axis": "z", "origin": [12.1208, 5.99336, -10.01242]},
			"faces": {
				"north": {"uv": [13.9375, 12.75, 13.875, 12.84375], "texture": "#6"},
				"east": {"uv": [11.3125, 12.5, 11.125, 12.59375], "texture": "#6"},
				"south": {"uv": [13.8125, 13.875, 13.75, 13.96875], "texture": "#6"},
				"west": {"uv": [12.6875, 11, 12.5, 11.09375], "texture": "#6"},
				"up": {"uv": [5.625, 13.3125, 5.6875, 13.125], "texture": "#6"},
				"down": {"uv": [13.125, 5.625, 13.1875, 5.8125], "texture": "#6"}
			}
		},
		{
			"from": [7.07282, 3.54663, 8.01659],
			"to": [7.84547, 4.06173, 9.04576],
			"rotation": {"angle": -45, "axis": "z", "origin": [12.1208, 5.99336, -10.01242]},
			"faces": {
				"north": {"uv": [11.8125, 3.25, 11.625, 3.375], "texture": "#6"},
				"east": {"uv": [8.5, 10.625, 8.25, 10.75], "texture": "#6"},
				"south": {"uv": [11.8125, 3.375, 11.625, 3.5], "texture": "#6"},
				"west": {"uv": [8.25, 10.625, 8, 10.75], "texture": "#6"},
				"up": {"uv": [6.5, 9, 6.6875, 8.75], "texture": "#6"},
				"down": {"uv": [8.75, 6.5, 8.9375, 6.75], "texture": "#6"}
			}
		},
		{
			"from": [6.50072, 4.89985, 9.81944],
			"to": [6.6295, 5.09301, 11.10719],
			"rotation": {"angle": -45, "axis": "z", "origin": [12.12819, 5.98156, -10.01191]},
			"faces": {
				"north": {"uv": [9.40625, 14.25, 9.375, 14.28125], "texture": "#6"},
				"east": {"uv": [13.6875, 7.875, 13.375, 7.90625], "texture": "#6"},
				"south": {"uv": [14.28125, 9.375, 14.25, 9.40625], "texture": "#6"},
				"west": {"uv": [13.6875, 7.625, 13.375, 7.65625], "texture": "#6"},
				"up": {"uv": [8, 13.6875, 8.03125, 13.375], "texture": "#6"},
				"down": {"uv": [8.125, 13.375, 8.15625, 13.6875], "texture": "#6"}
			}
		},
		{
			"from": [7.16296, 7.15233, 8.01608],
			"to": [8.83704, 7.53866, 9.04628],
			"rotation": {"angle": 0, "axis": "y", "origin": [3.8792, 5.99336, -10.01242]},
			"faces": {
				"north": {"uv": [10, 10, 10.40625, 10.09375], "texture": "#6"},
				"east": {"uv": [11.625, 3.75, 11.875, 3.84375], "texture": "#6"},
				"south": {"uv": [10.125, 0, 10.53125, 0.09375], "texture": "#6"},
				"west": {"uv": [11.625, 4.5, 11.875, 4.59375], "texture": "#6"},
				"up": {"uv": [1.78125, 4.75, 1.375, 4.5], "texture": "#6"},
				"down": {"uv": [2.28125, 4.5, 1.875, 4.75], "texture": "#6"}
			}
		},
		{
			"from": [7.4849, 6.50846, 8.01608],
			"to": [8.5151, 6.89478, 9.04628],
			"rotation": {"angle": 0, "axis": "y", "origin": [3.8792, 5.99336, -10.01242]},
			"faces": {
				"north": {"uv": [11.625, 4.625, 11.875, 4.71875], "texture": "#6"},
				"east": {"uv": [11.625, 4.75, 11.875, 4.84375], "texture": "#6"},
				"south": {"uv": [11.625, 4.875, 11.875, 4.96875], "texture": "#6"},
				"west": {"uv": [11.625, 5, 11.875, 5.09375], "texture": "#6"},
				"up": {"uv": [6.125, 8.125, 5.875, 7.875], "texture": "#6"},
				"down": {"uv": [6.375, 7.875, 6.125, 8.125], "texture": "#6"}
			}
		},
		{
			"from": [7.29174, 6.89478, 8.01608],
			"to": [8.70826, 7.15233, 9.04628],
			"rotation": {"angle": 0, "axis": "y", "origin": [3.8792, 5.99336, -10.01242]},
			"faces": {
				"north": {"uv": [6, 11.875, 6.34375, 11.9375], "texture": "#6"},
				"east": {"uv": [12.75, 6.125, 13, 6.1875], "texture": "#6"},
				"south": {"uv": [6.375, 11.875, 6.71875, 11.9375], "texture": "#6"},
				"west": {"uv": [12.75, 6.25, 13, 6.3125], "texture": "#6"},
				"up": {"uv": [5.96875, 1.25, 5.625, 1], "texture": "#6"},
				"down": {"uv": [1.59375, 5.625, 1.25, 5.875], "texture": "#6"}
			}
		},
		{
			"from": [7.16296, 7.53866, 8.01608],
			"to": [8.83704, 8.05376, 9.04628],
			"rotation": {"angle": 0, "axis": "y", "origin": [3.8792, 5.99336, -10.01242]},
			"faces": {
				"north": {"uv": [8.625, 2, 9.03125, 2.125], "texture": "#6"},
				"east": {"uv": [8.5, 10.625, 8.75, 10.75], "texture": "#6"},
				"south": {"uv": [8.625, 2.375, 9.03125, 2.5], "texture": "#6"},
				"west": {"uv": [8.75, 10.625, 9, 10.75], "texture": "#6"},
				"up": {"uv": [0.40625, 4.875, 0, 4.625], "texture": "#6"},
				"down": {"uv": [2.78125, 4.625, 2.375, 4.875], "texture": "#6"}
			}
		},
		{
			"from": [7.4849, 7.66743, 9.04628],
			"to": [8.5151, 8.31131, 11.10668],
			"rotation": {"angle": 0, "axis": "y", "origin": [3.8792, 5.99336, -10.01242]},
			"faces": {
				"north": {"uv": [9.875, 2.5, 10.125, 2.65625], "texture": "#6"},
				"east": {"uv": [1.375, 6, 1.875, 6.15625], "texture": "#6"},
				"south": {"uv": [3.375, 9.875, 3.625, 10.03125], "texture": "#6"},
				"west": {"uv": [6, 2.125, 6.5, 2.28125], "texture": "#6"},
				"up": {"uv": [3.375, 1.5, 3.125, 1], "texture": "#6"},
				"down": {"uv": [3.375, 2.5, 3.125, 3], "texture": "#6"}
			}
		},
		{
			"from": [7.67806, 6.89478, 9.04628],
			"to": [8.32194, 7.66743, 10.9779],
			"rotation": {"angle": 0, "axis": "y", "origin": [3.8792, 5.99336, -10.01242]},
			"faces": {
				"north": {"uv": [7.25, 10.875, 7.40625, 11.0625], "texture": "#6"},
				"east": {"uv": [5.375, 4, 5.84375, 4.1875], "texture": "#6"},
				"south": {"uv": [10.875, 8, 11.03125, 8.1875], "texture": "#6"},
				"west": {"uv": [5.375, 4.25, 5.84375, 4.4375], "texture": "#6"},
				"up": {"uv": [4.15625, 6.96875, 4, 6.5], "texture": "#6"},
				"down": {"uv": [4.40625, 6.5, 4.25, 6.96875], "texture": "#6"}
			}
		},
		{
			"from": [7.74245, 6.37968, 10.07648],
			"to": [8.25755, 6.76601, 11.10668],
			"rotation": {"angle": 0, "axis": "y", "origin": [3.8792, 5.73581, -10.01242]},
			"faces": {
				"north": {"uv": [13.125, 5.375, 13.25, 5.46875], "texture": "#6"},
				"east": {"uv": [11.625, 5.125, 11.875, 5.21875], "texture": "#6"},
				"south": {"uv": [13.125, 5.875, 13.25, 5.96875], "texture": "#6"},
				"west": {"uv": [6.25, 11.625, 6.5, 11.71875], "texture": "#6"},
				"up": {"uv": [3, 7.125, 2.875, 6.875], "texture": "#6"},
				"down": {"uv": [7.375, 1.25, 7.25, 1.5], "texture": "#6"}
			}
		},
		{
			"from": [9.35214, 6.23803, 9.81893],
			"to": [9.48091, 7.13945, 11.10719],
			"rotation": {"angle": 22.5, "axis": "z", "origin": [3.8792, 5.99336, -10.01242]},
			"faces": {
				"north": {"uv": [13.875, 11.875, 13.90625, 12.09375], "texture": "#6"},
				"east": {"uv": [0.5, 7.125, 0.8125, 7.34375], "texture": "#6"},
				"south": {"uv": [12, 13.875, 12.03125, 14.09375], "texture": "#6"},
				"west": {"uv": [7.125, 0.75, 7.4375, 0.96875], "texture": "#6"},
				"up": {"uv": [9.78125, 13.8125, 9.75, 13.5], "texture": "#6"},
				"down": {"uv": [9.90625, 13.5, 9.875, 13.8125], "texture": "#6"}
			}
		},
		{
			"from": [6.51909, 6.23803, 9.81893],
			"to": [6.64786, 7.13945, 11.10719],
			"rotation": {"angle": -22.5, "axis": "z", "origin": [12.1208, 5.99336, -10.01242]},
			"faces": {
				"north": {"uv": [12.125, 13.875, 12.15625, 14.09375], "texture": "#6"},
				"east": {"uv": [0.875, 7.125, 1.1875, 7.34375], "texture": "#6"},
				"south": {"uv": [13.875, 12.125, 13.90625, 12.34375], "texture": "#6"},
				"west": {"uv": [7.125, 1, 7.4375, 1.21875], "texture": "#6"},
				"up": {"uv": [10.03125, 13.8125, 10, 13.5], "texture": "#6"},
				"down": {"uv": [13.53125, 10, 13.5, 10.3125], "texture": "#6"}
			}
		}
	],
	"display": {
		"head": {
			"rotation": [0, 180, 0]
		}
	},
	"groups": [
		{
			"name": "72",
			"origin": [0.7448, 0, -30.068],
			"color": 0,
			"children": [0, 1, 2, 3, 4, 5, 6, 7, 8, 9, 10, 11, 12, 13, 14, 15, 16, 17, 18, 19, 20, 21, 22, 23, 24, 25, 26, 27, 28, 29, 30, 31, 32, 33, 34, 35, 36, 37, 38, 39, 40, 41]
		}
	]
}