{
	"format_version": "1.9.0",
	"credit": "Made with Blockbench",
	"textures": {
		"0": "item/weapon/bowmaster/bow",
		"1": "item/skill/bowmaster_arrow",
		"particle": "item/weapon/bowmaster/bow"
	},
	"elements": [
		{
			"from": [7.4, 6.2, 8.40999],
			"to": [8.6, 9.8, 9.60999],
			"rotation": {"angle": 0, "axis": "y", "origin": [6.5, 7.5, 8.50999]},
			"faces": {
				"north": {"uv": [0, 0, 1.2, 3.6], "texture": "#0"},
				"east": {"uv": [0, 0, 1.2, 3.6], "texture": "#0"},
				"south": {"uv": [0, 0, 1.2, 3.6], "texture": "#0"},
				"west": {"uv": [0, 0, 1.2, 3.6], "texture": "#0"},
				"up": {"uv": [0, 0, 1.2, 1.2], "texture": "#0"},
				"down": {"uv": [0, 0, 1.2, 1.2], "texture": "#0"}
			}
		},
		{
			"from": [7.5, 9.8, 8.50999],
			"to": [8.5, 15.8, 9.50999],
			"rotation": {"angle": 0, "axis": "y", "origin": [8, 17.6313, 15.1548]},
			"faces": {
				"north": {"uv": [5, 1, 6.8, 2.8], "texture": "#0"},
				"east": {"uv": [5, 1, 6.8, 2.8], "texture": "#0"},
				"south": {"uv": [5, 1, 6.8, 2.8], "texture": "#0"},
				"west": {"uv": [5, 1, 6.8, 2.8], "texture": "#0"},
				"up": {"uv": [5, 1, 6.8, 2.8], "texture": "#0"},
				"down": {"uv": [5, 1, 6.8, 2.8], "texture": "#0"}
			}
		},
		{
			"from": [7.6, 11.63777, 11.75113],
			"to": [8.4, 14.63777, 12.75113],
			"rotation": {"angle": 45, "axis": "x", "origin": [8, 17.6313, 15.1548]},
			"faces": {
				"north": {"uv": [5.4, 5, 7.2, 6.8], "texture": "#0"},
				"east": {"uv": [5.4, 5, 7.2, 6.8], "texture": "#0"},
				"south": {"uv": [5.4, 5, 7.2, 6.8], "texture": "#0"},
				"west": {"uv": [5.4, 5, 7.2, 6.8], "texture": "#0"},
				"up": {"uv": [5.4, 5, 7.2, 6.8], "texture": "#0"},
				"down": {"uv": [5.4, 5, 7.2, 6.8], "texture": "#0"}
			}
		},
		{
			"from": [7.7, 18.63031, 11.08662],
			"to": [8.3, 19.63031, 23.08662],
			"rotation": {"angle": -22.5, "axis": "x", "origin": [8, 17.6313, 15.1548]},
			"faces": {
				"north": {"uv": [5.4, 9.4, 7.2, 11.2], "rotation": 180, "texture": "#0"},
				"east": {"uv": [5.4, 9.4, 7.2, 11.2], "rotation": 270, "texture": "#0"},
				"south": {"uv": [5.4, 9.4, 7.2, 11.2], "texture": "#0"},
				"west": {"uv": [5.4, 9.4, 7.2, 11.2], "rotation": 90, "texture": "#0"},
				"up": {"uv": [5.4, 9.4, 7.2, 11.2], "rotation": 180, "texture": "#0"},
				"down": {"uv": [5.4, 9.4, 7.2, 11.2], "texture": "#0"}
			}
		},
		{
			"from": [7.7, 23.94635, 19.05704],
			"to": [8.3, 24.94635, 20.05704],
			"rotation": {"angle": 22.5, "axis": "x", "origin": [8, 17.6313, 15.1548]},
			"faces": {
				"north": {"uv": [5, 9.4, 6.8, 11.2], "texture": "#0"},
				"east": {"uv": [5, 9.4, 6.8, 11.2], "texture": "#0"},
				"south": {"uv": [5, 9.4, 6.8, 11.2], "texture": "#0"},
				"west": {"uv": [5, 9.4, 6.8, 11.2], "texture": "#0"},
				"up": {"uv": [5, 9.4, 6.8, 11.2], "texture": "#0"},
				"down": {"uv": [5, 9.4, 6.8, 11.2], "texture": "#0"}
			}
		},
		{
			"from": [6.9, 9.58517, 11.70098],
			"to": [7.4, 13.58517, 12.70098],
			"rotation": {"angle": 22.5, "axis": "x", "origin": [8, 16.23392, 15.26564]},
			"faces": {
				"north": {"uv": [9, 1.8, 10, 2.8], "texture": "#0"},
				"east": {"uv": [9, 1.8, 10, 2.8], "texture": "#0"},
				"south": {"uv": [9, 1.8, 10, 2.8], "texture": "#0"},
				"west": {"uv": [9, 1.8, 10, 2.8], "texture": "#0"},
				"up": {"uv": [9, 1.8, 10, 2.8], "texture": "#0"},
				"down": {"uv": [9, 1.8, 10, 2.8], "texture": "#0"}
			}
		},
		{
			"from": [6.9, 12.42265, 12.98596],
			"to": [7.4, 14.42265, 13.98596],
			"rotation": {"angle": 45, "axis": "x", "origin": [8, 16.23392, 15.26564]},
			"faces": {
				"north": {"uv": [9, 1.8, 10, 2.8], "texture": "#0"},
				"east": {"uv": [9, 1.8, 10, 2.8], "texture": "#0"},
				"south": {"uv": [9, 1.8, 10, 2.8], "texture": "#0"},
				"west": {"uv": [9, 1.8, 10, 2.8], "texture": "#0"},
				"up": {"uv": [9, 1.8, 10, 2.8], "texture": "#0"},
				"down": {"uv": [9, 1.8, 10, 2.8], "texture": "#0"}
			}
		},
		{
			"from": [6.975, 16.64693, 12.71985],
			"to": [7.375, 17.64693, 20.71985],
			"rotation": {"angle": -22.5, "axis": "x", "origin": [8, 16.23392, 15.26564]},
			"faces": {
				"north": {"uv": [9.8, 5.8, 10.8, 6.8], "rotation": 180, "texture": "#0"},
				"east": {"uv": [9.8, 5.8, 10.8, 6.8], "rotation": 270, "texture": "#0"},
				"south": {"uv": [9.8, 5.8, 10.8, 6.8], "texture": "#0"},
				"west": {"uv": [9.8, 5.8, 10.8, 6.8], "rotation": 90, "texture": "#0"},
				"up": {"uv": [9.8, 5.8, 10.8, 6.8], "rotation": 180, "texture": "#0"},
				"down": {"uv": [9.8, 5.8, 10.8, 6.8], "texture": "#0"}
			}
		},
		{
			"from": [7.05, 20.38267, 17.83031],
			"to": [7.35, 21.38267, 18.83031],
			"rotation": {"angle": 22.5, "axis": "x", "origin": [8, 16.23392, 15.26564]},
			"faces": {
				"north": {"uv": [9.4, 9.4, 10.4, 10.4], "texture": "#0"},
				"east": {"uv": [9.4, 9.4, 10.4, 10.4], "texture": "#0"},
				"south": {"uv": [9.4, 9.4, 10.4, 10.4], "texture": "#0"},
				"west": {"uv": [9.4, 9.4, 10.4, 10.4], "texture": "#0"},
				"up": {"uv": [9.4, 9.4, 10.4, 10.4], "texture": "#0"},
				"down": {"uv": [9.4, 9.4, 10.4, 10.4], "texture": "#0"}
			}
		},
		{
			"from": [8.65, 20.38267, 17.83031],
			"to": [8.925, 21.38267, 18.83031],
			"rotation": {"angle": 22.5, "axis": "x", "origin": [8, 16.23392, 15.26564]},
			"faces": {
				"north": {"uv": [9.4, 9.4, 10.4, 10.4], "texture": "#0"},
				"east": {"uv": [9.4, 9.4, 10.4, 10.4], "texture": "#0"},
				"south": {"uv": [9.4, 9.4, 10.4, 10.4], "texture": "#0"},
				"west": {"uv": [9.4, 9.4, 10.4, 10.4], "texture": "#0"},
				"up": {"uv": [9.4, 9.4, 10.4, 10.4], "texture": "#0"},
				"down": {"uv": [9.4, 9.4, 10.4, 10.4], "texture": "#0"}
			}
		},
		{
			"from": [8.625, 16.64693, 12.71985],
			"to": [9.025, 17.64693, 20.71985],
			"rotation": {"angle": -22.5, "axis": "x", "origin": [8, 16.23392, 15.26564]},
			"faces": {
				"north": {"uv": [9.8, 5.8, 10.8, 6.8], "rotation": 180, "texture": "#0"},
				"east": {"uv": [9.8, 5.8, 10.8, 6.8], "rotation": 270, "texture": "#0"},
				"south": {"uv": [9.8, 5.8, 10.8, 6.8], "texture": "#0"},
				"west": {"uv": [9.8, 5.8, 10.8, 6.8], "rotation": 90, "texture": "#0"},
				"up": {"uv": [9.8, 5.8, 10.8, 6.8], "rotation": 180, "texture": "#0"},
				"down": {"uv": [9.8, 5.8, 10.8, 6.8], "texture": "#0"}
			}
		},
		{
			"from": [8.6, 12.42265, 12.98596],
			"to": [9.1, 14.42265, 13.98596],
			"rotation": {"angle": 45, "axis": "x", "origin": [8, 16.23392, 15.26564]},
			"faces": {
				"north": {"uv": [9, 1.8, 10, 2.8], "texture": "#0"},
				"east": {"uv": [9, 1.8, 10, 2.8], "texture": "#0"},
				"south": {"uv": [9, 1.8, 10, 2.8], "texture": "#0"},
				"west": {"uv": [9, 1.8, 10, 2.8], "texture": "#0"},
				"up": {"uv": [9, 1.8, 10, 2.8], "texture": "#0"},
				"down": {"uv": [9, 1.8, 10, 2.8], "texture": "#0"}
			}
		},
		{
			"from": [8.6, 9.58517, 11.70098],
			"to": [9.1, 13.58517, 12.70098],
			"rotation": {"angle": 22.5, "axis": "x", "origin": [8, 16.23392, 15.26564]},
			"faces": {
				"north": {"uv": [9, 1.8, 10, 2.8], "texture": "#0"},
				"east": {"uv": [9, 1.8, 10, 2.8], "texture": "#0"},
				"south": {"uv": [9, 1.8, 10, 2.8], "texture": "#0"},
				"west": {"uv": [9, 1.8, 10, 2.8], "texture": "#0"},
				"up": {"uv": [9, 1.8, 10, 2.8], "texture": "#0"},
				"down": {"uv": [9, 1.8, 10, 2.8], "texture": "#0"}
			}
		},
		{
			"from": [7.075, 1.52125, 7.67225],
			"to": [7.475, 4.52125, 8.67225],
			"rotation": {"angle": -45, "axis": "x", "origin": [7.975, 3.02125, 8.17225]},
			"faces": {
				"north": {"uv": [9.4, 5.4, 10.4, 6.4], "texture": "#0"},
				"east": {"uv": [9.4, 5.4, 10.4, 6.4], "texture": "#0"},
				"south": {"uv": [9.4, 5.4, 10.4, 6.4], "texture": "#0"},
				"west": {"uv": [9.4, 5.4, 10.4, 6.4], "texture": "#0"},
				"up": {"uv": [9.4, 5.4, 10.4, 6.4], "texture": "#0"},
				"down": {"uv": [9.4, 5.4, 10.4, 6.4], "texture": "#0"}
			}
		},
		{
			"from": [7.15, 3.72836, 6.75804],
			"to": [7.45, 6.72836, 7.75804],
			"rotation": {"angle": -22.5, "axis": "x", "origin": [5.45, 3.72836, 6.75804]},
			"faces": {
				"north": {"uv": [9.8, 9.4, 10.8, 10.4], "texture": "#0"},
				"east": {"uv": [9.8, 9.4, 10.8, 10.4], "texture": "#0"},
				"south": {"uv": [9.8, 9.4, 10.8, 10.4], "texture": "#0"},
				"west": {"uv": [9.8, 9.4, 10.8, 10.4], "texture": "#0"},
				"up": {"uv": [9.8, 9.4, 10.8, 10.4], "texture": "#0"},
				"down": {"uv": [9.8, 9.4, 10.8, 10.4], "texture": "#0"}
			}
		},
		{
			"from": [7.225, 6.5, 5.60999],
			"to": [7.425, 9.5, 6.60999],
			"rotation": {"angle": 0, "axis": "y", "origin": [5.425, 7.5, 5.60999]},
			"faces": {
				"north": {"uv": [9.8, 13, 10.8, 14], "texture": "#0"},
				"east": {"uv": [9.8, 13, 10.8, 14], "texture": "#0"},
				"south": {"uv": [9.8, 13, 10.8, 14], "texture": "#0"},
				"west": {"uv": [9.8, 13, 10.8, 14], "texture": "#0"},
				"up": {"uv": [9.8, 13, 10.8, 14], "texture": "#0"},
				"down": {"uv": [9.8, 13, 10.8, 14], "texture": "#0"}
			}
		},
		{
			"from": [7.15, 9.34776, 6.37536],
			"to": [7.45, 12.34776, 7.37536],
			"rotation": {"angle": 22.5, "axis": "x", "origin": [5.45, 11.34776, 6.37536]},
			"faces": {
				"north": {"uv": [9.4, 9.8, 10.4, 10.8], "texture": "#0"},
				"east": {"uv": [9.4, 9.8, 10.4, 10.8], "texture": "#0"},
				"south": {"uv": [9.4, 9.8, 10.4, 10.8], "texture": "#0"},
				"west": {"uv": [9.4, 9.8, 10.4, 10.8], "texture": "#0"},
				"up": {"uv": [9.4, 9.8, 10.4, 10.8], "texture": "#0"},
				"down": {"uv": [9.4, 9.8, 10.4, 10.8], "texture": "#0"}
			}
		},
		{
			"from": [7.075, 11.47875, 7.67225],
			"to": [7.475, 14.47875, 8.67225],
			"rotation": {"angle": 45, "axis": "x", "origin": [7.975, 12.97875, 8.17225]},
			"faces": {
				"north": {"uv": [9, 5.4, 10, 6.4], "texture": "#0"},
				"east": {"uv": [9, 5.4, 10, 6.4], "texture": "#0"},
				"south": {"uv": [9, 5.4, 10, 6.4], "texture": "#0"},
				"west": {"uv": [9, 5.4, 10, 6.4], "texture": "#0"},
				"up": {"uv": [9, 5.4, 10, 6.4], "texture": "#0"},
				"down": {"uv": [9, 5.4, 10, 6.4], "texture": "#0"}
			}
		},
		{
			"from": [8.55, 9.34776, 6.37536],
			"to": [8.85, 12.34776, 7.37536],
			"rotation": {"angle": 22.5, "axis": "x", "origin": [7.55, 11.34776, 6.37536]},
			"faces": {
				"north": {"uv": [9.4, 9.8, 10.4, 10.8], "texture": "#0"},
				"east": {"uv": [9.4, 9.8, 10.4, 10.8], "texture": "#0"},
				"south": {"uv": [9.4, 9.8, 10.4, 10.8], "texture": "#0"},
				"west": {"uv": [9.4, 9.8, 10.4, 10.8], "texture": "#0"},
				"up": {"uv": [9.4, 9.8, 10.4, 10.8], "texture": "#0"},
				"down": {"uv": [9.4, 9.8, 10.4, 10.8], "texture": "#0"}
			}
		},
		{
			"from": [8.525, 11.47875, 7.67225],
			"to": [8.925, 14.47875, 8.67225],
			"rotation": {"angle": 45, "axis": "x", "origin": [8.025, 12.97875, 8.17225]},
			"faces": {
				"north": {"uv": [9, 5.4, 10, 6.4], "texture": "#0"},
				"east": {"uv": [9, 5.4, 10, 6.4], "texture": "#0"},
				"south": {"uv": [9, 5.4, 10, 6.4], "texture": "#0"},
				"west": {"uv": [9, 5.4, 10, 6.4], "texture": "#0"},
				"up": {"uv": [9, 5.4, 10, 6.4], "texture": "#0"},
				"down": {"uv": [9, 5.4, 10, 6.4], "texture": "#0"}
			}
		},
		{
			"from": [8.575, 6.5, 5.60999],
			"to": [8.775, 9.5, 6.60999],
			"rotation": {"angle": 0, "axis": "y", "origin": [7.575, 7.5, 5.60999]},
			"faces": {
				"north": {"uv": [9.8, 13, 10.8, 14], "texture": "#0"},
				"east": {"uv": [9.8, 13, 10.8, 14], "texture": "#0"},
				"south": {"uv": [9.8, 13, 10.8, 14], "texture": "#0"},
				"west": {"uv": [9.8, 13, 10.8, 14], "texture": "#0"},
				"up": {"uv": [9.8, 13, 10.8, 14], "texture": "#0"},
				"down": {"uv": [9.8, 13, 10.8, 14], "texture": "#0"}
			}
		},
		{
			"from": [8.55, 3.72836, 6.75804],
			"to": [8.85, 6.72836, 7.75804],
			"rotation": {"angle": -22.5, "axis": "x", "origin": [7.55, 3.72836, 6.75804]},
			"faces": {
				"north": {"uv": [9.8, 9.4, 10.8, 10.4], "texture": "#0"},
				"east": {"uv": [9.8, 9.4, 10.8, 10.4], "texture": "#0"},
				"south": {"uv": [9.8, 9.4, 10.8, 10.4], "texture": "#0"},
				"west": {"uv": [9.8, 9.4, 10.8, 10.4], "texture": "#0"},
				"up": {"uv": [9.8, 9.4, 10.8, 10.4], "texture": "#0"},
				"down": {"uv": [9.8, 9.4, 10.8, 10.4], "texture": "#0"}
			}
		},
		{
			"from": [8.525, 1.52125, 7.67225],
			"to": [8.925, 4.52125, 8.67225],
			"rotation": {"angle": -45, "axis": "x", "origin": [8.025, 3.02125, 8.17225]},
			"faces": {
				"north": {"uv": [9.4, 5.4, 10.4, 6.4], "texture": "#0"},
				"east": {"uv": [9.4, 5.4, 10.4, 6.4], "texture": "#0"},
				"south": {"uv": [9.4, 5.4, 10.4, 6.4], "texture": "#0"},
				"west": {"uv": [9.4, 5.4, 10.4, 6.4], "texture": "#0"},
				"up": {"uv": [9.4, 5.4, 10.4, 6.4], "texture": "#0"},
				"down": {"uv": [9.4, 5.4, 10.4, 6.4], "texture": "#0"}
			}
		},
		{
			"from": [6.9, 11.2969, 5.19751],
			"to": [7.4, 12.2969, 9.19751],
			"rotation": {"angle": 22.5, "axis": "x", "origin": [5.4, 11.2969, 7.19751]},
			"faces": {
				"north": {"uv": [13, 1, 14, 2], "rotation": 180, "texture": "#0"},
				"east": {"uv": [13, 1, 14, 2], "rotation": 90, "texture": "#0"},
				"south": {"uv": [13, 1, 14, 2], "texture": "#0"},
				"west": {"uv": [13, 1, 14, 2], "rotation": 270, "texture": "#0"},
				"up": {"uv": [13, 1, 14, 2], "texture": "#0"},
				"down": {"uv": [13, 1, 14, 2], "rotation": 180, "texture": "#0"}
			}
		},
		{
			"from": [6.9, 11.2969, 5.26736],
			"to": [7.4, 12.2969, 6.26736],
			"rotation": {"angle": -22.5, "axis": "x", "origin": [5.4, 11.2969, 4.26736]},
			"faces": {
				"north": {"uv": [13, 1, 14, 2], "rotation": 180, "texture": "#0"},
				"east": {"uv": [13, 1, 14, 2], "rotation": 90, "texture": "#0"},
				"south": {"uv": [13, 1, 14, 2], "texture": "#0"},
				"west": {"uv": [13, 1, 14, 2], "rotation": 270, "texture": "#0"},
				"up": {"uv": [13, 1, 14, 2], "texture": "#0"},
				"down": {"uv": [13, 1, 14, 2], "rotation": 180, "texture": "#0"}
			}
		},
		{
			"from": [8.6, 11.2969, 5.26736],
			"to": [9.1, 12.2969, 6.26736],
			"rotation": {"angle": -22.5, "axis": "x", "origin": [7.1, 11.2969, 4.26736]},
			"faces": {
				"north": {"uv": [13, 1, 14, 2], "rotation": 180, "texture": "#0"},
				"east": {"uv": [13, 1, 14, 2], "rotation": 90, "texture": "#0"},
				"south": {"uv": [13, 1, 14, 2], "texture": "#0"},
				"west": {"uv": [13, 1, 14, 2], "rotation": 270, "texture": "#0"},
				"up": {"uv": [13, 1, 14, 2], "texture": "#0"},
				"down": {"uv": [13, 1, 14, 2], "rotation": 180, "texture": "#0"}
			}
		},
		{
			"from": [6.9, 3.7031, 5.19751],
			"to": [7.4, 4.7031, 9.19751],
			"rotation": {"angle": -22.5, "axis": "x", "origin": [5.4, 4.7031, 7.19751]},
			"faces": {
				"north": {"uv": [13, 1, 14, 2], "rotation": 180, "texture": "#0"},
				"east": {"uv": [13, 1, 14, 2], "rotation": 90, "texture": "#0"},
				"south": {"uv": [13, 1, 14, 2], "texture": "#0"},
				"west": {"uv": [13, 1, 14, 2], "rotation": 270, "texture": "#0"},
				"up": {"uv": [13, 1, 14, 2], "rotation": 180, "texture": "#0"},
				"down": {"uv": [13, 1, 14, 2], "texture": "#0"}
			}
		},
		{
			"from": [8.6, 3.7031, 5.19751],
			"to": [9.1, 4.7031, 9.19751],
			"rotation": {"angle": -22.5, "axis": "x", "origin": [7.1, 4.7031, 7.19751]},
			"faces": {
				"north": {"uv": [13, 1, 14, 2], "rotation": 180, "texture": "#0"},
				"east": {"uv": [13, 1, 14, 2], "rotation": 90, "texture": "#0"},
				"south": {"uv": [13, 1, 14, 2], "texture": "#0"},
				"west": {"uv": [13, 1, 14, 2], "rotation": 270, "texture": "#0"},
				"up": {"uv": [13, 1, 14, 2], "rotation": 180, "texture": "#0"},
				"down": {"uv": [13, 1, 14, 2], "texture": "#0"}
			}
		},
		{
			"from": [8.6, 3.7031, 5.26736],
			"to": [9.1, 4.7031, 6.26736],
			"rotation": {"angle": 22.5, "axis": "x", "origin": [7.1, 4.7031, 4.26736]},
			"faces": {
				"north": {"uv": [13, 1, 14, 2], "rotation": 180, "texture": "#0"},
				"east": {"uv": [13, 1, 14, 2], "rotation": 90, "texture": "#0"},
				"south": {"uv": [13, 1, 14, 2], "texture": "#0"},
				"west": {"uv": [13, 1, 14, 2], "rotation": 270, "texture": "#0"},
				"up": {"uv": [13, 1, 14, 2], "rotation": 180, "texture": "#0"},
				"down": {"uv": [13, 1, 14, 2], "texture": "#0"}
			}
		},
		{
			"from": [6.9, 3.7031, 5.26736],
			"to": [7.4, 4.7031, 6.26736],
			"rotation": {"angle": 22.5, "axis": "x", "origin": [5.4, 4.7031, 4.26736]},
			"faces": {
				"north": {"uv": [13, 1, 14, 2], "rotation": 180, "texture": "#0"},
				"east": {"uv": [13, 1, 14, 2], "rotation": 90, "texture": "#0"},
				"south": {"uv": [13, 1, 14, 2], "texture": "#0"},
				"west": {"uv": [13, 1, 14, 2], "rotation": 270, "texture": "#0"},
				"up": {"uv": [13, 1, 14, 2], "rotation": 180, "texture": "#0"},
				"down": {"uv": [13, 1, 14, 2], "texture": "#0"}
			}
		},
		{
			"from": [8.6, 11.2969, 5.19751],
			"to": [9.1, 12.2969, 9.19751],
			"rotation": {"angle": 22.5, "axis": "x", "origin": [7.1, 11.2969, 7.19751]},
			"faces": {
				"north": {"uv": [13, 1, 14, 2], "rotation": 180, "texture": "#0"},
				"east": {"uv": [13, 1, 14, 2], "rotation": 90, "texture": "#0"},
				"south": {"uv": [13, 1, 14, 2], "texture": "#0"},
				"west": {"uv": [13, 1, 14, 2], "rotation": 270, "texture": "#0"},
				"up": {"uv": [13, 1, 14, 2], "texture": "#0"},
				"down": {"uv": [13, 1, 14, 2], "rotation": 180, "texture": "#0"}
			}
		},
		{
			"from": [8.6, 2.41483, 11.70098],
			"to": [9.1, 6.41483, 12.70098],
			"rotation": {"angle": -22.5, "axis": "x", "origin": [8, -0.23392, 15.26564]},
			"faces": {
				"north": {"uv": [9, 2.8, 10, 1.8], "texture": "#0"},
				"east": {"uv": [9, 2.8, 10, 1.8], "texture": "#0"},
				"south": {"uv": [9, 2.8, 10, 1.8], "texture": "#0"},
				"west": {"uv": [9, 2.8, 10, 1.8], "texture": "#0"},
				"up": {"uv": [9, 2.8, 10, 1.8], "texture": "#0"},
				"down": {"uv": [9, 2.8, 10, 1.8], "texture": "#0"}
			}
		},
		{
			"from": [6.9, 2.41483, 11.70098],
			"to": [7.4, 6.41483, 12.70098],
			"rotation": {"angle": -22.5, "axis": "x", "origin": [8, -0.23392, 15.26564]},
			"faces": {
				"north": {"uv": [9, 2.8, 10, 1.8], "texture": "#0"},
				"east": {"uv": [9, 2.8, 10, 1.8], "texture": "#0"},
				"south": {"uv": [9, 2.8, 10, 1.8], "texture": "#0"},
				"west": {"uv": [9, 2.8, 10, 1.8], "texture": "#0"},
				"up": {"uv": [9, 2.8, 10, 1.8], "texture": "#0"},
				"down": {"uv": [9, 2.8, 10, 1.8], "texture": "#0"}
			}
		},
		{
			"from": [6.9, 1.57735, 12.98596],
			"to": [7.4, 3.57735, 13.98596],
			"rotation": {"angle": -45, "axis": "x", "origin": [8, -0.23392, 15.26564]},
			"faces": {
				"north": {"uv": [9, 2.8, 10, 1.8], "texture": "#0"},
				"east": {"uv": [9, 2.8, 10, 1.8], "texture": "#0"},
				"south": {"uv": [9, 2.8, 10, 1.8], "texture": "#0"},
				"west": {"uv": [9, 2.8, 10, 1.8], "texture": "#0"},
				"up": {"uv": [9, 2.8, 10, 1.8], "texture": "#0"},
				"down": {"uv": [9, 2.8, 10, 1.8], "texture": "#0"}
			}
		},
		{
			"from": [8.6, 1.57735, 12.98596],
			"to": [9.1, 3.57735, 13.98596],
			"rotation": {"angle": -45, "axis": "x", "origin": [8, -0.23392, 15.26564]},
			"faces": {
				"north": {"uv": [9, 2.8, 10, 1.8], "texture": "#0"},
				"east": {"uv": [9, 2.8, 10, 1.8], "texture": "#0"},
				"south": {"uv": [9, 2.8, 10, 1.8], "texture": "#0"},
				"west": {"uv": [9, 2.8, 10, 1.8], "texture": "#0"},
				"up": {"uv": [9, 2.8, 10, 1.8], "texture": "#0"},
				"down": {"uv": [9, 2.8, 10, 1.8], "texture": "#0"}
			}
		},
		{
			"from": [8.625, -1.64693, 12.71985],
			"to": [9.025, -0.64693, 20.71985],
			"rotation": {"angle": 22.5, "axis": "x", "origin": [8, -0.23392, 15.26564]},
			"faces": {
				"north": {"uv": [9.8, 6.8, 10.8, 5.8], "rotation": 180, "texture": "#0"},
				"east": {"uv": [10.8, 5.8, 9.8, 6.8], "rotation": 270, "texture": "#0"},
				"south": {"uv": [9.8, 6.8, 10.8, 5.8], "texture": "#0"},
				"west": {"uv": [10.8, 5.8, 9.8, 6.8], "rotation": 90, "texture": "#0"},
				"up": {"uv": [9.8, 6.8, 10.8, 5.8], "texture": "#0"},
				"down": {"uv": [9.8, 6.8, 10.8, 5.8], "rotation": 180, "texture": "#0"}
			}
		},
		{
			"from": [7.05, -5.38267, 17.83031],
			"to": [7.35, -4.38267, 18.83031],
			"rotation": {"angle": -22.5, "axis": "x", "origin": [8, -0.23392, 15.26564]},
			"faces": {
				"north": {"uv": [9.4, 10.4, 10.4, 9.4], "texture": "#0"},
				"east": {"uv": [9.4, 10.4, 10.4, 9.4], "texture": "#0"},
				"south": {"uv": [9.4, 10.4, 10.4, 9.4], "texture": "#0"},
				"west": {"uv": [9.4, 10.4, 10.4, 9.4], "texture": "#0"},
				"up": {"uv": [9.4, 10.4, 10.4, 9.4], "texture": "#0"},
				"down": {"uv": [9.4, 10.4, 10.4, 9.4], "texture": "#0"}
			}
		},
		{
			"from": [6.975, -1.64693, 12.71985],
			"to": [7.375, -0.64693, 20.71985],
			"rotation": {"angle": 22.5, "axis": "x", "origin": [8, -0.23392, 15.26564]},
			"faces": {
				"north": {"uv": [9.8, 6.8, 10.8, 5.8], "rotation": 180, "texture": "#0"},
				"east": {"uv": [10.8, 5.8, 9.8, 6.8], "rotation": 270, "texture": "#0"},
				"south": {"uv": [9.8, 6.8, 10.8, 5.8], "texture": "#0"},
				"west": {"uv": [10.8, 5.8, 9.8, 6.8], "rotation": 90, "texture": "#0"},
				"up": {"uv": [9.8, 6.8, 10.8, 5.8], "texture": "#0"},
				"down": {"uv": [9.8, 6.8, 10.8, 5.8], "rotation": 180, "texture": "#0"}
			}
		},
		{
			"from": [8.65, -5.38267, 17.83031],
			"to": [8.925, -4.38267, 18.83031],
			"rotation": {"angle": -22.5, "axis": "x", "origin": [8, -0.23392, 15.26564]},
			"faces": {
				"north": {"uv": [9.4, 10.4, 10.4, 9.4], "texture": "#0"},
				"east": {"uv": [9.4, 10.4, 10.4, 9.4], "texture": "#0"},
				"south": {"uv": [9.4, 10.4, 10.4, 9.4], "texture": "#0"},
				"west": {"uv": [9.4, 10.4, 10.4, 9.4], "texture": "#0"},
				"up": {"uv": [9.4, 10.4, 10.4, 9.4], "texture": "#0"},
				"down": {"uv": [9.4, 10.4, 10.4, 9.4], "texture": "#0"}
			}
		},
		{
			"from": [7.5, 0.2, 8.50999],
			"to": [8.5, 6.2, 9.50999],
			"rotation": {"angle": 0, "axis": "y", "origin": [8, -1.6313, 15.1548]},
			"faces": {
				"north": {"uv": [5, 2.8, 6.8, 1], "texture": "#0"},
				"east": {"uv": [5, 2.8, 6.8, 1], "texture": "#0"},
				"south": {"uv": [5, 2.8, 6.8, 1], "texture": "#0"},
				"west": {"uv": [5, 2.8, 6.8, 1], "texture": "#0"},
				"up": {"uv": [5, 2.8, 6.8, 1], "texture": "#0"},
				"down": {"uv": [5, 2.8, 6.8, 1], "texture": "#0"}
			}
		},
		{
			"from": [7.6, 1.36223, 11.75113],
			"to": [8.4, 4.36223, 12.75113],
			"rotation": {"angle": -45, "axis": "x", "origin": [8, -1.6313, 15.1548]},
			"faces": {
				"north": {"uv": [5.4, 6.8, 7.2, 5], "texture": "#0"},
				"east": {"uv": [5.4, 6.8, 7.2, 5], "texture": "#0"},
				"south": {"uv": [5.4, 6.8, 7.2, 5], "texture": "#0"},
				"west": {"uv": [5.4, 6.8, 7.2, 5], "texture": "#0"},
				"up": {"uv": [5.4, 6.8, 7.2, 5], "texture": "#0"},
				"down": {"uv": [5.4, 6.8, 7.2, 5], "texture": "#0"}
			}
		},
		{
			"from": [7.7, -3.63031, 11.08662],
			"to": [8.3, -2.63031, 23.08662],
			"rotation": {"angle": 22.5, "axis": "x", "origin": [8, -1.6313, 15.1548]},
			"faces": {
				"north": {"uv": [5.4, 11.2, 7.2, 9.4], "rotation": 180, "texture": "#0"},
				"east": {"uv": [7.2, 9.4, 5.4, 11.2], "rotation": 270, "texture": "#0"},
				"south": {"uv": [5.4, 11.2, 7.2, 9.4], "texture": "#0"},
				"west": {"uv": [7.2, 9.4, 5.4, 11.2], "rotation": 90, "texture": "#0"},
				"up": {"uv": [5.4, 11.2, 7.2, 9.4], "texture": "#0"},
				"down": {"uv": [5.4, 11.2, 7.2, 9.4], "rotation": 180, "texture": "#0"}
			}
		},
		{
			"from": [7.7, -8.94635, 19.05704],
			"to": [8.3, -7.94635, 20.05704],
			"rotation": {"angle": -22.5, "axis": "x", "origin": [8, -1.6313, 15.1548]},
			"faces": {
				"north": {"uv": [5, 11.2, 6.8, 9.4], "texture": "#0"},
				"east": {"uv": [5, 11.2, 6.8, 9.4], "texture": "#0"},
				"south": {"uv": [5, 11.2, 6.8, 9.4], "texture": "#0"},
				"west": {"uv": [5, 11.2, 6.8, 9.4], "texture": "#0"},
				"up": {"uv": [5, 11.2, 6.8, 9.4], "texture": "#0"},
				"down": {"uv": [5, 11.2, 6.8, 9.4], "texture": "#0"}
			}
		},
		{
			"from": [7.9, 7.3, 25.90343],
			"to": [8.1, 22, 26.00343],
			"rotation": {"angle": -22.5, "axis": "x", "origin": [6.5, 12, 25.00343]},
			"faces": {
				"north": {"uv": [1.2, 5.6, 2.2, 6.6], "texture": "#0"},
				"east": {"uv": [1.2, 5.6, 2.2, 6.6], "texture": "#0"},
				"south": {"uv": [1.2, 5.6, 2.2, 6.6], "texture": "#0"},
				"west": {"uv": [1.2, 5.6, 2.2, 6.6], "texture": "#0"},
				"up": {"uv": [1.2, 5.6, 2.2, 6.6], "texture": "#0"},
				"down": {"uv": [1.2, 5.6, 2.2, 6.6], "texture": "#0"}
			}
		},
		{
			"from": [7.9, -7.33197, 27.06185],
			"to": [8.1, 8.16803, 27.16185],
			"rotation": {"angle": 22.5, "axis": "x", "origin": [8, 6.66803, 27.11185]},
			"faces": {
				"north": {"uv": [1.2, 5.6, 2.2, 6.6], "texture": "#0"},
				"east": {"uv": [1.2, 5.6, 2.2, 6.6], "texture": "#0"},
				"south": {"uv": [1.2, 5.6, 2.2, 6.6], "texture": "#0"},
				"west": {"uv": [1.2, 5.6, 2.2, 6.6], "texture": "#0"},
				"up": {"uv": [1.2, 5.6, 2.2, 6.6], "texture": "#0"},
				"down": {"uv": [1.2, 5.6, 2.2, 6.6], "texture": "#0"}
			}
		},
		{
			"name": "cross_2",
			"from": [5.25, 8, 4],
			"to": [9.25, 8, 28],
			"rotation": {"angle": -45, "axis": "z", "origin": [7.25, 8, 8]},
			"faces": {
				"up": {"uv": [8, 8, 0, 10.5], "rotation": 90, "texture": "#1", "tintindex": 0},
				"down": {"uv": [0, 8, 8, 10.5], "rotation": 90, "texture": "#1", "tintindex": 0}
			}
		},
		{
			"name": "back",
			"from": [5.25, 6, 26.5],
			"to": [9.25, 10, 26.5],
			"rotation": {"angle": -45, "axis": "z", "origin": [7.25, 8, 13.5]},
			"faces": {
				"north": {"uv": [2.5, 10.5, 0, 13], "texture": "#1", "tintindex": 0},
				"south": {"uv": [2.5, 10.5, 0, 13], "texture": "#1", "tintindex": 0}
			}
		},
		{
			"name": "cross_1",
			"from": [5.25, 8, 4],
			"to": [9.25, 8, 28],
			"rotation": {"angle": 45, "axis": "z", "origin": [7.25, 8, 8]},
			"faces": {
				"up": {"uv": [8, 7.95, 0, 10.45], "rotation": 90, "texture": "#1", "tintindex": 0},
				"down": {"uv": [0, 7.95, 8, 10.45], "rotation": 90, "texture": "#1", "tintindex": 0}
			}
		}
	],
	"display": {
		"thirdperson_righthand": {
			"rotation": [0, 0, 15],
			"translation": [0, -1.75, 0]
		},
		"thirdperson_lefthand": {
			"rotation": [0, 0, -165],
			"translation": [0, -1.75, 0]
		},
		"firstperson_righthand": {
			"rotation": [15, 5, 90],
			"translation": [-5.75, 2, -12]
		},
		"firstperson_lefthand": {
			"rotation": [15, 5, 90],
			"translation": [-5.75, 2, -12]
		},
		"gui": {
			"scale": [0, 0, 0]
		}
	},
	"groups": [
		{
			"name": "group",
			"origin": [6.5, 7.5, 8.50999],
			"color": 0,
			"children": [0]
		},
		{
			"name": "group",
			"origin": [6.5, -11.98178, 10.98221],
			"color": 0,
			"children": [1, 2, 3, 4]
		},
		{
			"name": "group",
			"origin": [7, -2.616, 9.58647],
			"color": 0,
			"children": [5, 6, 7, 8, 9, 10, 11, 12, 13, 14, 15, 16, 17, 18, 19, 20, 21, 22]
		},
		{
			"name": "group",
			"origin": [5.4, 4.7031, 4.26736],
			"color": 0,
			"children": [23, 24, 25, 26, 27, 28, 29]
		},
		{
			"name": "group",
			"origin": [8.81875, -2.24333, 12.65665],
			"color": 0,
			"children": []
		},
		30,
		31,
		32,
		33,
		34,
		35,
		36,
		37,
		38,
		{
			"name": "group",
			"origin": [6.5, -11.98178, 10.98221],
			"color": 0,
			"children": [39, 40, 41, 42]
		},
		43,
		44,
		{
			"name": "group",
			"origin": [8, 8, 4],
			"color": 0,
			"children": [45, 46, 47]
		}
	]
}