{"providers":[{"type":"space","advances":{"󎀁":-1}},{"type":"bitmap","file":"betterhud:image_hotbar.png","ascent":-8417239,"height":40,"chars":["󎀂"]},{"type":"bitmap","file":"betterhud:image_image_hp_left_90_1.png","ascent":-8417242,"height":6,"chars":["󎀃"]},{"type":"bitmap","file":"betterhud:image_image_hp_left_90_2.png","ascent":-8417242,"height":6,"chars":["󎀄"]},{"type":"bitmap","file":"betterhud:image_image_hp_left_90_3.png","ascent":-8417242,"height":6,"chars":["󎀅"]},{"type":"bitmap","file":"betterhud:image_image_hp_left_90_4.png","ascent":-8417242,"height":6,"chars":["󎀆"]},{"type":"bitmap","file":"betterhud:image_image_hp_left_90_5.png","ascent":-8417242,"height":6,"chars":["󎀇"]},{"type":"bitmap","file":"betterhud:image_image_hp_left_90_6.png","ascent":-8417242,"height":6,"chars":["󎀈"]},{"type":"bitmap","file":"betterhud:image_image_hp_left_90_7.png","ascent":-8417242,"height":6,"chars":["󎀉"]},{"type":"bitmap","file":"betterhud:image_image_hp_left_90_8.png","ascent":-8417242,"height":6,"chars":["󎀊"]},{"type":"bitmap","file":"betterhud:image_image_hp_left_90_9.png","ascent":-8417242,"height":6,"chars":["󎀋"]},{"type":"bitmap","file":"betterhud:image_image_hp_left_90_10.png","ascent":-8417242,"height":6,"chars":["󎀌"]},{"type":"bitmap","file":"betterhud:image_image_hp_left_90_11.png","ascent":-8417242,"height":6,"chars":["󎀍"]},{"type":"bitmap","file":"betterhud:image_image_hp_left_90_12.png","ascent":-8417242,"height":6,"chars":["󎀎"]},{"type":"bitmap","file":"betterhud:image_image_hp_left_90_13.png","ascent":-8417242,"height":6,"chars":["󎀏"]},{"type":"bitmap","file":"betterhud:image_image_hp_left_90_14.png","ascent":-8417242,"height":6,"chars":["󎀐"]},{"type":"bitmap","file":"betterhud:image_image_hp_left_90_15.png","ascent":-8417242,"height":6,"chars":["󎀑"]},{"type":"bitmap","file":"betterhud:image_image_hp_left_90_16.png","ascent":-8417242,"height":6,"chars":["󎀒"]},{"type":"bitmap","file":"betterhud:image_image_hp_left_90_17.png","ascent":-8417242,"height":6,"chars":["󎀓"]},{"type":"bitmap","file":"betterhud:image_image_hp_left_90_18.png","ascent":-8417242,"height":6,"chars":["󎀔"]},{"type":"bitmap","file":"betterhud:image_image_hp_left_90_19.png","ascent":-8417242,"height":6,"chars":["󎀕"]},{"type":"bitmap","file":"betterhud:image_image_hp_left_90_20.png","ascent":-8417242,"height":6,"chars":["󎀖"]},{"type":"bitmap","file":"betterhud:image_image_hp_left_90_21.png","ascent":-8417242,"height":6,"chars":["󎀗"]},{"type":"bitmap","file":"betterhud:image_image_hp_left_90_22.png","ascent":-8417242,"height":6,"chars":["󎀘"]},{"type":"bitmap","file":"betterhud:image_image_hp_left_90_23.png","ascent":-8417242,"height":6,"chars":["󎀙"]},{"type":"bitmap","file":"betterhud:image_image_hp_left_90_24.png","ascent":-8417242,"height":6,"chars":["󎀚"]},{"type":"bitmap","file":"betterhud:image_image_hp_left_90_25.png","ascent":-8417242,"height":6,"chars":["󎀛"]},{"type":"bitmap","file":"betterhud:image_image_hp_left_90_26.png","ascent":-8417242,"height":6,"chars":["󎀜"]},{"type":"bitmap","file":"betterhud:image_image_hp_left_90_27.png","ascent":-8417242,"height":6,"chars":["󎀝"]},{"type":"bitmap","file":"betterhud:image_image_hp_left_90_28.png","ascent":-8417242,"height":6,"chars":["󎀞"]},{"type":"bitmap","file":"betterhud:image_image_hp_left_90_29.png","ascent":-8417242,"height":6,"chars":["󎀟"]},{"type":"bitmap","file":"betterhud:image_image_hp_left_90_30.png","ascent":-8417242,"height":6,"chars":["󎀠"]},{"type":"bitmap","file":"betterhud:image_image_hp_left_90_31.png","ascent":-8417242,"height":6,"chars":["󎀡"]},{"type":"bitmap","file":"betterhud:image_image_hp_left_90_32.png","ascent":-8417242,"height":6,"chars":["󎀢"]},{"type":"bitmap","file":"betterhud:image_image_hp_left_90_33.png","ascent":-8417242,"height":6,"chars":["󎀣"]},{"type":"bitmap","file":"betterhud:image_image_hp_left_90_34.png","ascent":-8417242,"height":6,"chars":["󎀤"]},{"type":"bitmap","file":"betterhud:image_image_hp_left_90_35.png","ascent":-8417242,"height":6,"chars":["󎀥"]},{"type":"bitmap","file":"betterhud:image_image_hp_left_90_36.png","ascent":-8417242,"height":6,"chars":["󎀦"]},{"type":"bitmap","file":"betterhud:image_image_hp_left_90_37.png","ascent":-8417242,"height":6,"chars":["󎀧"]},{"type":"bitmap","file":"betterhud:image_image_hp_left_90_38.png","ascent":-8417242,"height":6,"chars":["󎀨"]},{"type":"bitmap","file":"betterhud:image_image_hp_left_90_39.png","ascent":-8417242,"height":6,"chars":["󎀩"]},{"type":"bitmap","file":"betterhud:image_image_hp_left_90_40.png","ascent":-8417242,"height":6,"chars":["󎀪"]},{"type":"bitmap","file":"betterhud:image_image_hp_left_90_41.png","ascent":-8417242,"height":6,"chars":["󎀫"]},{"type":"bitmap","file":"betterhud:image_image_hp_left_90_42.png","ascent":-8417242,"height":6,"chars":["󎀬"]},{"type":"bitmap","file":"betterhud:image_image_hp_left_90_43.png","ascent":-8417242,"height":6,"chars":["󎀭"]},{"type":"bitmap","file":"betterhud:image_image_hp_left_90_44.png","ascent":-8417242,"height":6,"chars":["󎀮"]},{"type":"bitmap","file":"betterhud:image_image_hp_left_90_45.png","ascent":-8417242,"height":6,"chars":["󎀯"]},{"type":"bitmap","file":"betterhud:image_image_hp_left_90_46.png","ascent":-8417242,"height":6,"chars":["󎀰"]},{"type":"bitmap","file":"betterhud:image_image_hp_left_90_47.png","ascent":-8417242,"height":6,"chars":["󎀱"]},{"type":"bitmap","file":"betterhud:image_image_hp_left_90_48.png","ascent":-8417242,"height":6,"chars":["󎀲"]},{"type":"bitmap","file":"betterhud:image_image_hp_left_90_49.png","ascent":-8417242,"height":6,"chars":["󎀳"]},{"type":"bitmap","file":"betterhud:image_image_hp_left_90_50.png","ascent":-8417242,"height":6,"chars":["󎀴"]},{"type":"bitmap","file":"betterhud:image_image_hp_left_90_51.png","ascent":-8417242,"height":6,"chars":["󎀵"]},{"type":"bitmap","file":"betterhud:image_image_hp_left_90_52.png","ascent":-8417242,"height":6,"chars":["󎀶"]},{"type":"bitmap","file":"betterhud:image_image_hp_left_90_53.png","ascent":-8417242,"height":6,"chars":["󎀷"]},{"type":"bitmap","file":"betterhud:image_image_hp_left_90_54.png","ascent":-8417242,"height":6,"chars":["󎀸"]},{"type":"bitmap","file":"betterhud:image_image_hp_left_90_55.png","ascent":-8417242,"height":6,"chars":["󎀹"]},{"type":"bitmap","file":"betterhud:image_image_hp_left_90_56.png","ascent":-8417242,"height":6,"chars":["󎀺"]},{"type":"bitmap","file":"betterhud:image_image_hp_left_90_57.png","ascent":-8417242,"height":6,"chars":["󎀻"]},{"type":"bitmap","file":"betterhud:image_image_hp_left_90_58.png","ascent":-8417242,"height":6,"chars":["󎀼"]},{"type":"bitmap","file":"betterhud:image_image_hp_left_90_59.png","ascent":-8417242,"height":6,"chars":["󎀽"]},{"type":"bitmap","file":"betterhud:image_image_hp_left_90_60.png","ascent":-8417242,"height":6,"chars":["󎀾"]},{"type":"bitmap","file":"betterhud:image_image_hp_left_90_61.png","ascent":-8417242,"height":6,"chars":["󎀿"]},{"type":"bitmap","file":"betterhud:image_image_hp_left_90_62.png","ascent":-8417242,"height":6,"chars":["󎁀"]},{"type":"bitmap","file":"betterhud:image_image_hp_left_90_63.png","ascent":-8417242,"height":6,"chars":["󎁁"]},{"type":"bitmap","file":"betterhud:image_image_hp_left_90_64.png","ascent":-8417242,"height":6,"chars":["󎁂"]},{"type":"bitmap","file":"betterhud:image_image_hp_left_90_65.png","ascent":-8417242,"height":6,"chars":["󎁃"]},{"type":"bitmap","file":"betterhud:image_image_hp_left_90_66.png","ascent":-8417242,"height":6,"chars":["󎁄"]},{"type":"bitmap","file":"betterhud:image_image_hp_left_90_67.png","ascent":-8417242,"height":6,"chars":["󎁅"]},{"type":"bitmap","file":"betterhud:image_image_hp_left_90_68.png","ascent":-8417242,"height":6,"chars":["󎁆"]},{"type":"bitmap","file":"betterhud:image_image_hp_left_90_69.png","ascent":-8417242,"height":6,"chars":["󎁇"]},{"type":"bitmap","file":"betterhud:image_image_hp_left_90_70.png","ascent":-8417242,"height":6,"chars":["󎁈"]},{"type":"bitmap","file":"betterhud:image_image_hp_left_90_71.png","ascent":-8417242,"height":6,"chars":["󎁉"]},{"type":"bitmap","file":"betterhud:image_image_hp_left_90_72.png","ascent":-8417242,"height":6,"chars":["󎁊"]},{"type":"bitmap","file":"betterhud:image_image_hp_left_90_73.png","ascent":-8417242,"height":6,"chars":["󎁋"]},{"type":"bitmap","file":"betterhud:image_image_hp_left_90_74.png","ascent":-8417242,"height":6,"chars":["󎁌"]},{"type":"bitmap","file":"betterhud:image_image_hp_left_90_75.png","ascent":-8417242,"height":6,"chars":["󎁍"]},{"type":"bitmap","file":"betterhud:image_image_hp_left_90_76.png","ascent":-8417242,"height":6,"chars":["󎁎"]},{"type":"bitmap","file":"betterhud:image_image_hp_left_90_77.png","ascent":-8417242,"height":6,"chars":["󎁏"]},{"type":"bitmap","file":"betterhud:image_image_hp_left_90_78.png","ascent":-8417242,"height":6,"chars":["󎁐"]},{"type":"bitmap","file":"betterhud:image_image_hp_left_90_79.png","ascent":-8417242,"height":6,"chars":["󎁑"]},{"type":"bitmap","file":"betterhud:image_image_hp_left_90_80.png","ascent":-8417242,"height":6,"chars":["󎁒"]},{"type":"bitmap","file":"betterhud:image_image_hp_left_90_81.png","ascent":-8417242,"height":6,"chars":["󎁓"]},{"type":"bitmap","file":"betterhud:image_image_hp_left_90_82.png","ascent":-8417242,"height":6,"chars":["󎁔"]},{"type":"bitmap","file":"betterhud:image_image_hp_left_90_83.png","ascent":-8417242,"height":6,"chars":["󎁕"]},{"type":"bitmap","file":"betterhud:image_image_hp_left_90_84.png","ascent":-8417242,"height":6,"chars":["󎁖"]},{"type":"bitmap","file":"betterhud:image_image_hp_left_90_85.png","ascent":-8417242,"height":6,"chars":["󎁗"]},{"type":"bitmap","file":"betterhud:image_image_hp_left_90_86.png","ascent":-8417242,"height":6,"chars":["󎁘"]},{"type":"bitmap","file":"betterhud:image_image_hp_left_90_87.png","ascent":-8417242,"height":6,"chars":["󎁙"]},{"type":"bitmap","file":"betterhud:image_image_hp_left_90_88.png","ascent":-8417242,"height":6,"chars":["󎁚"]},{"type":"bitmap","file":"betterhud:image_image_hp_left_90_89.png","ascent":-8417242,"height":6,"chars":["󎁛"]},{"type":"bitmap","file":"betterhud:image_image_hp_left_90_90.png","ascent":-8417242,"height":6,"chars":["󎁜"]},{"type":"bitmap","file":"betterhud:image_image_absorb_left_90_1.png","ascent":-8417242,"height":6,"chars":["󎁝"]},{"type":"bitmap","file":"betterhud:image_image_absorb_left_90_2.png","ascent":-8417242,"height":6,"chars":["󎁞"]},{"type":"bitmap","file":"betterhud:image_image_absorb_left_90_3.png","ascent":-8417242,"height":6,"chars":["󎁟"]},{"type":"bitmap","file":"betterhud:image_image_absorb_left_90_4.png","ascent":-8417242,"height":6,"chars":["󎁠"]},{"type":"bitmap","file":"betterhud:image_image_absorb_left_90_5.png","ascent":-8417242,"height":6,"chars":["󎁡"]},{"type":"bitmap","file":"betterhud:image_image_absorb_left_90_6.png","ascent":-8417242,"height":6,"chars":["󎁢"]},{"type":"bitmap","file":"betterhud:image_image_absorb_left_90_7.png","ascent":-8417242,"height":6,"chars":["󎁣"]},{"type":"bitmap","file":"betterhud:image_image_absorb_left_90_8.png","ascent":-8417242,"height":6,"chars":["󎁤"]},{"type":"bitmap","file":"betterhud:image_image_absorb_left_90_9.png","ascent":-8417242,"height":6,"chars":["󎁥"]},{"type":"bitmap","file":"betterhud:image_image_absorb_left_90_10.png","ascent":-8417242,"height":6,"chars":["󎁦"]},{"type":"bitmap","file":"betterhud:image_image_absorb_left_90_11.png","ascent":-8417242,"height":6,"chars":["󎁧"]},{"type":"bitmap","file":"betterhud:image_image_absorb_left_90_12.png","ascent":-8417242,"height":6,"chars":["󎁨"]},{"type":"bitmap","file":"betterhud:image_image_absorb_left_90_13.png","ascent":-8417242,"height":6,"chars":["󎁩"]},{"type":"bitmap","file":"betterhud:image_image_absorb_left_90_14.png","ascent":-8417242,"height":6,"chars":["󎁪"]},{"type":"bitmap","file":"betterhud:image_image_absorb_left_90_15.png","ascent":-8417242,"height":6,"chars":["󎁫"]},{"type":"bitmap","file":"betterhud:image_image_absorb_left_90_16.png","ascent":-8417242,"height":6,"chars":["󎁬"]},{"type":"bitmap","file":"betterhud:image_image_absorb_left_90_17.png","ascent":-8417242,"height":6,"chars":["󎁭"]},{"type":"bitmap","file":"betterhud:image_image_absorb_left_90_18.png","ascent":-8417242,"height":6,"chars":["󎁮"]},{"type":"bitmap","file":"betterhud:image_image_absorb_left_90_19.png","ascent":-8417242,"height":6,"chars":["󎁯"]},{"type":"bitmap","file":"betterhud:image_image_absorb_left_90_20.png","ascent":-8417242,"height":6,"chars":["󎁰"]},{"type":"bitmap","file":"betterhud:image_image_absorb_left_90_21.png","ascent":-8417242,"height":6,"chars":["󎁱"]},{"type":"bitmap","file":"betterhud:image_image_absorb_left_90_22.png","ascent":-8417242,"height":6,"chars":["󎁲"]},{"type":"bitmap","file":"betterhud:image_image_absorb_left_90_23.png","ascent":-8417242,"height":6,"chars":["󎁳"]},{"type":"bitmap","file":"betterhud:image_image_absorb_left_90_24.png","ascent":-8417242,"height":6,"chars":["󎁴"]},{"type":"bitmap","file":"betterhud:image_image_absorb_left_90_25.png","ascent":-8417242,"height":6,"chars":["󎁵"]},{"type":"bitmap","file":"betterhud:image_image_absorb_left_90_26.png","ascent":-8417242,"height":6,"chars":["󎁶"]},{"type":"bitmap","file":"betterhud:image_image_absorb_left_90_27.png","ascent":-8417242,"height":6,"chars":["󎁷"]},{"type":"bitmap","file":"betterhud:image_image_absorb_left_90_28.png","ascent":-8417242,"height":6,"chars":["󎁸"]},{"type":"bitmap","file":"betterhud:image_image_absorb_left_90_29.png","ascent":-8417242,"height":6,"chars":["󎁹"]},{"type":"bitmap","file":"betterhud:image_image_absorb_left_90_30.png","ascent":-8417242,"height":6,"chars":["󎁺"]},{"type":"bitmap","file":"betterhud:image_image_absorb_left_90_31.png","ascent":-8417242,"height":6,"chars":["󎁻"]},{"type":"bitmap","file":"betterhud:image_image_absorb_left_90_32.png","ascent":-8417242,"height":6,"chars":["󎁼"]},{"type":"bitmap","file":"betterhud:image_image_absorb_left_90_33.png","ascent":-8417242,"height":6,"chars":["󎁽"]},{"type":"bitmap","file":"betterhud:image_image_absorb_left_90_34.png","ascent":-8417242,"height":6,"chars":["󎁾"]},{"type":"bitmap","file":"betterhud:image_image_absorb_left_90_35.png","ascent":-8417242,"height":6,"chars":["󎁿"]},{"type":"bitmap","file":"betterhud:image_image_absorb_left_90_36.png","ascent":-8417242,"height":6,"chars":["󎂀"]},{"type":"bitmap","file":"betterhud:image_image_absorb_left_90_37.png","ascent":-8417242,"height":6,"chars":["󎂁"]},{"type":"bitmap","file":"betterhud:image_image_absorb_left_90_38.png","ascent":-8417242,"height":6,"chars":["󎂂"]},{"type":"bitmap","file":"betterhud:image_image_absorb_left_90_39.png","ascent":-8417242,"height":6,"chars":["󎂃"]},{"type":"bitmap","file":"betterhud:image_image_absorb_left_90_40.png","ascent":-8417242,"height":6,"chars":["󎂄"]},{"type":"bitmap","file":"betterhud:image_image_absorb_left_90_41.png","ascent":-8417242,"height":6,"chars":["󎂅"]},{"type":"bitmap","file":"betterhud:image_image_absorb_left_90_42.png","ascent":-8417242,"height":6,"chars":["󎂆"]},{"type":"bitmap","file":"betterhud:image_image_absorb_left_90_43.png","ascent":-8417242,"height":6,"chars":["󎂇"]},{"type":"bitmap","file":"betterhud:image_image_absorb_left_90_44.png","ascent":-8417242,"height":6,"chars":["󎂈"]},{"type":"bitmap","file":"betterhud:image_image_absorb_left_90_45.png","ascent":-8417242,"height":6,"chars":["󎂉"]},{"type":"bitmap","file":"betterhud:image_image_absorb_left_90_46.png","ascent":-8417242,"height":6,"chars":["󎂊"]},{"type":"bitmap","file":"betterhud:image_image_absorb_left_90_47.png","ascent":-8417242,"height":6,"chars":["󎂋"]},{"type":"bitmap","file":"betterhud:image_image_absorb_left_90_48.png","ascent":-8417242,"height":6,"chars":["󎂌"]},{"type":"bitmap","file":"betterhud:image_image_absorb_left_90_49.png","ascent":-8417242,"height":6,"chars":["󎂍"]},{"type":"bitmap","file":"betterhud:image_image_absorb_left_90_50.png","ascent":-8417242,"height":6,"chars":["󎂎"]},{"type":"bitmap","file":"betterhud:image_image_absorb_left_90_51.png","ascent":-8417242,"height":6,"chars":["󎂏"]},{"type":"bitmap","file":"betterhud:image_image_absorb_left_90_52.png","ascent":-8417242,"height":6,"chars":["󎂐"]},{"type":"bitmap","file":"betterhud:image_image_absorb_left_90_53.png","ascent":-8417242,"height":6,"chars":["󎂑"]},{"type":"bitmap","file":"betterhud:image_image_absorb_left_90_54.png","ascent":-8417242,"height":6,"chars":["󎂒"]},{"type":"bitmap","file":"betterhud:image_image_absorb_left_90_55.png","ascent":-8417242,"height":6,"chars":["󎂓"]},{"type":"bitmap","file":"betterhud:image_image_absorb_left_90_56.png","ascent":-8417242,"height":6,"chars":["󎂔"]},{"type":"bitmap","file":"betterhud:image_image_absorb_left_90_57.png","ascent":-8417242,"height":6,"chars":["󎂕"]},{"type":"bitmap","file":"betterhud:image_image_absorb_left_90_58.png","ascent":-8417242,"height":6,"chars":["󎂖"]},{"type":"bitmap","file":"betterhud:image_image_absorb_left_90_59.png","ascent":-8417242,"height":6,"chars":["󎂗"]},{"type":"bitmap","file":"betterhud:image_image_absorb_left_90_60.png","ascent":-8417242,"height":6,"chars":["󎂘"]},{"type":"bitmap","file":"betterhud:image_image_absorb_left_90_61.png","ascent":-8417242,"height":6,"chars":["󎂙"]},{"type":"bitmap","file":"betterhud:image_image_absorb_left_90_62.png","ascent":-8417242,"height":6,"chars":["󎂚"]},{"type":"bitmap","file":"betterhud:image_image_absorb_left_90_63.png","ascent":-8417242,"height":6,"chars":["󎂛"]},{"type":"bitmap","file":"betterhud:image_image_absorb_left_90_64.png","ascent":-8417242,"height":6,"chars":["󎂜"]},{"type":"bitmap","file":"betterhud:image_image_absorb_left_90_65.png","ascent":-8417242,"height":6,"chars":["󎂝"]},{"type":"bitmap","file":"betterhud:image_image_absorb_left_90_66.png","ascent":-8417242,"height":6,"chars":["󎂞"]},{"type":"bitmap","file":"betterhud:image_image_absorb_left_90_67.png","ascent":-8417242,"height":6,"chars":["󎂟"]},{"type":"bitmap","file":"betterhud:image_image_absorb_left_90_68.png","ascent":-8417242,"height":6,"chars":["󎂠"]},{"type":"bitmap","file":"betterhud:image_image_absorb_left_90_69.png","ascent":-8417242,"height":6,"chars":["󎂡"]},{"type":"bitmap","file":"betterhud:image_image_absorb_left_90_70.png","ascent":-8417242,"height":6,"chars":["󎂢"]},{"type":"bitmap","file":"betterhud:image_image_absorb_left_90_71.png","ascent":-8417242,"height":6,"chars":["󎂣"]},{"type":"bitmap","file":"betterhud:image_image_absorb_left_90_72.png","ascent":-8417242,"height":6,"chars":["󎂤"]},{"type":"bitmap","file":"betterhud:image_image_absorb_left_90_73.png","ascent":-8417242,"height":6,"chars":["󎂥"]},{"type":"bitmap","file":"betterhud:image_image_absorb_left_90_74.png","ascent":-8417242,"height":6,"chars":["󎂦"]},{"type":"bitmap","file":"betterhud:image_image_absorb_left_90_75.png","ascent":-8417242,"height":6,"chars":["󎂧"]},{"type":"bitmap","file":"betterhud:image_image_absorb_left_90_76.png","ascent":-8417242,"height":6,"chars":["󎂨"]},{"type":"bitmap","file":"betterhud:image_image_absorb_left_90_77.png","ascent":-8417242,"height":6,"chars":["󎂩"]},{"type":"bitmap","file":"betterhud:image_image_absorb_left_90_78.png","ascent":-8417242,"height":6,"chars":["󎂪"]},{"type":"bitmap","file":"betterhud:image_image_absorb_left_90_79.png","ascent":-8417242,"height":6,"chars":["󎂫"]},{"type":"bitmap","file":"betterhud:image_image_absorb_left_90_80.png","ascent":-8417242,"height":6,"chars":["󎂬"]},{"type":"bitmap","file":"betterhud:image_image_absorb_left_90_81.png","ascent":-8417242,"height":6,"chars":["󎂭"]},{"type":"bitmap","file":"betterhud:image_image_absorb_left_90_82.png","ascent":-8417242,"height":6,"chars":["󎂮"]},{"type":"bitmap","file":"betterhud:image_image_absorb_left_90_83.png","ascent":-8417242,"height":6,"chars":["󎂯"]},{"type":"bitmap","file":"betterhud:image_image_absorb_left_90_84.png","ascent":-8417242,"height":6,"chars":["󎂰"]},{"type":"bitmap","file":"betterhud:image_image_absorb_left_90_85.png","ascent":-8417242,"height":6,"chars":["󎂱"]},{"type":"bitmap","file":"betterhud:image_image_absorb_left_90_86.png","ascent":-8417242,"height":6,"chars":["󎂲"]},{"type":"bitmap","file":"betterhud:image_image_absorb_left_90_87.png","ascent":-8417242,"height":6,"chars":["󎂳"]},{"type":"bitmap","file":"betterhud:image_image_absorb_left_90_88.png","ascent":-8417242,"height":6,"chars":["󎂴"]},{"type":"bitmap","file":"betterhud:image_image_absorb_left_90_89.png","ascent":-8417242,"height":6,"chars":["󎂵"]},{"type":"bitmap","file":"betterhud:image_image_absorb_left_90_90.png","ascent":-8417242,"height":6,"chars":["󎂶"]},{"type":"bitmap","file":"betterhud:image_image_mana_right_90_1.png","ascent":-8417242,"height":6,"chars":["󎂷"]},{"type":"bitmap","file":"betterhud:image_image_mana_right_90_2.png","ascent":-8417242,"height":6,"chars":["󎂸"]},{"type":"bitmap","file":"betterhud:image_image_mana_right_90_3.png","ascent":-8417242,"height":6,"chars":["󎂹"]},{"type":"bitmap","file":"betterhud:image_image_mana_right_90_4.png","ascent":-8417242,"height":6,"chars":["󎂺"]},{"type":"bitmap","file":"betterhud:image_image_mana_right_90_5.png","ascent":-8417242,"height":6,"chars":["󎂻"]},{"type":"bitmap","file":"betterhud:image_image_mana_right_90_6.png","ascent":-8417242,"height":6,"chars":["󎂼"]},{"type":"bitmap","file":"betterhud:image_image_mana_right_90_7.png","ascent":-8417242,"height":6,"chars":["󎂽"]},{"type":"bitmap","file":"betterhud:image_image_mana_right_90_8.png","ascent":-8417242,"height":6,"chars":["󎂾"]},{"type":"bitmap","file":"betterhud:image_image_mana_right_90_9.png","ascent":-8417242,"height":6,"chars":["󎂿"]},{"type":"bitmap","file":"betterhud:image_image_mana_right_90_10.png","ascent":-8417242,"height":6,"chars":["󎃀"]},{"type":"bitmap","file":"betterhud:image_image_mana_right_90_11.png","ascent":-8417242,"height":6,"chars":["󎃁"]},{"type":"bitmap","file":"betterhud:image_image_mana_right_90_12.png","ascent":-8417242,"height":6,"chars":["󎃂"]},{"type":"bitmap","file":"betterhud:image_image_mana_right_90_13.png","ascent":-8417242,"height":6,"chars":["󎃃"]},{"type":"bitmap","file":"betterhud:image_image_mana_right_90_14.png","ascent":-8417242,"height":6,"chars":["󎃄"]},{"type":"bitmap","file":"betterhud:image_image_mana_right_90_15.png","ascent":-8417242,"height":6,"chars":["󎃅"]},{"type":"bitmap","file":"betterhud:image_image_mana_right_90_16.png","ascent":-8417242,"height":6,"chars":["󎃆"]},{"type":"bitmap","file":"betterhud:image_image_mana_right_90_17.png","ascent":-8417242,"height":6,"chars":["󎃇"]},{"type":"bitmap","file":"betterhud:image_image_mana_right_90_18.png","ascent":-8417242,"height":6,"chars":["󎃈"]},{"type":"bitmap","file":"betterhud:image_image_mana_right_90_19.png","ascent":-8417242,"height":6,"chars":["󎃉"]},{"type":"bitmap","file":"betterhud:image_image_mana_right_90_20.png","ascent":-8417242,"height":6,"chars":["󎃊"]},{"type":"bitmap","file":"betterhud:image_image_mana_right_90_21.png","ascent":-8417242,"height":6,"chars":["󎃋"]},{"type":"bitmap","file":"betterhud:image_image_mana_right_90_22.png","ascent":-8417242,"height":6,"chars":["󎃌"]},{"type":"bitmap","file":"betterhud:image_image_mana_right_90_23.png","ascent":-8417242,"height":6,"chars":["󎃍"]},{"type":"bitmap","file":"betterhud:image_image_mana_right_90_24.png","ascent":-8417242,"height":6,"chars":["󎃎"]},{"type":"bitmap","file":"betterhud:image_image_mana_right_90_25.png","ascent":-8417242,"height":6,"chars":["󎃏"]},{"type":"bitmap","file":"betterhud:image_image_mana_right_90_26.png","ascent":-8417242,"height":6,"chars":["󎃐"]},{"type":"bitmap","file":"betterhud:image_image_mana_right_90_27.png","ascent":-8417242,"height":6,"chars":["󎃑"]},{"type":"bitmap","file":"betterhud:image_image_mana_right_90_28.png","ascent":-8417242,"height":6,"chars":["󎃒"]},{"type":"bitmap","file":"betterhud:image_image_mana_right_90_29.png","ascent":-8417242,"height":6,"chars":["󎃓"]},{"type":"bitmap","file":"betterhud:image_image_mana_right_90_30.png","ascent":-8417242,"height":6,"chars":["󎃔"]},{"type":"bitmap","file":"betterhud:image_image_mana_right_90_31.png","ascent":-8417242,"height":6,"chars":["󎃕"]},{"type":"bitmap","file":"betterhud:image_image_mana_right_90_32.png","ascent":-8417242,"height":6,"chars":["󎃖"]},{"type":"bitmap","file":"betterhud:image_image_mana_right_90_33.png","ascent":-8417242,"height":6,"chars":["󎃗"]},{"type":"bitmap","file":"betterhud:image_image_mana_right_90_34.png","ascent":-8417242,"height":6,"chars":["󎃘"]},{"type":"bitmap","file":"betterhud:image_image_mana_right_90_35.png","ascent":-8417242,"height":6,"chars":["󎃙"]},{"type":"bitmap","file":"betterhud:image_image_mana_right_90_36.png","ascent":-8417242,"height":6,"chars":["󎃚"]},{"type":"bitmap","file":"betterhud:image_image_mana_right_90_37.png","ascent":-8417242,"height":6,"chars":["󎃛"]},{"type":"bitmap","file":"betterhud:image_image_mana_right_90_38.png","ascent":-8417242,"height":6,"chars":["󎃜"]},{"type":"bitmap","file":"betterhud:image_image_mana_right_90_39.png","ascent":-8417242,"height":6,"chars":["󎃝"]},{"type":"bitmap","file":"betterhud:image_image_mana_right_90_40.png","ascent":-8417242,"height":6,"chars":["󎃞"]},{"type":"bitmap","file":"betterhud:image_image_mana_right_90_41.png","ascent":-8417242,"height":6,"chars":["󎃟"]},{"type":"bitmap","file":"betterhud:image_image_mana_right_90_42.png","ascent":-8417242,"height":6,"chars":["󎃠"]},{"type":"bitmap","file":"betterhud:image_image_mana_right_90_43.png","ascent":-8417242,"height":6,"chars":["󎃡"]},{"type":"bitmap","file":"betterhud:image_image_mana_right_90_44.png","ascent":-8417242,"height":6,"chars":["󎃢"]},{"type":"bitmap","file":"betterhud:image_image_mana_right_90_45.png","ascent":-8417242,"height":6,"chars":["󎃣"]},{"type":"bitmap","file":"betterhud:image_image_mana_right_90_46.png","ascent":-8417242,"height":6,"chars":["󎃤"]},{"type":"bitmap","file":"betterhud:image_image_mana_right_90_47.png","ascent":-8417242,"height":6,"chars":["󎃥"]},{"type":"bitmap","file":"betterhud:image_image_mana_right_90_48.png","ascent":-8417242,"height":6,"chars":["󎃦"]},{"type":"bitmap","file":"betterhud:image_image_mana_right_90_49.png","ascent":-8417242,"height":6,"chars":["󎃧"]},{"type":"bitmap","file":"betterhud:image_image_mana_right_90_50.png","ascent":-8417242,"height":6,"chars":["󎃨"]},{"type":"bitmap","file":"betterhud:image_image_mana_right_90_51.png","ascent":-8417242,"height":6,"chars":["󎃩"]},{"type":"bitmap","file":"betterhud:image_image_mana_right_90_52.png","ascent":-8417242,"height":6,"chars":["󎃪"]},{"type":"bitmap","file":"betterhud:image_image_mana_right_90_53.png","ascent":-8417242,"height":6,"chars":["󎃫"]},{"type":"bitmap","file":"betterhud:image_image_mana_right_90_54.png","ascent":-8417242,"height":6,"chars":["󎃬"]},{"type":"bitmap","file":"betterhud:image_image_mana_right_90_55.png","ascent":-8417242,"height":6,"chars":["󎃭"]},{"type":"bitmap","file":"betterhud:image_image_mana_right_90_56.png","ascent":-8417242,"height":6,"chars":["󎃮"]},{"type":"bitmap","file":"betterhud:image_image_mana_right_90_57.png","ascent":-8417242,"height":6,"chars":["󎃯"]},{"type":"bitmap","file":"betterhud:image_image_mana_right_90_58.png","ascent":-8417242,"height":6,"chars":["󎃰"]},{"type":"bitmap","file":"betterhud:image_image_mana_right_90_59.png","ascent":-8417242,"height":6,"chars":["󎃱"]},{"type":"bitmap","file":"betterhud:image_image_mana_right_90_60.png","ascent":-8417242,"height":6,"chars":["󎃲"]},{"type":"bitmap","file":"betterhud:image_image_mana_right_90_61.png","ascent":-8417242,"height":6,"chars":["󎃳"]},{"type":"bitmap","file":"betterhud:image_image_mana_right_90_62.png","ascent":-8417242,"height":6,"chars":["󎃴"]},{"type":"bitmap","file":"betterhud:image_image_mana_right_90_63.png","ascent":-8417242,"height":6,"chars":["󎃵"]},{"type":"bitmap","file":"betterhud:image_image_mana_right_90_64.png","ascent":-8417242,"height":6,"chars":["󎃶"]},{"type":"bitmap","file":"betterhud:image_image_mana_right_90_65.png","ascent":-8417242,"height":6,"chars":["󎃷"]},{"type":"bitmap","file":"betterhud:image_image_mana_right_90_66.png","ascent":-8417242,"height":6,"chars":["󎃸"]},{"type":"bitmap","file":"betterhud:image_image_mana_right_90_67.png","ascent":-8417242,"height":6,"chars":["󎃹"]},{"type":"bitmap","file":"betterhud:image_image_mana_right_90_68.png","ascent":-8417242,"height":6,"chars":["󎃺"]},{"type":"bitmap","file":"betterhud:image_image_mana_right_90_69.png","ascent":-8417242,"height":6,"chars":["󎃻"]},{"type":"bitmap","file":"betterhud:image_image_mana_right_90_70.png","ascent":-8417242,"height":6,"chars":["󎃼"]},{"type":"bitmap","file":"betterhud:image_image_mana_right_90_71.png","ascent":-8417242,"height":6,"chars":["󎃽"]},{"type":"bitmap","file":"betterhud:image_image_mana_right_90_72.png","ascent":-8417242,"height":6,"chars":["󎃾"]},{"type":"bitmap","file":"betterhud:image_image_mana_right_90_73.png","ascent":-8417242,"height":6,"chars":["󎃿"]},{"type":"bitmap","file":"betterhud:image_image_mana_right_90_74.png","ascent":-8417242,"height":6,"chars":["󎄀"]},{"type":"bitmap","file":"betterhud:image_image_mana_right_90_75.png","ascent":-8417242,"height":6,"chars":["󎄁"]},{"type":"bitmap","file":"betterhud:image_image_mana_right_90_76.png","ascent":-8417242,"height":6,"chars":["󎄂"]},{"type":"bitmap","file":"betterhud:image_image_mana_right_90_77.png","ascent":-8417242,"height":6,"chars":["󎄃"]},{"type":"bitmap","file":"betterhud:image_image_mana_right_90_78.png","ascent":-8417242,"height":6,"chars":["󎄄"]},{"type":"bitmap","file":"betterhud:image_image_mana_right_90_79.png","ascent":-8417242,"height":6,"chars":["󎄅"]},{"type":"bitmap","file":"betterhud:image_image_mana_right_90_80.png","ascent":-8417242,"height":6,"chars":["󎄆"]},{"type":"bitmap","file":"betterhud:image_image_mana_right_90_81.png","ascent":-8417242,"height":6,"chars":["󎄇"]},{"type":"bitmap","file":"betterhud:image_image_mana_right_90_82.png","ascent":-8417242,"height":6,"chars":["󎄈"]},{"type":"bitmap","file":"betterhud:image_image_mana_right_90_83.png","ascent":-8417242,"height":6,"chars":["󎄉"]},{"type":"bitmap","file":"betterhud:image_image_mana_right_90_84.png","ascent":-8417242,"height":6,"chars":["󎄊"]},{"type":"bitmap","file":"betterhud:image_image_mana_right_90_85.png","ascent":-8417242,"height":6,"chars":["󎄋"]},{"type":"bitmap","file":"betterhud:image_image_mana_right_90_86.png","ascent":-8417242,"height":6,"chars":["󎄌"]},{"type":"bitmap","file":"betterhud:image_image_mana_right_90_87.png","ascent":-8417242,"height":6,"chars":["󎄍"]},{"type":"bitmap","file":"betterhud:image_image_mana_right_90_88.png","ascent":-8417242,"height":6,"chars":["󎄎"]},{"type":"bitmap","file":"betterhud:image_image_mana_right_90_89.png","ascent":-8417242,"height":6,"chars":["󎄏"]},{"type":"bitmap","file":"betterhud:image_image_mana_right_90_90.png","ascent":-8417242,"height":6,"chars":["󎄐"]}]}