{"providers":[{"type":"space","advances":{"󎀁":-1}},{"type":"bitmap","file":"betterhud:image_chaser_blade.png","ascent":-8417244,"height":32,"chars":["󎀂"]},{"type":"bitmap","file":"betterhud:image_image_chaser_ember_right_40_1.png","ascent":-8417244,"height":32,"chars":["󎀃"]},{"type":"bitmap","file":"betterhud:image_image_chaser_ember_right_40_2.png","ascent":-8417244,"height":32,"chars":["󎀄"]},{"type":"bitmap","file":"betterhud:image_image_chaser_ember_right_40_3.png","ascent":-8417244,"height":32,"chars":["󎀅"]},{"type":"bitmap","file":"betterhud:image_image_chaser_ember_right_40_4.png","ascent":-8417244,"height":32,"chars":["󎀆"]},{"type":"bitmap","file":"betterhud:image_image_chaser_ember_right_40_5.png","ascent":-8417244,"height":32,"chars":["󎀇"]},{"type":"bitmap","file":"betterhud:image_image_chaser_ember_right_40_6.png","ascent":-8417244,"height":32,"chars":["󎀈"]},{"type":"bitmap","file":"betterhud:image_image_chaser_ember_right_40_7.png","ascent":-8417244,"height":32,"chars":["󎀉"]},{"type":"bitmap","file":"betterhud:image_image_chaser_ember_right_40_8.png","ascent":-8417244,"height":32,"chars":["󎀊"]},{"type":"bitmap","file":"betterhud:image_image_chaser_ember_right_40_9.png","ascent":-8417244,"height":32,"chars":["󎀋"]},{"type":"bitmap","file":"betterhud:image_image_chaser_ember_right_40_10.png","ascent":-8417244,"height":32,"chars":["󎀌"]},{"type":"bitmap","file":"betterhud:image_image_chaser_ember_right_40_11.png","ascent":-8417244,"height":32,"chars":["󎀍"]},{"type":"bitmap","file":"betterhud:image_image_chaser_ember_right_40_12.png","ascent":-8417244,"height":32,"chars":["󎀎"]},{"type":"bitmap","file":"betterhud:image_image_chaser_ember_right_40_13.png","ascent":-8417244,"height":32,"chars":["󎀏"]},{"type":"bitmap","file":"betterhud:image_image_chaser_ember_right_40_14.png","ascent":-8417244,"height":32,"chars":["󎀐"]},{"type":"bitmap","file":"betterhud:image_image_chaser_ember_right_40_15.png","ascent":-8417244,"height":32,"chars":["󎀑"]},{"type":"bitmap","file":"betterhud:image_image_chaser_ember_right_40_16.png","ascent":-8417244,"height":32,"chars":["󎀒"]},{"type":"bitmap","file":"betterhud:image_image_chaser_ember_right_40_17.png","ascent":-8417244,"height":32,"chars":["󎀓"]},{"type":"bitmap","file":"betterhud:image_image_chaser_ember_right_40_18.png","ascent":-8417244,"height":32,"chars":["󎀔"]},{"type":"bitmap","file":"betterhud:image_image_chaser_ember_right_40_19.png","ascent":-8417244,"height":32,"chars":["󎀕"]},{"type":"bitmap","file":"betterhud:image_image_chaser_ember_right_40_20.png","ascent":-8417244,"height":32,"chars":["󎀖"]},{"type":"bitmap","file":"betterhud:image_image_chaser_ember_right_40_21.png","ascent":-8417244,"height":32,"chars":["󎀗"]},{"type":"bitmap","file":"betterhud:image_image_chaser_ember_right_40_22.png","ascent":-8417244,"height":32,"chars":["󎀘"]},{"type":"bitmap","file":"betterhud:image_image_chaser_ember_right_40_23.png","ascent":-8417244,"height":32,"chars":["󎀙"]},{"type":"bitmap","file":"betterhud:image_image_chaser_ember_right_40_24.png","ascent":-8417244,"height":32,"chars":["󎀚"]},{"type":"bitmap","file":"betterhud:image_image_chaser_ember_right_40_25.png","ascent":-8417244,"height":32,"chars":["󎀛"]},{"type":"bitmap","file":"betterhud:image_image_chaser_ember_right_40_26.png","ascent":-8417244,"height":32,"chars":["󎀜"]},{"type":"bitmap","file":"betterhud:image_image_chaser_ember_right_40_27.png","ascent":-8417244,"height":32,"chars":["󎀝"]},{"type":"bitmap","file":"betterhud:image_image_chaser_ember_right_40_28.png","ascent":-8417244,"height":32,"chars":["󎀞"]},{"type":"bitmap","file":"betterhud:image_image_chaser_ember_right_40_29.png","ascent":-8417244,"height":32,"chars":["󎀟"]},{"type":"bitmap","file":"betterhud:image_image_chaser_ember_right_40_30.png","ascent":-8417244,"height":32,"chars":["󎀠"]},{"type":"bitmap","file":"betterhud:image_image_chaser_ember_right_40_31.png","ascent":-8417244,"height":32,"chars":["󎀡"]},{"type":"bitmap","file":"betterhud:image_image_chaser_ember_right_40_32.png","ascent":-8417244,"height":32,"chars":["󎀢"]},{"type":"bitmap","file":"betterhud:image_image_chaser_ember_right_40_33.png","ascent":-8417244,"height":32,"chars":["󎀣"]},{"type":"bitmap","file":"betterhud:image_image_chaser_ember_right_40_34.png","ascent":-8417244,"height":32,"chars":["󎀤"]},{"type":"bitmap","file":"betterhud:image_image_chaser_ember_right_40_35.png","ascent":-8417244,"height":32,"chars":["󎀥"]},{"type":"bitmap","file":"betterhud:image_image_chaser_ember_right_40_36.png","ascent":-8417244,"height":32,"chars":["󎀦"]},{"type":"bitmap","file":"betterhud:image_image_chaser_ember_right_40_37.png","ascent":-8417244,"height":32,"chars":["󎀧"]},{"type":"bitmap","file":"betterhud:image_image_chaser_ember_right_40_38.png","ascent":-8417244,"height":32,"chars":["󎀨"]},{"type":"bitmap","file":"betterhud:image_image_chaser_ember_right_40_39.png","ascent":-8417244,"height":32,"chars":["󎀩"]},{"type":"bitmap","file":"betterhud:image_image_chaser_ember_right_40_40.png","ascent":-8417244,"height":32,"chars":["󎀪"]},{"type":"bitmap","file":"betterhud:image_image_chaser_flame_right_80_1.png","ascent":-8417244,"height":32,"chars":["󎀫"]},{"type":"bitmap","file":"betterhud:image_image_chaser_flame_right_80_2.png","ascent":-8417244,"height":32,"chars":["󎀬"]},{"type":"bitmap","file":"betterhud:image_image_chaser_flame_right_80_3.png","ascent":-8417244,"height":32,"chars":["󎀭"]},{"type":"bitmap","file":"betterhud:image_image_chaser_flame_right_80_4.png","ascent":-8417244,"height":32,"chars":["󎀮"]},{"type":"bitmap","file":"betterhud:image_image_chaser_flame_right_80_5.png","ascent":-8417244,"height":32,"chars":["󎀯"]},{"type":"bitmap","file":"betterhud:image_image_chaser_flame_right_80_6.png","ascent":-8417244,"height":32,"chars":["󎀰"]},{"type":"bitmap","file":"betterhud:image_image_chaser_flame_right_80_7.png","ascent":-8417244,"height":32,"chars":["󎀱"]},{"type":"bitmap","file":"betterhud:image_image_chaser_flame_right_80_8.png","ascent":-8417244,"height":32,"chars":["󎀲"]},{"type":"bitmap","file":"betterhud:image_image_chaser_flame_right_80_9.png","ascent":-8417244,"height":32,"chars":["󎀳"]},{"type":"bitmap","file":"betterhud:image_image_chaser_flame_right_80_10.png","ascent":-8417244,"height":32,"chars":["󎀴"]},{"type":"bitmap","file":"betterhud:image_image_chaser_flame_right_80_11.png","ascent":-8417244,"height":32,"chars":["󎀵"]},{"type":"bitmap","file":"betterhud:image_image_chaser_flame_right_80_12.png","ascent":-8417244,"height":32,"chars":["󎀶"]},{"type":"bitmap","file":"betterhud:image_image_chaser_flame_right_80_13.png","ascent":-8417244,"height":32,"chars":["󎀷"]},{"type":"bitmap","file":"betterhud:image_image_chaser_flame_right_80_14.png","ascent":-8417244,"height":32,"chars":["󎀸"]},{"type":"bitmap","file":"betterhud:image_image_chaser_flame_right_80_15.png","ascent":-8417244,"height":32,"chars":["󎀹"]},{"type":"bitmap","file":"betterhud:image_image_chaser_flame_right_80_16.png","ascent":-8417244,"height":32,"chars":["󎀺"]},{"type":"bitmap","file":"betterhud:image_image_chaser_flame_right_80_17.png","ascent":-8417244,"height":32,"chars":["󎀻"]},{"type":"bitmap","file":"betterhud:image_image_chaser_flame_right_80_18.png","ascent":-8417244,"height":32,"chars":["󎀼"]},{"type":"bitmap","file":"betterhud:image_image_chaser_flame_right_80_19.png","ascent":-8417244,"height":32,"chars":["󎀽"]},{"type":"bitmap","file":"betterhud:image_image_chaser_flame_right_80_20.png","ascent":-8417244,"height":32,"chars":["󎀾"]},{"type":"bitmap","file":"betterhud:image_image_chaser_flame_right_80_21.png","ascent":-8417244,"height":32,"chars":["󎀿"]},{"type":"bitmap","file":"betterhud:image_image_chaser_flame_right_80_22.png","ascent":-8417244,"height":32,"chars":["󎁀"]},{"type":"bitmap","file":"betterhud:image_image_chaser_flame_right_80_23.png","ascent":-8417244,"height":32,"chars":["󎁁"]},{"type":"bitmap","file":"betterhud:image_image_chaser_flame_right_80_24.png","ascent":-8417244,"height":32,"chars":["󎁂"]},{"type":"bitmap","file":"betterhud:image_image_chaser_flame_right_80_25.png","ascent":-8417244,"height":32,"chars":["󎁃"]},{"type":"bitmap","file":"betterhud:image_image_chaser_flame_right_80_26.png","ascent":-8417244,"height":32,"chars":["󎁄"]},{"type":"bitmap","file":"betterhud:image_image_chaser_flame_right_80_27.png","ascent":-8417244,"height":32,"chars":["󎁅"]},{"type":"bitmap","file":"betterhud:image_image_chaser_flame_right_80_28.png","ascent":-8417244,"height":32,"chars":["󎁆"]},{"type":"bitmap","file":"betterhud:image_image_chaser_flame_right_80_29.png","ascent":-8417244,"height":32,"chars":["󎁇"]},{"type":"bitmap","file":"betterhud:image_image_chaser_flame_right_80_30.png","ascent":-8417244,"height":32,"chars":["󎁈"]},{"type":"bitmap","file":"betterhud:image_image_chaser_flame_right_80_31.png","ascent":-8417244,"height":32,"chars":["󎁉"]},{"type":"bitmap","file":"betterhud:image_image_chaser_flame_right_80_32.png","ascent":-8417244,"height":32,"chars":["󎁊"]},{"type":"bitmap","file":"betterhud:image_image_chaser_flame_right_80_33.png","ascent":-8417244,"height":32,"chars":["󎁋"]},{"type":"bitmap","file":"betterhud:image_image_chaser_flame_right_80_34.png","ascent":-8417244,"height":32,"chars":["󎁌"]},{"type":"bitmap","file":"betterhud:image_image_chaser_flame_right_80_35.png","ascent":-8417244,"height":32,"chars":["󎁍"]},{"type":"bitmap","file":"betterhud:image_image_chaser_flame_right_80_36.png","ascent":-8417244,"height":32,"chars":["󎁎"]},{"type":"bitmap","file":"betterhud:image_image_chaser_flame_right_80_37.png","ascent":-8417244,"height":32,"chars":["󎁏"]},{"type":"bitmap","file":"betterhud:image_image_chaser_flame_right_80_38.png","ascent":-8417244,"height":32,"chars":["󎁐"]},{"type":"bitmap","file":"betterhud:image_image_chaser_flame_right_80_39.png","ascent":-8417244,"height":32,"chars":["󎁑"]},{"type":"bitmap","file":"betterhud:image_image_chaser_flame_right_80_40.png","ascent":-8417244,"height":32,"chars":["󎁒"]},{"type":"bitmap","file":"betterhud:image_image_chaser_flame_right_80_41.png","ascent":-8417244,"height":32,"chars":["󎁓"]},{"type":"bitmap","file":"betterhud:image_image_chaser_flame_right_80_42.png","ascent":-8417244,"height":32,"chars":["󎁔"]},{"type":"bitmap","file":"betterhud:image_image_chaser_flame_right_80_43.png","ascent":-8417244,"height":32,"chars":["󎁕"]},{"type":"bitmap","file":"betterhud:image_image_chaser_flame_right_80_44.png","ascent":-8417244,"height":32,"chars":["󎁖"]},{"type":"bitmap","file":"betterhud:image_image_chaser_flame_right_80_45.png","ascent":-8417244,"height":32,"chars":["󎁗"]},{"type":"bitmap","file":"betterhud:image_image_chaser_flame_right_80_46.png","ascent":-8417244,"height":32,"chars":["󎁘"]},{"type":"bitmap","file":"betterhud:image_image_chaser_flame_right_80_47.png","ascent":-8417244,"height":32,"chars":["󎁙"]},{"type":"bitmap","file":"betterhud:image_image_chaser_flame_right_80_48.png","ascent":-8417244,"height":32,"chars":["󎁚"]},{"type":"bitmap","file":"betterhud:image_image_chaser_flame_right_80_49.png","ascent":-8417244,"height":32,"chars":["󎁛"]},{"type":"bitmap","file":"betterhud:image_image_chaser_flame_right_80_50.png","ascent":-8417244,"height":32,"chars":["󎁜"]},{"type":"bitmap","file":"betterhud:image_image_chaser_flame_right_80_51.png","ascent":-8417244,"height":32,"chars":["󎁝"]},{"type":"bitmap","file":"betterhud:image_image_chaser_flame_right_80_52.png","ascent":-8417244,"height":32,"chars":["󎁞"]},{"type":"bitmap","file":"betterhud:image_image_chaser_flame_right_80_53.png","ascent":-8417244,"height":32,"chars":["󎁟"]},{"type":"bitmap","file":"betterhud:image_image_chaser_flame_right_80_54.png","ascent":-8417244,"height":32,"chars":["󎁠"]},{"type":"bitmap","file":"betterhud:image_image_chaser_flame_right_80_55.png","ascent":-8417244,"height":32,"chars":["󎁡"]},{"type":"bitmap","file":"betterhud:image_image_chaser_flame_right_80_56.png","ascent":-8417244,"height":32,"chars":["󎁢"]},{"type":"bitmap","file":"betterhud:image_image_chaser_flame_right_80_57.png","ascent":-8417244,"height":32,"chars":["󎁣"]},{"type":"bitmap","file":"betterhud:image_image_chaser_flame_right_80_58.png","ascent":-8417244,"height":32,"chars":["󎁤"]},{"type":"bitmap","file":"betterhud:image_image_chaser_flame_right_80_59.png","ascent":-8417244,"height":32,"chars":["󎁥"]},{"type":"bitmap","file":"betterhud:image_image_chaser_flame_right_80_60.png","ascent":-8417244,"height":32,"chars":["󎁦"]},{"type":"bitmap","file":"betterhud:image_image_chaser_flame_right_80_61.png","ascent":-8417244,"height":32,"chars":["󎁧"]},{"type":"bitmap","file":"betterhud:image_image_chaser_flame_right_80_62.png","ascent":-8417244,"height":32,"chars":["󎁨"]},{"type":"bitmap","file":"betterhud:image_image_chaser_flame_right_80_63.png","ascent":-8417244,"height":32,"chars":["󎁩"]},{"type":"bitmap","file":"betterhud:image_image_chaser_flame_right_80_64.png","ascent":-8417244,"height":32,"chars":["󎁪"]},{"type":"bitmap","file":"betterhud:image_image_chaser_flame_right_80_65.png","ascent":-8417244,"height":32,"chars":["󎁫"]},{"type":"bitmap","file":"betterhud:image_image_chaser_flame_right_80_66.png","ascent":-8417244,"height":32,"chars":["󎁬"]},{"type":"bitmap","file":"betterhud:image_image_chaser_flame_right_80_67.png","ascent":-8417244,"height":32,"chars":["󎁭"]},{"type":"bitmap","file":"betterhud:image_image_chaser_flame_right_80_68.png","ascent":-8417244,"height":32,"chars":["󎁮"]},{"type":"bitmap","file":"betterhud:image_image_chaser_flame_right_80_69.png","ascent":-8417244,"height":32,"chars":["󎁯"]},{"type":"bitmap","file":"betterhud:image_image_chaser_flame_right_80_70.png","ascent":-8417244,"height":32,"chars":["󎁰"]},{"type":"bitmap","file":"betterhud:image_image_chaser_flame_right_80_71.png","ascent":-8417244,"height":32,"chars":["󎁱"]},{"type":"bitmap","file":"betterhud:image_image_chaser_flame_right_80_72.png","ascent":-8417244,"height":32,"chars":["󎁲"]},{"type":"bitmap","file":"betterhud:image_image_chaser_flame_right_80_73.png","ascent":-8417244,"height":32,"chars":["󎁳"]},{"type":"bitmap","file":"betterhud:image_image_chaser_flame_right_80_74.png","ascent":-8417244,"height":32,"chars":["󎁴"]},{"type":"bitmap","file":"betterhud:image_image_chaser_flame_right_80_75.png","ascent":-8417244,"height":32,"chars":["󎁵"]},{"type":"bitmap","file":"betterhud:image_image_chaser_flame_right_80_76.png","ascent":-8417244,"height":32,"chars":["󎁶"]},{"type":"bitmap","file":"betterhud:image_image_chaser_flame_right_80_77.png","ascent":-8417244,"height":32,"chars":["󎁷"]},{"type":"bitmap","file":"betterhud:image_image_chaser_flame_right_80_78.png","ascent":-8417244,"height":32,"chars":["󎁸"]},{"type":"bitmap","file":"betterhud:image_image_chaser_flame_right_80_79.png","ascent":-8417244,"height":32,"chars":["󎁹"]},{"type":"bitmap","file":"betterhud:image_image_chaser_flame_right_80_80.png","ascent":-8417244,"height":32,"chars":["󎁺"]}]}