{"providers":[{"type":"space","advances":{"󎀁":-1}},{"type":"bitmap","file":"betterhud:image_image_fortress_shieldbar_empty_left_100_1.png","ascent":-8400945,"height":3,"chars":["󎀂"]},{"type":"bitmap","file":"betterhud:image_image_fortress_shieldbar_empty_left_100_2.png","ascent":-8400945,"height":3,"chars":["󎀃"]},{"type":"bitmap","file":"betterhud:image_image_fortress_shieldbar_empty_left_100_3.png","ascent":-8400945,"height":3,"chars":["󎀄"]},{"type":"bitmap","file":"betterhud:image_image_fortress_shieldbar_empty_left_100_4.png","ascent":-8400945,"height":3,"chars":["󎀅"]},{"type":"bitmap","file":"betterhud:image_image_fortress_shieldbar_empty_left_100_5.png","ascent":-8400945,"height":3,"chars":["󎀆"]},{"type":"bitmap","file":"betterhud:image_image_fortress_shieldbar_empty_left_100_6.png","ascent":-8400945,"height":3,"chars":["󎀇"]},{"type":"bitmap","file":"betterhud:image_image_fortress_shieldbar_empty_left_100_7.png","ascent":-8400945,"height":3,"chars":["󎀈"]},{"type":"bitmap","file":"betterhud:image_image_fortress_shieldbar_empty_left_100_8.png","ascent":-8400945,"height":3,"chars":["󎀉"]},{"type":"bitmap","file":"betterhud:image_image_fortress_shieldbar_empty_left_100_9.png","ascent":-8400945,"height":3,"chars":["󎀊"]},{"type":"bitmap","file":"betterhud:image_image_fortress_shieldbar_empty_left_100_10.png","ascent":-8400945,"height":3,"chars":["󎀋"]},{"type":"bitmap","file":"betterhud:image_image_fortress_shieldbar_empty_left_100_11.png","ascent":-8400945,"height":3,"chars":["󎀌"]},{"type":"bitmap","file":"betterhud:image_image_fortress_shieldbar_empty_left_100_12.png","ascent":-8400945,"height":3,"chars":["󎀍"]},{"type":"bitmap","file":"betterhud:image_image_fortress_shieldbar_empty_left_100_13.png","ascent":-8400945,"height":3,"chars":["󎀎"]},{"type":"bitmap","file":"betterhud:image_image_fortress_shieldbar_empty_left_100_14.png","ascent":-8400945,"height":3,"chars":["󎀏"]},{"type":"bitmap","file":"betterhud:image_image_fortress_shieldbar_empty_left_100_15.png","ascent":-8400945,"height":3,"chars":["󎀐"]},{"type":"bitmap","file":"betterhud:image_image_fortress_shieldbar_empty_left_100_16.png","ascent":-8400945,"height":3,"chars":["󎀑"]},{"type":"bitmap","file":"betterhud:image_image_fortress_shieldbar_empty_left_100_17.png","ascent":-8400945,"height":3,"chars":["󎀒"]},{"type":"bitmap","file":"betterhud:image_image_fortress_shieldbar_empty_left_100_18.png","ascent":-8400945,"height":3,"chars":["󎀓"]},{"type":"bitmap","file":"betterhud:image_image_fortress_shieldbar_empty_left_100_19.png","ascent":-8400945,"height":3,"chars":["󎀔"]},{"type":"bitmap","file":"betterhud:image_image_fortress_shieldbar_empty_left_100_20.png","ascent":-8400945,"height":3,"chars":["󎀕"]},{"type":"bitmap","file":"betterhud:image_image_fortress_shieldbar_empty_left_100_21.png","ascent":-8400945,"height":3,"chars":["󎀖"]},{"type":"bitmap","file":"betterhud:image_image_fortress_shieldbar_empty_left_100_22.png","ascent":-8400945,"height":3,"chars":["󎀗"]},{"type":"bitmap","file":"betterhud:image_image_fortress_shieldbar_empty_left_100_23.png","ascent":-8400945,"height":3,"chars":["󎀘"]},{"type":"bitmap","file":"betterhud:image_image_fortress_shieldbar_empty_left_100_24.png","ascent":-8400945,"height":3,"chars":["󎀙"]},{"type":"bitmap","file":"betterhud:image_image_fortress_shieldbar_empty_left_100_25.png","ascent":-8400945,"height":3,"chars":["󎀚"]},{"type":"bitmap","file":"betterhud:image_image_fortress_shieldbar_empty_left_100_26.png","ascent":-8400945,"height":3,"chars":["󎀛"]},{"type":"bitmap","file":"betterhud:image_image_fortress_shieldbar_empty_left_100_27.png","ascent":-8400945,"height":3,"chars":["󎀜"]},{"type":"bitmap","file":"betterhud:image_image_fortress_shieldbar_empty_left_100_28.png","ascent":-8400945,"height":3,"chars":["󎀝"]},{"type":"bitmap","file":"betterhud:image_image_fortress_shieldbar_empty_left_100_29.png","ascent":-8400945,"height":3,"chars":["󎀞"]},{"type":"bitmap","file":"betterhud:image_image_fortress_shieldbar_empty_left_100_30.png","ascent":-8400945,"height":3,"chars":["󎀟"]},{"type":"bitmap","file":"betterhud:image_image_fortress_shieldbar_empty_left_100_31.png","ascent":-8400945,"height":3,"chars":["󎀠"]},{"type":"bitmap","file":"betterhud:image_image_fortress_shieldbar_empty_left_100_32.png","ascent":-8400945,"height":3,"chars":["󎀡"]},{"type":"bitmap","file":"betterhud:image_image_fortress_shieldbar_empty_left_100_33.png","ascent":-8400945,"height":3,"chars":["󎀢"]},{"type":"bitmap","file":"betterhud:image_image_fortress_shieldbar_empty_left_100_34.png","ascent":-8400945,"height":3,"chars":["󎀣"]},{"type":"bitmap","file":"betterhud:image_image_fortress_shieldbar_empty_left_100_35.png","ascent":-8400945,"height":3,"chars":["󎀤"]},{"type":"bitmap","file":"betterhud:image_image_fortress_shieldbar_empty_left_100_36.png","ascent":-8400945,"height":3,"chars":["󎀥"]},{"type":"bitmap","file":"betterhud:image_image_fortress_shieldbar_empty_left_100_37.png","ascent":-8400945,"height":3,"chars":["󎀦"]},{"type":"bitmap","file":"betterhud:image_image_fortress_shieldbar_empty_left_100_38.png","ascent":-8400945,"height":3,"chars":["󎀧"]},{"type":"bitmap","file":"betterhud:image_image_fortress_shieldbar_empty_left_100_39.png","ascent":-8400945,"height":3,"chars":["󎀨"]},{"type":"bitmap","file":"betterhud:image_image_fortress_shieldbar_empty_left_100_40.png","ascent":-8400945,"height":3,"chars":["󎀩"]},{"type":"bitmap","file":"betterhud:image_image_fortress_shieldbar_empty_left_100_41.png","ascent":-8400945,"height":3,"chars":["󎀪"]},{"type":"bitmap","file":"betterhud:image_image_fortress_shieldbar_empty_left_100_42.png","ascent":-8400945,"height":3,"chars":["󎀫"]},{"type":"bitmap","file":"betterhud:image_image_fortress_shieldbar_empty_left_100_43.png","ascent":-8400945,"height":3,"chars":["󎀬"]},{"type":"bitmap","file":"betterhud:image_image_fortress_shieldbar_empty_left_100_44.png","ascent":-8400945,"height":3,"chars":["󎀭"]},{"type":"bitmap","file":"betterhud:image_image_fortress_shieldbar_empty_left_100_45.png","ascent":-8400945,"height":3,"chars":["󎀮"]},{"type":"bitmap","file":"betterhud:image_image_fortress_shieldbar_empty_left_100_46.png","ascent":-8400945,"height":3,"chars":["󎀯"]},{"type":"bitmap","file":"betterhud:image_image_fortress_shieldbar_empty_left_100_47.png","ascent":-8400945,"height":3,"chars":["󎀰"]},{"type":"bitmap","file":"betterhud:image_image_fortress_shieldbar_empty_left_100_48.png","ascent":-8400945,"height":3,"chars":["󎀱"]},{"type":"bitmap","file":"betterhud:image_image_fortress_shieldbar_empty_left_100_49.png","ascent":-8400945,"height":3,"chars":["󎀲"]},{"type":"bitmap","file":"betterhud:image_image_fortress_shieldbar_empty_left_100_50.png","ascent":-8400945,"height":3,"chars":["󎀳"]},{"type":"bitmap","file":"betterhud:image_image_fortress_shieldbar_empty_left_100_51.png","ascent":-8400945,"height":3,"chars":["󎀴"]},{"type":"bitmap","file":"betterhud:image_image_fortress_shieldbar_empty_left_100_52.png","ascent":-8400945,"height":3,"chars":["󎀵"]},{"type":"bitmap","file":"betterhud:image_image_fortress_shieldbar_empty_left_100_53.png","ascent":-8400945,"height":3,"chars":["󎀶"]},{"type":"bitmap","file":"betterhud:image_image_fortress_shieldbar_empty_left_100_54.png","ascent":-8400945,"height":3,"chars":["󎀷"]},{"type":"bitmap","file":"betterhud:image_image_fortress_shieldbar_empty_left_100_55.png","ascent":-8400945,"height":3,"chars":["󎀸"]},{"type":"bitmap","file":"betterhud:image_image_fortress_shieldbar_empty_left_100_56.png","ascent":-8400945,"height":3,"chars":["󎀹"]},{"type":"bitmap","file":"betterhud:image_image_fortress_shieldbar_empty_left_100_57.png","ascent":-8400945,"height":3,"chars":["󎀺"]},{"type":"bitmap","file":"betterhud:image_image_fortress_shieldbar_empty_left_100_58.png","ascent":-8400945,"height":3,"chars":["󎀻"]},{"type":"bitmap","file":"betterhud:image_image_fortress_shieldbar_empty_left_100_59.png","ascent":-8400945,"height":3,"chars":["󎀼"]},{"type":"bitmap","file":"betterhud:image_image_fortress_shieldbar_empty_left_100_60.png","ascent":-8400945,"height":3,"chars":["󎀽"]},{"type":"bitmap","file":"betterhud:image_image_fortress_shieldbar_empty_left_100_61.png","ascent":-8400945,"height":3,"chars":["󎀾"]},{"type":"bitmap","file":"betterhud:image_image_fortress_shieldbar_empty_left_100_62.png","ascent":-8400945,"height":3,"chars":["󎀿"]},{"type":"bitmap","file":"betterhud:image_image_fortress_shieldbar_empty_left_100_63.png","ascent":-8400945,"height":3,"chars":["󎁀"]},{"type":"bitmap","file":"betterhud:image_image_fortress_shieldbar_empty_left_100_64.png","ascent":-8400945,"height":3,"chars":["󎁁"]},{"type":"bitmap","file":"betterhud:image_image_fortress_shieldbar_empty_left_100_65.png","ascent":-8400945,"height":3,"chars":["󎁂"]},{"type":"bitmap","file":"betterhud:image_image_fortress_shieldbar_empty_left_100_66.png","ascent":-8400945,"height":3,"chars":["󎁃"]},{"type":"bitmap","file":"betterhud:image_image_fortress_shieldbar_empty_left_100_67.png","ascent":-8400945,"height":3,"chars":["󎁄"]},{"type":"bitmap","file":"betterhud:image_image_fortress_shieldbar_empty_left_100_68.png","ascent":-8400945,"height":3,"chars":["󎁅"]},{"type":"bitmap","file":"betterhud:image_image_fortress_shieldbar_empty_left_100_69.png","ascent":-8400945,"height":3,"chars":["󎁆"]},{"type":"bitmap","file":"betterhud:image_image_fortress_shieldbar_empty_left_100_70.png","ascent":-8400945,"height":3,"chars":["󎁇"]},{"type":"bitmap","file":"betterhud:image_image_fortress_shieldbar_empty_left_100_71.png","ascent":-8400945,"height":3,"chars":["󎁈"]},{"type":"bitmap","file":"betterhud:image_image_fortress_shieldbar_empty_left_100_72.png","ascent":-8400945,"height":3,"chars":["󎁉"]},{"type":"bitmap","file":"betterhud:image_image_fortress_shieldbar_empty_left_100_73.png","ascent":-8400945,"height":3,"chars":["󎁊"]},{"type":"bitmap","file":"betterhud:image_image_fortress_shieldbar_empty_left_100_74.png","ascent":-8400945,"height":3,"chars":["󎁋"]},{"type":"bitmap","file":"betterhud:image_image_fortress_shieldbar_empty_left_100_75.png","ascent":-8400945,"height":3,"chars":["󎁌"]},{"type":"bitmap","file":"betterhud:image_image_fortress_shieldbar_empty_left_100_76.png","ascent":-8400945,"height":3,"chars":["󎁍"]},{"type":"bitmap","file":"betterhud:image_image_fortress_shieldbar_empty_left_100_77.png","ascent":-8400945,"height":3,"chars":["󎁎"]},{"type":"bitmap","file":"betterhud:image_image_fortress_shieldbar_empty_left_100_78.png","ascent":-8400945,"height":3,"chars":["󎁏"]},{"type":"bitmap","file":"betterhud:image_image_fortress_shieldbar_empty_left_100_79.png","ascent":-8400945,"height":3,"chars":["󎁐"]},{"type":"bitmap","file":"betterhud:image_image_fortress_shieldbar_empty_left_100_80.png","ascent":-8400945,"height":3,"chars":["󎁑"]},{"type":"bitmap","file":"betterhud:image_image_fortress_shieldbar_empty_left_100_81.png","ascent":-8400945,"height":3,"chars":["󎁒"]},{"type":"bitmap","file":"betterhud:image_image_fortress_shieldbar_empty_left_100_82.png","ascent":-8400945,"height":3,"chars":["󎁓"]},{"type":"bitmap","file":"betterhud:image_image_fortress_shieldbar_empty_left_100_83.png","ascent":-8400945,"height":3,"chars":["󎁔"]},{"type":"bitmap","file":"betterhud:image_image_fortress_shieldbar_empty_left_100_84.png","ascent":-8400945,"height":3,"chars":["󎁕"]},{"type":"bitmap","file":"betterhud:image_image_fortress_shieldbar_empty_left_100_85.png","ascent":-8400945,"height":3,"chars":["󎁖"]},{"type":"bitmap","file":"betterhud:image_image_fortress_shieldbar_empty_left_100_86.png","ascent":-8400945,"height":3,"chars":["󎁗"]},{"type":"bitmap","file":"betterhud:image_image_fortress_shieldbar_empty_left_100_87.png","ascent":-8400945,"height":3,"chars":["󎁘"]},{"type":"bitmap","file":"betterhud:image_image_fortress_shieldbar_empty_left_100_88.png","ascent":-8400945,"height":3,"chars":["󎁙"]},{"type":"bitmap","file":"betterhud:image_image_fortress_shieldbar_empty_left_100_89.png","ascent":-8400945,"height":3,"chars":["󎁚"]},{"type":"bitmap","file":"betterhud:image_image_fortress_shieldbar_empty_left_100_90.png","ascent":-8400945,"height":3,"chars":["󎁛"]},{"type":"bitmap","file":"betterhud:image_image_fortress_shieldbar_empty_left_100_91.png","ascent":-8400945,"height":3,"chars":["󎁜"]},{"type":"bitmap","file":"betterhud:image_image_fortress_shieldbar_empty_left_100_92.png","ascent":-8400945,"height":3,"chars":["󎁝"]},{"type":"bitmap","file":"betterhud:image_image_fortress_shieldbar_empty_left_100_93.png","ascent":-8400945,"height":3,"chars":["󎁞"]},{"type":"bitmap","file":"betterhud:image_image_fortress_shieldbar_empty_left_100_94.png","ascent":-8400945,"height":3,"chars":["󎁟"]},{"type":"bitmap","file":"betterhud:image_image_fortress_shieldbar_empty_left_100_95.png","ascent":-8400945,"height":3,"chars":["󎁠"]},{"type":"bitmap","file":"betterhud:image_image_fortress_shieldbar_empty_left_100_96.png","ascent":-8400945,"height":3,"chars":["󎁡"]},{"type":"bitmap","file":"betterhud:image_image_fortress_shieldbar_empty_left_100_97.png","ascent":-8400945,"height":3,"chars":["󎁢"]},{"type":"bitmap","file":"betterhud:image_image_fortress_shieldbar_empty_left_100_98.png","ascent":-8400945,"height":3,"chars":["󎁣"]},{"type":"bitmap","file":"betterhud:image_image_fortress_shieldbar_empty_left_100_99.png","ascent":-8400945,"height":3,"chars":["󎁤"]},{"type":"bitmap","file":"betterhud:image_image_fortress_shieldbar_empty_left_100_100.png","ascent":-8400945,"height":3,"chars":["󎁥"]},{"type":"bitmap","file":"betterhud:image_image_fortress_shieldbar_empty_right_100_1.png","ascent":-8400945,"height":3,"chars":["󎁦"]},{"type":"bitmap","file":"betterhud:image_image_fortress_shieldbar_empty_right_100_2.png","ascent":-8400945,"height":3,"chars":["󎁧"]},{"type":"bitmap","file":"betterhud:image_image_fortress_shieldbar_empty_right_100_3.png","ascent":-8400945,"height":3,"chars":["󎁨"]},{"type":"bitmap","file":"betterhud:image_image_fortress_shieldbar_empty_right_100_4.png","ascent":-8400945,"height":3,"chars":["󎁩"]},{"type":"bitmap","file":"betterhud:image_image_fortress_shieldbar_empty_right_100_5.png","ascent":-8400945,"height":3,"chars":["󎁪"]},{"type":"bitmap","file":"betterhud:image_image_fortress_shieldbar_empty_right_100_6.png","ascent":-8400945,"height":3,"chars":["󎁫"]},{"type":"bitmap","file":"betterhud:image_image_fortress_shieldbar_empty_right_100_7.png","ascent":-8400945,"height":3,"chars":["󎁬"]},{"type":"bitmap","file":"betterhud:image_image_fortress_shieldbar_empty_right_100_8.png","ascent":-8400945,"height":3,"chars":["󎁭"]},{"type":"bitmap","file":"betterhud:image_image_fortress_shieldbar_empty_right_100_9.png","ascent":-8400945,"height":3,"chars":["󎁮"]},{"type":"bitmap","file":"betterhud:image_image_fortress_shieldbar_empty_right_100_10.png","ascent":-8400945,"height":3,"chars":["󎁯"]},{"type":"bitmap","file":"betterhud:image_image_fortress_shieldbar_empty_right_100_11.png","ascent":-8400945,"height":3,"chars":["󎁰"]},{"type":"bitmap","file":"betterhud:image_image_fortress_shieldbar_empty_right_100_12.png","ascent":-8400945,"height":3,"chars":["󎁱"]},{"type":"bitmap","file":"betterhud:image_image_fortress_shieldbar_empty_right_100_13.png","ascent":-8400945,"height":3,"chars":["󎁲"]},{"type":"bitmap","file":"betterhud:image_image_fortress_shieldbar_empty_right_100_14.png","ascent":-8400945,"height":3,"chars":["󎁳"]},{"type":"bitmap","file":"betterhud:image_image_fortress_shieldbar_empty_right_100_15.png","ascent":-8400945,"height":3,"chars":["󎁴"]},{"type":"bitmap","file":"betterhud:image_image_fortress_shieldbar_empty_right_100_16.png","ascent":-8400945,"height":3,"chars":["󎁵"]},{"type":"bitmap","file":"betterhud:image_image_fortress_shieldbar_empty_right_100_17.png","ascent":-8400945,"height":3,"chars":["󎁶"]},{"type":"bitmap","file":"betterhud:image_image_fortress_shieldbar_empty_right_100_18.png","ascent":-8400945,"height":3,"chars":["󎁷"]},{"type":"bitmap","file":"betterhud:image_image_fortress_shieldbar_empty_right_100_19.png","ascent":-8400945,"height":3,"chars":["󎁸"]},{"type":"bitmap","file":"betterhud:image_image_fortress_shieldbar_empty_right_100_20.png","ascent":-8400945,"height":3,"chars":["󎁹"]},{"type":"bitmap","file":"betterhud:image_image_fortress_shieldbar_empty_right_100_21.png","ascent":-8400945,"height":3,"chars":["󎁺"]},{"type":"bitmap","file":"betterhud:image_image_fortress_shieldbar_empty_right_100_22.png","ascent":-8400945,"height":3,"chars":["󎁻"]},{"type":"bitmap","file":"betterhud:image_image_fortress_shieldbar_empty_right_100_23.png","ascent":-8400945,"height":3,"chars":["󎁼"]},{"type":"bitmap","file":"betterhud:image_image_fortress_shieldbar_empty_right_100_24.png","ascent":-8400945,"height":3,"chars":["󎁽"]},{"type":"bitmap","file":"betterhud:image_image_fortress_shieldbar_empty_right_100_25.png","ascent":-8400945,"height":3,"chars":["󎁾"]},{"type":"bitmap","file":"betterhud:image_image_fortress_shieldbar_empty_right_100_26.png","ascent":-8400945,"height":3,"chars":["󎁿"]},{"type":"bitmap","file":"betterhud:image_image_fortress_shieldbar_empty_right_100_27.png","ascent":-8400945,"height":3,"chars":["󎂀"]},{"type":"bitmap","file":"betterhud:image_image_fortress_shieldbar_empty_right_100_28.png","ascent":-8400945,"height":3,"chars":["󎂁"]},{"type":"bitmap","file":"betterhud:image_image_fortress_shieldbar_empty_right_100_29.png","ascent":-8400945,"height":3,"chars":["󎂂"]},{"type":"bitmap","file":"betterhud:image_image_fortress_shieldbar_empty_right_100_30.png","ascent":-8400945,"height":3,"chars":["󎂃"]},{"type":"bitmap","file":"betterhud:image_image_fortress_shieldbar_empty_right_100_31.png","ascent":-8400945,"height":3,"chars":["󎂄"]},{"type":"bitmap","file":"betterhud:image_image_fortress_shieldbar_empty_right_100_32.png","ascent":-8400945,"height":3,"chars":["󎂅"]},{"type":"bitmap","file":"betterhud:image_image_fortress_shieldbar_empty_right_100_33.png","ascent":-8400945,"height":3,"chars":["󎂆"]},{"type":"bitmap","file":"betterhud:image_image_fortress_shieldbar_empty_right_100_34.png","ascent":-8400945,"height":3,"chars":["󎂇"]},{"type":"bitmap","file":"betterhud:image_image_fortress_shieldbar_empty_right_100_35.png","ascent":-8400945,"height":3,"chars":["󎂈"]},{"type":"bitmap","file":"betterhud:image_image_fortress_shieldbar_empty_right_100_36.png","ascent":-8400945,"height":3,"chars":["󎂉"]},{"type":"bitmap","file":"betterhud:image_image_fortress_shieldbar_empty_right_100_37.png","ascent":-8400945,"height":3,"chars":["󎂊"]},{"type":"bitmap","file":"betterhud:image_image_fortress_shieldbar_empty_right_100_38.png","ascent":-8400945,"height":3,"chars":["󎂋"]},{"type":"bitmap","file":"betterhud:image_image_fortress_shieldbar_empty_right_100_39.png","ascent":-8400945,"height":3,"chars":["󎂌"]},{"type":"bitmap","file":"betterhud:image_image_fortress_shieldbar_empty_right_100_40.png","ascent":-8400945,"height":3,"chars":["󎂍"]},{"type":"bitmap","file":"betterhud:image_image_fortress_shieldbar_empty_right_100_41.png","ascent":-8400945,"height":3,"chars":["󎂎"]},{"type":"bitmap","file":"betterhud:image_image_fortress_shieldbar_empty_right_100_42.png","ascent":-8400945,"height":3,"chars":["󎂏"]},{"type":"bitmap","file":"betterhud:image_image_fortress_shieldbar_empty_right_100_43.png","ascent":-8400945,"height":3,"chars":["󎂐"]},{"type":"bitmap","file":"betterhud:image_image_fortress_shieldbar_empty_right_100_44.png","ascent":-8400945,"height":3,"chars":["󎂑"]},{"type":"bitmap","file":"betterhud:image_image_fortress_shieldbar_empty_right_100_45.png","ascent":-8400945,"height":3,"chars":["󎂒"]},{"type":"bitmap","file":"betterhud:image_image_fortress_shieldbar_empty_right_100_46.png","ascent":-8400945,"height":3,"chars":["󎂓"]},{"type":"bitmap","file":"betterhud:image_image_fortress_shieldbar_empty_right_100_47.png","ascent":-8400945,"height":3,"chars":["󎂔"]},{"type":"bitmap","file":"betterhud:image_image_fortress_shieldbar_empty_right_100_48.png","ascent":-8400945,"height":3,"chars":["󎂕"]},{"type":"bitmap","file":"betterhud:image_image_fortress_shieldbar_empty_right_100_49.png","ascent":-8400945,"height":3,"chars":["󎂖"]},{"type":"bitmap","file":"betterhud:image_image_fortress_shieldbar_empty_right_100_50.png","ascent":-8400945,"height":3,"chars":["󎂗"]},{"type":"bitmap","file":"betterhud:image_image_fortress_shieldbar_empty_right_100_51.png","ascent":-8400945,"height":3,"chars":["󎂘"]},{"type":"bitmap","file":"betterhud:image_image_fortress_shieldbar_empty_right_100_52.png","ascent":-8400945,"height":3,"chars":["󎂙"]},{"type":"bitmap","file":"betterhud:image_image_fortress_shieldbar_empty_right_100_53.png","ascent":-8400945,"height":3,"chars":["󎂚"]},{"type":"bitmap","file":"betterhud:image_image_fortress_shieldbar_empty_right_100_54.png","ascent":-8400945,"height":3,"chars":["󎂛"]},{"type":"bitmap","file":"betterhud:image_image_fortress_shieldbar_empty_right_100_55.png","ascent":-8400945,"height":3,"chars":["󎂜"]},{"type":"bitmap","file":"betterhud:image_image_fortress_shieldbar_empty_right_100_56.png","ascent":-8400945,"height":3,"chars":["󎂝"]},{"type":"bitmap","file":"betterhud:image_image_fortress_shieldbar_empty_right_100_57.png","ascent":-8400945,"height":3,"chars":["󎂞"]},{"type":"bitmap","file":"betterhud:image_image_fortress_shieldbar_empty_right_100_58.png","ascent":-8400945,"height":3,"chars":["󎂟"]},{"type":"bitmap","file":"betterhud:image_image_fortress_shieldbar_empty_right_100_59.png","ascent":-8400945,"height":3,"chars":["󎂠"]},{"type":"bitmap","file":"betterhud:image_image_fortress_shieldbar_empty_right_100_60.png","ascent":-8400945,"height":3,"chars":["󎂡"]},{"type":"bitmap","file":"betterhud:image_image_fortress_shieldbar_empty_right_100_61.png","ascent":-8400945,"height":3,"chars":["󎂢"]},{"type":"bitmap","file":"betterhud:image_image_fortress_shieldbar_empty_right_100_62.png","ascent":-8400945,"height":3,"chars":["󎂣"]},{"type":"bitmap","file":"betterhud:image_image_fortress_shieldbar_empty_right_100_63.png","ascent":-8400945,"height":3,"chars":["󎂤"]},{"type":"bitmap","file":"betterhud:image_image_fortress_shieldbar_empty_right_100_64.png","ascent":-8400945,"height":3,"chars":["󎂥"]},{"type":"bitmap","file":"betterhud:image_image_fortress_shieldbar_empty_right_100_65.png","ascent":-8400945,"height":3,"chars":["󎂦"]},{"type":"bitmap","file":"betterhud:image_image_fortress_shieldbar_empty_right_100_66.png","ascent":-8400945,"height":3,"chars":["󎂧"]},{"type":"bitmap","file":"betterhud:image_image_fortress_shieldbar_empty_right_100_67.png","ascent":-8400945,"height":3,"chars":["󎂨"]},{"type":"bitmap","file":"betterhud:image_image_fortress_shieldbar_empty_right_100_68.png","ascent":-8400945,"height":3,"chars":["󎂩"]},{"type":"bitmap","file":"betterhud:image_image_fortress_shieldbar_empty_right_100_69.png","ascent":-8400945,"height":3,"chars":["󎂪"]},{"type":"bitmap","file":"betterhud:image_image_fortress_shieldbar_empty_right_100_70.png","ascent":-8400945,"height":3,"chars":["󎂫"]},{"type":"bitmap","file":"betterhud:image_image_fortress_shieldbar_empty_right_100_71.png","ascent":-8400945,"height":3,"chars":["󎂬"]},{"type":"bitmap","file":"betterhud:image_image_fortress_shieldbar_empty_right_100_72.png","ascent":-8400945,"height":3,"chars":["󎂭"]},{"type":"bitmap","file":"betterhud:image_image_fortress_shieldbar_empty_right_100_73.png","ascent":-8400945,"height":3,"chars":["󎂮"]},{"type":"bitmap","file":"betterhud:image_image_fortress_shieldbar_empty_right_100_74.png","ascent":-8400945,"height":3,"chars":["󎂯"]},{"type":"bitmap","file":"betterhud:image_image_fortress_shieldbar_empty_right_100_75.png","ascent":-8400945,"height":3,"chars":["󎂰"]},{"type":"bitmap","file":"betterhud:image_image_fortress_shieldbar_empty_right_100_76.png","ascent":-8400945,"height":3,"chars":["󎂱"]},{"type":"bitmap","file":"betterhud:image_image_fortress_shieldbar_empty_right_100_77.png","ascent":-8400945,"height":3,"chars":["󎂲"]},{"type":"bitmap","file":"betterhud:image_image_fortress_shieldbar_empty_right_100_78.png","ascent":-8400945,"height":3,"chars":["󎂳"]},{"type":"bitmap","file":"betterhud:image_image_fortress_shieldbar_empty_right_100_79.png","ascent":-8400945,"height":3,"chars":["󎂴"]},{"type":"bitmap","file":"betterhud:image_image_fortress_shieldbar_empty_right_100_80.png","ascent":-8400945,"height":3,"chars":["󎂵"]},{"type":"bitmap","file":"betterhud:image_image_fortress_shieldbar_empty_right_100_81.png","ascent":-8400945,"height":3,"chars":["󎂶"]},{"type":"bitmap","file":"betterhud:image_image_fortress_shieldbar_empty_right_100_82.png","ascent":-8400945,"height":3,"chars":["󎂷"]},{"type":"bitmap","file":"betterhud:image_image_fortress_shieldbar_empty_right_100_83.png","ascent":-8400945,"height":3,"chars":["󎂸"]},{"type":"bitmap","file":"betterhud:image_image_fortress_shieldbar_empty_right_100_84.png","ascent":-8400945,"height":3,"chars":["󎂹"]},{"type":"bitmap","file":"betterhud:image_image_fortress_shieldbar_empty_right_100_85.png","ascent":-8400945,"height":3,"chars":["󎂺"]},{"type":"bitmap","file":"betterhud:image_image_fortress_shieldbar_empty_right_100_86.png","ascent":-8400945,"height":3,"chars":["󎂻"]},{"type":"bitmap","file":"betterhud:image_image_fortress_shieldbar_empty_right_100_87.png","ascent":-8400945,"height":3,"chars":["󎂼"]},{"type":"bitmap","file":"betterhud:image_image_fortress_shieldbar_empty_right_100_88.png","ascent":-8400945,"height":3,"chars":["󎂽"]},{"type":"bitmap","file":"betterhud:image_image_fortress_shieldbar_empty_right_100_89.png","ascent":-8400945,"height":3,"chars":["󎂾"]},{"type":"bitmap","file":"betterhud:image_image_fortress_shieldbar_empty_right_100_90.png","ascent":-8400945,"height":3,"chars":["󎂿"]},{"type":"bitmap","file":"betterhud:image_image_fortress_shieldbar_empty_right_100_91.png","ascent":-8400945,"height":3,"chars":["󎃀"]},{"type":"bitmap","file":"betterhud:image_image_fortress_shieldbar_empty_right_100_92.png","ascent":-8400945,"height":3,"chars":["󎃁"]},{"type":"bitmap","file":"betterhud:image_image_fortress_shieldbar_empty_right_100_93.png","ascent":-8400945,"height":3,"chars":["󎃂"]},{"type":"bitmap","file":"betterhud:image_image_fortress_shieldbar_empty_right_100_94.png","ascent":-8400945,"height":3,"chars":["󎃃"]},{"type":"bitmap","file":"betterhud:image_image_fortress_shieldbar_empty_right_100_95.png","ascent":-8400945,"height":3,"chars":["󎃄"]},{"type":"bitmap","file":"betterhud:image_image_fortress_shieldbar_empty_right_100_96.png","ascent":-8400945,"height":3,"chars":["󎃅"]},{"type":"bitmap","file":"betterhud:image_image_fortress_shieldbar_empty_right_100_97.png","ascent":-8400945,"height":3,"chars":["󎃆"]},{"type":"bitmap","file":"betterhud:image_image_fortress_shieldbar_empty_right_100_98.png","ascent":-8400945,"height":3,"chars":["󎃇"]},{"type":"bitmap","file":"betterhud:image_image_fortress_shieldbar_empty_right_100_99.png","ascent":-8400945,"height":3,"chars":["󎃈"]},{"type":"bitmap","file":"betterhud:image_image_fortress_shieldbar_empty_right_100_100.png","ascent":-8400945,"height":3,"chars":["󎃉"]},{"type":"bitmap","file":"betterhud:image_image_fortress_shieldbar_left_100_1.png","ascent":-8400945,"height":3,"chars":["󎃊"]},{"type":"bitmap","file":"betterhud:image_image_fortress_shieldbar_left_100_2.png","ascent":-8400945,"height":3,"chars":["󎃋"]},{"type":"bitmap","file":"betterhud:image_image_fortress_shieldbar_left_100_3.png","ascent":-8400945,"height":3,"chars":["󎃌"]},{"type":"bitmap","file":"betterhud:image_image_fortress_shieldbar_left_100_4.png","ascent":-8400945,"height":3,"chars":["󎃍"]},{"type":"bitmap","file":"betterhud:image_image_fortress_shieldbar_left_100_5.png","ascent":-8400945,"height":3,"chars":["󎃎"]},{"type":"bitmap","file":"betterhud:image_image_fortress_shieldbar_left_100_6.png","ascent":-8400945,"height":3,"chars":["󎃏"]},{"type":"bitmap","file":"betterhud:image_image_fortress_shieldbar_left_100_7.png","ascent":-8400945,"height":3,"chars":["󎃐"]},{"type":"bitmap","file":"betterhud:image_image_fortress_shieldbar_left_100_8.png","ascent":-8400945,"height":3,"chars":["󎃑"]},{"type":"bitmap","file":"betterhud:image_image_fortress_shieldbar_left_100_9.png","ascent":-8400945,"height":3,"chars":["󎃒"]},{"type":"bitmap","file":"betterhud:image_image_fortress_shieldbar_left_100_10.png","ascent":-8400945,"height":3,"chars":["󎃓"]},{"type":"bitmap","file":"betterhud:image_image_fortress_shieldbar_left_100_11.png","ascent":-8400945,"height":3,"chars":["󎃔"]},{"type":"bitmap","file":"betterhud:image_image_fortress_shieldbar_left_100_12.png","ascent":-8400945,"height":3,"chars":["󎃕"]},{"type":"bitmap","file":"betterhud:image_image_fortress_shieldbar_left_100_13.png","ascent":-8400945,"height":3,"chars":["󎃖"]},{"type":"bitmap","file":"betterhud:image_image_fortress_shieldbar_left_100_14.png","ascent":-8400945,"height":3,"chars":["󎃗"]},{"type":"bitmap","file":"betterhud:image_image_fortress_shieldbar_left_100_15.png","ascent":-8400945,"height":3,"chars":["󎃘"]},{"type":"bitmap","file":"betterhud:image_image_fortress_shieldbar_left_100_16.png","ascent":-8400945,"height":3,"chars":["󎃙"]},{"type":"bitmap","file":"betterhud:image_image_fortress_shieldbar_left_100_17.png","ascent":-8400945,"height":3,"chars":["󎃚"]},{"type":"bitmap","file":"betterhud:image_image_fortress_shieldbar_left_100_18.png","ascent":-8400945,"height":3,"chars":["󎃛"]},{"type":"bitmap","file":"betterhud:image_image_fortress_shieldbar_left_100_19.png","ascent":-8400945,"height":3,"chars":["󎃜"]},{"type":"bitmap","file":"betterhud:image_image_fortress_shieldbar_left_100_20.png","ascent":-8400945,"height":3,"chars":["󎃝"]},{"type":"bitmap","file":"betterhud:image_image_fortress_shieldbar_left_100_21.png","ascent":-8400945,"height":3,"chars":["󎃞"]},{"type":"bitmap","file":"betterhud:image_image_fortress_shieldbar_left_100_22.png","ascent":-8400945,"height":3,"chars":["󎃟"]},{"type":"bitmap","file":"betterhud:image_image_fortress_shieldbar_left_100_23.png","ascent":-8400945,"height":3,"chars":["󎃠"]},{"type":"bitmap","file":"betterhud:image_image_fortress_shieldbar_left_100_24.png","ascent":-8400945,"height":3,"chars":["󎃡"]},{"type":"bitmap","file":"betterhud:image_image_fortress_shieldbar_left_100_25.png","ascent":-8400945,"height":3,"chars":["󎃢"]},{"type":"bitmap","file":"betterhud:image_image_fortress_shieldbar_left_100_26.png","ascent":-8400945,"height":3,"chars":["󎃣"]},{"type":"bitmap","file":"betterhud:image_image_fortress_shieldbar_left_100_27.png","ascent":-8400945,"height":3,"chars":["󎃤"]},{"type":"bitmap","file":"betterhud:image_image_fortress_shieldbar_left_100_28.png","ascent":-8400945,"height":3,"chars":["󎃥"]},{"type":"bitmap","file":"betterhud:image_image_fortress_shieldbar_left_100_29.png","ascent":-8400945,"height":3,"chars":["󎃦"]},{"type":"bitmap","file":"betterhud:image_image_fortress_shieldbar_left_100_30.png","ascent":-8400945,"height":3,"chars":["󎃧"]},{"type":"bitmap","file":"betterhud:image_image_fortress_shieldbar_left_100_31.png","ascent":-8400945,"height":3,"chars":["󎃨"]},{"type":"bitmap","file":"betterhud:image_image_fortress_shieldbar_left_100_32.png","ascent":-8400945,"height":3,"chars":["󎃩"]},{"type":"bitmap","file":"betterhud:image_image_fortress_shieldbar_left_100_33.png","ascent":-8400945,"height":3,"chars":["󎃪"]},{"type":"bitmap","file":"betterhud:image_image_fortress_shieldbar_left_100_34.png","ascent":-8400945,"height":3,"chars":["󎃫"]},{"type":"bitmap","file":"betterhud:image_image_fortress_shieldbar_left_100_35.png","ascent":-8400945,"height":3,"chars":["󎃬"]},{"type":"bitmap","file":"betterhud:image_image_fortress_shieldbar_left_100_36.png","ascent":-8400945,"height":3,"chars":["󎃭"]},{"type":"bitmap","file":"betterhud:image_image_fortress_shieldbar_left_100_37.png","ascent":-8400945,"height":3,"chars":["󎃮"]},{"type":"bitmap","file":"betterhud:image_image_fortress_shieldbar_left_100_38.png","ascent":-8400945,"height":3,"chars":["󎃯"]},{"type":"bitmap","file":"betterhud:image_image_fortress_shieldbar_left_100_39.png","ascent":-8400945,"height":3,"chars":["󎃰"]},{"type":"bitmap","file":"betterhud:image_image_fortress_shieldbar_left_100_40.png","ascent":-8400945,"height":3,"chars":["󎃱"]},{"type":"bitmap","file":"betterhud:image_image_fortress_shieldbar_left_100_41.png","ascent":-8400945,"height":3,"chars":["󎃲"]},{"type":"bitmap","file":"betterhud:image_image_fortress_shieldbar_left_100_42.png","ascent":-8400945,"height":3,"chars":["󎃳"]},{"type":"bitmap","file":"betterhud:image_image_fortress_shieldbar_left_100_43.png","ascent":-8400945,"height":3,"chars":["󎃴"]},{"type":"bitmap","file":"betterhud:image_image_fortress_shieldbar_left_100_44.png","ascent":-8400945,"height":3,"chars":["󎃵"]},{"type":"bitmap","file":"betterhud:image_image_fortress_shieldbar_left_100_45.png","ascent":-8400945,"height":3,"chars":["󎃶"]},{"type":"bitmap","file":"betterhud:image_image_fortress_shieldbar_left_100_46.png","ascent":-8400945,"height":3,"chars":["󎃷"]},{"type":"bitmap","file":"betterhud:image_image_fortress_shieldbar_left_100_47.png","ascent":-8400945,"height":3,"chars":["󎃸"]},{"type":"bitmap","file":"betterhud:image_image_fortress_shieldbar_left_100_48.png","ascent":-8400945,"height":3,"chars":["󎃹"]},{"type":"bitmap","file":"betterhud:image_image_fortress_shieldbar_left_100_49.png","ascent":-8400945,"height":3,"chars":["󎃺"]},{"type":"bitmap","file":"betterhud:image_image_fortress_shieldbar_left_100_50.png","ascent":-8400945,"height":3,"chars":["󎃻"]},{"type":"bitmap","file":"betterhud:image_image_fortress_shieldbar_left_100_51.png","ascent":-8400945,"height":3,"chars":["󎃼"]},{"type":"bitmap","file":"betterhud:image_image_fortress_shieldbar_left_100_52.png","ascent":-8400945,"height":3,"chars":["󎃽"]},{"type":"bitmap","file":"betterhud:image_image_fortress_shieldbar_left_100_53.png","ascent":-8400945,"height":3,"chars":["󎃾"]},{"type":"bitmap","file":"betterhud:image_image_fortress_shieldbar_left_100_54.png","ascent":-8400945,"height":3,"chars":["󎃿"]},{"type":"bitmap","file":"betterhud:image_image_fortress_shieldbar_left_100_55.png","ascent":-8400945,"height":3,"chars":["󎄀"]},{"type":"bitmap","file":"betterhud:image_image_fortress_shieldbar_left_100_56.png","ascent":-8400945,"height":3,"chars":["󎄁"]},{"type":"bitmap","file":"betterhud:image_image_fortress_shieldbar_left_100_57.png","ascent":-8400945,"height":3,"chars":["󎄂"]},{"type":"bitmap","file":"betterhud:image_image_fortress_shieldbar_left_100_58.png","ascent":-8400945,"height":3,"chars":["󎄃"]},{"type":"bitmap","file":"betterhud:image_image_fortress_shieldbar_left_100_59.png","ascent":-8400945,"height":3,"chars":["󎄄"]},{"type":"bitmap","file":"betterhud:image_image_fortress_shieldbar_left_100_60.png","ascent":-8400945,"height":3,"chars":["󎄅"]},{"type":"bitmap","file":"betterhud:image_image_fortress_shieldbar_left_100_61.png","ascent":-8400945,"height":3,"chars":["󎄆"]},{"type":"bitmap","file":"betterhud:image_image_fortress_shieldbar_left_100_62.png","ascent":-8400945,"height":3,"chars":["󎄇"]},{"type":"bitmap","file":"betterhud:image_image_fortress_shieldbar_left_100_63.png","ascent":-8400945,"height":3,"chars":["󎄈"]},{"type":"bitmap","file":"betterhud:image_image_fortress_shieldbar_left_100_64.png","ascent":-8400945,"height":3,"chars":["󎄉"]},{"type":"bitmap","file":"betterhud:image_image_fortress_shieldbar_left_100_65.png","ascent":-8400945,"height":3,"chars":["󎄊"]},{"type":"bitmap","file":"betterhud:image_image_fortress_shieldbar_left_100_66.png","ascent":-8400945,"height":3,"chars":["󎄋"]},{"type":"bitmap","file":"betterhud:image_image_fortress_shieldbar_left_100_67.png","ascent":-8400945,"height":3,"chars":["󎄌"]},{"type":"bitmap","file":"betterhud:image_image_fortress_shieldbar_left_100_68.png","ascent":-8400945,"height":3,"chars":["󎄍"]},{"type":"bitmap","file":"betterhud:image_image_fortress_shieldbar_left_100_69.png","ascent":-8400945,"height":3,"chars":["󎄎"]},{"type":"bitmap","file":"betterhud:image_image_fortress_shieldbar_left_100_70.png","ascent":-8400945,"height":3,"chars":["󎄏"]},{"type":"bitmap","file":"betterhud:image_image_fortress_shieldbar_left_100_71.png","ascent":-8400945,"height":3,"chars":["󎄐"]},{"type":"bitmap","file":"betterhud:image_image_fortress_shieldbar_left_100_72.png","ascent":-8400945,"height":3,"chars":["󎄑"]},{"type":"bitmap","file":"betterhud:image_image_fortress_shieldbar_left_100_73.png","ascent":-8400945,"height":3,"chars":["󎄒"]},{"type":"bitmap","file":"betterhud:image_image_fortress_shieldbar_left_100_74.png","ascent":-8400945,"height":3,"chars":["󎄓"]},{"type":"bitmap","file":"betterhud:image_image_fortress_shieldbar_left_100_75.png","ascent":-8400945,"height":3,"chars":["󎄔"]},{"type":"bitmap","file":"betterhud:image_image_fortress_shieldbar_left_100_76.png","ascent":-8400945,"height":3,"chars":["󎄕"]},{"type":"bitmap","file":"betterhud:image_image_fortress_shieldbar_left_100_77.png","ascent":-8400945,"height":3,"chars":["󎄖"]},{"type":"bitmap","file":"betterhud:image_image_fortress_shieldbar_left_100_78.png","ascent":-8400945,"height":3,"chars":["󎄗"]},{"type":"bitmap","file":"betterhud:image_image_fortress_shieldbar_left_100_79.png","ascent":-8400945,"height":3,"chars":["󎄘"]},{"type":"bitmap","file":"betterhud:image_image_fortress_shieldbar_left_100_80.png","ascent":-8400945,"height":3,"chars":["󎄙"]},{"type":"bitmap","file":"betterhud:image_image_fortress_shieldbar_left_100_81.png","ascent":-8400945,"height":3,"chars":["󎄚"]},{"type":"bitmap","file":"betterhud:image_image_fortress_shieldbar_left_100_82.png","ascent":-8400945,"height":3,"chars":["󎄛"]},{"type":"bitmap","file":"betterhud:image_image_fortress_shieldbar_left_100_83.png","ascent":-8400945,"height":3,"chars":["󎄜"]},{"type":"bitmap","file":"betterhud:image_image_fortress_shieldbar_left_100_84.png","ascent":-8400945,"height":3,"chars":["󎄝"]},{"type":"bitmap","file":"betterhud:image_image_fortress_shieldbar_left_100_85.png","ascent":-8400945,"height":3,"chars":["󎄞"]},{"type":"bitmap","file":"betterhud:image_image_fortress_shieldbar_left_100_86.png","ascent":-8400945,"height":3,"chars":["󎄟"]},{"type":"bitmap","file":"betterhud:image_image_fortress_shieldbar_left_100_87.png","ascent":-8400945,"height":3,"chars":["󎄠"]},{"type":"bitmap","file":"betterhud:image_image_fortress_shieldbar_left_100_88.png","ascent":-8400945,"height":3,"chars":["󎄡"]},{"type":"bitmap","file":"betterhud:image_image_fortress_shieldbar_left_100_89.png","ascent":-8400945,"height":3,"chars":["󎄢"]},{"type":"bitmap","file":"betterhud:image_image_fortress_shieldbar_left_100_90.png","ascent":-8400945,"height":3,"chars":["󎄣"]},{"type":"bitmap","file":"betterhud:image_image_fortress_shieldbar_left_100_91.png","ascent":-8400945,"height":3,"chars":["󎄤"]},{"type":"bitmap","file":"betterhud:image_image_fortress_shieldbar_left_100_92.png","ascent":-8400945,"height":3,"chars":["󎄥"]},{"type":"bitmap","file":"betterhud:image_image_fortress_shieldbar_left_100_93.png","ascent":-8400945,"height":3,"chars":["󎄦"]},{"type":"bitmap","file":"betterhud:image_image_fortress_shieldbar_left_100_94.png","ascent":-8400945,"height":3,"chars":["󎄧"]},{"type":"bitmap","file":"betterhud:image_image_fortress_shieldbar_left_100_95.png","ascent":-8400945,"height":3,"chars":["󎄨"]},{"type":"bitmap","file":"betterhud:image_image_fortress_shieldbar_left_100_96.png","ascent":-8400945,"height":3,"chars":["󎄩"]},{"type":"bitmap","file":"betterhud:image_image_fortress_shieldbar_left_100_97.png","ascent":-8400945,"height":3,"chars":["󎄪"]},{"type":"bitmap","file":"betterhud:image_image_fortress_shieldbar_left_100_98.png","ascent":-8400945,"height":3,"chars":["󎄫"]},{"type":"bitmap","file":"betterhud:image_image_fortress_shieldbar_left_100_99.png","ascent":-8400945,"height":3,"chars":["󎄬"]},{"type":"bitmap","file":"betterhud:image_image_fortress_shieldbar_left_100_100.png","ascent":-8400945,"height":3,"chars":["󎄭"]},{"type":"bitmap","file":"betterhud:image_image_fortress_shieldbar_right_100_1.png","ascent":-8400945,"height":3,"chars":["󎄮"]},{"type":"bitmap","file":"betterhud:image_image_fortress_shieldbar_right_100_2.png","ascent":-8400945,"height":3,"chars":["󎄯"]},{"type":"bitmap","file":"betterhud:image_image_fortress_shieldbar_right_100_3.png","ascent":-8400945,"height":3,"chars":["󎄰"]},{"type":"bitmap","file":"betterhud:image_image_fortress_shieldbar_right_100_4.png","ascent":-8400945,"height":3,"chars":["󎄱"]},{"type":"bitmap","file":"betterhud:image_image_fortress_shieldbar_right_100_5.png","ascent":-8400945,"height":3,"chars":["󎄲"]},{"type":"bitmap","file":"betterhud:image_image_fortress_shieldbar_right_100_6.png","ascent":-8400945,"height":3,"chars":["󎄳"]},{"type":"bitmap","file":"betterhud:image_image_fortress_shieldbar_right_100_7.png","ascent":-8400945,"height":3,"chars":["󎄴"]},{"type":"bitmap","file":"betterhud:image_image_fortress_shieldbar_right_100_8.png","ascent":-8400945,"height":3,"chars":["󎄵"]},{"type":"bitmap","file":"betterhud:image_image_fortress_shieldbar_right_100_9.png","ascent":-8400945,"height":3,"chars":["󎄶"]},{"type":"bitmap","file":"betterhud:image_image_fortress_shieldbar_right_100_10.png","ascent":-8400945,"height":3,"chars":["󎄷"]},{"type":"bitmap","file":"betterhud:image_image_fortress_shieldbar_right_100_11.png","ascent":-8400945,"height":3,"chars":["󎄸"]},{"type":"bitmap","file":"betterhud:image_image_fortress_shieldbar_right_100_12.png","ascent":-8400945,"height":3,"chars":["󎄹"]},{"type":"bitmap","file":"betterhud:image_image_fortress_shieldbar_right_100_13.png","ascent":-8400945,"height":3,"chars":["󎄺"]},{"type":"bitmap","file":"betterhud:image_image_fortress_shieldbar_right_100_14.png","ascent":-8400945,"height":3,"chars":["󎄻"]},{"type":"bitmap","file":"betterhud:image_image_fortress_shieldbar_right_100_15.png","ascent":-8400945,"height":3,"chars":["󎄼"]},{"type":"bitmap","file":"betterhud:image_image_fortress_shieldbar_right_100_16.png","ascent":-8400945,"height":3,"chars":["󎄽"]},{"type":"bitmap","file":"betterhud:image_image_fortress_shieldbar_right_100_17.png","ascent":-8400945,"height":3,"chars":["󎄾"]},{"type":"bitmap","file":"betterhud:image_image_fortress_shieldbar_right_100_18.png","ascent":-8400945,"height":3,"chars":["󎄿"]},{"type":"bitmap","file":"betterhud:image_image_fortress_shieldbar_right_100_19.png","ascent":-8400945,"height":3,"chars":["󎅀"]},{"type":"bitmap","file":"betterhud:image_image_fortress_shieldbar_right_100_20.png","ascent":-8400945,"height":3,"chars":["󎅁"]},{"type":"bitmap","file":"betterhud:image_image_fortress_shieldbar_right_100_21.png","ascent":-8400945,"height":3,"chars":["󎅂"]},{"type":"bitmap","file":"betterhud:image_image_fortress_shieldbar_right_100_22.png","ascent":-8400945,"height":3,"chars":["󎅃"]},{"type":"bitmap","file":"betterhud:image_image_fortress_shieldbar_right_100_23.png","ascent":-8400945,"height":3,"chars":["󎅄"]},{"type":"bitmap","file":"betterhud:image_image_fortress_shieldbar_right_100_24.png","ascent":-8400945,"height":3,"chars":["󎅅"]},{"type":"bitmap","file":"betterhud:image_image_fortress_shieldbar_right_100_25.png","ascent":-8400945,"height":3,"chars":["󎅆"]},{"type":"bitmap","file":"betterhud:image_image_fortress_shieldbar_right_100_26.png","ascent":-8400945,"height":3,"chars":["󎅇"]},{"type":"bitmap","file":"betterhud:image_image_fortress_shieldbar_right_100_27.png","ascent":-8400945,"height":3,"chars":["󎅈"]},{"type":"bitmap","file":"betterhud:image_image_fortress_shieldbar_right_100_28.png","ascent":-8400945,"height":3,"chars":["󎅉"]},{"type":"bitmap","file":"betterhud:image_image_fortress_shieldbar_right_100_29.png","ascent":-8400945,"height":3,"chars":["󎅊"]},{"type":"bitmap","file":"betterhud:image_image_fortress_shieldbar_right_100_30.png","ascent":-8400945,"height":3,"chars":["󎅋"]},{"type":"bitmap","file":"betterhud:image_image_fortress_shieldbar_right_100_31.png","ascent":-8400945,"height":3,"chars":["󎅌"]},{"type":"bitmap","file":"betterhud:image_image_fortress_shieldbar_right_100_32.png","ascent":-8400945,"height":3,"chars":["󎅍"]},{"type":"bitmap","file":"betterhud:image_image_fortress_shieldbar_right_100_33.png","ascent":-8400945,"height":3,"chars":["󎅎"]},{"type":"bitmap","file":"betterhud:image_image_fortress_shieldbar_right_100_34.png","ascent":-8400945,"height":3,"chars":["󎅏"]},{"type":"bitmap","file":"betterhud:image_image_fortress_shieldbar_right_100_35.png","ascent":-8400945,"height":3,"chars":["󎅐"]},{"type":"bitmap","file":"betterhud:image_image_fortress_shieldbar_right_100_36.png","ascent":-8400945,"height":3,"chars":["󎅑"]},{"type":"bitmap","file":"betterhud:image_image_fortress_shieldbar_right_100_37.png","ascent":-8400945,"height":3,"chars":["󎅒"]},{"type":"bitmap","file":"betterhud:image_image_fortress_shieldbar_right_100_38.png","ascent":-8400945,"height":3,"chars":["󎅓"]},{"type":"bitmap","file":"betterhud:image_image_fortress_shieldbar_right_100_39.png","ascent":-8400945,"height":3,"chars":["󎅔"]},{"type":"bitmap","file":"betterhud:image_image_fortress_shieldbar_right_100_40.png","ascent":-8400945,"height":3,"chars":["󎅕"]},{"type":"bitmap","file":"betterhud:image_image_fortress_shieldbar_right_100_41.png","ascent":-8400945,"height":3,"chars":["󎅖"]},{"type":"bitmap","file":"betterhud:image_image_fortress_shieldbar_right_100_42.png","ascent":-8400945,"height":3,"chars":["󎅗"]},{"type":"bitmap","file":"betterhud:image_image_fortress_shieldbar_right_100_43.png","ascent":-8400945,"height":3,"chars":["󎅘"]},{"type":"bitmap","file":"betterhud:image_image_fortress_shieldbar_right_100_44.png","ascent":-8400945,"height":3,"chars":["󎅙"]},{"type":"bitmap","file":"betterhud:image_image_fortress_shieldbar_right_100_45.png","ascent":-8400945,"height":3,"chars":["󎅚"]},{"type":"bitmap","file":"betterhud:image_image_fortress_shieldbar_right_100_46.png","ascent":-8400945,"height":3,"chars":["󎅛"]},{"type":"bitmap","file":"betterhud:image_image_fortress_shieldbar_right_100_47.png","ascent":-8400945,"height":3,"chars":["󎅜"]},{"type":"bitmap","file":"betterhud:image_image_fortress_shieldbar_right_100_48.png","ascent":-8400945,"height":3,"chars":["󎅝"]},{"type":"bitmap","file":"betterhud:image_image_fortress_shieldbar_right_100_49.png","ascent":-8400945,"height":3,"chars":["󎅞"]},{"type":"bitmap","file":"betterhud:image_image_fortress_shieldbar_right_100_50.png","ascent":-8400945,"height":3,"chars":["󎅟"]},{"type":"bitmap","file":"betterhud:image_image_fortress_shieldbar_right_100_51.png","ascent":-8400945,"height":3,"chars":["󎅠"]},{"type":"bitmap","file":"betterhud:image_image_fortress_shieldbar_right_100_52.png","ascent":-8400945,"height":3,"chars":["󎅡"]},{"type":"bitmap","file":"betterhud:image_image_fortress_shieldbar_right_100_53.png","ascent":-8400945,"height":3,"chars":["󎅢"]},{"type":"bitmap","file":"betterhud:image_image_fortress_shieldbar_right_100_54.png","ascent":-8400945,"height":3,"chars":["󎅣"]},{"type":"bitmap","file":"betterhud:image_image_fortress_shieldbar_right_100_55.png","ascent":-8400945,"height":3,"chars":["󎅤"]},{"type":"bitmap","file":"betterhud:image_image_fortress_shieldbar_right_100_56.png","ascent":-8400945,"height":3,"chars":["󎅥"]},{"type":"bitmap","file":"betterhud:image_image_fortress_shieldbar_right_100_57.png","ascent":-8400945,"height":3,"chars":["󎅦"]},{"type":"bitmap","file":"betterhud:image_image_fortress_shieldbar_right_100_58.png","ascent":-8400945,"height":3,"chars":["󎅧"]},{"type":"bitmap","file":"betterhud:image_image_fortress_shieldbar_right_100_59.png","ascent":-8400945,"height":3,"chars":["󎅨"]},{"type":"bitmap","file":"betterhud:image_image_fortress_shieldbar_right_100_60.png","ascent":-8400945,"height":3,"chars":["󎅩"]},{"type":"bitmap","file":"betterhud:image_image_fortress_shieldbar_right_100_61.png","ascent":-8400945,"height":3,"chars":["󎅪"]},{"type":"bitmap","file":"betterhud:image_image_fortress_shieldbar_right_100_62.png","ascent":-8400945,"height":3,"chars":["󎅫"]},{"type":"bitmap","file":"betterhud:image_image_fortress_shieldbar_right_100_63.png","ascent":-8400945,"height":3,"chars":["󎅬"]},{"type":"bitmap","file":"betterhud:image_image_fortress_shieldbar_right_100_64.png","ascent":-8400945,"height":3,"chars":["󎅭"]},{"type":"bitmap","file":"betterhud:image_image_fortress_shieldbar_right_100_65.png","ascent":-8400945,"height":3,"chars":["󎅮"]},{"type":"bitmap","file":"betterhud:image_image_fortress_shieldbar_right_100_66.png","ascent":-8400945,"height":3,"chars":["󎅯"]},{"type":"bitmap","file":"betterhud:image_image_fortress_shieldbar_right_100_67.png","ascent":-8400945,"height":3,"chars":["󎅰"]},{"type":"bitmap","file":"betterhud:image_image_fortress_shieldbar_right_100_68.png","ascent":-8400945,"height":3,"chars":["󎅱"]},{"type":"bitmap","file":"betterhud:image_image_fortress_shieldbar_right_100_69.png","ascent":-8400945,"height":3,"chars":["󎅲"]},{"type":"bitmap","file":"betterhud:image_image_fortress_shieldbar_right_100_70.png","ascent":-8400945,"height":3,"chars":["󎅳"]},{"type":"bitmap","file":"betterhud:image_image_fortress_shieldbar_right_100_71.png","ascent":-8400945,"height":3,"chars":["󎅴"]},{"type":"bitmap","file":"betterhud:image_image_fortress_shieldbar_right_100_72.png","ascent":-8400945,"height":3,"chars":["󎅵"]},{"type":"bitmap","file":"betterhud:image_image_fortress_shieldbar_right_100_73.png","ascent":-8400945,"height":3,"chars":["󎅶"]},{"type":"bitmap","file":"betterhud:image_image_fortress_shieldbar_right_100_74.png","ascent":-8400945,"height":3,"chars":["󎅷"]},{"type":"bitmap","file":"betterhud:image_image_fortress_shieldbar_right_100_75.png","ascent":-8400945,"height":3,"chars":["󎅸"]},{"type":"bitmap","file":"betterhud:image_image_fortress_shieldbar_right_100_76.png","ascent":-8400945,"height":3,"chars":["󎅹"]},{"type":"bitmap","file":"betterhud:image_image_fortress_shieldbar_right_100_77.png","ascent":-8400945,"height":3,"chars":["󎅺"]},{"type":"bitmap","file":"betterhud:image_image_fortress_shieldbar_right_100_78.png","ascent":-8400945,"height":3,"chars":["󎅻"]},{"type":"bitmap","file":"betterhud:image_image_fortress_shieldbar_right_100_79.png","ascent":-8400945,"height":3,"chars":["󎅼"]},{"type":"bitmap","file":"betterhud:image_image_fortress_shieldbar_right_100_80.png","ascent":-8400945,"height":3,"chars":["󎅽"]},{"type":"bitmap","file":"betterhud:image_image_fortress_shieldbar_right_100_81.png","ascent":-8400945,"height":3,"chars":["󎅾"]},{"type":"bitmap","file":"betterhud:image_image_fortress_shieldbar_right_100_82.png","ascent":-8400945,"height":3,"chars":["󎅿"]},{"type":"bitmap","file":"betterhud:image_image_fortress_shieldbar_right_100_83.png","ascent":-8400945,"height":3,"chars":["󎆀"]},{"type":"bitmap","file":"betterhud:image_image_fortress_shieldbar_right_100_84.png","ascent":-8400945,"height":3,"chars":["󎆁"]},{"type":"bitmap","file":"betterhud:image_image_fortress_shieldbar_right_100_85.png","ascent":-8400945,"height":3,"chars":["󎆂"]},{"type":"bitmap","file":"betterhud:image_image_fortress_shieldbar_right_100_86.png","ascent":-8400945,"height":3,"chars":["󎆃"]},{"type":"bitmap","file":"betterhud:image_image_fortress_shieldbar_right_100_87.png","ascent":-8400945,"height":3,"chars":["󎆄"]},{"type":"bitmap","file":"betterhud:image_image_fortress_shieldbar_right_100_88.png","ascent":-8400945,"height":3,"chars":["󎆅"]},{"type":"bitmap","file":"betterhud:image_image_fortress_shieldbar_right_100_89.png","ascent":-8400945,"height":3,"chars":["󎆆"]},{"type":"bitmap","file":"betterhud:image_image_fortress_shieldbar_right_100_90.png","ascent":-8400945,"height":3,"chars":["󎆇"]},{"type":"bitmap","file":"betterhud:image_image_fortress_shieldbar_right_100_91.png","ascent":-8400945,"height":3,"chars":["󎆈"]},{"type":"bitmap","file":"betterhud:image_image_fortress_shieldbar_right_100_92.png","ascent":-8400945,"height":3,"chars":["󎆉"]},{"type":"bitmap","file":"betterhud:image_image_fortress_shieldbar_right_100_93.png","ascent":-8400945,"height":3,"chars":["󎆊"]},{"type":"bitmap","file":"betterhud:image_image_fortress_shieldbar_right_100_94.png","ascent":-8400945,"height":3,"chars":["󎆋"]},{"type":"bitmap","file":"betterhud:image_image_fortress_shieldbar_right_100_95.png","ascent":-8400945,"height":3,"chars":["󎆌"]},{"type":"bitmap","file":"betterhud:image_image_fortress_shieldbar_right_100_96.png","ascent":-8400945,"height":3,"chars":["󎆍"]},{"type":"bitmap","file":"betterhud:image_image_fortress_shieldbar_right_100_97.png","ascent":-8400945,"height":3,"chars":["󎆎"]},{"type":"bitmap","file":"betterhud:image_image_fortress_shieldbar_right_100_98.png","ascent":-8400945,"height":3,"chars":["󎆏"]},{"type":"bitmap","file":"betterhud:image_image_fortress_shieldbar_right_100_99.png","ascent":-8400945,"height":3,"chars":["󎆐"]},{"type":"bitmap","file":"betterhud:image_image_fortress_shieldbar_right_100_100.png","ascent":-8400945,"height":3,"chars":["󎆑"]}]}