{"providers":[{"type":"space","advances":{"󎀁":-1}},{"type":"bitmap","file":"betterhud:image_bowmaster_rapid_empty.png","ascent":-8417179,"height":16,"chars":["󎀂"]},{"type":"bitmap","file":"betterhud:image_image_bowmaster_rapid_left_4_1.png","ascent":-8417179,"height":16,"chars":["󎀃"]},{"type":"bitmap","file":"betterhud:image_image_bowmaster_rapid_left_4_2.png","ascent":-8417179,"height":16,"chars":["󎀄"]},{"type":"bitmap","file":"betterhud:image_image_bowmaster_rapid_left_4_3.png","ascent":-8417179,"height":16,"chars":["󎀅"]},{"type":"bitmap","file":"betterhud:image_image_bowmaster_rapid_left_4_4.png","ascent":-8417179,"height":16,"chars":["󎀆"]},{"type":"bitmap","file":"betterhud:image_bowmaster_rapidtime_empty.png","ascent":-8417199,"height":3,"chars":["󎀇"]},{"type":"bitmap","file":"betterhud:image_image_bowmaster_rapidtime_left_80_1.png","ascent":-8417199,"height":3,"chars":["󎀈"]},{"type":"bitmap","file":"betterhud:image_image_bowmaster_rapidtime_left_80_2.png","ascent":-8417199,"height":3,"chars":["󎀉"]},{"type":"bitmap","file":"betterhud:image_image_bowmaster_rapidtime_left_80_3.png","ascent":-8417199,"height":3,"chars":["󎀊"]},{"type":"bitmap","file":"betterhud:image_image_bowmaster_rapidtime_left_80_4.png","ascent":-8417199,"height":3,"chars":["󎀋"]},{"type":"bitmap","file":"betterhud:image_image_bowmaster_rapidtime_left_80_5.png","ascent":-8417199,"height":3,"chars":["󎀌"]},{"type":"bitmap","file":"betterhud:image_image_bowmaster_rapidtime_left_80_6.png","ascent":-8417199,"height":3,"chars":["󎀍"]},{"type":"bitmap","file":"betterhud:image_image_bowmaster_rapidtime_left_80_7.png","ascent":-8417199,"height":3,"chars":["󎀎"]},{"type":"bitmap","file":"betterhud:image_image_bowmaster_rapidtime_left_80_8.png","ascent":-8417199,"height":3,"chars":["󎀏"]},{"type":"bitmap","file":"betterhud:image_image_bowmaster_rapidtime_left_80_9.png","ascent":-8417199,"height":3,"chars":["󎀐"]},{"type":"bitmap","file":"betterhud:image_image_bowmaster_rapidtime_left_80_10.png","ascent":-8417199,"height":3,"chars":["󎀑"]},{"type":"bitmap","file":"betterhud:image_image_bowmaster_rapidtime_left_80_11.png","ascent":-8417199,"height":3,"chars":["󎀒"]},{"type":"bitmap","file":"betterhud:image_image_bowmaster_rapidtime_left_80_12.png","ascent":-8417199,"height":3,"chars":["󎀓"]},{"type":"bitmap","file":"betterhud:image_image_bowmaster_rapidtime_left_80_13.png","ascent":-8417199,"height":3,"chars":["󎀔"]},{"type":"bitmap","file":"betterhud:image_image_bowmaster_rapidtime_left_80_14.png","ascent":-8417199,"height":3,"chars":["󎀕"]},{"type":"bitmap","file":"betterhud:image_image_bowmaster_rapidtime_left_80_15.png","ascent":-8417199,"height":3,"chars":["󎀖"]},{"type":"bitmap","file":"betterhud:image_image_bowmaster_rapidtime_left_80_16.png","ascent":-8417199,"height":3,"chars":["󎀗"]},{"type":"bitmap","file":"betterhud:image_image_bowmaster_rapidtime_left_80_17.png","ascent":-8417199,"height":3,"chars":["󎀘"]},{"type":"bitmap","file":"betterhud:image_image_bowmaster_rapidtime_left_80_18.png","ascent":-8417199,"height":3,"chars":["󎀙"]},{"type":"bitmap","file":"betterhud:image_image_bowmaster_rapidtime_left_80_19.png","ascent":-8417199,"height":3,"chars":["󎀚"]},{"type":"bitmap","file":"betterhud:image_image_bowmaster_rapidtime_left_80_20.png","ascent":-8417199,"height":3,"chars":["󎀛"]},{"type":"bitmap","file":"betterhud:image_image_bowmaster_rapidtime_left_80_21.png","ascent":-8417199,"height":3,"chars":["󎀜"]},{"type":"bitmap","file":"betterhud:image_image_bowmaster_rapidtime_left_80_22.png","ascent":-8417199,"height":3,"chars":["󎀝"]},{"type":"bitmap","file":"betterhud:image_image_bowmaster_rapidtime_left_80_23.png","ascent":-8417199,"height":3,"chars":["󎀞"]},{"type":"bitmap","file":"betterhud:image_image_bowmaster_rapidtime_left_80_24.png","ascent":-8417199,"height":3,"chars":["󎀟"]},{"type":"bitmap","file":"betterhud:image_image_bowmaster_rapidtime_left_80_25.png","ascent":-8417199,"height":3,"chars":["󎀠"]},{"type":"bitmap","file":"betterhud:image_image_bowmaster_rapidtime_left_80_26.png","ascent":-8417199,"height":3,"chars":["󎀡"]},{"type":"bitmap","file":"betterhud:image_image_bowmaster_rapidtime_left_80_27.png","ascent":-8417199,"height":3,"chars":["󎀢"]},{"type":"bitmap","file":"betterhud:image_image_bowmaster_rapidtime_left_80_28.png","ascent":-8417199,"height":3,"chars":["󎀣"]},{"type":"bitmap","file":"betterhud:image_image_bowmaster_rapidtime_left_80_29.png","ascent":-8417199,"height":3,"chars":["󎀤"]},{"type":"bitmap","file":"betterhud:image_image_bowmaster_rapidtime_left_80_30.png","ascent":-8417199,"height":3,"chars":["󎀥"]},{"type":"bitmap","file":"betterhud:image_image_bowmaster_rapidtime_left_80_31.png","ascent":-8417199,"height":3,"chars":["󎀦"]},{"type":"bitmap","file":"betterhud:image_image_bowmaster_rapidtime_left_80_32.png","ascent":-8417199,"height":3,"chars":["󎀧"]},{"type":"bitmap","file":"betterhud:image_image_bowmaster_rapidtime_left_80_33.png","ascent":-8417199,"height":3,"chars":["󎀨"]},{"type":"bitmap","file":"betterhud:image_image_bowmaster_rapidtime_left_80_34.png","ascent":-8417199,"height":3,"chars":["󎀩"]},{"type":"bitmap","file":"betterhud:image_image_bowmaster_rapidtime_left_80_35.png","ascent":-8417199,"height":3,"chars":["󎀪"]},{"type":"bitmap","file":"betterhud:image_image_bowmaster_rapidtime_left_80_36.png","ascent":-8417199,"height":3,"chars":["󎀫"]},{"type":"bitmap","file":"betterhud:image_image_bowmaster_rapidtime_left_80_37.png","ascent":-8417199,"height":3,"chars":["󎀬"]},{"type":"bitmap","file":"betterhud:image_image_bowmaster_rapidtime_left_80_38.png","ascent":-8417199,"height":3,"chars":["󎀭"]},{"type":"bitmap","file":"betterhud:image_image_bowmaster_rapidtime_left_80_39.png","ascent":-8417199,"height":3,"chars":["󎀮"]},{"type":"bitmap","file":"betterhud:image_image_bowmaster_rapidtime_left_80_40.png","ascent":-8417199,"height":3,"chars":["󎀯"]},{"type":"bitmap","file":"betterhud:image_image_bowmaster_rapidtime_left_80_41.png","ascent":-8417199,"height":3,"chars":["󎀰"]},{"type":"bitmap","file":"betterhud:image_image_bowmaster_rapidtime_left_80_42.png","ascent":-8417199,"height":3,"chars":["󎀱"]},{"type":"bitmap","file":"betterhud:image_image_bowmaster_rapidtime_left_80_43.png","ascent":-8417199,"height":3,"chars":["󎀲"]},{"type":"bitmap","file":"betterhud:image_image_bowmaster_rapidtime_left_80_44.png","ascent":-8417199,"height":3,"chars":["󎀳"]},{"type":"bitmap","file":"betterhud:image_image_bowmaster_rapidtime_left_80_45.png","ascent":-8417199,"height":3,"chars":["󎀴"]},{"type":"bitmap","file":"betterhud:image_image_bowmaster_rapidtime_left_80_46.png","ascent":-8417199,"height":3,"chars":["󎀵"]},{"type":"bitmap","file":"betterhud:image_image_bowmaster_rapidtime_left_80_47.png","ascent":-8417199,"height":3,"chars":["󎀶"]},{"type":"bitmap","file":"betterhud:image_image_bowmaster_rapidtime_left_80_48.png","ascent":-8417199,"height":3,"chars":["󎀷"]},{"type":"bitmap","file":"betterhud:image_image_bowmaster_rapidtime_left_80_49.png","ascent":-8417199,"height":3,"chars":["󎀸"]},{"type":"bitmap","file":"betterhud:image_image_bowmaster_rapidtime_left_80_50.png","ascent":-8417199,"height":3,"chars":["󎀹"]},{"type":"bitmap","file":"betterhud:image_image_bowmaster_rapidtime_left_80_51.png","ascent":-8417199,"height":3,"chars":["󎀺"]},{"type":"bitmap","file":"betterhud:image_image_bowmaster_rapidtime_left_80_52.png","ascent":-8417199,"height":3,"chars":["󎀻"]},{"type":"bitmap","file":"betterhud:image_image_bowmaster_rapidtime_left_80_53.png","ascent":-8417199,"height":3,"chars":["󎀼"]},{"type":"bitmap","file":"betterhud:image_image_bowmaster_rapidtime_left_80_54.png","ascent":-8417199,"height":3,"chars":["󎀽"]},{"type":"bitmap","file":"betterhud:image_image_bowmaster_rapidtime_left_80_55.png","ascent":-8417199,"height":3,"chars":["󎀾"]},{"type":"bitmap","file":"betterhud:image_image_bowmaster_rapidtime_left_80_56.png","ascent":-8417199,"height":3,"chars":["󎀿"]},{"type":"bitmap","file":"betterhud:image_image_bowmaster_rapidtime_left_80_57.png","ascent":-8417199,"height":3,"chars":["󎁀"]},{"type":"bitmap","file":"betterhud:image_image_bowmaster_rapidtime_left_80_58.png","ascent":-8417199,"height":3,"chars":["󎁁"]},{"type":"bitmap","file":"betterhud:image_image_bowmaster_rapidtime_left_80_59.png","ascent":-8417199,"height":3,"chars":["󎁂"]},{"type":"bitmap","file":"betterhud:image_image_bowmaster_rapidtime_left_80_60.png","ascent":-8417199,"height":3,"chars":["󎁃"]},{"type":"bitmap","file":"betterhud:image_image_bowmaster_rapidtime_left_80_61.png","ascent":-8417199,"height":3,"chars":["󎁄"]},{"type":"bitmap","file":"betterhud:image_image_bowmaster_rapidtime_left_80_62.png","ascent":-8417199,"height":3,"chars":["󎁅"]},{"type":"bitmap","file":"betterhud:image_image_bowmaster_rapidtime_left_80_63.png","ascent":-8417199,"height":3,"chars":["󎁆"]},{"type":"bitmap","file":"betterhud:image_image_bowmaster_rapidtime_left_80_64.png","ascent":-8417199,"height":3,"chars":["󎁇"]},{"type":"bitmap","file":"betterhud:image_image_bowmaster_rapidtime_left_80_65.png","ascent":-8417199,"height":3,"chars":["󎁈"]},{"type":"bitmap","file":"betterhud:image_image_bowmaster_rapidtime_left_80_66.png","ascent":-8417199,"height":3,"chars":["󎁉"]},{"type":"bitmap","file":"betterhud:image_image_bowmaster_rapidtime_left_80_67.png","ascent":-8417199,"height":3,"chars":["󎁊"]},{"type":"bitmap","file":"betterhud:image_image_bowmaster_rapidtime_left_80_68.png","ascent":-8417199,"height":3,"chars":["󎁋"]},{"type":"bitmap","file":"betterhud:image_image_bowmaster_rapidtime_left_80_69.png","ascent":-8417199,"height":3,"chars":["󎁌"]},{"type":"bitmap","file":"betterhud:image_image_bowmaster_rapidtime_left_80_70.png","ascent":-8417199,"height":3,"chars":["󎁍"]},{"type":"bitmap","file":"betterhud:image_image_bowmaster_rapidtime_left_80_71.png","ascent":-8417199,"height":3,"chars":["󎁎"]},{"type":"bitmap","file":"betterhud:image_image_bowmaster_rapidtime_left_80_72.png","ascent":-8417199,"height":3,"chars":["󎁏"]},{"type":"bitmap","file":"betterhud:image_image_bowmaster_rapidtime_left_80_73.png","ascent":-8417199,"height":3,"chars":["󎁐"]},{"type":"bitmap","file":"betterhud:image_image_bowmaster_rapidtime_left_80_74.png","ascent":-8417199,"height":3,"chars":["󎁑"]},{"type":"bitmap","file":"betterhud:image_image_bowmaster_rapidtime_left_80_75.png","ascent":-8417199,"height":3,"chars":["󎁒"]},{"type":"bitmap","file":"betterhud:image_image_bowmaster_rapidtime_left_80_76.png","ascent":-8417199,"height":3,"chars":["󎁓"]},{"type":"bitmap","file":"betterhud:image_image_bowmaster_rapidtime_left_80_77.png","ascent":-8417199,"height":3,"chars":["󎁔"]},{"type":"bitmap","file":"betterhud:image_image_bowmaster_rapidtime_left_80_78.png","ascent":-8417199,"height":3,"chars":["󎁕"]},{"type":"bitmap","file":"betterhud:image_image_bowmaster_rapidtime_left_80_79.png","ascent":-8417199,"height":3,"chars":["󎁖"]},{"type":"bitmap","file":"betterhud:image_image_bowmaster_rapidtime_left_80_80.png","ascent":-8417199,"height":3,"chars":["󎁗"]}]}