{
	"providers": [
		{
			"type": "ttf",
			"file": "minecraft:lore.ttf",
			"shift": [0, -1],
			"size": 8.0,
			"oversample": 4
		},
		{
			"type": "bitmap",
			"file": "minecraft:font/icon_hp.png",
			"ascent": 7,
			"height": 8,
			"chars": [
				"💗"
			]
		},
		{
			"type": "bitmap",
			"file": "minecraft:font/icon_ad.png",
			"ascent": 7,
			"height": 8,
			"chars": [
				"⚔"
			]
		},
		{
			"type": "bitmap",
			"file": "minecraft:font/icon_as.png",
			"ascent": 7,
			"height": 8,
			"chars": [
				"🔪"
			]
		},
		{
			"type": "bitmap",
			"file": "minecraft:font/icon_cool.png",
			"ascent": 8,
			"height": 8,
			"chars": [
				"🕛"
			]
		},
		{
			"type": "bitmap",
			"file": "minecraft:font/icon_ult.png",
			"ascent": 7,
			"height": 8,
			"chars": [
				"⚡"
			]
		}
	]
}