{
    "providers": [
        {
            "type": "ttf",
            "file": "minecraft:map.ttf",
            "shift": [0, 0],
            "size": 9.0,
            "oversample": 10
        },
        {
            "type": "bitmap",
            "file": "minecraft:font/map.png",
            "ascent": 96,
            "height": 96,
            "chars": [
                "地"
            ]
        },
        {
            "type": "bitmap",
            "file": "minecraft:font/point1.png",
            "ascent": 96,
            "height": 96,
            "chars": [
                "一"
            ]
        },
        {
            "type": "bitmap",
            "file": "minecraft:font/point2.png",
            "ascent": 96,
            "height": 96,
            "chars": [
                "二"
            ]
        },
        {
            "type": "bitmap",
            "file": "minecraft:font/point3.png",
            "ascent": 96,
            "height": 96,
            "chars": [
                "三"
            ]
        },
        {
            "type": "bitmap",
            "file": "minecraft:font/blank.png",
            "ascent": -32768,
            "height": -99,
            "chars": [
                "無"
            ]
        },
        {
            "type": "bitmap",
            "file": "minecraft:font/bar.png",
            "ascent": 8,
            "height": 8,
            "chars": [
                "漢"
            ]
        },
        {
            "type": "bitmap",
            "file": "minecraft:font/icon_soul.png",
            "ascent": 8,
            "height": 8,
            "chars": [
                "魂"
            ]
        }
    ]
}

