{
    "providers": [
		{
			"type": "ttf",
			"file": "minecraft:lore.ttf",
			"shift": [0, -1],
			"size": 8.0,
			"oversample": 4
		},
    {
            "type": "bitmap",
            "file": "minecraft:font/ping/1.png",
            "chars": [
                "𠷇" 
            ],
            "ascent": 30,
            "height": 30
        },
    {
            "type": "bitmap",
            "file": "minecraft:font/ping/2.png",
            "chars": [
                "靑"
            ],
            "ascent": 30,
            "height": 30
        },
    {
            "type": "bitmap",
            "file": "minecraft:font/ping/3.png",
            "chars": [
                "白"
            ],
            "ascent": 30,
            "height": 30
        },
    {
            "type": "bitmap",
            "file": "minecraft:font/ping/4.png",
            "chars": [
                "黑"
            ],
            "ascent": 30,
            "height": 30
        }
    ]
}