{
    "providers": [
		{
			"type": "ttf",
			"file": "minecraft:lore.ttf",
			"shift": [0, -1],
			"size": 8.0,
			"oversample": 4
		},
        {
            "type": "bitmap",
            "file": "minecraft:font/spawner_counter.png",
            "chars": [
                "人" 
            ],
            "ascent": 8,
            "height": 10
        },
        {
            "type": "bitmap",
            "file": "minecraft:font/spawner_danger.png",
            "chars": [
                "危"
            ],
            "ascent": 16,
            "height": 16
        },
   	    {
            "type": "bitmap",
            "file": "minecraft:font/spawner_boss.png",
            "chars": [
                "王"
            ],
            "ascent": 24,
            "height": 24
        },
		{
			"type": "bitmap",
			"file": "minecraft:font/icon_cool.png",
			"ascent": 8,
			"height": 10,
			"chars": [
				"時"
			]
		}
    ]
}