{"textures":{"0":"bettermodel:item/center_guardian_shadowguardian","1":"bettermodel:item/center_guardian_shadowguardian_flame","particle":"bettermodel:item/center_guardian_shadowguardian"},"elements":[{"from":[7.1889186,5.0459414,6.795118],"to":[8.926606,6.6247835,8.37396],"faces":{"north":{"uv":[1.25,7.5,2.125,8.375],"tintindex":0,"texture":"#0"},"east":{"uv":[7.625,1.875,8.5,2.75],"tintindex":0,"texture":"#0"},"south":{"uv":[3.125,7.625,4.0,8.5],"tintindex":0,"texture":"#0"},"west":{"uv":[7.625,6.25,8.5,7.125],"tintindex":0,"texture":"#0"},"up":{"uv":[8.5,8.0,7.625,7.125],"tintindex":0,"texture":"#0"},"down":{"uv":[3.0,7.75,2.125,8.625],"tintindex":0,"texture":"#0"}},"rotation":{"angle":22.5,"axis":"x","origin":[5.2415934,6.0914497,7.384707]}},{"from":[7.249088,4.2454376,6.5198364],"to":[8.827929,5.429569,7.9013224],"faces":{"north":{"uv":[0.0,9.5,0.875,10.125],"tintindex":0,"texture":"#0"},"east":{"uv":[0.0,10.125,0.75,10.75],"tintindex":0,"texture":"#0"},"south":{"uv":[9.625,0.0,10.5,0.625],"tintindex":0,"texture":"#0"},"west":{"uv":[10.125,5.5,10.875,6.125],"tintindex":0,"texture":"#0"},"up":{"uv":[7.125,9.375,6.25,8.625],"tintindex":0,"texture":"#0"},"down":{"uv":[0.875,8.75,0.0,9.5],"tintindex":0,"texture":"#0"}}},{"from":[7.4464426,3.5283842,6.0162897],"to":[8.630574,4.7125154,7.3977757],"faces":{"north":{"uv":[10.625,4.125,11.25,4.75],"tintindex":0,"texture":"#0"},"east":{"uv":[5.875,10.125,6.625,10.75],"tintindex":0,"texture":"#0"},"south":{"uv":[10.625,4.75,11.25,5.375],"tintindex":0,"texture":"#0"},"west":{"uv":[10.125,6.125,10.875,6.75],"tintindex":0,"texture":"#0"},"up":{"uv":[10.875,1.375,10.25,0.625],"tintindex":0,"texture":"#0"},"down":{"uv":[2.125,10.25,1.5,11.0],"tintindex":0,"texture":"#0"}},"rotation":{"angle":-22.5,"axis":"x","origin":[5.2415934,6.0914497,7.384707]}},{"from":[8.098678,0.18334675,3.9929318],"to":[8.098678,5.237564,13.620012],"faces":{"east":{"uv":[5.0,16.0,12.0,0.0],"rotation":270.0,"tintindex":0,"texture":"#1"},"west":{"uv":[5.0,0.0,12.0,16.0],"rotation":270.0,"tintindex":0,"texture":"#1"}},"rotation":{"angle":45.0,"axis":"x","origin":[8.098678,2.029717,9.48721]}},{"from":[5.456253,-1.9198742,8.623645],"to":[10.029117,7.7072062,8.623645],"faces":{"north":{"uv":[5.0,0.0,12.0,16.0],"tintindex":0,"texture":"#1"},"south":{"uv":[5.0,16.0,12.0,0.0],"rotation":180.0,"tintindex":0,"texture":"#1"}},"rotation":{"angle":-22.5,"axis":"x","origin":[8.6641,2.2129278,8.623645]}}],"display":{"fixed":{"scale":[4,4,4]}}}