{"textures":{"0":"bettermodel:item/center_guardian_shadowguardian","1":"bettermodel:item/center_guardian_shadowguardian_flame","particle":"bettermodel:item/center_guardian_shadowguardian"},"elements":[{"from":[5.806128,10.104963,8.048386],"to":[8.273067,10.598352,10.515326],"faces":{"north":{"uv":[0.0,6.125,1.25,6.375],"tintindex":0,"texture":"#0"},"east":{"uv":[11.125,0.375,12.375,0.625],"tintindex":0,"texture":"#0"},"south":{"uv":[11.125,1.75,12.375,2.0],"tintindex":0,"texture":"#0"},"west":{"uv":[11.25,4.875,12.5,5.125],"tintindex":0,"texture":"#0"},"up":{"uv":[2.75,5.25,1.5,4.0],"tintindex":0,"texture":"#0"},"down":{"uv":[4.0,4.375,2.75,5.625],"tintindex":0,"texture":"#0"}},"rotation":{"angle":45.0,"axis":"y","origin":[5.636304,6.0406175,6.60564]}},{"from":[4.4246416,10.104963,9.429872],"to":[6.891581,10.598352,11.8968115],"faces":{"north":{"uv":[11.25,5.125,12.5,5.375],"tintindex":0,"texture":"#0"},"east":{"uv":[11.25,7.0,12.5,7.25],"tintindex":0,"texture":"#0"},"south":{"uv":[11.25,7.25,12.5,7.5],"tintindex":0,"texture":"#0"},"west":{"uv":[11.25,9.375,12.5,9.625],"tintindex":0,"texture":"#0"},"up":{"uv":[5.25,5.625,4.0,4.375],"tintindex":0,"texture":"#0"},"down":{"uv":[1.25,4.875,0.0,6.125],"tintindex":0,"texture":"#0"}},"rotation":{"angle":45.0,"axis":"y","origin":[5.636304,6.0406175,6.60564]}},{"from":[4.638257,9.375635,9.413611],"to":[6.907841,10.165056,11.683196],"faces":{"north":{"uv":[10.25,2.5,11.375,2.875],"tintindex":0,"texture":"#0"},"east":{"uv":[8.375,10.25,9.5,10.625],"tintindex":0,"texture":"#0"},"south":{"uv":[3.125,10.375,4.25,10.75],"tintindex":0,"texture":"#0"},"west":{"uv":[6.625,10.375,7.75,10.75],"tintindex":0,"texture":"#0"},"up":{"uv":[6.375,6.5,5.25,5.375],"tintindex":0,"texture":"#0"},"down":{"uv":[3.75,5.625,2.625,6.75],"tintindex":0,"texture":"#0"}},"rotation":{"angle":45.0,"axis":"y","origin":[5.636304,6.0406175,6.60564]}},{"from":[6.8543773,10.104963,7.5441265],"to":[10.209415,10.993063,9.517678],"faces":{"north":{"uv":[6.75,0.0,8.5,0.5],"tintindex":0,"texture":"#0"},"east":{"uv":[9.75,7.625,10.75,8.125],"tintindex":0,"texture":"#0"},"south":{"uv":[6.75,0.5,8.5,1.0],"tintindex":0,"texture":"#0"},"west":{"uv":[9.75,8.125,10.75,8.625],"tintindex":0,"texture":"#0"},"up":{"uv":[3.75,4.0,2.0,3.0],"tintindex":0,"texture":"#0"},"down":{"uv":[5.25,0.0,3.5,1.0],"tintindex":0,"texture":"#0"}}},{"from":[9.913383,8.920834,7.5441265],"to":[10.209415,10.104963,9.419001],"faces":{"north":{"uv":[3.5,2.125,3.625,2.75],"tintindex":0,"texture":"#0"},"east":{"uv":[9.0,3.0,10.0,3.625],"tintindex":0,"texture":"#0"},"south":{"uv":[3.625,2.125,3.75,2.75],"tintindex":0,"texture":"#0"},"west":{"uv":[9.0,3.625,10.0,4.25],"tintindex":0,"texture":"#0"},"up":{"uv":[8.375,12.375,8.25,11.375],"tintindex":0,"texture":"#0"},"down":{"uv":[10.75,12.25,10.625,13.25],"tintindex":0,"texture":"#0"}}},{"from":[6.8543773,8.920834,7.5441265],"to":[7.15041,10.104963,9.419001],"faces":{"north":{"uv":[5.125,5.625,5.25,6.25],"tintindex":0,"texture":"#0"},"east":{"uv":[3.875,9.125,4.875,9.75],"tintindex":0,"texture":"#0"},"south":{"uv":[3.0,7.75,3.125,8.375],"tintindex":0,"texture":"#0"},"west":{"uv":[4.875,9.125,5.875,9.75],"tintindex":0,"texture":"#0"},"up":{"uv":[10.875,13.25,10.75,12.25],"tintindex":0,"texture":"#0"},"down":{"uv":[6.625,12.375,6.5,13.375],"tintindex":0,"texture":"#0"}}},{"from":[4.8313236,8.920834,7.69951],"to":[8.581072,9.414221,11.35058],"faces":{"north":{"uv":[9.625,2.25,11.625,2.5],"tintindex":0,"texture":"#0"},"east":{"uv":[10.125,6.75,12.0,7.0],"tintindex":0,"texture":"#0"},"south":{"uv":[9.75,8.625,11.75,8.875],"tintindex":0,"texture":"#0"},"west":{"uv":[10.125,8.875,12.0,9.125],"tintindex":0,"texture":"#0"},"up":{"uv":[2.0,1.875,0.0,0.0],"tintindex":0,"texture":"#0"},"down":{"uv":[2.0,1.875,0.0,3.75],"tintindex":0,"texture":"#0"}},"rotation":{"angle":45.0,"axis":"y","origin":[5.636304,6.0406175,6.60564]}},{"from":[8.267471,9.552397,6.3579206],"to":[8.647741,9.925446,6.7598515],"faces":{"north":{"uv":[7.25,13.0,7.0,12.625],"rotation":270.0,"tintindex":0,"texture":"#0"},"east":{"uv":[7.25,13.0,7.0,12.625],"tintindex":0,"texture":"#0"},"south":{"uv":[7.25,13.0,7.0,12.625],"tintindex":0,"texture":"#0"},"west":{"uv":[7.25,13.0,7.0,12.625],"tintindex":0,"texture":"#0"},"up":{"uv":[7.25,13.0,7.0,12.625],"tintindex":0,"texture":"#0"},"down":{"uv":[7.25,13.0,7.0,12.625],"tintindex":0,"texture":"#0"}},"rotation":{"angle":45.0,"axis":"y","origin":[8.499708,9.558288,6.516787]}},{"from":[7.4394875,9.571472,5.909523],"to":[7.819757,9.944521,6.3114533],"faces":{"north":{"uv":[7.25,13.0,7.0,12.625],"rotation":270.0,"tintindex":0,"texture":"#0"},"east":{"uv":[7.25,13.0,7.0,12.625],"tintindex":0,"texture":"#0"},"south":{"uv":[7.25,13.0,7.0,12.625],"tintindex":0,"texture":"#0"},"west":{"uv":[7.25,13.0,7.0,12.625],"tintindex":0,"texture":"#0"},"up":{"uv":[7.25,13.0,7.0,12.625],"tintindex":0,"texture":"#0"},"down":{"uv":[7.25,13.0,7.0,12.625],"tintindex":0,"texture":"#0"}},"rotation":{"angle":45.0,"axis":"y","origin":[8.499708,9.558288,6.516787]}},{"from":[9.167019,9.571472,5.909523],"to":[9.547289,9.944521,6.3114533],"faces":{"north":{"uv":[7.25,12.625,7.0,13.0],"rotation":270.0,"tintindex":0,"texture":"#0"},"east":{"uv":[7.0,13.0,7.25,12.625],"tintindex":0,"texture":"#0"},"south":{"uv":[7.0,13.0,7.25,12.625],"tintindex":0,"texture":"#0"},"west":{"uv":[7.0,13.0,7.25,12.625],"tintindex":0,"texture":"#0"},"up":{"uv":[7.0,13.0,7.25,12.625],"tintindex":0,"texture":"#0"},"down":{"uv":[7.0,13.0,7.25,12.625],"tintindex":0,"texture":"#0"}},"rotation":{"angle":-45.0,"axis":"y","origin":[8.487068,9.558288,6.516787]}},{"from":[5.2260337,6.749926,8.09422],"to":[8.186361,8.920834,10.95587],"faces":{"north":{"uv":[3.5,1.0,5.0,2.125],"tintindex":0,"texture":"#0"},"east":{"uv":[0.0,3.75,1.5,4.875],"tintindex":0,"texture":"#0"},"south":{"uv":[3.75,2.125,5.25,3.25],"tintindex":0,"texture":"#0"},"west":{"uv":[3.75,3.25,5.25,4.375],"tintindex":0,"texture":"#0"},"up":{"uv":[3.5,1.5,2.0,0.0],"tintindex":0,"texture":"#0"},"down":{"uv":[3.5,1.5,2.0,3.0],"tintindex":0,"texture":"#0"}},"rotation":{"angle":45.0,"axis":"y","origin":[5.636304,6.0406175,6.60564]}},{"from":[5.4233885,5.6644726,8.488931],"to":[7.791651,6.749926,10.758514],"faces":{"north":{"uv":[6.375,7.125,7.625,7.75],"tintindex":0,"texture":"#0"},"east":{"uv":[8.5,0.0,9.625,0.625],"tintindex":0,"texture":"#0"},"south":{"uv":[0.0,7.25,1.25,7.875],"tintindex":0,"texture":"#0"},"west":{"uv":[8.5,1.875,9.625,2.5],"tintindex":0,"texture":"#0"},"up":{"uv":[6.5,4.25,5.25,3.125],"tintindex":0,"texture":"#0"},"down":{"uv":[6.5,4.25,5.25,5.375],"tintindex":0,"texture":"#0"}},"rotation":{"angle":45.0,"axis":"y","origin":[5.636304,6.0406175,6.60564]}},{"from":[5.2260337,6.1578608,8.09422],"to":[7.791651,6.749926,8.488931],"faces":{"north":{"uv":[10.125,9.125,11.5,9.375],"tintindex":0,"texture":"#0"},"east":{"uv":[4.5,12.75,4.75,13.0],"tintindex":0,"texture":"#0"},"south":{"uv":[10.5,2.0,11.875,2.25],"tintindex":0,"texture":"#0"},"west":{"uv":[12.75,4.625,13.0,4.875],"tintindex":0,"texture":"#0"},"up":{"uv":[12.125,8.625,10.75,8.375],"tintindex":0,"texture":"#0"},"down":{"uv":[12.25,6.125,10.875,6.375],"tintindex":0,"texture":"#0"}},"rotation":{"angle":45.0,"axis":"y","origin":[5.636304,6.0406175,6.60564]}},{"from":[7.791651,6.1578608,8.488931],"to":[8.186361,6.749926,10.95587],"faces":{"north":{"uv":[4.75,12.75,5.0,13.0],"tintindex":0,"texture":"#0"},"east":{"uv":[11.25,9.625,12.5,9.875],"tintindex":0,"texture":"#0"},"south":{"uv":[5.0,12.75,5.25,13.0],"tintindex":0,"texture":"#0"},"west":{"uv":[11.25,9.875,12.5,10.125],"tintindex":0,"texture":"#0"},"up":{"uv":[3.75,12.375,3.5,11.125],"tintindex":0,"texture":"#0"},"down":{"uv":[8.625,11.25,8.375,12.5],"tintindex":0,"texture":"#0"}},"rotation":{"angle":45.0,"axis":"y","origin":[5.636304,6.0406175,6.60564]}},{"from":[8.493388,9.13447,5.2732134],"to":[8.493388,14.188688,14.900294],"faces":{"east":{"uv":[5.0,16.0,12.0,0.0],"rotation":270.0,"tintindex":0,"texture":"#1"},"west":{"uv":[5.0,0.0,12.0,16.0],"rotation":270.0,"tintindex":0,"texture":"#1"}},"rotation":{"angle":-22.5,"axis":"x","origin":[8.493388,10.980841,10.767492]}},{"from":[8.493388,7.6171317,5.6481714],"to":[8.493388,11.949318,14.793898],"faces":{"east":{"uv":[5.0,16.0,12.0,0.0],"rotation":270.0,"tintindex":0,"texture":"#1"},"west":{"uv":[5.0,0.0,12.0,16.0],"rotation":270.0,"tintindex":0,"texture":"#1"}}},{"from":[6.1518097,9.999006,5.0460024],"to":[10.724673,9.999006,14.673083],"faces":{"up":{"uv":[5.0,16.0,12.0,0.0],"rotation":180.0,"tintindex":0,"texture":"#1"},"down":{"uv":[5.0,0.0,12.0,16.0],"rotation":180.0,"tintindex":0,"texture":"#1"}}}],"display":{"fixed":{"scale":[4,4,4]}}}