{"textures":{"0":"bettermodel:item/center_guardian_shadowguardian","1":"bettermodel:item/center_guardian_shadowguardian_flame","particle":"bettermodel:item/center_guardian_shadowguardian"},"elements":[{"from":[7.909811,6.3951054,8.015863],"to":[9.093942,7.4805584,9.002639],"faces":{"north":{"uv":[4.875,10.5,5.5,11.125],"tintindex":0,"texture":"#0"},"east":{"uv":[10.0,11.125,10.5,11.75],"tintindex":0,"texture":"#0"},"south":{"uv":[9.5,10.5,10.125,11.125],"tintindex":0,"texture":"#0"},"west":{"uv":[10.5,11.125,11.0,11.75],"tintindex":0,"texture":"#0"},"up":{"uv":[11.625,11.625,11.0,11.125],"tintindex":0,"texture":"#0"},"down":{"uv":[2.75,11.25,2.125,11.75],"tintindex":0,"texture":"#0"}},"rotation":{"angle":-45.0,"axis":"x","origin":[8.321121,7.0015564,6.8277636]}},{"from":[8.797909,6.1857786,7.789605],"to":[9.488652,7.665943,9.269769],"faces":{"north":{"uv":[9.0,11.5,9.375,12.25],"tintindex":0,"texture":"#0"},"east":{"uv":[5.875,9.375,6.625,10.125],"tintindex":0,"texture":"#0"},"south":{"uv":[0.375,11.625,0.75,12.375],"tintindex":0,"texture":"#0"},"west":{"uv":[9.375,6.25,10.125,7.0],"tintindex":0,"texture":"#0"},"up":{"uv":[1.125,12.375,0.75,11.625],"tintindex":0,"texture":"#0"},"down":{"uv":[4.125,11.625,3.75,12.375],"tintindex":0,"texture":"#0"}},"rotation":{"angle":-45.0,"axis":"x","origin":[8.321121,7.0015564,6.8277636]}},{"from":[9.488652,6.2844563,7.888283],"to":[10.278072,7.468587,9.072413],"faces":{"north":{"uv":[1.5,11.875,1.875,12.5],"tintindex":0,"texture":"#0"},"east":{"uv":[10.125,10.5,10.75,11.125],"tintindex":0,"texture":"#0"},"south":{"uv":[11.875,2.75,12.25,3.375],"tintindex":0,"texture":"#0"},"west":{"uv":[2.125,10.625,2.75,11.25],"tintindex":0,"texture":"#0"},"up":{"uv":[12.25,4.0,11.875,3.375],"tintindex":0,"texture":"#0"},"down":{"uv":[12.25,4.0,11.875,4.625],"tintindex":0,"texture":"#0"}},"rotation":{"angle":-45.0,"axis":"x","origin":[8.321121,7.0015564,6.8277636]}},{"from":[10.278072,6.383134,7.98696],"to":[11.067493,7.2712317,8.875058],"faces":{"north":{"uv":[12.125,11.875,12.5,12.375],"tintindex":0,"texture":"#0"},"east":{"uv":[11.75,7.5,12.25,8.0],"tintindex":0,"texture":"#0"},"south":{"uv":[12.25,0.625,12.625,1.125],"tintindex":0,"texture":"#0"},"west":{"uv":[9.875,11.75,10.375,12.25],"tintindex":0,"texture":"#0"},"up":{"uv":[2.25,12.75,1.875,12.25],"tintindex":0,"texture":"#0"},"down":{"uv":[2.625,12.25,2.25,12.75],"tintindex":0,"texture":"#0"}},"rotation":{"angle":-45.0,"axis":"x","origin":[8.321121,7.0015564,6.8277636]}},{"from":[7.1530046,7.4198556,7.779316],"to":[8.337135,8.900019,9.358157],"faces":{"north":{"uv":[0.875,10.0,1.5,10.75],"tintindex":0,"texture":"#0"},"east":{"uv":[8.5,6.625,9.375,7.375],"tintindex":0,"texture":"#0"},"south":{"uv":[10.0,9.75,10.625,10.5],"tintindex":0,"texture":"#0"},"west":{"uv":[1.625,8.625,2.5,9.375],"tintindex":0,"texture":"#0"},"up":{"uv":[9.375,10.25,8.75,9.375],"tintindex":0,"texture":"#0"},"down":{"uv":[10.0,9.375,9.375,10.25],"tintindex":0,"texture":"#0"}},"rotation":{"angle":22.5,"axis":"y","origin":[8.321121,7.0015564,6.8277636]}},{"from":[11.697335,6.922282,7.69015],"to":[12.064416,7.336728,8.021707],"faces":{"north":{"uv":[12.625,11.5,12.875,11.75],"tintindex":0,"texture":"#0"},"east":{"uv":[12.875,4.875,13.0,5.125],"tintindex":0,"texture":"#0"},"south":{"uv":[12.0,12.625,12.25,12.875],"tintindex":0,"texture":"#0"},"west":{"uv":[12.875,5.125,13.0,5.375],"tintindex":0,"texture":"#0"},"up":{"uv":[5.5,13.0,5.25,12.875],"tintindex":0,"texture":"#0"},"down":{"uv":[13.125,5.375,12.875,5.5],"tintindex":0,"texture":"#0"}},"rotation":{"angle":22.5,"axis":"z","origin":[8.321121,7.0015564,6.8277636]}},{"from":[11.697335,6.922282,8.104596],"to":[12.064416,7.336728,8.436152],"faces":{"north":{"uv":[12.25,12.625,12.5,12.875],"tintindex":0,"texture":"#0"},"east":{"uv":[5.5,12.875,5.625,13.125],"tintindex":0,"texture":"#0"},"south":{"uv":[12.5,12.625,12.75,12.875],"tintindex":0,"texture":"#0"},"west":{"uv":[12.875,5.5,13.0,5.75],"tintindex":0,"texture":"#0"},"up":{"uv":[5.875,13.0,5.625,12.875],"tintindex":0,"texture":"#0"},"down":{"uv":[13.125,5.75,12.875,5.875],"tintindex":0,"texture":"#0"}},"rotation":{"angle":22.5,"axis":"z","origin":[8.321121,7.0015564,6.8277636]}},{"from":[11.697335,6.922282,8.519042],"to":[12.064416,7.336728,8.850598],"faces":{"north":{"uv":[0.25,12.75,0.5,13.0],"tintindex":0,"texture":"#0"},"east":{"uv":[5.875,12.875,6.0,13.125],"tintindex":0,"texture":"#0"},"south":{"uv":[0.5,12.75,0.75,13.0],"tintindex":0,"texture":"#0"},"west":{"uv":[12.875,5.875,13.0,6.125],"tintindex":0,"texture":"#0"},"up":{"uv":[6.25,13.0,6.0,12.875],"tintindex":0,"texture":"#0"},"down":{"uv":[6.5,12.875,6.25,13.0],"tintindex":0,"texture":"#0"}},"rotation":{"angle":22.5,"axis":"z","origin":[8.321121,7.0015564,6.8277636]}},{"from":[10.428884,7.4591312,5.015973],"to":[10.851224,7.873577,5.4067364],"faces":{"north":{"uv":[0.75,12.75,1.0,13.0],"tintindex":0,"texture":"#0"},"east":{"uv":[1.0,12.75,1.25,13.0],"tintindex":0,"texture":"#0"},"south":{"uv":[1.25,12.75,1.5,13.0],"tintindex":0,"texture":"#0"},"west":{"uv":[1.5,12.75,1.75,13.0],"tintindex":0,"texture":"#0"},"up":{"uv":[13.0,1.875,12.75,1.625],"tintindex":0,"texture":"#0"},"down":{"uv":[2.0,12.75,1.75,13.0],"tintindex":0,"texture":"#0"}},"rotation":{"angle":-45.0,"axis":"y","origin":[8.321121,7.0015564,6.8277636]}},{"from":[11.697335,6.922282,7.2757044],"to":[12.064416,7.336728,7.6072607],"faces":{"north":{"uv":[12.75,1.875,13.0,2.125],"tintindex":0,"texture":"#0"},"east":{"uv":[12.875,6.375,13.0,6.625],"tintindex":0,"texture":"#0"},"south":{"uv":[2.0,12.75,2.25,13.0],"tintindex":0,"texture":"#0"},"west":{"uv":[6.625,12.875,6.75,13.125],"tintindex":0,"texture":"#0"},"up":{"uv":[13.125,6.75,12.875,6.625],"tintindex":0,"texture":"#0"},"down":{"uv":[7.0,12.875,6.75,13.0],"tintindex":0,"texture":"#0"}},"rotation":{"angle":22.5,"axis":"z","origin":[8.321121,7.0015564,6.8277636]}},{"from":[11.753805,4.640437,6.9786463],"to":[12.176146,4.8575277,7.1760015],"faces":{"north":{"uv":[12.875,6.75,13.125,6.875],"tintindex":0,"texture":"#0"},"east":{"uv":[11.625,11.5,11.75,11.625],"tintindex":0,"texture":"#0"},"south":{"uv":[12.875,6.875,13.125,7.0],"tintindex":0,"texture":"#0"},"west":{"uv":[11.875,1.25,12.0,1.375],"tintindex":0,"texture":"#0"},"up":{"uv":[7.25,13.0,7.0,12.875],"tintindex":0,"texture":"#0"},"down":{"uv":[13.125,7.0,12.875,7.125],"tintindex":0,"texture":"#0"}},"rotation":{"angle":45.0,"axis":"z","origin":[8.321121,7.0015564,6.8277636]}},{"from":[11.531603,9.605275,7.2757044],"to":[12.1947155,10.019721,7.6072607],"faces":{"north":{"uv":[12.5,7.125,12.875,7.375],"tintindex":0,"texture":"#0"},"east":{"uv":[12.875,7.125,13.0,7.375],"tintindex":0,"texture":"#0"},"south":{"uv":[7.75,12.5,8.125,12.75],"tintindex":0,"texture":"#0"},"west":{"uv":[7.25,12.875,7.375,13.125],"tintindex":0,"texture":"#0"},"up":{"uv":[5.625,12.875,5.25,12.75],"tintindex":0,"texture":"#0"},"down":{"uv":[6.0,12.75,5.625,12.875],"tintindex":0,"texture":"#0"}},"rotation":{"angle":-22.5,"axis":"z","origin":[8.321121,7.0015564,6.8277636]}},{"from":[10.428884,7.6564865,5.015973],"to":[11.147256,8.56432,5.801447],"faces":{"north":{"uv":[12.25,2.75,12.625,3.25],"tintindex":0,"texture":"#0"},"east":{"uv":[12.25,3.25,12.625,3.75],"tintindex":0,"texture":"#0"},"south":{"uv":[12.25,3.75,12.625,4.25],"tintindex":0,"texture":"#0"},"west":{"uv":[4.125,12.25,4.5,12.75],"tintindex":0,"texture":"#0"},"up":{"uv":[3.0,12.75,2.625,12.375],"tintindex":0,"texture":"#0"},"down":{"uv":[3.375,12.375,3.0,12.75],"tintindex":0,"texture":"#0"}},"rotation":{"angle":-45.0,"axis":"y","origin":[8.321121,7.0015564,6.8277636]}},{"from":[8.753009,7.6564865,9.529955],"to":[9.471381,8.56432,10.315429],"faces":{"north":{"uv":[5.625,12.25,6.0,12.75],"tintindex":0,"texture":"#0"},"east":{"uv":[12.25,7.5,12.625,8.0],"tintindex":0,"texture":"#0"},"south":{"uv":[9.0,12.25,9.375,12.75],"tintindex":0,"texture":"#0"},"west":{"uv":[9.875,12.25,10.25,12.75],"tintindex":0,"texture":"#0"},"up":{"uv":[3.75,12.75,3.375,12.375],"tintindex":0,"texture":"#0"},"down":{"uv":[4.125,12.375,3.75,12.75],"tintindex":0,"texture":"#0"}},"rotation":{"angle":45.0,"axis":"y","origin":[8.321121,7.0015564,6.8277636]}},{"from":[10.512398,7.6564865,7.5707116],"to":[11.625482,8.662997,8.454863],"faces":{"north":{"uv":[11.25,2.875,11.875,3.375],"tintindex":0,"texture":"#0"},"east":{"uv":[10.375,11.75,10.875,12.25],"tintindex":0,"texture":"#0"},"south":{"uv":[11.25,3.375,11.875,3.875],"tintindex":0,"texture":"#0"},"west":{"uv":[11.75,10.375,12.25,10.875],"tintindex":0,"texture":"#0"},"up":{"uv":[11.875,4.375,11.25,3.875],"tintindex":0,"texture":"#0"},"down":{"uv":[11.875,4.375,11.25,4.875],"tintindex":0,"texture":"#0"}}},{"from":[11.034548,7.776522,7.2757044],"to":[11.654242,8.585678,8.850598],"faces":{"north":{"uv":[4.5,12.375,4.875,12.75],"tintindex":0,"texture":"#0"},"east":{"uv":[11.125,0.0,12.0,0.375],"tintindex":0,"texture":"#0"},"south":{"uv":[4.875,12.375,5.25,12.75],"tintindex":0,"texture":"#0"},"west":{"uv":[11.125,1.375,12.0,1.75],"tintindex":0,"texture":"#0"},"up":{"uv":[5.25,12.0,4.875,11.125],"tintindex":0,"texture":"#0"},"down":{"uv":[5.625,11.125,5.25,12.0],"tintindex":0,"texture":"#0"}}},{"from":[10.773579,7.4591312,8.145155],"to":[11.491951,7.873577,8.5398655],"faces":{"north":{"uv":[8.125,12.5,8.5,12.75],"tintindex":0,"texture":"#0"},"east":{"uv":[12.75,2.125,13.0,2.375],"tintindex":0,"texture":"#0"},"south":{"uv":[8.5,12.5,8.875,12.75],"tintindex":0,"texture":"#0"},"west":{"uv":[2.25,12.75,2.5,13.0],"tintindex":0,"texture":"#0"},"up":{"uv":[12.875,9.125,12.5,8.875],"tintindex":0,"texture":"#0"},"down":{"uv":[9.75,12.5,9.375,12.75],"tintindex":0,"texture":"#0"}},"rotation":{"angle":22.5,"axis":"y","origin":[8.321121,7.0015564,6.8277636]}},{"from":[11.685475,6.115181,6.8799686],"to":[12.403848,6.529627,7.2746787],"faces":{"north":{"uv":[12.5,9.375,12.875,9.625],"tintindex":0,"texture":"#0"},"east":{"uv":[2.5,12.75,2.75,13.0],"tintindex":0,"texture":"#0"},"south":{"uv":[12.5,9.625,12.875,9.875],"tintindex":0,"texture":"#0"},"west":{"uv":[2.75,12.75,3.0,13.0],"tintindex":0,"texture":"#0"},"up":{"uv":[12.875,10.125,12.5,9.875],"tintindex":0,"texture":"#0"},"down":{"uv":[11.25,12.5,10.875,12.75],"tintindex":0,"texture":"#0"}},"rotation":{"angle":22.5,"axis":"z","origin":[8.321121,7.0015564,6.8277636]}},{"from":[11.654242,8.171232,7.2757044],"to":[12.416034,8.585678,7.6072607],"faces":{"north":{"uv":[11.25,12.5,11.625,12.75],"tintindex":0,"texture":"#0"},"east":{"uv":[7.375,12.875,7.5,13.125],"tintindex":0,"texture":"#0"},"south":{"uv":[11.625,12.5,12.0,12.75],"tintindex":0,"texture":"#0"},"west":{"uv":[12.875,7.375,13.0,7.625],"tintindex":0,"texture":"#0"},"up":{"uv":[13.125,6.25,12.75,6.125],"tintindex":0,"texture":"#0"},"down":{"uv":[13.125,6.25,12.75,6.375],"tintindex":0,"texture":"#0"}}},{"from":[11.654242,8.171232,7.69015],"to":[12.514711,8.585678,8.021707],"faces":{"north":{"uv":[12.125,8.375,12.625,8.625],"tintindex":0,"texture":"#0"},"east":{"uv":[7.5,12.875,7.625,13.125],"tintindex":0,"texture":"#0"},"south":{"uv":[12.25,6.125,12.75,6.375],"tintindex":0,"texture":"#0"},"west":{"uv":[7.625,12.875,7.75,13.125],"tintindex":0,"texture":"#0"},"up":{"uv":[13.125,8.0,12.625,7.875],"tintindex":0,"texture":"#0"},"down":{"uv":[13.125,8.75,12.625,8.875],"tintindex":0,"texture":"#0"}}},{"from":[11.654242,8.171232,8.104596],"to":[12.416034,8.585678,8.436152],"faces":{"north":{"uv":[12.5,11.875,12.875,12.125],"tintindex":0,"texture":"#0"},"east":{"uv":[12.875,7.625,13.0,7.875],"tintindex":0,"texture":"#0"},"south":{"uv":[12.5,12.125,12.875,12.375],"tintindex":0,"texture":"#0"},"west":{"uv":[7.75,12.875,7.875,13.125],"tintindex":0,"texture":"#0"},"up":{"uv":[8.0,12.875,7.625,12.75],"tintindex":0,"texture":"#0"},"down":{"uv":[8.375,12.75,8.0,12.875],"tintindex":0,"texture":"#0"}}},{"from":[11.654242,8.171232,8.519042],"to":[12.2186775,8.585678,8.850598],"faces":{"north":{"uv":[3.0,12.75,3.25,13.0],"tintindex":0,"texture":"#0"},"east":{"uv":[7.875,12.875,8.0,13.125],"tintindex":0,"texture":"#0"},"south":{"uv":[3.25,12.75,3.5,13.0],"tintindex":0,"texture":"#0"},"west":{"uv":[8.0,12.875,8.125,13.125],"tintindex":0,"texture":"#0"},"up":{"uv":[8.375,13.0,8.125,12.875],"tintindex":0,"texture":"#0"},"down":{"uv":[13.125,8.25,12.875,8.375],"tintindex":0,"texture":"#0"}}},{"from":[10.515111,10.831284,8.61772],"to":[10.980869,11.048374,8.751921],"faces":{"north":{"uv":[8.375,12.875,8.625,13.0],"tintindex":0,"texture":"#0"},"east":{"uv":[4.75,11.875,4.875,12.0],"tintindex":0,"texture":"#0"},"south":{"uv":[12.875,8.375,13.125,8.5],"tintindex":0,"texture":"#0"},"west":{"uv":[11.625,12.0,11.75,12.125],"tintindex":0,"texture":"#0"},"up":{"uv":[13.125,8.625,12.875,8.5],"tintindex":0,"texture":"#0"},"down":{"uv":[8.875,12.875,8.625,13.0],"tintindex":0,"texture":"#0"}},"rotation":{"angle":-45.0,"axis":"z","origin":[8.321121,7.0015564,6.8277636]}},{"from":[11.334248,9.5065975,8.519042],"to":[11.898684,9.921043,8.850598],"faces":{"north":{"uv":[3.5,12.75,3.75,13.0],"tintindex":0,"texture":"#0"},"east":{"uv":[8.875,12.875,9.0,13.125],"tintindex":0,"texture":"#0"},"south":{"uv":[3.75,12.75,4.0,13.0],"tintindex":0,"texture":"#0"},"west":{"uv":[12.875,8.875,13.0,9.125],"tintindex":0,"texture":"#0"},"up":{"uv":[13.125,8.75,12.875,8.625],"tintindex":0,"texture":"#0"},"down":{"uv":[9.25,12.875,9.0,13.0],"tintindex":0,"texture":"#0"}},"rotation":{"angle":-22.5,"axis":"z","origin":[8.321121,7.0015564,6.8277636]}},{"from":[10.613789,10.92996,8.203274],"to":[11.178225,11.147052,8.337475],"faces":{"north":{"uv":[12.875,9.125,13.125,9.25],"tintindex":0,"texture":"#0"},"east":{"uv":[6.0,12.25,6.125,12.375],"tintindex":0,"texture":"#0"},"south":{"uv":[9.25,12.875,9.5,13.0],"tintindex":0,"texture":"#0"},"west":{"uv":[8.25,12.375,8.375,12.5],"tintindex":0,"texture":"#0"},"up":{"uv":[13.125,9.375,12.875,9.25],"tintindex":0,"texture":"#0"},"down":{"uv":[13.125,9.375,12.875,9.5],"tintindex":0,"texture":"#0"}},"rotation":{"angle":-45.0,"axis":"z","origin":[8.321121,7.0015564,6.8277636]}},{"from":[11.531603,9.605275,8.104596],"to":[12.096039,10.019721,8.436152],"faces":{"north":{"uv":[4.0,12.75,4.25,13.0],"tintindex":0,"texture":"#0"},"east":{"uv":[9.5,12.875,9.625,13.125],"tintindex":0,"texture":"#0"},"south":{"uv":[4.25,12.75,4.5,13.0],"tintindex":0,"texture":"#0"},"west":{"uv":[12.875,9.5,13.0,9.75],"tintindex":0,"texture":"#0"},"up":{"uv":[9.875,13.0,9.625,12.875],"tintindex":0,"texture":"#0"},"down":{"uv":[13.125,9.75,12.875,9.875],"tintindex":0,"texture":"#0"}},"rotation":{"angle":-22.5,"axis":"z","origin":[8.321121,7.0015564,6.8277636]}},{"from":[11.531603,9.605275,7.69015],"to":[12.392071,10.019721,8.021707],"faces":{"north":{"uv":[12.375,0.375,12.875,0.625],"tintindex":0,"texture":"#0"},"east":{"uv":[9.875,12.875,10.0,13.125],"tintindex":0,"texture":"#0"},"south":{"uv":[6.0,12.375,6.5,12.625],"tintindex":0,"texture":"#0"},"west":{"uv":[12.875,9.875,13.0,10.125],"tintindex":0,"texture":"#0"},"up":{"uv":[13.125,10.75,12.625,10.625],"tintindex":0,"texture":"#0"},"down":{"uv":[13.125,11.75,12.625,11.875],"tintindex":0,"texture":"#0"}},"rotation":{"angle":-22.5,"axis":"z","origin":[8.321121,7.0015564,6.8277636]}},{"from":[10.909821,11.028639,7.7888274],"to":[11.4742565,11.245729,7.923029],"faces":{"north":{"uv":[10.25,12.875,10.5,13.0],"tintindex":0,"texture":"#0"},"east":{"uv":[12.5,7.375,12.625,7.5],"tintindex":0,"texture":"#0"},"south":{"uv":[12.875,10.375,13.125,10.5],"tintindex":0,"texture":"#0"},"west":{"uv":[12.0,12.5,12.125,12.625],"tintindex":0,"texture":"#0"},"up":{"uv":[13.125,10.625,12.875,10.5],"tintindex":0,"texture":"#0"},"down":{"uv":[11.125,12.875,10.875,13.0],"tintindex":0,"texture":"#0"}},"rotation":{"angle":-45.0,"axis":"z","origin":[8.321121,7.0015564,6.8277636]}},{"from":[10.712466,11.028639,7.3743815],"to":[11.276901,11.245729,7.508583],"faces":{"north":{"uv":[12.875,10.875,13.125,11.0],"tintindex":0,"texture":"#0"},"east":{"uv":[0.25,12.625,0.375,12.75],"tintindex":0,"texture":"#0"},"south":{"uv":[12.875,11.0,13.125,11.125],"tintindex":0,"texture":"#0"},"west":{"uv":[7.625,12.625,7.75,12.75],"tintindex":0,"texture":"#0"},"up":{"uv":[11.375,13.0,11.125,12.875],"tintindex":0,"texture":"#0"},"down":{"uv":[13.125,11.375,12.875,11.5],"tintindex":0,"texture":"#0"}},"rotation":{"angle":-45.0,"axis":"z","origin":[8.321121,7.0015564,6.8277636]}}],"display":{"fixed":{"scale":[4,4,4]}}}