{"textures":{"0":"bettermodel:item/center_guardian_shadowguardian","1":"bettermodel:item/center_guardian_shadowguardian_flame","particle":"bettermodel:item/center_guardian_shadowguardian"},"elements":[{"from":[7.71216,7.5966587,5.630335],"to":[8.50158,9.1755,7.209176],"faces":{"north":{"uv":[4.125,11.0,4.5,11.875],"tintindex":0,"texture":"#0"},"east":{"uv":[7.375,3.125,8.25,4.0],"tintindex":0,"texture":"#0"},"south":{"uv":[4.5,11.0,4.875,11.875],"tintindex":0,"texture":"#0"},"west":{"uv":[7.375,4.0,8.25,4.875],"tintindex":0,"texture":"#0"},"up":{"uv":[3.125,12.0,2.75,11.125],"tintindex":0,"texture":"#0"},"down":{"uv":[3.5,11.125,3.125,12.0],"tintindex":0,"texture":"#0"}},"rotation":{"angle":45.0,"axis":"x","origin":[9.682903,6.757314,7.00914]}},{"from":[7.199525,8.017486,6.1666837],"to":[9.173077,8.708228,6.8574266],"faces":{"north":{"uv":[10.75,7.625,11.75,8.0],"tintindex":0,"texture":"#0"},"east":{"uv":[0.75,12.375,1.125,12.75],"tintindex":0,"texture":"#0"},"south":{"uv":[10.75,8.0,11.75,8.375],"tintindex":0,"texture":"#0"},"west":{"uv":[12.375,1.625,12.75,2.0],"tintindex":0,"texture":"#0"},"up":{"uv":[11.75,10.75,10.75,10.375],"tintindex":0,"texture":"#0"},"down":{"uv":[11.75,10.75,10.75,11.125],"tintindex":0,"texture":"#0"}},"rotation":{"angle":45.0,"axis":"x","origin":[9.682903,6.757314,7.00914]}},{"from":[9.291001,8.090046,6.2224],"to":[10.080421,8.583435,6.7157884],"faces":{"north":{"uv":[12.5,5.875,12.875,6.125],"tintindex":0,"texture":"#0"},"east":{"uv":[12.625,8.25,12.875,8.5],"tintindex":0,"texture":"#0"},"south":{"uv":[12.5,6.375,12.875,6.625],"tintindex":0,"texture":"#0"},"west":{"uv":[12.625,8.5,12.875,8.75],"tintindex":0,"texture":"#0"},"up":{"uv":[12.875,6.875,12.5,6.625],"tintindex":0,"texture":"#0"},"down":{"uv":[12.875,6.875,12.5,7.125],"tintindex":0,"texture":"#0"}},"rotation":{"angle":45.0,"axis":"x","origin":[9.682903,6.757314,7.00914]}},{"from":[8.50158,7.5575757,7.32234],"to":[10.869843,8.248319,8.210439],"faces":{"north":{"uv":[10.0,3.75,11.25,4.125],"tintindex":0,"texture":"#0"},"east":{"uv":[7.75,12.125,8.25,12.5],"tintindex":0,"texture":"#0"},"south":{"uv":[10.0,9.375,11.25,9.75],"tintindex":0,"texture":"#0"},"west":{"uv":[9.375,12.125,9.875,12.5],"tintindex":0,"texture":"#0"},"up":{"uv":[10.25,1.625,9.0,1.125],"tintindex":0,"texture":"#0"},"down":{"uv":[10.25,2.5,9.0,3.0],"tintindex":0,"texture":"#0"}}},{"from":[8.896291,8.188724,5.9263678],"to":[9.7843895,8.879468,6.2224],"faces":{"north":{"uv":[12.125,11.5,12.625,11.875],"tintindex":0,"texture":"#0"},"east":{"uv":[6.25,8.125,6.375,8.5],"tintindex":0,"texture":"#0"},"south":{"uv":[11.625,12.125,12.125,12.5],"tintindex":0,"texture":"#0"},"west":{"uv":[3.875,8.5,4.0,8.875],"tintindex":0,"texture":"#0"},"up":{"uv":[12.75,10.875,12.25,10.75],"tintindex":0,"texture":"#0"},"down":{"uv":[12.875,11.375,12.375,11.5],"tintindex":0,"texture":"#0"}},"rotation":{"angle":45.0,"axis":"x","origin":[9.682903,6.757314,7.00914]}},{"from":[8.896291,7.794014,5.9263678],"to":[9.389679,8.188724,6.2224],"faces":{"north":{"uv":[12.625,9.125,12.875,9.375],"tintindex":0,"texture":"#0"},"east":{"uv":[12.875,2.5,13.0,2.75],"tintindex":0,"texture":"#0"},"south":{"uv":[10.25,12.625,10.5,12.875],"tintindex":0,"texture":"#0"},"west":{"uv":[12.875,2.75,13.0,3.0],"tintindex":0,"texture":"#0"},"up":{"uv":[13.125,3.125,12.875,3.0],"tintindex":0,"texture":"#0"},"down":{"uv":[13.125,3.125,12.875,3.25],"tintindex":0,"texture":"#0"}},"rotation":{"angle":45.0,"axis":"x","origin":[9.682903,6.757314,7.00914]}},{"from":[8.896291,7.1493464,8.83526],"to":[9.7843895,7.5440564,9.131292],"faces":{"north":{"uv":[12.0,6.75,12.5,7.0],"tintindex":0,"texture":"#0"},"east":{"uv":[12.875,3.25,13.0,3.5],"tintindex":0,"texture":"#0"},"south":{"uv":[12.0,8.875,12.5,9.125],"tintindex":0,"texture":"#0"},"west":{"uv":[12.875,3.5,13.0,3.75],"tintindex":0,"texture":"#0"},"up":{"uv":[13.125,0.375,12.625,0.25],"tintindex":0,"texture":"#0"},"down":{"uv":[13.125,4.5,12.625,4.625],"tintindex":0,"texture":"#0"}},"rotation":{"angle":-45.0,"axis":"x","origin":[9.682903,6.757314,7.00914]}},{"from":[8.896291,6.7546363,8.83526],"to":[9.389679,7.1493464,9.131292],"faces":{"north":{"uv":[12.625,10.375,12.875,10.625],"tintindex":0,"texture":"#0"},"east":{"uv":[12.875,3.75,13.0,4.0],"tintindex":0,"texture":"#0"},"south":{"uv":[12.625,10.875,12.875,11.125],"tintindex":0,"texture":"#0"},"west":{"uv":[12.875,4.0,13.0,4.25],"tintindex":0,"texture":"#0"},"up":{"uv":[13.125,4.375,12.875,4.25],"tintindex":0,"texture":"#0"},"down":{"uv":[13.125,4.375,12.875,4.5],"tintindex":0,"texture":"#0"}},"rotation":{"angle":-45.0,"axis":"x","origin":[9.682903,6.757314,7.00914]}}],"display":{"fixed":{"scale":[4,4,4]}}}