{"textures":{"0":"bettermodel:item/center_guardian_shadowguardian","1":"bettermodel:item/center_guardian_shadowguardian_flame","particle":"bettermodel:item/center_guardian_shadowguardian"},"elements":[{"from":[6.618514,9.134298,6.515641],"to":[9.480164,10.417108,8.489193],"faces":{"north":{"uv":[4.625,6.5,6.125,7.125],"tintindex":0,"texture":"#0"},"east":{"uv":[2.5,9.25,3.5,9.875],"tintindex":0,"texture":"#0"},"south":{"uv":[6.125,6.5,7.625,7.125],"tintindex":0,"texture":"#0"},"west":{"uv":[0.875,9.375,1.875,10.0],"tintindex":0,"texture":"#0"},"up":{"uv":[6.75,1.0,5.25,0.0],"tintindex":0,"texture":"#0"},"down":{"uv":[6.75,2.125,5.25,3.125],"tintindex":0,"texture":"#0"}},"rotation":{"angle":22.5,"axis":"x","origin":[5.203085,9.390387,7.3025856]}},{"from":[6.7171917,9.783628,5.303012],"to":[9.381486,11.9545355,7.0792084],"faces":{"north":{"uv":[5.0,1.0,6.375,2.125],"tintindex":0,"texture":"#0"},"east":{"uv":[6.375,1.0,7.25,2.125],"tintindex":0,"texture":"#0"},"south":{"uv":[1.25,5.25,2.625,6.375],"tintindex":0,"texture":"#0"},"west":{"uv":[1.375,6.375,2.25,7.5],"tintindex":0,"texture":"#0"},"up":{"uv":[5.125,6.5,3.75,5.625],"tintindex":0,"texture":"#0"},"down":{"uv":[1.375,6.375,0.0,7.25],"tintindex":0,"texture":"#0"}},"rotation":{"angle":22.5,"axis":"x","origin":[5.203085,9.390387,7.3025856]}},{"from":[6.375618,11.104242,6.416665],"to":[8.021849,12.288374,8.094184],"faces":{"north":{"uv":[9.625,1.625,10.5,2.25],"tintindex":0,"texture":"#0"},"east":{"uv":[6.625,9.625,7.5,10.25],"tintindex":0,"texture":"#0"},"south":{"uv":[3.5,9.75,4.375,10.375],"tintindex":0,"texture":"#0"},"west":{"uv":[9.75,4.25,10.625,4.875],"tintindex":0,"texture":"#0"},"up":{"uv":[7.25,8.625,6.375,7.75],"tintindex":0,"texture":"#0"},"down":{"uv":[0.875,7.875,0.0,8.75],"tintindex":0,"texture":"#0"}},"rotation":{"angle":22.5,"axis":"z","origin":[5.203085,9.390387,7.3025856]}},{"from":[7.007337,8.64874,6.5153427],"to":[8.7955675,10.523615,7.995507],"faces":{"north":{"uv":[6.75,2.125,7.625,3.125],"tintindex":0,"texture":"#0"},"east":{"uv":[4.0,8.125,4.75,9.125],"tintindex":0,"texture":"#0"},"south":{"uv":[2.25,6.75,3.125,7.75],"tintindex":0,"texture":"#0"},"west":{"uv":[4.75,8.125,5.5,9.125],"tintindex":0,"texture":"#0"},"up":{"uv":[9.75,5.5,8.875,4.75],"tintindex":0,"texture":"#0"},"down":{"uv":[8.0,8.875,7.125,9.625],"tintindex":0,"texture":"#0"}},"rotation":{"angle":45.0,"axis":"z","origin":[5.203085,9.390387,7.3025856]}},{"from":[4.940995,12.40844,6.1206326],"to":[6.618514,13.000505,8.390217],"faces":{"north":{"uv":[11.75,8.625,12.625,8.875],"tintindex":0,"texture":"#0"},"east":{"uv":[11.25,10.125,12.375,10.375],"tintindex":0,"texture":"#0"},"south":{"uv":[11.75,10.875,12.625,11.125],"tintindex":0,"texture":"#0"},"west":{"uv":[11.375,2.5,12.5,2.75],"tintindex":0,"texture":"#0"},"up":{"uv":[7.25,6.5,6.375,5.375],"tintindex":0,"texture":"#0"},"down":{"uv":[7.375,3.125,6.5,4.25],"tintindex":0,"texture":"#0"}}},{"from":[3.740686,12.654169,6.3067217],"to":[5.122172,13.344912,8.280273],"faces":{"north":{"uv":[6.125,11.625,6.875,12.0],"tintindex":0,"texture":"#0"},"east":{"uv":[10.875,0.625,11.875,1.0],"tintindex":0,"texture":"#0"},"south":{"uv":[11.0,11.625,11.75,12.0],"tintindex":0,"texture":"#0"},"west":{"uv":[10.875,1.0,11.875,1.375],"tintindex":0,"texture":"#0"},"up":{"uv":[8.875,5.875,8.125,4.875],"tintindex":0,"texture":"#0"},"down":{"uv":[6.25,8.125,5.5,9.125],"tintindex":0,"texture":"#0"}},"rotation":{"angle":-22.5,"axis":"z","origin":[5.203085,9.390387,7.3025856]}},{"from":[4.205183,12.929254,6.7014318],"to":[5.3893137,13.619997,7.885563],"faces":{"north":{"uv":[7.625,2.75,8.25,3.125],"tintindex":0,"texture":"#0"},"east":{"uv":[11.75,8.0,12.375,8.375],"tintindex":0,"texture":"#0"},"south":{"uv":[4.125,11.875,4.75,12.25],"tintindex":0,"texture":"#0"},"west":{"uv":[11.875,5.375,12.5,5.75],"tintindex":0,"texture":"#0"},"up":{"uv":[11.25,7.625,10.625,7.0],"tintindex":0,"texture":"#0"},"down":{"uv":[9.0,10.625,8.375,11.25],"tintindex":0,"texture":"#0"}}},{"from":[10.808042,12.929254,6.7014318],"to":[11.992172,13.619997,7.885563],"faces":{"north":{"uv":[11.875,5.75,12.5,6.125],"tintindex":0,"texture":"#0"},"east":{"uv":[12.0,0.0,12.625,0.375],"tintindex":0,"texture":"#0"},"south":{"uv":[12.0,1.25,12.625,1.625],"tintindex":0,"texture":"#0"},"west":{"uv":[2.625,12.0,3.25,12.375],"tintindex":0,"texture":"#0"},"up":{"uv":[11.25,10.375,10.625,9.75],"tintindex":0,"texture":"#0"},"down":{"uv":[0.625,10.75,0.0,11.375],"tintindex":0,"texture":"#0"}}},{"from":[10.634355,10.437979,6.3067217],"to":[12.015841,11.128721,8.280273],"faces":{"north":{"uv":[11.625,11.125,12.375,11.5],"tintindex":0,"texture":"#0"},"east":{"uv":[10.875,5.375,11.875,5.75],"tintindex":0,"texture":"#0"},"south":{"uv":[11.75,6.375,12.5,6.75],"tintindex":0,"texture":"#0"},"west":{"uv":[10.875,5.75,11.875,6.125],"tintindex":0,"texture":"#0"},"up":{"uv":[8.875,9.0,8.125,8.0],"tintindex":0,"texture":"#0"},"down":{"uv":[9.0,2.75,8.25,3.75],"tintindex":0,"texture":"#0"}},"rotation":{"angle":22.5,"axis":"z","origin":[5.203085,9.390387,7.3025856]}},{"from":[9.578841,12.40844,6.1206326],"to":[11.25636,13.000505,8.390217],"faces":{"north":{"uv":[11.875,2.0,12.75,2.25],"tintindex":0,"texture":"#0"},"east":{"uv":[11.5,9.125,12.625,9.375],"tintindex":0,"texture":"#0"},"south":{"uv":[11.875,4.625,12.75,4.875],"tintindex":0,"texture":"#0"},"west":{"uv":[11.625,2.25,12.75,2.5],"tintindex":0,"texture":"#0"},"up":{"uv":[4.625,7.625,3.75,6.5],"tintindex":0,"texture":"#0"},"down":{"uv":[7.375,4.25,6.5,5.375],"tintindex":0,"texture":"#0"}}},{"from":[7.734678,13.320433,6.416665],"to":[9.380909,14.504564,8.094184],"faces":{"north":{"uv":[4.375,9.75,5.25,10.375],"tintindex":0,"texture":"#0"},"east":{"uv":[9.75,4.875,10.625,5.5],"tintindex":0,"texture":"#0"},"south":{"uv":[9.75,7.0,10.625,7.625],"tintindex":0,"texture":"#0"},"west":{"uv":[7.5,9.75,8.375,10.375],"tintindex":0,"texture":"#0"},"up":{"uv":[8.125,8.875,7.25,8.0],"tintindex":0,"texture":"#0"},"down":{"uv":[9.0,1.0,8.125,1.875],"tintindex":0,"texture":"#0"}},"rotation":{"angle":-22.5,"axis":"z","origin":[5.203085,9.390387,7.3025856]}},{"from":[5.7055902,12.743727,6.5153427],"to":[7.49382,14.618602,7.995507],"faces":{"north":{"uv":[4.625,7.125,5.5,8.125],"tintindex":0,"texture":"#0"},"east":{"uv":[8.25,3.75,9.0,4.75],"tintindex":0,"texture":"#0"},"south":{"uv":[5.5,7.125,6.375,8.125],"tintindex":0,"texture":"#0"},"west":{"uv":[0.875,8.375,1.625,9.375],"tintindex":0,"texture":"#0"},"up":{"uv":[9.75,8.125,8.875,7.375],"tintindex":0,"texture":"#0"},"down":{"uv":[9.75,8.125,8.875,8.875],"tintindex":0,"texture":"#0"}},"rotation":{"angle":-45.0,"axis":"z","origin":[5.203085,9.390387,7.3025856]}}],"display":{"fixed":{"scale":[4,4,4]}}}