{"textures":{"0":"bettermodel:item/center_guardian_shadowguardian","1":"bettermodel:item/center_guardian_shadowguardian_flame","particle":"bettermodel:item/center_guardian_shadowguardian"},"elements":[{"from":[7.49842,7.5966587,5.630335],"to":[8.28784,9.1755,7.209176],"faces":{"north":{"uv":[9.0,10.625,9.375,11.5],"tintindex":0,"texture":"#0"},"east":{"uv":[7.25,1.0,8.125,1.875],"tintindex":0,"texture":"#0"},"south":{"uv":[0.625,10.75,1.0,11.625],"tintindex":0,"texture":"#0"},"west":{"uv":[7.25,5.375,8.125,6.25],"tintindex":0,"texture":"#0"},"up":{"uv":[1.375,11.625,1.0,10.75],"tintindex":0,"texture":"#0"},"down":{"uv":[4.125,10.75,3.75,11.625],"tintindex":0,"texture":"#0"}},"rotation":{"angle":45.0,"axis":"x","origin":[6.317097,6.757314,7.00914]}},{"from":[6.8269234,8.017486,6.1666837],"to":[8.800475,8.708228,6.8574266],"faces":{"north":{"uv":[2.75,4.0,3.75,4.375],"tintindex":0,"texture":"#0"},"east":{"uv":[2.25,6.375,2.625,6.75],"tintindex":0,"texture":"#0"},"south":{"uv":[2.75,10.75,3.75,11.125],"tintindex":0,"texture":"#0"},"west":{"uv":[8.125,5.875,8.5,6.25],"tintindex":0,"texture":"#0"},"up":{"uv":[6.5,11.125,5.5,10.75],"tintindex":0,"texture":"#0"},"down":{"uv":[7.5,10.75,6.5,11.125],"tintindex":0,"texture":"#0"}},"rotation":{"angle":45.0,"axis":"x","origin":[6.317097,6.757314,7.00914]}},{"from":[5.9195786,8.090046,6.2224],"to":[6.7089987,8.583435,6.7157884],"faces":{"north":{"uv":[7.25,1.875,7.625,2.125],"tintindex":0,"texture":"#0"},"east":{"uv":[3.5,2.75,3.75,3.0],"tintindex":0,"texture":"#0"},"south":{"uv":[7.25,6.25,7.625,6.5],"tintindex":0,"texture":"#0"},"west":{"uv":[1.25,4.875,1.5,5.125],"tintindex":0,"texture":"#0"},"up":{"uv":[7.625,8.0,7.25,7.75],"tintindex":0,"texture":"#0"},"down":{"uv":[6.25,9.125,5.875,9.375],"tintindex":0,"texture":"#0"}},"rotation":{"angle":45.0,"axis":"x","origin":[6.317097,6.757314,7.00914]}},{"from":[5.1301575,7.5575757,7.32234],"to":[7.49842,8.248319,8.210439],"faces":{"north":{"uv":[10.0,3.0,11.25,3.375],"tintindex":0,"texture":"#0"},"east":{"uv":[8.5,0.625,9.0,1.0],"tintindex":0,"texture":"#0"},"south":{"uv":[10.0,3.375,11.25,3.75],"tintindex":0,"texture":"#0"},"west":{"uv":[8.875,5.5,9.375,5.875],"tintindex":0,"texture":"#0"},"up":{"uv":[10.125,9.375,8.875,8.875],"tintindex":0,"texture":"#0"},"down":{"uv":[10.25,0.625,9.0,1.125],"tintindex":0,"texture":"#0"}}},{"from":[6.215611,8.188724,5.9263678],"to":[7.103709,8.879468,6.2224],"faces":{"north":{"uv":[4.75,12.0,5.25,12.375],"tintindex":0,"texture":"#0"},"east":{"uv":[2.625,5.25,2.75,5.625],"tintindex":0,"texture":"#0"},"south":{"uv":[6.125,12.0,6.625,12.375],"tintindex":0,"texture":"#0"},"west":{"uv":[8.0,4.875,8.125,5.25],"tintindex":0,"texture":"#0"},"up":{"uv":[8.75,4.875,8.25,4.75],"tintindex":0,"texture":"#0"},"down":{"uv":[8.0,9.625,7.5,9.75],"tintindex":0,"texture":"#0"}},"rotation":{"angle":45.0,"axis":"x","origin":[6.317097,6.757314,7.00914]}},{"from":[6.610321,7.794014,5.9263678],"to":[7.103709,8.188724,6.2224],"faces":{"north":{"uv":[10.25,1.375,10.5,1.625],"tintindex":0,"texture":"#0"},"east":{"uv":[5.125,6.25,5.25,6.5],"tintindex":0,"texture":"#0"},"south":{"uv":[7.5,10.75,7.75,11.0],"tintindex":0,"texture":"#0"},"west":{"uv":[1.25,7.25,1.375,7.5],"tintindex":0,"texture":"#0"},"up":{"uv":[1.5,5.25,1.25,5.125],"tintindex":0,"texture":"#0"},"down":{"uv":[10.875,5.375,10.625,5.5],"tintindex":0,"texture":"#0"}},"rotation":{"angle":45.0,"axis":"x","origin":[6.317097,6.757314,7.00914]}},{"from":[6.215611,7.1493464,8.83526],"to":[7.103709,7.5440564,9.131292],"faces":{"north":{"uv":[1.5,3.75,2.0,4.0],"tintindex":0,"texture":"#0"},"east":{"uv":[2.125,7.5,2.25,7.75],"tintindex":0,"texture":"#0"},"south":{"uv":[1.625,8.375,2.125,8.625],"tintindex":0,"texture":"#0"},"west":{"uv":[7.125,8.625,7.25,8.875],"tintindex":0,"texture":"#0"},"up":{"uv":[10.5,4.25,10.0,4.125],"tintindex":0,"texture":"#0"},"down":{"uv":[10.75,2.875,10.25,3.0],"tintindex":0,"texture":"#0"}},"rotation":{"angle":-45.0,"axis":"x","origin":[6.317097,6.757314,7.00914]}},{"from":[6.610321,6.7546363,8.83526],"to":[7.103709,7.1493464,9.131292],"faces":{"north":{"uv":[0.375,11.375,0.625,11.625],"tintindex":0,"texture":"#0"},"east":{"uv":[3.875,8.875,4.0,9.125],"tintindex":0,"texture":"#0"},"south":{"uv":[1.125,11.625,1.375,11.875],"tintindex":0,"texture":"#0"},"west":{"uv":[8.75,9.0,8.875,9.25],"tintindex":0,"texture":"#0"},"up":{"uv":[6.875,12.125,6.625,12.0],"tintindex":0,"texture":"#0"},"down":{"uv":[2.125,12.125,1.875,12.25],"tintindex":0,"texture":"#0"}},"rotation":{"angle":-45.0,"axis":"x","origin":[6.317097,6.757314,7.00914]}}],"display":{"fixed":{"scale":[4,4,4]}}}