{"textures":{"0":"bettermodel:item/center_guardian_shadowguardian","1":"bettermodel:item/center_guardian_shadowguardian_flame","particle":"bettermodel:item/center_guardian_shadowguardian"},"elements":[{"from":[6.9060583,6.3951054,8.015863],"to":[8.090189,7.4805584,9.002639],"faces":{"north":{"uv":[4.25,10.375,4.875,11.0],"tintindex":0,"texture":"#0"},"east":{"uv":[2.5,8.625,3.0,9.25],"tintindex":0,"texture":"#0"},"south":{"uv":[7.75,10.375,8.375,11.0],"tintindex":0,"texture":"#0"},"west":{"uv":[5.625,11.125,6.125,11.75],"tintindex":0,"texture":"#0"},"up":{"uv":[8.0,5.375,7.375,4.875],"tintindex":0,"texture":"#0"},"down":{"uv":[4.625,7.625,4.0,8.125],"tintindex":0,"texture":"#0"}},"rotation":{"angle":-45.0,"axis":"x","origin":[7.6788793,7.0015564,6.8277636]}},{"from":[6.511348,6.1857786,7.789605],"to":[7.2020907,7.665943,9.269769],"faces":{"north":{"uv":[8.625,11.25,9.0,12.0],"tintindex":0,"texture":"#0"},"east":{"uv":[8.0,9.0,8.75,9.75],"tintindex":0,"texture":"#0"},"south":{"uv":[0.0,11.375,0.375,12.125],"tintindex":0,"texture":"#0"},"west":{"uv":[9.375,5.5,10.125,6.25],"tintindex":0,"texture":"#0"},"up":{"uv":[7.75,12.125,7.375,11.375],"tintindex":0,"texture":"#0"},"down":{"uv":[8.125,11.375,7.75,12.125],"tintindex":0,"texture":"#0"}},"rotation":{"angle":-45.0,"axis":"x","origin":[7.6788793,7.0015564,6.8277636]}},{"from":[5.721927,6.2844563,7.888283],"to":[6.511348,7.468587,9.072413],"faces":{"north":{"uv":[8.5,7.375,8.875,8.0],"tintindex":0,"texture":"#0"},"east":{"uv":[10.5,0.0,11.125,0.625],"tintindex":0,"texture":"#0"},"south":{"uv":[11.75,11.5,12.125,12.125],"tintindex":0,"texture":"#0"},"west":{"uv":[10.5,1.375,11.125,2.0],"tintindex":0,"texture":"#0"},"up":{"uv":[12.25,1.25,11.875,0.625],"tintindex":0,"texture":"#0"},"down":{"uv":[1.5,11.875,1.125,12.5],"tintindex":0,"texture":"#0"}},"rotation":{"angle":-45.0,"axis":"x","origin":[7.6788793,7.0015564,6.8277636]}},{"from":[4.9325066,6.383134,7.98696],"to":[5.721927,7.2712317,8.875058],"faces":{"north":{"uv":[0.875,7.875,1.25,8.375],"tintindex":0,"texture":"#0"},"east":{"uv":[6.875,11.625,7.375,12.125],"tintindex":0,"texture":"#0"},"south":{"uv":[3.5,9.25,3.875,9.75],"tintindex":0,"texture":"#0"},"west":{"uv":[9.375,11.625,9.875,12.125],"tintindex":0,"texture":"#0"},"up":{"uv":[8.75,10.25,8.375,9.75],"tintindex":0,"texture":"#0"},"down":{"uv":[3.5,9.875,3.125,10.375],"tintindex":0,"texture":"#0"}},"rotation":{"angle":-45.0,"axis":"x","origin":[7.6788793,7.0015564,6.8277636]}},{"from":[7.6628647,7.4198556,7.779316],"to":[8.846995,8.900019,9.358157],"faces":{"north":{"uv":[5.25,9.75,5.875,10.5],"tintindex":0,"texture":"#0"},"east":{"uv":[3.0,8.5,3.875,9.25],"tintindex":0,"texture":"#0"},"south":{"uv":[2.5,9.875,3.125,10.625],"tintindex":0,"texture":"#0"},"west":{"uv":[8.5,5.875,9.375,6.625],"tintindex":0,"texture":"#0"},"up":{"uv":[3.75,7.625,3.125,6.75],"tintindex":0,"texture":"#0"},"down":{"uv":[2.5,9.375,1.875,10.25],"tintindex":0,"texture":"#0"}},"rotation":{"angle":-22.5,"axis":"y","origin":[7.6788793,7.0015564,6.8277636]}},{"from":[3.935584,6.922282,7.69015],"to":[4.3026648,7.336728,8.021707],"faces":{"north":{"uv":[1.875,11.875,2.125,12.125],"tintindex":0,"texture":"#0"},"east":{"uv":[9.5,1.625,9.625,1.875],"tintindex":0,"texture":"#0"},"south":{"uv":[3.25,12.0,3.5,12.25],"tintindex":0,"texture":"#0"},"west":{"uv":[9.625,4.25,9.75,4.5],"tintindex":0,"texture":"#0"},"up":{"uv":[3.5,12.375,3.25,12.25],"tintindex":0,"texture":"#0"},"down":{"uv":[4.75,12.25,4.5,12.375],"tintindex":0,"texture":"#0"}},"rotation":{"angle":-22.5,"axis":"z","origin":[7.6788793,7.0015564,6.8277636]}},{"from":[3.935584,6.922282,8.104596],"to":[4.3026648,7.336728,8.436152],"faces":{"north":{"uv":[12.5,12.375,12.75,12.625],"tintindex":0,"texture":"#0"},"east":{"uv":[9.625,4.5,9.75,4.75],"tintindex":0,"texture":"#0"},"south":{"uv":[0.0,12.625,0.25,12.875],"tintindex":0,"texture":"#0"},"west":{"uv":[0.75,10.125,0.875,10.375],"tintindex":0,"texture":"#0"},"up":{"uv":[12.625,8.375,12.375,8.25],"tintindex":0,"texture":"#0"},"down":{"uv":[13.0,8.0,12.75,8.125],"tintindex":0,"texture":"#0"}},"rotation":{"angle":-22.5,"axis":"z","origin":[7.6788793,7.0015564,6.8277636]}},{"from":[3.935584,6.922282,8.519042],"to":[4.3026648,7.336728,8.850598],"faces":{"north":{"uv":[12.625,0.0,12.875,0.25],"tintindex":0,"texture":"#0"},"east":{"uv":[0.75,10.375,0.875,10.625],"tintindex":0,"texture":"#0"},"south":{"uv":[12.625,0.625,12.875,0.875],"tintindex":0,"texture":"#0"},"west":{"uv":[9.375,10.625,9.5,10.875],"tintindex":0,"texture":"#0"},"up":{"uv":[13.0,8.25,12.75,8.125],"tintindex":0,"texture":"#0"},"down":{"uv":[8.625,12.75,8.375,12.875],"tintindex":0,"texture":"#0"}},"rotation":{"angle":-22.5,"axis":"z","origin":[7.6788793,7.0015564,6.8277636]}},{"from":[5.148776,7.4591312,5.015973],"to":[5.5711164,7.873577,5.4067364],"faces":{"north":{"uv":[12.625,0.875,12.875,1.125],"tintindex":0,"texture":"#0"},"east":{"uv":[12.625,1.125,12.875,1.375],"tintindex":0,"texture":"#0"},"south":{"uv":[12.625,1.375,12.875,1.625],"tintindex":0,"texture":"#0"},"west":{"uv":[12.625,2.75,12.875,3.0],"tintindex":0,"texture":"#0"},"up":{"uv":[12.875,3.25,12.625,3.0],"tintindex":0,"texture":"#0"},"down":{"uv":[12.875,3.25,12.625,3.5],"tintindex":0,"texture":"#0"}},"rotation":{"angle":45.0,"axis":"y","origin":[7.6788793,7.0015564,6.8277636]}},{"from":[3.935584,6.922282,7.2757044],"to":[4.3026648,7.336728,7.6072607],"faces":{"north":{"uv":[12.625,3.5,12.875,3.75],"tintindex":0,"texture":"#0"},"east":{"uv":[1.375,10.75,1.5,11.0],"tintindex":0,"texture":"#0"},"south":{"uv":[12.625,3.75,12.875,4.0],"tintindex":0,"texture":"#0"},"west":{"uv":[4.125,10.75,4.25,11.0],"tintindex":0,"texture":"#0"},"up":{"uv":[8.875,12.875,8.625,12.75],"tintindex":0,"texture":"#0"},"down":{"uv":[9.125,12.75,8.875,12.875],"tintindex":0,"texture":"#0"}},"rotation":{"angle":-22.5,"axis":"z","origin":[7.6788793,7.0015564,6.8277636]}},{"from":[3.8238544,4.640437,6.9786463],"to":[4.2461944,4.8575277,7.1760015],"faces":{"north":{"uv":[9.125,12.75,9.375,12.875],"tintindex":0,"texture":"#0"},"east":{"uv":[8.0,5.25,8.125,5.375],"tintindex":0,"texture":"#0"},"south":{"uv":[9.375,12.75,9.625,12.875],"tintindex":0,"texture":"#0"},"west":{"uv":[3.0,8.375,3.125,8.5],"tintindex":0,"texture":"#0"},"up":{"uv":[9.875,12.875,9.625,12.75],"tintindex":0,"texture":"#0"},"down":{"uv":[10.125,12.75,9.875,12.875],"tintindex":0,"texture":"#0"}},"rotation":{"angle":-45.0,"axis":"z","origin":[7.6788793,7.0015564,6.8277636]}},{"from":[3.805284,9.605275,7.2757044],"to":[4.468397,10.019721,7.6072607],"faces":{"north":{"uv":[1.5,10.0,1.875,10.25],"tintindex":0,"texture":"#0"},"east":{"uv":[9.375,10.875,9.5,11.125],"tintindex":0,"texture":"#0"},"south":{"uv":[5.5,10.5,5.875,10.75],"tintindex":0,"texture":"#0"},"west":{"uv":[7.375,11.125,7.5,11.375],"tintindex":0,"texture":"#0"},"up":{"uv":[7.5,10.375,7.125,10.25],"tintindex":0,"texture":"#0"},"down":{"uv":[5.25,10.375,4.875,10.5],"tintindex":0,"texture":"#0"}},"rotation":{"angle":22.5,"axis":"z","origin":[7.6788793,7.0015564,6.8277636]}},{"from":[4.852744,7.6564865,5.015973],"to":[5.5711164,8.56432,5.801447],"faces":{"north":{"uv":[5.25,12.0,5.625,12.5],"tintindex":0,"texture":"#0"},"east":{"uv":[8.625,12.0,9.0,12.5],"tintindex":0,"texture":"#0"},"south":{"uv":[10.875,12.0,11.25,12.5],"tintindex":0,"texture":"#0"},"west":{"uv":[11.25,12.0,11.625,12.5],"tintindex":0,"texture":"#0"},"up":{"uv":[9.75,7.375,9.375,7.0],"tintindex":0,"texture":"#0"},"down":{"uv":[2.5,10.25,2.125,10.625],"tintindex":0,"texture":"#0"}},"rotation":{"angle":45.0,"axis":"y","origin":[7.6788793,7.0015564,6.8277636]}},{"from":[6.528619,7.6564865,9.529955],"to":[7.2469916,8.56432,10.315429],"faces":{"north":{"uv":[0.0,12.125,0.375,12.625],"tintindex":0,"texture":"#0"},"east":{"uv":[6.625,12.125,7.0,12.625],"tintindex":0,"texture":"#0"},"south":{"uv":[7.0,12.125,7.375,12.625],"tintindex":0,"texture":"#0"},"west":{"uv":[7.375,12.125,7.75,12.625],"tintindex":0,"texture":"#0"},"up":{"uv":[12.625,4.625,12.25,4.25],"tintindex":0,"texture":"#0"},"down":{"uv":[10.625,12.25,10.25,12.625],"tintindex":0,"texture":"#0"}},"rotation":{"angle":-45.0,"axis":"y","origin":[7.6788793,7.0015564,6.8277636]}},{"from":[4.3745184,7.6564865,7.5707116],"to":[5.4876018,8.662997,8.454863],"faces":{"north":{"uv":[9.0,4.25,9.625,4.75],"tintindex":0,"texture":"#0"},"east":{"uv":[2.125,11.75,2.625,12.25],"tintindex":0,"texture":"#0"},"south":{"uv":[6.125,11.125,6.75,11.625],"tintindex":0,"texture":"#0"},"west":{"uv":[5.625,11.75,6.125,12.25],"tintindex":0,"texture":"#0"},"up":{"uv":[7.375,11.625,6.75,11.125],"tintindex":0,"texture":"#0"},"down":{"uv":[10.0,11.125,9.375,11.625],"tintindex":0,"texture":"#0"}}},{"from":[4.345758,7.776522,7.2757044],"to":[4.9654527,8.585678,8.850598],"faces":{"north":{"uv":[12.25,10.375,12.625,10.75],"tintindex":0,"texture":"#0"},"east":{"uv":[10.875,6.375,11.75,6.75],"tintindex":0,"texture":"#0"},"south":{"uv":[0.375,12.375,0.75,12.75],"tintindex":0,"texture":"#0"},"west":{"uv":[7.5,11.0,8.375,11.375],"tintindex":0,"texture":"#0"},"up":{"uv":[1.75,11.875,1.375,11.0],"tintindex":0,"texture":"#0"},"down":{"uv":[2.125,11.0,1.75,11.875],"tintindex":0,"texture":"#0"}}},{"from":[4.5080485,7.4591312,8.145155],"to":[5.226421,7.873577,8.5398655],"faces":{"north":{"uv":[12.375,8.0,12.75,8.25],"tintindex":0,"texture":"#0"},"east":{"uv":[12.625,4.0,12.875,4.25],"tintindex":0,"texture":"#0"},"south":{"uv":[12.375,10.125,12.75,10.375],"tintindex":0,"texture":"#0"},"west":{"uv":[12.625,4.25,12.875,4.5],"tintindex":0,"texture":"#0"},"up":{"uv":[12.75,11.375,12.375,11.125],"tintindex":0,"texture":"#0"},"down":{"uv":[12.5,12.375,12.125,12.625],"tintindex":0,"texture":"#0"}},"rotation":{"angle":-22.5,"axis":"y","origin":[7.6788793,7.0015564,6.8277636]}},{"from":[3.5961523,6.115181,6.8799686],"to":[4.3145247,6.529627,7.2746787],"faces":{"north":{"uv":[1.125,12.5,1.5,12.75],"tintindex":0,"texture":"#0"},"east":{"uv":[6.0,12.625,6.25,12.875],"tintindex":0,"texture":"#0"},"south":{"uv":[1.5,12.5,1.875,12.75],"tintindex":0,"texture":"#0"},"west":{"uv":[6.25,12.625,6.5,12.875],"tintindex":0,"texture":"#0"},"up":{"uv":[12.875,2.75,12.5,2.5],"tintindex":0,"texture":"#0"},"down":{"uv":[12.875,4.875,12.5,5.125],"tintindex":0,"texture":"#0"}},"rotation":{"angle":-22.5,"axis":"z","origin":[7.6788793,7.0015564,6.8277636]}},{"from":[3.5839663,8.171232,7.2757044],"to":[4.345758,8.585678,7.6072607],"faces":{"north":{"uv":[12.5,5.125,12.875,5.375],"tintindex":0,"texture":"#0"},"east":{"uv":[8.125,11.375,8.25,11.625],"tintindex":0,"texture":"#0"},"south":{"uv":[5.25,12.5,5.625,12.75],"tintindex":0,"texture":"#0"},"west":{"uv":[8.125,11.625,8.25,11.875],"tintindex":0,"texture":"#0"},"up":{"uv":[3.125,10.75,2.75,10.625],"tintindex":0,"texture":"#0"},"down":{"uv":[12.375,1.625,12.0,1.75],"tintindex":0,"texture":"#0"}}},{"from":[3.4852886,8.171232,7.69015],"to":[4.345758,8.585678,8.021707],"faces":{"north":{"uv":[8.5,2.5,9.0,2.75],"tintindex":0,"texture":"#0"},"east":{"uv":[2.625,11.75,2.75,12.0],"tintindex":0,"texture":"#0"},"south":{"uv":[9.0,1.625,9.5,1.875],"tintindex":0,"texture":"#0"},"west":{"uv":[10.875,11.75,11.0,12.0],"tintindex":0,"texture":"#0"},"up":{"uv":[7.125,10.375,6.625,10.25],"tintindex":0,"texture":"#0"},"down":{"uv":[11.25,2.875,10.75,3.0],"tintindex":0,"texture":"#0"}}},{"from":[3.5839663,8.171232,8.104596],"to":[4.345758,8.585678,8.436152],"faces":{"north":{"uv":[12.5,5.375,12.875,5.625],"tintindex":0,"texture":"#0"},"east":{"uv":[8.125,11.875,8.25,12.125],"tintindex":0,"texture":"#0"},"south":{"uv":[12.5,5.625,12.875,5.875],"tintindex":0,"texture":"#0"},"west":{"uv":[8.875,12.5,9.0,12.75],"tintindex":0,"texture":"#0"},"up":{"uv":[12.625,1.25,12.25,1.125],"tintindex":0,"texture":"#0"},"down":{"uv":[13.125,2.375,12.75,2.5],"tintindex":0,"texture":"#0"}}},{"from":[3.7813225,8.171232,8.519042],"to":[4.345758,8.585678,8.850598],"faces":{"north":{"uv":[6.625,12.625,6.875,12.875],"tintindex":0,"texture":"#0"},"east":{"uv":[9.75,12.5,9.875,12.75],"tintindex":0,"texture":"#0"},"south":{"uv":[6.875,12.625,7.125,12.875],"tintindex":0,"texture":"#0"},"west":{"uv":[10.5,12.625,10.625,12.875],"tintindex":0,"texture":"#0"},"up":{"uv":[13.0,10.25,12.75,10.125],"tintindex":0,"texture":"#0"},"down":{"uv":[13.0,10.25,12.75,10.375],"tintindex":0,"texture":"#0"}}},{"from":[5.0191307,10.831284,8.61772],"to":[5.484889,11.048374,8.751921],"faces":{"north":{"uv":[12.75,10.75,13.0,10.875],"tintindex":0,"texture":"#0"},"east":{"uv":[6.25,8.5,6.375,8.625],"tintindex":0,"texture":"#0"},"south":{"uv":[10.875,12.75,11.125,12.875],"tintindex":0,"texture":"#0"},"west":{"uv":[8.75,4.75,8.875,4.875],"tintindex":0,"texture":"#0"},"up":{"uv":[11.375,12.875,11.125,12.75],"tintindex":0,"texture":"#0"},"down":{"uv":[13.0,11.125,12.75,11.25],"tintindex":0,"texture":"#0"}},"rotation":{"angle":45.0,"axis":"z","origin":[7.6788793,7.0015564,6.8277636]}},{"from":[4.1013165,9.5065975,8.519042],"to":[4.6657524,9.921043,8.850598],"faces":{"north":{"uv":[7.125,12.625,7.375,12.875],"tintindex":0,"texture":"#0"},"east":{"uv":[10.125,12.75,10.25,13.0],"tintindex":0,"texture":"#0"},"south":{"uv":[7.375,12.625,7.625,12.875],"tintindex":0,"texture":"#0"},"west":{"uv":[11.375,12.75,11.5,13.0],"tintindex":0,"texture":"#0"},"up":{"uv":[13.0,11.375,12.75,11.25],"tintindex":0,"texture":"#0"},"down":{"uv":[11.75,12.75,11.5,12.875],"tintindex":0,"texture":"#0"}},"rotation":{"angle":22.5,"axis":"z","origin":[7.6788793,7.0015564,6.8277636]}},{"from":[4.821776,10.92996,8.203274],"to":[5.3862114,11.147052,8.337475],"faces":{"north":{"uv":[11.75,12.75,12.0,12.875],"tintindex":0,"texture":"#0"},"east":{"uv":[8.0,8.875,8.125,9.0],"tintindex":0,"texture":"#0"},"south":{"uv":[12.75,12.375,13.0,12.5],"tintindex":0,"texture":"#0"},"west":{"uv":[8.75,9.25,8.875,9.375],"tintindex":0,"texture":"#0"},"up":{"uv":[13.0,12.625,12.75,12.5],"tintindex":0,"texture":"#0"},"down":{"uv":[13.0,12.625,12.75,12.75],"tintindex":0,"texture":"#0"}},"rotation":{"angle":45.0,"axis":"z","origin":[7.6788793,7.0015564,6.8277636]}},{"from":[3.9039617,9.605275,8.104596],"to":[4.468397,10.019721,8.436152],"faces":{"north":{"uv":[12.625,7.375,12.875,7.625],"tintindex":0,"texture":"#0"},"east":{"uv":[12.75,12.75,12.875,13.0],"tintindex":0,"texture":"#0"},"south":{"uv":[12.625,7.625,12.875,7.875],"tintindex":0,"texture":"#0"},"west":{"uv":[0.0,12.875,0.125,13.125],"tintindex":0,"texture":"#0"},"up":{"uv":[13.125,0.125,12.875,0.0],"tintindex":0,"texture":"#0"},"down":{"uv":[13.125,0.125,12.875,0.25],"tintindex":0,"texture":"#0"}},"rotation":{"angle":22.5,"axis":"z","origin":[7.6788793,7.0015564,6.8277636]}},{"from":[3.6079288,9.605275,7.69015],"to":[4.468397,10.019721,8.021707],"faces":{"north":{"uv":[6.625,9.375,7.125,9.625],"tintindex":0,"texture":"#0"},"east":{"uv":[0.125,12.875,0.25,13.125],"tintindex":0,"texture":"#0"},"south":{"uv":[9.5,10.25,10.0,10.5],"tintindex":0,"texture":"#0"},"west":{"uv":[12.875,0.375,13.0,0.625],"tintindex":0,"texture":"#0"},"up":{"uv":[11.75,7.625,11.25,7.5],"tintindex":0,"texture":"#0"},"down":{"uv":[11.875,2.75,11.375,2.875],"tintindex":0,"texture":"#0"}},"rotation":{"angle":22.5,"axis":"z","origin":[7.6788793,7.0015564,6.8277636]}},{"from":[4.5257435,11.028639,7.7888274],"to":[5.090179,11.245729,7.923029],"faces":{"north":{"uv":[12.875,0.625,13.125,0.75],"tintindex":0,"texture":"#0"},"east":{"uv":[10.5,4.125,10.625,4.25],"tintindex":0,"texture":"#0"},"south":{"uv":[12.875,0.75,13.125,0.875],"tintindex":0,"texture":"#0"},"west":{"uv":[0.75,10.625,0.875,10.75],"tintindex":0,"texture":"#0"},"up":{"uv":[13.125,1.0,12.875,0.875],"tintindex":0,"texture":"#0"},"down":{"uv":[13.125,1.0,12.875,1.125],"tintindex":0,"texture":"#0"}},"rotation":{"angle":45.0,"axis":"z","origin":[7.6788793,7.0015564,6.8277636]}},{"from":[4.7230983,11.028639,7.3743815],"to":[5.2875338,11.245729,7.508583],"faces":{"north":{"uv":[12.875,1.125,13.125,1.25],"tintindex":0,"texture":"#0"},"east":{"uv":[10.625,10.375,10.75,10.5],"tintindex":0,"texture":"#0"},"south":{"uv":[12.875,1.25,13.125,1.375],"tintindex":0,"texture":"#0"},"west":{"uv":[9.875,11.625,10.0,11.75],"tintindex":0,"texture":"#0"},"up":{"uv":[13.125,1.5,12.875,1.375],"tintindex":0,"texture":"#0"},"down":{"uv":[13.125,1.5,12.875,1.625],"tintindex":0,"texture":"#0"}},"rotation":{"angle":45.0,"axis":"z","origin":[7.6788793,7.0015564,6.8277636]}}],"display":{"fixed":{"scale":[4,4,4]}}}