{"textures":{"0":"bettermodel:item/sub_guardian_shadowguardian","1":"bettermodel:item/sub_guardian_shadowguardian_flame","particle":"bettermodel:item/sub_guardian_shadowguardian"},"elements":[{"from":[7.4382505,7.1224384,4.4289355],"to":[8.949702,8.70128,6.0077767],"faces":{"north":{"uv":[4.125,11.25,4.75,11.875],"rotation":180.0,"tintindex":0,"texture":"#0"},"east":{"uv":[7.25,1.0,8.125,1.875],"tintindex":0,"texture":"#0"},"south":{"uv":[0.625,10.75,1.0,11.625],"tintindex":0,"texture":"#0"},"west":{"uv":[7.25,5.375,8.125,6.25],"tintindex":0,"texture":"#0"},"up":{"uv":[4.125,11.25,4.75,11.875],"tintindex":0,"texture":"#0"},"down":{"uv":[4.125,11.25,4.75,11.875],"rotation":180.0,"tintindex":0,"texture":"#0"}},"rotation":{"angle":45.0,"axis":"x","origin":[6.7744484,5.100073,7.0535088]}},{"from":[6.766752,7.5432625,4.965289],"to":[8.740303,8.234005,5.656032],"faces":{"north":{"uv":[2.75,4.0,3.75,4.375],"tintindex":0,"texture":"#0"},"east":{"uv":[2.25,6.375,2.625,6.75],"tintindex":0,"texture":"#0"},"south":{"uv":[2.75,10.75,3.75,11.125],"tintindex":0,"texture":"#0"},"west":{"uv":[8.125,5.875,8.5,6.25],"tintindex":0,"texture":"#0"},"up":{"uv":[6.5,11.125,5.5,10.75],"tintindex":0,"texture":"#0"},"down":{"uv":[7.5,10.75,6.5,11.125],"tintindex":0,"texture":"#0"}},"rotation":{"angle":45.0,"axis":"x","origin":[6.7744484,5.100073,7.0535088]}},{"from":[5.859409,7.615826,5.021001],"to":[6.6488295,8.109215,5.514389],"faces":{"north":{"uv":[7.25,1.875,7.625,2.125],"tintindex":0,"texture":"#0"},"east":{"uv":[3.5,2.75,3.75,3.0],"tintindex":0,"texture":"#0"},"south":{"uv":[7.25,6.25,7.625,6.5],"tintindex":0,"texture":"#0"},"west":{"uv":[1.25,4.875,1.5,5.125],"tintindex":0,"texture":"#0"},"up":{"uv":[7.625,8.0,7.25,7.75],"tintindex":0,"texture":"#0"},"down":{"uv":[6.25,9.125,5.875,9.375],"tintindex":0,"texture":"#0"}},"rotation":{"angle":45.0,"axis":"x","origin":[6.7744484,5.100073,7.0535088]}},{"from":[5.0699883,7.617747,7.32234],"to":[7.4382505,8.308491,8.210439],"faces":{"north":{"uv":[10.0,3.0,11.25,3.375],"tintindex":0,"texture":"#0"},"east":{"uv":[8.5,0.625,9.0,1.0],"tintindex":0,"texture":"#0"},"south":{"uv":[10.0,3.375,11.25,3.75],"tintindex":0,"texture":"#0"},"west":{"uv":[8.875,5.5,9.375,5.875],"tintindex":0,"texture":"#0"},"up":{"uv":[10.125,9.375,8.875,8.875],"tintindex":0,"texture":"#0"},"down":{"uv":[10.25,0.625,9.0,1.125],"tintindex":0,"texture":"#0"}}},{"from":[6.1554418,7.714504,4.7249684],"to":[7.04354,8.405248,5.021001],"faces":{"north":{"uv":[4.75,12.0,5.25,12.375],"tintindex":0,"texture":"#0"},"east":{"uv":[2.625,5.25,2.75,5.625],"tintindex":0,"texture":"#0"},"south":{"uv":[6.125,12.0,6.625,12.375],"tintindex":0,"texture":"#0"},"west":{"uv":[8.0,4.875,8.125,5.25],"tintindex":0,"texture":"#0"},"up":{"uv":[8.75,4.875,8.25,4.75],"tintindex":0,"texture":"#0"},"down":{"uv":[8.0,9.625,7.5,9.75],"tintindex":0,"texture":"#0"}},"rotation":{"angle":45.0,"axis":"x","origin":[6.7744484,5.100073,7.0535088]}},{"from":[6.550152,7.319793,4.7249684],"to":[7.04354,7.714504,5.021001],"faces":{"north":{"uv":[10.25,1.375,10.5,1.625],"tintindex":0,"texture":"#0"},"east":{"uv":[5.125,6.25,5.25,6.5],"tintindex":0,"texture":"#0"},"south":{"uv":[7.5,10.75,7.75,11.0],"tintindex":0,"texture":"#0"},"west":{"uv":[1.25,7.25,1.375,7.5],"tintindex":0,"texture":"#0"},"up":{"uv":[1.5,5.25,1.25,5.125],"tintindex":0,"texture":"#0"},"down":{"uv":[10.875,5.375,10.625,5.5],"tintindex":0,"texture":"#0"}},"rotation":{"angle":45.0,"axis":"x","origin":[6.7744484,5.100073,7.0535088]}},{"from":[6.1554418,6.73787,10.062651],"to":[7.04354,7.1325808,10.358683],"faces":{"north":{"uv":[1.5,3.75,2.0,4.0],"tintindex":0,"texture":"#0"},"east":{"uv":[2.125,7.5,2.25,7.75],"tintindex":0,"texture":"#0"},"south":{"uv":[1.625,8.375,2.125,8.625],"tintindex":0,"texture":"#0"},"west":{"uv":[7.125,8.625,7.25,8.875],"tintindex":0,"texture":"#0"},"up":{"uv":[10.5,4.25,10.0,4.125],"tintindex":0,"texture":"#0"},"down":{"uv":[10.75,2.875,10.25,3.0],"tintindex":0,"texture":"#0"}},"rotation":{"angle":-45.0,"axis":"x","origin":[6.7744484,5.100073,7.0535088]}},{"from":[6.550152,6.3431597,10.062651],"to":[7.04354,6.73787,10.358683],"faces":{"north":{"uv":[0.375,11.375,0.625,11.625],"tintindex":0,"texture":"#0"},"east":{"uv":[3.875,8.875,4.0,9.125],"tintindex":0,"texture":"#0"},"south":{"uv":[1.125,11.625,1.375,11.875],"tintindex":0,"texture":"#0"},"west":{"uv":[8.75,9.0,8.875,9.25],"tintindex":0,"texture":"#0"},"up":{"uv":[6.875,12.125,6.625,12.0],"tintindex":0,"texture":"#0"},"down":{"uv":[2.125,12.125,1.875,12.25],"tintindex":0,"texture":"#0"}},"rotation":{"angle":-45.0,"axis":"x","origin":[6.7744484,5.100073,7.0535088]}}],"display":{"fixed":{"scale":[4,4,4]}}}