{"textures":{"0":"bettermodel:item/sub_guardian_shadowguardian","1":"bettermodel:item/sub_guardian_shadowguardian_flame","particle":"bettermodel:item/sub_guardian_shadowguardian"},"elements":[{"from":[7.1287494,4.8612537,6.212737],"to":[8.866437,6.440095,7.7915783],"faces":{"north":{"uv":[1.25,7.5,2.125,8.375],"tintindex":0,"texture":"#0"},"east":{"uv":[7.625,1.875,8.5,2.75],"tintindex":0,"texture":"#0"},"south":{"uv":[3.125,7.625,4.0,8.5],"tintindex":0,"texture":"#0"},"west":{"uv":[7.625,6.25,8.5,7.125],"tintindex":0,"texture":"#0"},"up":{"uv":[8.5,8.0,7.625,7.125],"tintindex":0,"texture":"#0"},"down":{"uv":[3.0,7.75,2.125,8.625],"tintindex":0,"texture":"#0"}},"rotation":{"angle":22.5,"axis":"x","origin":[7.949294,4.565288,7.709002]}},{"from":[7.1889186,4.305607,6.5198364],"to":[8.767759,5.4897385,7.9013224],"faces":{"north":{"uv":[0.0,9.5,0.875,10.125],"tintindex":0,"texture":"#0"},"east":{"uv":[0.0,10.125,0.75,10.75],"tintindex":0,"texture":"#0"},"south":{"uv":[9.625,0.0,10.5,0.625],"tintindex":0,"texture":"#0"},"west":{"uv":[10.125,5.5,10.875,6.125],"tintindex":0,"texture":"#0"},"up":{"uv":[7.125,9.375,6.25,8.625],"tintindex":0,"texture":"#0"},"down":{"uv":[0.875,8.75,0.0,9.5],"tintindex":0,"texture":"#0"}}},{"from":[7.3862734,3.5919037,6.648035],"to":[8.570405,4.776035,8.029521],"faces":{"north":{"uv":[10.625,4.125,11.25,4.75],"tintindex":0,"texture":"#0"},"east":{"uv":[5.875,10.125,6.625,10.75],"tintindex":0,"texture":"#0"},"south":{"uv":[10.625,4.75,11.25,5.375],"tintindex":0,"texture":"#0"},"west":{"uv":[10.125,6.125,10.875,6.75],"tintindex":0,"texture":"#0"},"up":{"uv":[10.875,1.375,10.25,0.625],"tintindex":0,"texture":"#0"},"down":{"uv":[2.125,10.25,1.5,11.0],"tintindex":0,"texture":"#0"}},"rotation":{"angle":-22.5,"axis":"x","origin":[7.949294,4.565288,7.709002]}},{"from":[8.038508,2.2259216,5.222476],"to":[8.038508,7.2801394,14.849558],"faces":{"east":{"uv":[5.0,16.0,12.0,0.0],"rotation":270.0,"tintindex":0,"texture":"#1"},"west":{"uv":[5.0,0.0,12.0,16.0],"rotation":270.0,"tintindex":0,"texture":"#1"}},"rotation":{"angle":45.0,"axis":"x","origin":[7.949294,4.565288,7.709002]}},{"from":[5.396086,-2.0352402,7.676838],"to":[9.96895,7.5918403,7.676838],"faces":{"north":{"uv":[5.0,0.0,12.0,16.0],"tintindex":0,"texture":"#1"},"south":{"uv":[5.0,16.0,12.0,0.0],"rotation":180.0,"tintindex":0,"texture":"#1"}},"rotation":{"angle":-22.5,"axis":"x","origin":[7.949294,4.565288,7.709002]}}],"display":{"fixed":{"scale":[4,4,4]}}}