{"textures":{"0":"bettermodel:item/sub_guardian_shadowguardian","1":"bettermodel:item/sub_guardian_shadowguardian_flame","particle":"bettermodel:item/sub_guardian_shadowguardian"},"elements":[{"from":[7.5191755,8.831708,6.3533454],"to":[9.203915,10.155432,7.417138],"faces":{"north":{"uv":[5.0,1.0,6.375,2.125],"tintindex":0,"texture":"#0"},"east":{"uv":[5.0,1.0,6.375,2.125],"tintindex":0,"texture":"#0"},"south":{"uv":[5.0,1.0,6.375,2.125],"tintindex":0,"texture":"#0"},"west":{"uv":[5.0,1.0,6.375,2.125],"tintindex":0,"texture":"#0"},"up":{"uv":[5.0,1.0,6.375,2.125],"tintindex":0,"texture":"#0"},"down":{"uv":[5.0,1.0,6.375,2.125],"tintindex":0,"texture":"#0"}}},{"from":[7.7924113,9.631641,5.7428684],"to":[8.172681,10.00469,6.1447988],"faces":{"north":{"uv":[7.25,13.0,7.0,12.625],"rotation":270.0,"tintindex":0,"texture":"#0"},"east":{"uv":[7.25,13.0,7.0,12.625],"tintindex":0,"texture":"#0"},"south":{"uv":[7.25,13.0,7.0,12.625],"tintindex":0,"texture":"#0"},"west":{"uv":[7.25,13.0,7.0,12.625],"tintindex":0,"texture":"#0"},"up":{"uv":[7.25,13.0,7.0,12.625],"tintindex":0,"texture":"#0"},"down":{"uv":[7.25,13.0,7.0,12.625],"tintindex":0,"texture":"#0"}},"rotation":{"angle":45.0,"axis":"y","origin":[8.344005,4.511102,6.298192]}},{"from":[8.5989485,9.631641,5.6592474],"to":[8.9792185,10.00469,6.061178],"faces":{"north":{"uv":[7.25,12.625,7.0,13.0],"rotation":270.0,"tintindex":0,"texture":"#0"},"east":{"uv":[7.0,13.0,7.25,12.625],"tintindex":0,"texture":"#0"},"south":{"uv":[7.0,13.0,7.25,12.625],"tintindex":0,"texture":"#0"},"west":{"uv":[7.0,13.0,7.25,12.625],"tintindex":0,"texture":"#0"},"up":{"uv":[7.0,13.0,7.25,12.625],"tintindex":0,"texture":"#0"},"down":{"uv":[7.0,13.0,7.25,12.625],"tintindex":0,"texture":"#0"}},"rotation":{"angle":-45.0,"axis":"y","origin":[8.344005,4.511102,6.298192]}},{"from":[5.7591524,6.810097,6.0469923],"to":[8.71948,8.981004,8.908643],"faces":{"north":{"uv":[3.75,3.25,5.25,4.375],"tintindex":0,"texture":"#0"},"east":{"uv":[3.75,2.125,5.25,3.25],"tintindex":0,"texture":"#0"},"south":{"uv":[3.75,2.125,5.25,3.25],"tintindex":0,"texture":"#0"},"west":{"uv":[3.75,3.25,5.25,4.375],"tintindex":0,"texture":"#0"},"up":{"uv":[3.0,8.5,3.875,9.25],"tintindex":0,"texture":"#0"},"down":{"uv":[3.5,1.5,2.0,3.0],"tintindex":0,"texture":"#0"}},"rotation":{"angle":45.0,"axis":"y","origin":[8.344005,4.511102,6.298192]}},{"from":[7.2176747,8.453483,3.8313632],"to":[9.636478,9.180327,6.693013],"faces":{"north":{"uv":[0.0,9.75,0.875,10.125],"tintindex":0,"texture":"#0"},"east":{"uv":[0.0,9.75,0.875,10.125],"tintindex":0,"texture":"#0"},"south":{"uv":[3.75,2.125,5.25,3.25],"tintindex":0,"texture":"#0"},"west":{"uv":[0.0,9.75,0.875,10.125],"tintindex":0,"texture":"#0"},"up":{"uv":[3.0,8.5,3.875,9.25],"tintindex":0,"texture":"#0"},"down":{"uv":[3.5,1.5,2.0,3.0],"tintindex":0,"texture":"#0"}},"rotation":{"angle":22.5,"axis":"x","origin":[8.344005,4.511102,6.298192]}},{"from":[7.2176747,8.429651,1.969852],"to":[9.636478,9.337004,4.8315015],"faces":{"north":{"uv":[0.0,9.75,0.875,10.125],"tintindex":0,"texture":"#0"},"east":{"uv":[0.0,9.75,0.875,10.125],"tintindex":0,"texture":"#0"},"south":{"uv":[3.75,2.125,5.25,3.25],"tintindex":0,"texture":"#0"},"west":{"uv":[0.0,9.75,0.875,10.125],"tintindex":0,"texture":"#0"},"up":{"uv":[5.0,1.0,6.375,2.125],"rotation":180.0,"tintindex":0,"texture":"#0"},"down":{"uv":[3.5,1.5,2.0,3.0],"tintindex":0,"texture":"#0"}},"rotation":{"angle":45.0,"axis":"x","origin":[8.344005,4.511102,6.298192]}},{"from":[5.9565077,5.7246437,6.441703],"to":[8.32477,6.810097,8.7112875],"faces":{"north":{"uv":[6.375,7.125,7.625,7.75],"tintindex":0,"texture":"#0"},"east":{"uv":[8.5,0.0,9.625,0.625],"tintindex":0,"texture":"#0"},"south":{"uv":[0.0,7.25,1.25,7.875],"tintindex":0,"texture":"#0"},"west":{"uv":[8.5,1.875,9.625,2.5],"tintindex":0,"texture":"#0"},"up":{"uv":[6.5,4.25,5.25,3.125],"tintindex":0,"texture":"#0"},"down":{"uv":[6.5,4.25,5.25,5.375],"tintindex":0,"texture":"#0"}},"rotation":{"angle":45.0,"axis":"y","origin":[8.344005,4.511102,6.298192]}},{"from":[5.7591524,6.218032,6.0469923],"to":[8.32477,6.810097,6.441703],"faces":{"north":{"uv":[10.125,9.125,11.5,9.375],"tintindex":0,"texture":"#0"},"east":{"uv":[4.5,12.75,4.75,13.0],"tintindex":0,"texture":"#0"},"south":{"uv":[10.5,2.0,11.875,2.25],"tintindex":0,"texture":"#0"},"west":{"uv":[12.75,4.625,13.0,4.875],"tintindex":0,"texture":"#0"},"up":{"uv":[12.125,8.625,10.75,8.375],"tintindex":0,"texture":"#0"},"down":{"uv":[12.25,6.125,10.875,6.375],"tintindex":0,"texture":"#0"}},"rotation":{"angle":45.0,"axis":"y","origin":[8.344005,4.511102,6.298192]}},{"from":[8.32477,6.218032,6.441703],"to":[8.71948,6.810097,8.908643],"faces":{"north":{"uv":[4.75,12.75,5.0,13.0],"tintindex":0,"texture":"#0"},"east":{"uv":[11.25,9.625,12.5,9.875],"tintindex":0,"texture":"#0"},"south":{"uv":[5.0,12.75,5.25,13.0],"tintindex":0,"texture":"#0"},"west":{"uv":[11.25,9.875,12.5,10.125],"tintindex":0,"texture":"#0"},"up":{"uv":[3.75,12.375,3.5,11.125],"tintindex":0,"texture":"#0"},"down":{"uv":[8.625,11.25,8.375,12.5],"tintindex":0,"texture":"#0"}},"rotation":{"angle":45.0,"axis":"y","origin":[8.344005,4.511102,6.298192]}},{"from":[8.433219,7.315201,7.5330386],"to":[8.433219,11.6473875,14.994026],"faces":{"east":{"uv":[5.0,16.0,12.0,0.0],"rotation":270.0,"tintindex":0,"texture":"#1"},"west":{"uv":[5.0,0.0,12.0,16.0],"rotation":270.0,"tintindex":0,"texture":"#1"}},"rotation":{"angle":-22.5,"axis":"x","origin":[8.344005,4.511102,6.298192]}},{"from":[5.253557,7.8638296,5.5278378],"to":[5.253557,11.473985,12.507471],"faces":{"east":{"uv":[5.0,16.0,12.0,0.0],"rotation":270.0,"tintindex":0,"texture":"#1"},"west":{"uv":[5.0,0.0,12.0,16.0],"rotation":270.0,"tintindex":0,"texture":"#1"}},"rotation":{"angle":-22.5,"axis":"z","origin":[8.344005,4.511102,6.298192]}},{"from":[11.488117,7.8416004,5.5278378],"to":[11.488117,11.451756,12.507471],"faces":{"east":{"uv":[5.0,16.0,12.0,0.0],"rotation":270.0,"tintindex":0,"texture":"#1"},"west":{"uv":[5.0,0.0,12.0,16.0],"rotation":270.0,"tintindex":0,"texture":"#1"}},"rotation":{"angle":22.5,"axis":"z","origin":[8.344005,4.511102,6.298192]}},{"from":[6.091643,9.818498,5.3468533],"to":[10.183152,9.818498,14.011227],"faces":{"up":{"uv":[5.0,16.0,12.0,0.0],"rotation":180.0,"tintindex":0,"texture":"#1"},"down":{"uv":[5.0,0.0,12.0,16.0],"rotation":180.0,"tintindex":0,"texture":"#1"}}}],"display":{"fixed":{"scale":[4,4,4]}}}