{"textures":{"0":"bettermodel:item/sub_guardian_shadowguardian","1":"bettermodel:item/sub_guardian_shadowguardian_flame","particle":"bettermodel:item/sub_guardian_shadowguardian"},"elements":[{"from":[7.4649796,7.5256715,6.176932],"to":[8.220706,8.315092,6.9663525],"faces":{"north":{"uv":[4.125,11.25,4.75,11.875],"tintindex":0,"texture":"#0"},"east":{"uv":[7.375,3.125,8.25,4.0],"tintindex":0,"texture":"#0"},"south":{"uv":[4.5,11.0,4.875,11.875],"tintindex":0,"texture":"#0"},"west":{"uv":[7.375,4.0,8.25,4.875],"tintindex":0,"texture":"#0"},"up":{"uv":[4.125,11.25,4.75,11.875],"rotation":180.0,"tintindex":0,"texture":"#0"},"down":{"uv":[4.125,11.25,4.75,11.875],"rotation":180.0,"tintindex":0,"texture":"#0"}},"rotation":{"angle":45.0,"axis":"x","origin":[8.494324,6.4869523,7.5508966]}},{"from":[7.5696793,7.7360835,6.445106],"to":[8.556455,8.081454,6.7904778],"faces":{"north":{"uv":[10.75,7.625,11.75,8.0],"tintindex":0,"texture":"#0"},"east":{"uv":[0.75,12.375,1.125,12.75],"tintindex":0,"texture":"#0"},"south":{"uv":[10.75,8.0,11.75,8.375],"tintindex":0,"texture":"#0"},"west":{"uv":[12.375,1.625,12.75,2.0],"tintindex":0,"texture":"#0"},"up":{"uv":[11.75,10.75,10.75,10.375],"tintindex":0,"texture":"#0"},"down":{"uv":[11.75,10.75,10.75,11.125],"tintindex":0,"texture":"#0"}},"rotation":{"angle":45.0,"axis":"x","origin":[8.494324,6.4869523,7.5508966]}},{"from":[8.615416,7.772365,6.4729643],"to":[9.010126,8.019059,6.7196584],"faces":{"north":{"uv":[12.5,5.875,12.875,6.125],"tintindex":0,"texture":"#0"},"east":{"uv":[12.625,8.25,12.875,8.5],"tintindex":0,"texture":"#0"},"south":{"uv":[12.5,6.375,12.875,6.625],"tintindex":0,"texture":"#0"},"west":{"uv":[12.625,8.5,12.875,8.75],"tintindex":0,"texture":"#0"},"up":{"uv":[12.875,6.875,12.5,6.625],"tintindex":0,"texture":"#0"},"down":{"uv":[12.875,6.875,12.5,7.125],"tintindex":0,"texture":"#0"}},"rotation":{"angle":45.0,"axis":"x","origin":[8.494324,6.4869523,7.5508966]}},{"from":[8.220706,7.808873,7.66117],"to":[9.404837,8.154245,8.105219],"faces":{"north":{"uv":[10.0,3.75,11.25,4.125],"tintindex":0,"texture":"#0"},"east":{"uv":[7.75,12.125,8.25,12.5],"tintindex":0,"texture":"#0"},"south":{"uv":[10.0,9.375,11.25,9.75],"tintindex":0,"texture":"#0"},"west":{"uv":[9.375,12.125,9.875,12.5],"tintindex":0,"texture":"#0"},"up":{"uv":[10.25,1.625,9.0,1.125],"tintindex":0,"texture":"#0"},"down":{"uv":[10.25,2.5,9.0,3.0],"tintindex":0,"texture":"#0"}}},{"from":[8.418061,7.821704,6.3249483],"to":[8.86211,8.167075,6.4729643],"faces":{"north":{"uv":[12.125,11.5,12.625,11.875],"tintindex":0,"texture":"#0"},"east":{"uv":[6.25,8.125,6.375,8.5],"tintindex":0,"texture":"#0"},"south":{"uv":[11.625,12.125,12.125,12.5],"tintindex":0,"texture":"#0"},"west":{"uv":[3.875,8.5,4.0,8.875],"tintindex":0,"texture":"#0"},"up":{"uv":[12.75,10.875,12.25,10.75],"tintindex":0,"texture":"#0"},"down":{"uv":[12.875,11.375,12.375,11.5],"tintindex":0,"texture":"#0"}},"rotation":{"angle":45.0,"axis":"x","origin":[8.494324,6.4869523,7.5508966]}},{"from":[8.418061,7.6243486,6.3249483],"to":[8.664755,7.821704,6.4729643],"faces":{"north":{"uv":[12.625,9.125,12.875,9.375],"tintindex":0,"texture":"#0"},"east":{"uv":[12.875,2.5,13.0,2.75],"tintindex":0,"texture":"#0"},"south":{"uv":[10.25,12.625,10.5,12.875],"tintindex":0,"texture":"#0"},"west":{"uv":[12.875,2.75,13.0,3.0],"tintindex":0,"texture":"#0"},"up":{"uv":[13.125,3.125,12.875,3.0],"tintindex":0,"texture":"#0"},"down":{"uv":[13.125,3.125,12.875,3.25],"tintindex":0,"texture":"#0"}},"rotation":{"angle":45.0,"axis":"x","origin":[8.494324,6.4869523,7.5508966]}},{"from":[8.418061,7.3675275,9.083003],"to":[8.86211,7.5648823,9.23102],"faces":{"north":{"uv":[12.0,6.75,12.5,7.0],"tintindex":0,"texture":"#0"},"east":{"uv":[12.875,3.25,13.0,3.5],"tintindex":0,"texture":"#0"},"south":{"uv":[12.0,8.875,12.5,9.125],"tintindex":0,"texture":"#0"},"west":{"uv":[12.875,3.5,13.0,3.75],"tintindex":0,"texture":"#0"},"up":{"uv":[13.125,0.375,12.625,0.25],"tintindex":0,"texture":"#0"},"down":{"uv":[13.125,4.5,12.625,4.625],"tintindex":0,"texture":"#0"}},"rotation":{"angle":-45.0,"axis":"x","origin":[8.494324,6.4869523,7.5508966]}},{"from":[8.418061,7.170172,9.083003],"to":[8.664755,7.3675275,9.23102],"faces":{"north":{"uv":[12.625,10.375,12.875,10.625],"tintindex":0,"texture":"#0"},"east":{"uv":[12.875,3.75,13.0,4.0],"tintindex":0,"texture":"#0"},"south":{"uv":[12.625,10.875,12.875,11.125],"tintindex":0,"texture":"#0"},"west":{"uv":[12.875,4.0,13.0,4.25],"tintindex":0,"texture":"#0"},"up":{"uv":[13.125,4.375,12.875,4.25],"tintindex":0,"texture":"#0"},"down":{"uv":[13.125,4.375,12.875,4.5],"tintindex":0,"texture":"#0"}},"rotation":{"angle":-45.0,"axis":"x","origin":[8.494324,6.4869523,7.5508966]}}],"display":{"fixed":{"scale":[4,4,4]}}}