{"textures":{"0":"bettermodel:item/sub_guardian_shadowguardian","1":"bettermodel:item/sub_guardian_shadowguardian_flame","particle":"bettermodel:item/sub_guardian_shadowguardian"},"elements":[{"from":[7.849644,5.628089,9.24716],"to":[9.033775,6.7135425,10.233935],"faces":{"north":{"uv":[4.875,10.5,5.5,11.125],"tintindex":0,"texture":"#0"},"east":{"uv":[10.0,11.125,10.5,11.75],"tintindex":0,"texture":"#0"},"south":{"uv":[9.5,10.5,10.125,11.125],"tintindex":0,"texture":"#0"},"west":{"uv":[10.5,11.125,11.0,11.75],"tintindex":0,"texture":"#0"},"up":{"uv":[11.625,11.625,11.0,11.125],"tintindex":0,"texture":"#0"},"down":{"uv":[2.75,11.25,2.125,11.75],"tintindex":0,"texture":"#0"}},"rotation":{"angle":-45.0,"axis":"x","origin":[8.491698,5.161825,6.444914]}},{"from":[8.737742,5.4187627,9.020904],"to":[9.428486,6.8989263,10.501067],"faces":{"north":{"uv":[9.0,11.5,9.375,12.25],"tintindex":0,"texture":"#0"},"east":{"uv":[5.875,9.375,6.625,10.125],"tintindex":0,"texture":"#0"},"south":{"uv":[0.375,11.625,0.75,12.375],"tintindex":0,"texture":"#0"},"west":{"uv":[9.375,6.25,10.125,7.0],"tintindex":0,"texture":"#0"},"up":{"uv":[1.125,12.375,0.75,11.625],"tintindex":0,"texture":"#0"},"down":{"uv":[4.125,11.625,3.75,12.375],"tintindex":0,"texture":"#0"}},"rotation":{"angle":-45.0,"axis":"x","origin":[8.491698,5.161825,6.444914]}},{"from":[9.428486,5.5174403,9.119581],"to":[10.217906,6.7015715,10.303713],"faces":{"north":{"uv":[1.5,11.875,1.875,12.5],"tintindex":0,"texture":"#0"},"east":{"uv":[10.125,10.5,10.75,11.125],"tintindex":0,"texture":"#0"},"south":{"uv":[11.875,2.75,12.25,3.375],"tintindex":0,"texture":"#0"},"west":{"uv":[2.125,10.625,2.75,11.25],"tintindex":0,"texture":"#0"},"up":{"uv":[12.25,4.0,11.875,3.375],"tintindex":0,"texture":"#0"},"down":{"uv":[12.25,4.0,11.875,4.625],"tintindex":0,"texture":"#0"}},"rotation":{"angle":-45.0,"axis":"x","origin":[8.491698,5.161825,6.444914]}},{"from":[10.217906,5.6161175,9.218259],"to":[11.007327,6.504216,10.106358],"faces":{"north":{"uv":[12.125,11.875,12.5,12.375],"tintindex":0,"texture":"#0"},"east":{"uv":[11.75,7.5,12.25,8.0],"tintindex":0,"texture":"#0"},"south":{"uv":[12.25,0.625,12.625,1.125],"tintindex":0,"texture":"#0"},"west":{"uv":[9.875,11.75,10.375,12.25],"tintindex":0,"texture":"#0"},"up":{"uv":[2.25,12.75,1.875,12.25],"tintindex":0,"texture":"#0"},"down":{"uv":[2.625,12.25,2.25,12.75],"tintindex":0,"texture":"#0"}},"rotation":{"angle":-45.0,"axis":"x","origin":[8.491698,5.161825,6.444914]}},{"from":[6.96389,7.4800267,7.661868],"to":[8.148021,8.960191,9.240709],"faces":{"north":{"uv":[0.875,10.0,1.5,10.75],"tintindex":0,"texture":"#0"},"east":{"uv":[8.5,6.625,9.375,7.375],"tintindex":0,"texture":"#0"},"south":{"uv":[10.0,9.75,10.625,10.5],"tintindex":0,"texture":"#0"},"west":{"uv":[1.625,8.625,2.5,9.375],"tintindex":0,"texture":"#0"},"up":{"uv":[9.375,10.25,8.75,9.375],"tintindex":0,"texture":"#0"},"down":{"uv":[10.0,9.375,9.375,10.25],"tintindex":0,"texture":"#0"}},"rotation":{"angle":22.5,"axis":"y","origin":[8.491698,5.161825,6.444914]}},{"from":[12.38179,6.9261327,7.690152],"to":[12.748871,7.3405786,8.021709],"faces":{"north":{"uv":[12.625,11.5,12.875,11.75],"tintindex":0,"texture":"#0"},"east":{"uv":[12.875,4.875,13.0,5.125],"tintindex":0,"texture":"#0"},"south":{"uv":[12.0,12.625,12.25,12.875],"tintindex":0,"texture":"#0"},"west":{"uv":[12.875,5.125,13.0,5.375],"tintindex":0,"texture":"#0"},"up":{"uv":[5.5,13.0,5.25,12.875],"tintindex":0,"texture":"#0"},"down":{"uv":[13.125,5.375,12.875,5.5],"tintindex":0,"texture":"#0"}},"rotation":{"angle":22.5,"axis":"z","origin":[8.491698,5.161825,6.444914]}},{"from":[12.38179,6.9261327,8.104598],"to":[12.748871,7.3405786,8.436155],"faces":{"north":{"uv":[12.25,12.625,12.5,12.875],"tintindex":0,"texture":"#0"},"east":{"uv":[5.5,12.875,5.625,13.125],"tintindex":0,"texture":"#0"},"south":{"uv":[12.5,12.625,12.75,12.875],"tintindex":0,"texture":"#0"},"west":{"uv":[12.875,5.5,13.0,5.75],"tintindex":0,"texture":"#0"},"up":{"uv":[5.875,13.0,5.625,12.875],"tintindex":0,"texture":"#0"},"down":{"uv":[13.125,5.75,12.875,5.875],"tintindex":0,"texture":"#0"}},"rotation":{"angle":22.5,"axis":"z","origin":[8.491698,5.161825,6.444914]}},{"from":[12.38179,6.9261327,8.519044],"to":[12.748871,7.3405786,8.850601],"faces":{"north":{"uv":[0.25,12.75,0.5,13.0],"tintindex":0,"texture":"#0"},"east":{"uv":[5.875,12.875,6.0,13.125],"tintindex":0,"texture":"#0"},"south":{"uv":[0.5,12.75,0.75,13.0],"tintindex":0,"texture":"#0"},"west":{"uv":[12.875,5.875,13.0,6.125],"tintindex":0,"texture":"#0"},"up":{"uv":[6.25,13.0,6.0,12.875],"tintindex":0,"texture":"#0"},"down":{"uv":[6.5,12.875,6.25,13.0],"tintindex":0,"texture":"#0"}},"rotation":{"angle":22.5,"axis":"z","origin":[8.491698,5.161825,6.444914]}},{"from":[10.707015,7.5193005,5.0669994],"to":[11.1293545,7.9337463,5.4577627],"faces":{"north":{"uv":[0.75,12.75,1.0,13.0],"tintindex":0,"texture":"#0"},"east":{"uv":[1.0,12.75,1.25,13.0],"tintindex":0,"texture":"#0"},"south":{"uv":[1.25,12.75,1.5,13.0],"tintindex":0,"texture":"#0"},"west":{"uv":[1.5,12.75,1.75,13.0],"tintindex":0,"texture":"#0"},"up":{"uv":[13.0,1.875,12.75,1.625],"tintindex":0,"texture":"#0"},"down":{"uv":[2.0,12.75,1.75,13.0],"tintindex":0,"texture":"#0"}},"rotation":{"angle":-45.0,"axis":"y","origin":[8.491698,5.161825,6.444914]}},{"from":[12.38179,6.9261327,7.275707],"to":[12.748871,7.3405786,7.607263],"faces":{"north":{"uv":[12.75,1.875,13.0,2.125],"tintindex":0,"texture":"#0"},"east":{"uv":[12.875,6.375,13.0,6.625],"tintindex":0,"texture":"#0"},"south":{"uv":[2.0,12.75,2.25,13.0],"tintindex":0,"texture":"#0"},"west":{"uv":[6.625,12.875,6.75,13.125],"tintindex":0,"texture":"#0"},"up":{"uv":[13.125,6.75,12.875,6.625],"tintindex":0,"texture":"#0"},"down":{"uv":[7.0,12.875,6.75,13.0],"tintindex":0,"texture":"#0"}},"rotation":{"angle":22.5,"axis":"z","origin":[8.491698,5.161825,6.444914]}},{"from":[13.104654,4.307302,6.978644],"to":[13.526994,4.524392,7.1759987],"faces":{"north":{"uv":[12.875,6.75,13.125,6.875],"tintindex":0,"texture":"#0"},"east":{"uv":[11.625,11.5,11.75,11.625],"tintindex":0,"texture":"#0"},"south":{"uv":[12.875,6.875,13.125,7.0],"tintindex":0,"texture":"#0"},"west":{"uv":[11.875,1.25,12.0,1.375],"tintindex":0,"texture":"#0"},"up":{"uv":[7.25,13.0,7.0,12.875],"tintindex":0,"texture":"#0"},"down":{"uv":[13.125,7.0,12.875,7.125],"tintindex":0,"texture":"#0"}},"rotation":{"angle":45.0,"axis":"z","origin":[8.491698,5.161825,6.444914]}},{"from":[10.761937,9.432519,7.275707],"to":[11.425051,9.846965,7.607263],"faces":{"north":{"uv":[12.5,7.125,12.875,7.375],"tintindex":0,"texture":"#0"},"east":{"uv":[12.875,7.125,13.0,7.375],"tintindex":0,"texture":"#0"},"south":{"uv":[7.75,12.5,8.125,12.75],"tintindex":0,"texture":"#0"},"west":{"uv":[7.25,12.875,7.375,13.125],"tintindex":0,"texture":"#0"},"up":{"uv":[5.625,12.875,5.25,12.75],"tintindex":0,"texture":"#0"},"down":{"uv":[6.0,12.75,5.625,12.875],"tintindex":0,"texture":"#0"}},"rotation":{"angle":-22.5,"axis":"z","origin":[8.491698,5.161825,6.444914]}},{"from":[10.707015,7.7166557,5.0669994],"to":[11.425388,8.624489,5.8524723],"faces":{"north":{"uv":[12.25,2.75,12.625,3.25],"tintindex":0,"texture":"#0"},"east":{"uv":[12.25,3.25,12.625,3.75],"tintindex":0,"texture":"#0"},"south":{"uv":[12.25,3.75,12.625,4.25],"tintindex":0,"texture":"#0"},"west":{"uv":[4.125,12.25,4.5,12.75],"tintindex":0,"texture":"#0"},"up":{"uv":[3.0,12.75,2.625,12.375],"tintindex":0,"texture":"#0"},"down":{"uv":[3.375,12.375,3.0,12.75],"tintindex":0,"texture":"#0"}},"rotation":{"angle":-45.0,"axis":"y","origin":[8.491698,5.161825,6.444914]}},{"from":[8.489705,7.7166557,9.254659],"to":[9.208078,8.624489,10.0401325],"faces":{"north":{"uv":[5.625,12.25,6.0,12.75],"tintindex":0,"texture":"#0"},"east":{"uv":[12.25,7.5,12.625,8.0],"tintindex":0,"texture":"#0"},"south":{"uv":[9.0,12.25,9.375,12.75],"tintindex":0,"texture":"#0"},"west":{"uv":[9.875,12.25,10.25,12.75],"tintindex":0,"texture":"#0"},"up":{"uv":[3.75,12.75,3.375,12.375],"tintindex":0,"texture":"#0"},"down":{"uv":[4.125,12.375,3.75,12.75],"tintindex":0,"texture":"#0"}},"rotation":{"angle":45.0,"axis":"y","origin":[8.491698,5.161825,6.444914]}},{"from":[10.4522295,7.7166557,7.570709],"to":[11.565312,8.723166,8.454861],"faces":{"north":{"uv":[11.25,2.875,11.875,3.375],"tintindex":0,"texture":"#0"},"east":{"uv":[10.375,11.75,10.875,12.25],"tintindex":0,"texture":"#0"},"south":{"uv":[11.25,3.375,11.875,3.875],"tintindex":0,"texture":"#0"},"west":{"uv":[11.75,10.375,12.25,10.875],"tintindex":0,"texture":"#0"},"up":{"uv":[11.875,4.375,11.25,3.875],"tintindex":0,"texture":"#0"},"down":{"uv":[11.875,4.375,11.25,4.875],"tintindex":0,"texture":"#0"}}},{"from":[10.974379,7.8366914,7.275707],"to":[11.594073,8.645847,8.850601],"faces":{"north":{"uv":[4.5,12.375,4.875,12.75],"tintindex":0,"texture":"#0"},"east":{"uv":[11.125,0.0,12.0,0.375],"tintindex":0,"texture":"#0"},"south":{"uv":[4.875,12.375,5.25,12.75],"tintindex":0,"texture":"#0"},"west":{"uv":[11.125,1.375,12.0,1.75],"tintindex":0,"texture":"#0"},"up":{"uv":[5.25,12.0,4.875,11.125],"tintindex":0,"texture":"#0"},"down":{"uv":[5.625,11.125,5.25,12.0],"tintindex":0,"texture":"#0"}}},{"from":[10.584462,7.5193005,8.027712],"to":[11.3028345,7.9337463,8.422421],"faces":{"north":{"uv":[8.125,12.5,8.5,12.75],"tintindex":0,"texture":"#0"},"east":{"uv":[12.75,2.125,13.0,2.375],"tintindex":0,"texture":"#0"},"south":{"uv":[8.5,12.5,8.875,12.75],"tintindex":0,"texture":"#0"},"west":{"uv":[2.25,12.75,2.5,13.0],"tintindex":0,"texture":"#0"},"up":{"uv":[12.875,9.125,12.5,8.875],"tintindex":0,"texture":"#0"},"down":{"uv":[9.75,12.5,9.375,12.75],"tintindex":0,"texture":"#0"}},"rotation":{"angle":22.5,"axis":"y","origin":[8.491698,5.161825,6.444914]}},{"from":[12.369928,6.119032,6.8799663],"to":[13.088303,6.533478,7.2746763],"faces":{"north":{"uv":[12.5,9.375,12.875,9.625],"tintindex":0,"texture":"#0"},"east":{"uv":[2.5,12.75,2.75,13.0],"tintindex":0,"texture":"#0"},"south":{"uv":[12.5,9.625,12.875,9.875],"tintindex":0,"texture":"#0"},"west":{"uv":[2.75,12.75,3.0,13.0],"tintindex":0,"texture":"#0"},"up":{"uv":[12.875,10.125,12.5,9.875],"tintindex":0,"texture":"#0"},"down":{"uv":[11.25,12.5,10.875,12.75],"tintindex":0,"texture":"#0"}},"rotation":{"angle":22.5,"axis":"z","origin":[8.491698,5.161825,6.444914]}},{"from":[11.594073,8.231401,7.275707],"to":[12.355865,8.645847,7.607263],"faces":{"north":{"uv":[11.25,12.5,11.625,12.75],"tintindex":0,"texture":"#0"},"east":{"uv":[7.375,12.875,7.5,13.125],"tintindex":0,"texture":"#0"},"south":{"uv":[11.625,12.5,12.0,12.75],"tintindex":0,"texture":"#0"},"west":{"uv":[12.875,7.375,13.0,7.625],"tintindex":0,"texture":"#0"},"up":{"uv":[13.125,6.25,12.75,6.125],"tintindex":0,"texture":"#0"},"down":{"uv":[13.125,6.25,12.75,6.375],"tintindex":0,"texture":"#0"}}},{"from":[11.594073,8.231401,7.690152],"to":[12.454542,8.645847,8.021709],"faces":{"north":{"uv":[12.125,8.375,12.625,8.625],"tintindex":0,"texture":"#0"},"east":{"uv":[7.5,12.875,7.625,13.125],"tintindex":0,"texture":"#0"},"south":{"uv":[12.25,6.125,12.75,6.375],"tintindex":0,"texture":"#0"},"west":{"uv":[7.625,12.875,7.75,13.125],"tintindex":0,"texture":"#0"},"up":{"uv":[13.125,8.0,12.625,7.875],"tintindex":0,"texture":"#0"},"down":{"uv":[13.125,8.75,12.625,8.875],"tintindex":0,"texture":"#0"}}},{"from":[11.594073,8.231401,8.104598],"to":[12.355865,8.645847,8.436155],"faces":{"north":{"uv":[12.5,11.875,12.875,12.125],"tintindex":0,"texture":"#0"},"east":{"uv":[12.875,7.625,13.0,7.875],"tintindex":0,"texture":"#0"},"south":{"uv":[12.5,12.125,12.875,12.375],"tintindex":0,"texture":"#0"},"west":{"uv":[7.75,12.875,7.875,13.125],"tintindex":0,"texture":"#0"},"up":{"uv":[8.0,12.875,7.625,12.75],"tintindex":0,"texture":"#0"},"down":{"uv":[8.375,12.75,8.0,12.875],"tintindex":0,"texture":"#0"}}},{"from":[11.594073,8.231401,8.519044],"to":[12.158508,8.645847,8.850601],"faces":{"north":{"uv":[3.0,12.75,3.25,13.0],"tintindex":0,"texture":"#0"},"east":{"uv":[7.875,12.875,8.0,13.125],"tintindex":0,"texture":"#0"},"south":{"uv":[3.25,12.75,3.5,13.0],"tintindex":0,"texture":"#0"},"west":{"uv":[8.0,12.875,8.125,13.125],"tintindex":0,"texture":"#0"},"up":{"uv":[8.375,13.0,8.125,12.875],"tintindex":0,"texture":"#0"},"down":{"uv":[13.125,8.25,12.875,8.375],"tintindex":0,"texture":"#0"}}},{"from":[9.179096,10.171822,8.617722],"to":[9.644855,10.388912,8.751924],"faces":{"north":{"uv":[8.375,12.875,8.625,13.0],"tintindex":0,"texture":"#0"},"east":{"uv":[4.75,11.875,4.875,12.0],"tintindex":0,"texture":"#0"},"south":{"uv":[12.875,8.375,13.125,8.5],"tintindex":0,"texture":"#0"},"west":{"uv":[11.625,12.0,11.75,12.125],"tintindex":0,"texture":"#0"},"up":{"uv":[13.125,8.625,12.875,8.5],"tintindex":0,"texture":"#0"},"down":{"uv":[8.875,12.875,8.625,13.0],"tintindex":0,"texture":"#0"}},"rotation":{"angle":-45.0,"axis":"z","origin":[8.491698,5.161825,6.444914]}},{"from":[10.564582,9.333841,8.519044],"to":[11.129018,9.748287,8.850601],"faces":{"north":{"uv":[3.5,12.75,3.75,13.0],"tintindex":0,"texture":"#0"},"east":{"uv":[8.875,12.875,9.0,13.125],"tintindex":0,"texture":"#0"},"south":{"uv":[3.75,12.75,4.0,13.0],"tintindex":0,"texture":"#0"},"west":{"uv":[12.875,8.875,13.0,9.125],"tintindex":0,"texture":"#0"},"up":{"uv":[13.125,8.75,12.875,8.625],"tintindex":0,"texture":"#0"},"down":{"uv":[9.25,12.875,9.0,13.0],"tintindex":0,"texture":"#0"}},"rotation":{"angle":-22.5,"axis":"z","origin":[8.491698,5.161825,6.444914]}},{"from":[9.277773,10.270498,8.203276],"to":[9.84221,10.48759,8.337478],"faces":{"north":{"uv":[12.875,9.125,13.125,9.25],"tintindex":0,"texture":"#0"},"east":{"uv":[6.0,12.25,6.125,12.375],"tintindex":0,"texture":"#0"},"south":{"uv":[9.25,12.875,9.5,13.0],"tintindex":0,"texture":"#0"},"west":{"uv":[8.25,12.375,8.375,12.5],"tintindex":0,"texture":"#0"},"up":{"uv":[13.125,9.375,12.875,9.25],"tintindex":0,"texture":"#0"},"down":{"uv":[13.125,9.375,12.875,9.5],"tintindex":0,"texture":"#0"}},"rotation":{"angle":-45.0,"axis":"z","origin":[8.491698,5.161825,6.444914]}},{"from":[10.761937,9.432519,8.104598],"to":[11.326373,9.846965,8.436155],"faces":{"north":{"uv":[4.0,12.75,4.25,13.0],"tintindex":0,"texture":"#0"},"east":{"uv":[9.5,12.875,9.625,13.125],"tintindex":0,"texture":"#0"},"south":{"uv":[4.25,12.75,4.5,13.0],"tintindex":0,"texture":"#0"},"west":{"uv":[12.875,9.5,13.0,9.75],"tintindex":0,"texture":"#0"},"up":{"uv":[9.875,13.0,9.625,12.875],"tintindex":0,"texture":"#0"},"down":{"uv":[13.125,9.75,12.875,9.875],"tintindex":0,"texture":"#0"}},"rotation":{"angle":-22.5,"axis":"z","origin":[8.491698,5.161825,6.444914]}},{"from":[10.761937,9.432519,7.690152],"to":[11.622406,9.846965,8.021709],"faces":{"north":{"uv":[12.375,0.375,12.875,0.625],"tintindex":0,"texture":"#0"},"east":{"uv":[9.875,12.875,10.0,13.125],"tintindex":0,"texture":"#0"},"south":{"uv":[6.0,12.375,6.5,12.625],"tintindex":0,"texture":"#0"},"west":{"uv":[12.875,9.875,13.0,10.125],"tintindex":0,"texture":"#0"},"up":{"uv":[13.125,10.75,12.625,10.625],"tintindex":0,"texture":"#0"},"down":{"uv":[13.125,11.75,12.625,11.875],"tintindex":0,"texture":"#0"}},"rotation":{"angle":-22.5,"axis":"z","origin":[8.491698,5.161825,6.444914]}},{"from":[9.573807,10.369177,7.78883],"to":[10.138242,10.586267,7.9230313],"faces":{"north":{"uv":[10.25,12.875,10.5,13.0],"tintindex":0,"texture":"#0"},"east":{"uv":[12.5,7.375,12.625,7.5],"tintindex":0,"texture":"#0"},"south":{"uv":[12.875,10.375,13.125,10.5],"tintindex":0,"texture":"#0"},"west":{"uv":[12.0,12.5,12.125,12.625],"tintindex":0,"texture":"#0"},"up":{"uv":[13.125,10.625,12.875,10.5],"tintindex":0,"texture":"#0"},"down":{"uv":[11.125,12.875,10.875,13.0],"tintindex":0,"texture":"#0"}},"rotation":{"angle":-45.0,"axis":"z","origin":[8.491698,5.161825,6.444914]}},{"from":[9.3764515,10.369177,7.374384],"to":[9.940887,10.586267,7.5085855],"faces":{"north":{"uv":[12.875,10.875,13.125,11.0],"tintindex":0,"texture":"#0"},"east":{"uv":[0.25,12.625,0.375,12.75],"tintindex":0,"texture":"#0"},"south":{"uv":[12.875,11.0,13.125,11.125],"tintindex":0,"texture":"#0"},"west":{"uv":[7.625,12.625,7.75,12.75],"tintindex":0,"texture":"#0"},"up":{"uv":[11.375,13.0,11.125,12.875],"tintindex":0,"texture":"#0"},"down":{"uv":[13.125,11.375,12.875,11.5],"tintindex":0,"texture":"#0"}},"rotation":{"angle":-45.0,"axis":"z","origin":[8.491698,5.161825,6.444914]}}],"display":{"fixed":{"scale":[4,4,4]}}}