{"textures":{"0":"bettermodel:item/sub_guardian_shadowguardian","1":"bettermodel:item/sub_guardian_shadowguardian_flame","particle":"bettermodel:item/sub_guardian_shadowguardian"},"elements":[{"from":[6.845886,5.7094383,9.147336],"to":[8.030017,6.7948914,10.134111],"faces":{"north":{"uv":[4.25,10.375,4.875,11.0],"tintindex":0,"texture":"#0"},"east":{"uv":[2.5,8.625,3.0,9.25],"tintindex":0,"texture":"#0"},"south":{"uv":[7.75,10.375,8.375,11.0],"tintindex":0,"texture":"#0"},"west":{"uv":[5.625,11.125,6.125,11.75],"tintindex":0,"texture":"#0"},"up":{"uv":[8.0,5.375,7.375,4.875],"tintindex":0,"texture":"#0"},"down":{"uv":[4.625,7.625,4.0,8.125],"tintindex":0,"texture":"#0"}},"rotation":{"angle":-45.0,"axis":"x","origin":[7.328554,5.322997,6.4931936]}},{"from":[6.4511757,5.5001116,8.921076],"to":[7.141919,6.980275,10.401239],"faces":{"north":{"uv":[8.625,11.25,9.0,12.0],"tintindex":0,"texture":"#0"},"east":{"uv":[8.0,9.0,8.75,9.75],"tintindex":0,"texture":"#0"},"south":{"uv":[0.0,11.375,0.375,12.125],"tintindex":0,"texture":"#0"},"west":{"uv":[9.375,5.5,10.125,6.25],"tintindex":0,"texture":"#0"},"up":{"uv":[7.75,12.125,7.375,11.375],"tintindex":0,"texture":"#0"},"down":{"uv":[8.125,11.375,7.75,12.125],"tintindex":0,"texture":"#0"}},"rotation":{"angle":-45.0,"axis":"x","origin":[7.328554,5.322997,6.4931936]}},{"from":[5.6617556,5.598789,9.019753],"to":[6.4511757,6.7829204,10.203884],"faces":{"north":{"uv":[8.5,7.375,8.875,8.0],"tintindex":0,"texture":"#0"},"east":{"uv":[10.5,0.0,11.125,0.625],"tintindex":0,"texture":"#0"},"south":{"uv":[11.75,11.5,12.125,12.125],"tintindex":0,"texture":"#0"},"west":{"uv":[10.5,1.375,11.125,2.0],"tintindex":0,"texture":"#0"},"up":{"uv":[12.25,1.25,11.875,0.625],"tintindex":0,"texture":"#0"},"down":{"uv":[1.5,11.875,1.125,12.5],"tintindex":0,"texture":"#0"}},"rotation":{"angle":-45.0,"axis":"x","origin":[7.328554,5.322997,6.4931936]}},{"from":[4.8723345,5.697467,9.118431],"to":[5.6617556,6.5855646,10.006529],"faces":{"north":{"uv":[0.875,7.875,1.25,8.375],"tintindex":0,"texture":"#0"},"east":{"uv":[6.875,11.625,7.375,12.125],"tintindex":0,"texture":"#0"},"south":{"uv":[3.5,9.25,3.875,9.75],"tintindex":0,"texture":"#0"},"west":{"uv":[9.375,11.625,9.875,12.125],"tintindex":0,"texture":"#0"},"up":{"uv":[8.75,10.25,8.375,9.75],"tintindex":0,"texture":"#0"},"down":{"uv":[3.5,9.875,3.125,10.375],"tintindex":0,"texture":"#0"}},"rotation":{"angle":-45.0,"axis":"x","origin":[7.328554,5.322997,6.4931936]}},{"from":[7.708641,7.4800267,7.6428113],"to":[8.892773,8.960191,8.980975],"faces":{"north":{"uv":[5.25,9.75,5.875,10.5],"tintindex":0,"texture":"#0"},"east":{"uv":[3.0,8.5,3.875,9.25],"tintindex":0,"texture":"#0"},"south":{"uv":[2.5,9.875,3.125,10.625],"tintindex":0,"texture":"#0"},"west":{"uv":[8.5,5.875,9.375,6.625],"tintindex":0,"texture":"#0"},"up":{"uv":[3.75,7.625,3.125,6.75],"tintindex":0,"texture":"#0"},"down":{"uv":[2.5,9.375,1.875,10.25],"tintindex":0,"texture":"#0"}},"rotation":{"angle":-22.5,"axis":"y","origin":[7.328554,5.322997,6.4931936]}},{"from":[3.1879468,6.9611363,7.690152],"to":[3.5550275,7.375582,8.021709],"faces":{"north":{"uv":[1.875,11.875,2.125,12.125],"tintindex":0,"texture":"#0"},"east":{"uv":[9.5,1.625,9.625,1.875],"tintindex":0,"texture":"#0"},"south":{"uv":[3.25,12.0,3.5,12.25],"tintindex":0,"texture":"#0"},"west":{"uv":[9.625,4.25,9.75,4.5],"tintindex":0,"texture":"#0"},"up":{"uv":[3.5,12.375,3.25,12.25],"tintindex":0,"texture":"#0"},"down":{"uv":[4.75,12.25,4.5,12.375],"tintindex":0,"texture":"#0"}},"rotation":{"angle":-22.5,"axis":"z","origin":[7.328554,5.322997,6.4931936]}},{"from":[3.1879468,6.9611363,8.104598],"to":[3.5550275,7.375582,8.436155],"faces":{"north":{"uv":[12.5,12.375,12.75,12.625],"tintindex":0,"texture":"#0"},"east":{"uv":[9.625,4.5,9.75,4.75],"tintindex":0,"texture":"#0"},"south":{"uv":[0.0,12.625,0.25,12.875],"tintindex":0,"texture":"#0"},"west":{"uv":[0.75,10.125,0.875,10.375],"tintindex":0,"texture":"#0"},"up":{"uv":[12.625,8.375,12.375,8.25],"tintindex":0,"texture":"#0"},"down":{"uv":[13.0,8.0,12.75,8.125],"tintindex":0,"texture":"#0"}},"rotation":{"angle":-22.5,"axis":"z","origin":[7.328554,5.322997,6.4931936]}},{"from":[3.1879468,6.9611363,8.519044],"to":[3.5550275,7.375582,8.850601],"faces":{"north":{"uv":[12.625,0.0,12.875,0.25],"tintindex":0,"texture":"#0"},"east":{"uv":[0.75,10.375,0.875,10.625],"tintindex":0,"texture":"#0"},"south":{"uv":[12.625,0.625,12.875,0.875],"tintindex":0,"texture":"#0"},"west":{"uv":[9.375,10.625,9.5,10.875],"tintindex":0,"texture":"#0"},"up":{"uv":[13.0,8.25,12.75,8.125],"tintindex":0,"texture":"#0"},"down":{"uv":[8.625,12.75,8.375,12.875],"tintindex":0,"texture":"#0"}},"rotation":{"angle":-22.5,"axis":"z","origin":[7.328554,5.322997,6.4931936]}},{"from":[4.767048,7.5193005,5.123149],"to":[5.1893883,7.9337463,5.513912],"faces":{"north":{"uv":[12.625,0.875,12.875,1.125],"tintindex":0,"texture":"#0"},"east":{"uv":[12.625,1.125,12.875,1.375],"tintindex":0,"texture":"#0"},"south":{"uv":[12.625,1.375,12.875,1.625],"tintindex":0,"texture":"#0"},"west":{"uv":[12.625,2.75,12.875,3.0],"tintindex":0,"texture":"#0"},"up":{"uv":[12.875,3.25,12.625,3.0],"tintindex":0,"texture":"#0"},"down":{"uv":[12.875,3.25,12.625,3.5],"tintindex":0,"texture":"#0"}},"rotation":{"angle":45.0,"axis":"y","origin":[7.328554,5.322997,6.4931936]}},{"from":[3.1879468,6.9611363,7.275707],"to":[3.5550275,7.375582,7.607263],"faces":{"north":{"uv":[12.625,3.5,12.875,3.75],"tintindex":0,"texture":"#0"},"east":{"uv":[1.375,10.75,1.5,11.0],"tintindex":0,"texture":"#0"},"south":{"uv":[12.625,3.75,12.875,4.0],"tintindex":0,"texture":"#0"},"west":{"uv":[4.125,10.75,4.25,11.0],"tintindex":0,"texture":"#0"},"up":{"uv":[8.875,12.875,8.625,12.75],"tintindex":0,"texture":"#0"},"down":{"uv":[9.125,12.75,8.875,12.875],"tintindex":0,"texture":"#0"}},"rotation":{"angle":-22.5,"axis":"z","origin":[7.328554,5.322997,6.4931936]}},{"from":[2.4492373,4.396516,6.978644],"to":[2.8715773,4.613607,7.1759987],"faces":{"north":{"uv":[9.125,12.75,9.375,12.875],"tintindex":0,"texture":"#0"},"east":{"uv":[8.0,5.25,8.125,5.375],"tintindex":0,"texture":"#0"},"south":{"uv":[9.375,12.75,9.625,12.875],"tintindex":0,"texture":"#0"},"west":{"uv":[3.0,8.375,3.125,8.5],"tintindex":0,"texture":"#0"},"up":{"uv":[9.875,12.875,9.625,12.75],"tintindex":0,"texture":"#0"},"down":{"uv":[10.125,12.75,9.875,12.875],"tintindex":0,"texture":"#0"}},"rotation":{"angle":-45.0,"axis":"z","origin":[7.328554,5.322997,6.4931936]}},{"from":[4.3884106,9.422054,7.275707],"to":[5.051523,9.8365,7.607263],"faces":{"north":{"uv":[1.5,10.0,1.875,10.25],"tintindex":0,"texture":"#0"},"east":{"uv":[9.375,10.875,9.5,11.125],"tintindex":0,"texture":"#0"},"south":{"uv":[5.5,10.5,5.875,10.75],"tintindex":0,"texture":"#0"},"west":{"uv":[7.375,11.125,7.5,11.375],"tintindex":0,"texture":"#0"},"up":{"uv":[7.5,10.375,7.125,10.25],"tintindex":0,"texture":"#0"},"down":{"uv":[5.25,10.375,4.875,10.5],"tintindex":0,"texture":"#0"}},"rotation":{"angle":22.5,"axis":"z","origin":[7.328554,5.322997,6.4931936]}},{"from":[4.4710155,7.7166557,5.123149],"to":[5.1893883,8.624489,5.9086227],"faces":{"north":{"uv":[5.25,12.0,5.625,12.5],"tintindex":0,"texture":"#0"},"east":{"uv":[8.625,12.0,9.0,12.5],"tintindex":0,"texture":"#0"},"south":{"uv":[10.875,12.0,11.25,12.5],"tintindex":0,"texture":"#0"},"west":{"uv":[11.25,12.0,11.625,12.5],"tintindex":0,"texture":"#0"},"up":{"uv":[9.75,7.375,9.375,7.0],"tintindex":0,"texture":"#0"},"down":{"uv":[2.5,10.25,2.125,10.625],"tintindex":0,"texture":"#0"}},"rotation":{"angle":45.0,"axis":"y","origin":[7.328554,5.322997,6.4931936]}},{"from":[6.6200395,7.7166557,9.226793],"to":[7.3384123,8.624489,10.012267],"faces":{"north":{"uv":[0.0,12.125,0.375,12.625],"tintindex":0,"texture":"#0"},"east":{"uv":[6.625,12.125,7.0,12.625],"tintindex":0,"texture":"#0"},"south":{"uv":[7.0,12.125,7.375,12.625],"tintindex":0,"texture":"#0"},"west":{"uv":[7.375,12.125,7.75,12.625],"tintindex":0,"texture":"#0"},"up":{"uv":[12.625,4.625,12.25,4.25],"tintindex":0,"texture":"#0"},"down":{"uv":[10.625,12.25,10.25,12.625],"tintindex":0,"texture":"#0"}},"rotation":{"angle":-45.0,"axis":"y","origin":[7.328554,5.322997,6.4931936]}},{"from":[4.314349,7.7166557,7.570709],"to":[5.427432,8.723166,8.454861],"faces":{"north":{"uv":[9.0,4.25,9.625,4.75],"tintindex":0,"texture":"#0"},"east":{"uv":[2.125,11.75,2.625,12.25],"tintindex":0,"texture":"#0"},"south":{"uv":[6.125,11.125,6.75,11.625],"tintindex":0,"texture":"#0"},"west":{"uv":[5.625,11.75,6.125,12.25],"tintindex":0,"texture":"#0"},"up":{"uv":[7.375,11.625,6.75,11.125],"tintindex":0,"texture":"#0"},"down":{"uv":[10.0,11.125,9.375,11.625],"tintindex":0,"texture":"#0"}}},{"from":[4.2855883,7.8366914,7.275707],"to":[4.905283,8.645847,8.850601],"faces":{"north":{"uv":[12.25,10.375,12.625,10.75],"tintindex":0,"texture":"#0"},"east":{"uv":[10.875,6.375,11.75,6.75],"tintindex":0,"texture":"#0"},"south":{"uv":[0.375,12.375,0.75,12.75],"tintindex":0,"texture":"#0"},"west":{"uv":[7.5,11.0,8.375,11.375],"tintindex":0,"texture":"#0"},"up":{"uv":[1.75,11.875,1.375,11.0],"tintindex":0,"texture":"#0"},"down":{"uv":[2.125,11.0,1.75,11.875],"tintindex":0,"texture":"#0"}}},{"from":[4.5538273,7.5193005,8.00865],"to":[5.2722006,7.9337463,8.40336],"faces":{"north":{"uv":[12.375,8.0,12.75,8.25],"tintindex":0,"texture":"#0"},"east":{"uv":[12.625,4.0,12.875,4.25],"tintindex":0,"texture":"#0"},"south":{"uv":[12.375,10.125,12.75,10.375],"tintindex":0,"texture":"#0"},"west":{"uv":[12.625,4.25,12.875,4.5],"tintindex":0,"texture":"#0"},"up":{"uv":[12.75,11.375,12.375,11.125],"tintindex":0,"texture":"#0"},"down":{"uv":[12.5,12.375,12.125,12.625],"tintindex":0,"texture":"#0"}},"rotation":{"angle":-22.5,"axis":"y","origin":[7.328554,5.322997,6.4931936]}},{"from":[2.848515,6.1540356,6.8799663],"to":[3.5668883,6.5684814,7.2746763],"faces":{"north":{"uv":[1.125,12.5,1.5,12.75],"tintindex":0,"texture":"#0"},"east":{"uv":[6.0,12.625,6.25,12.875],"tintindex":0,"texture":"#0"},"south":{"uv":[1.5,12.5,1.875,12.75],"tintindex":0,"texture":"#0"},"west":{"uv":[6.25,12.625,6.5,12.875],"tintindex":0,"texture":"#0"},"up":{"uv":[12.875,2.75,12.5,2.5],"tintindex":0,"texture":"#0"},"down":{"uv":[12.875,4.875,12.5,5.125],"tintindex":0,"texture":"#0"}},"rotation":{"angle":-22.5,"axis":"z","origin":[7.328554,5.322997,6.4931936]}},{"from":[3.523797,8.231401,7.275707],"to":[4.2855883,8.645847,7.607263],"faces":{"north":{"uv":[12.5,5.125,12.875,5.375],"tintindex":0,"texture":"#0"},"east":{"uv":[8.125,11.375,8.25,11.625],"tintindex":0,"texture":"#0"},"south":{"uv":[5.25,12.5,5.625,12.75],"tintindex":0,"texture":"#0"},"west":{"uv":[8.125,11.625,8.25,11.875],"tintindex":0,"texture":"#0"},"up":{"uv":[3.125,10.75,2.75,10.625],"tintindex":0,"texture":"#0"},"down":{"uv":[12.375,1.625,12.0,1.75],"tintindex":0,"texture":"#0"}}},{"from":[3.4251194,8.231401,7.690152],"to":[4.2855883,8.645847,8.021709],"faces":{"north":{"uv":[8.5,2.5,9.0,2.75],"tintindex":0,"texture":"#0"},"east":{"uv":[2.625,11.75,2.75,12.0],"tintindex":0,"texture":"#0"},"south":{"uv":[9.0,1.625,9.5,1.875],"tintindex":0,"texture":"#0"},"west":{"uv":[10.875,11.75,11.0,12.0],"tintindex":0,"texture":"#0"},"up":{"uv":[7.125,10.375,6.625,10.25],"tintindex":0,"texture":"#0"},"down":{"uv":[11.25,2.875,10.75,3.0],"tintindex":0,"texture":"#0"}}},{"from":[3.523797,8.231401,8.104598],"to":[4.2855883,8.645847,8.436155],"faces":{"north":{"uv":[12.5,5.375,12.875,5.625],"tintindex":0,"texture":"#0"},"east":{"uv":[8.125,11.875,8.25,12.125],"tintindex":0,"texture":"#0"},"south":{"uv":[12.5,5.625,12.875,5.875],"tintindex":0,"texture":"#0"},"west":{"uv":[8.875,12.5,9.0,12.75],"tintindex":0,"texture":"#0"},"up":{"uv":[12.625,1.25,12.25,1.125],"tintindex":0,"texture":"#0"},"down":{"uv":[13.125,2.375,12.75,2.5],"tintindex":0,"texture":"#0"}}},{"from":[3.7211528,8.231401,8.519044],"to":[4.2855883,8.645847,8.850601],"faces":{"north":{"uv":[6.625,12.625,6.875,12.875],"tintindex":0,"texture":"#0"},"east":{"uv":[9.75,12.5,9.875,12.75],"tintindex":0,"texture":"#0"},"south":{"uv":[6.875,12.625,7.125,12.875],"tintindex":0,"texture":"#0"},"west":{"uv":[10.5,12.625,10.625,12.875],"tintindex":0,"texture":"#0"},"up":{"uv":[13.0,10.25,12.75,10.125],"tintindex":0,"texture":"#0"},"down":{"uv":[13.0,10.25,12.75,10.375],"tintindex":0,"texture":"#0"}}},{"from":[6.103441,10.177019,8.617722],"to":[6.5691996,10.394111,8.751924],"faces":{"north":{"uv":[12.75,10.75,13.0,10.875],"tintindex":0,"texture":"#0"},"east":{"uv":[6.25,8.5,6.375,8.625],"tintindex":0,"texture":"#0"},"south":{"uv":[10.875,12.75,11.125,12.875],"tintindex":0,"texture":"#0"},"west":{"uv":[8.75,4.75,8.875,4.875],"tintindex":0,"texture":"#0"},"up":{"uv":[11.375,12.875,11.125,12.75],"tintindex":0,"texture":"#0"},"down":{"uv":[13.0,11.125,12.75,11.25],"tintindex":0,"texture":"#0"}},"rotation":{"angle":45.0,"axis":"z","origin":[7.328554,5.322997,6.4931936]}},{"from":[4.684443,9.323377,8.519044],"to":[5.2488785,9.737823,8.850601],"faces":{"north":{"uv":[7.125,12.625,7.375,12.875],"tintindex":0,"texture":"#0"},"east":{"uv":[10.125,12.75,10.25,13.0],"tintindex":0,"texture":"#0"},"south":{"uv":[7.375,12.625,7.625,12.875],"tintindex":0,"texture":"#0"},"west":{"uv":[11.375,12.75,11.5,13.0],"tintindex":0,"texture":"#0"},"up":{"uv":[13.0,11.375,12.75,11.25],"tintindex":0,"texture":"#0"},"down":{"uv":[11.75,12.75,11.5,12.875],"tintindex":0,"texture":"#0"}},"rotation":{"angle":22.5,"axis":"z","origin":[7.328554,5.322997,6.4931936]}},{"from":[5.906086,10.275698,8.203276],"to":[6.470522,10.492788,8.337478],"faces":{"north":{"uv":[11.75,12.75,12.0,12.875],"tintindex":0,"texture":"#0"},"east":{"uv":[8.0,8.875,8.125,9.0],"tintindex":0,"texture":"#0"},"south":{"uv":[12.75,12.375,13.0,12.5],"tintindex":0,"texture":"#0"},"west":{"uv":[8.75,9.25,8.875,9.375],"tintindex":0,"texture":"#0"},"up":{"uv":[13.0,12.625,12.75,12.5],"tintindex":0,"texture":"#0"},"down":{"uv":[13.0,12.625,12.75,12.75],"tintindex":0,"texture":"#0"}},"rotation":{"angle":45.0,"axis":"z","origin":[7.328554,5.322997,6.4931936]}},{"from":[4.487088,9.422054,8.104598],"to":[5.051523,9.8365,8.436155],"faces":{"north":{"uv":[12.625,7.375,12.875,7.625],"tintindex":0,"texture":"#0"},"east":{"uv":[12.75,12.75,12.875,13.0],"tintindex":0,"texture":"#0"},"south":{"uv":[12.625,7.625,12.875,7.875],"tintindex":0,"texture":"#0"},"west":{"uv":[0.0,12.875,0.125,13.125],"tintindex":0,"texture":"#0"},"up":{"uv":[13.125,0.125,12.875,0.0],"tintindex":0,"texture":"#0"},"down":{"uv":[13.125,0.125,12.875,0.25],"tintindex":0,"texture":"#0"}},"rotation":{"angle":22.5,"axis":"z","origin":[7.328554,5.322997,6.4931936]}},{"from":[4.1910553,9.422054,7.690152],"to":[5.051523,9.8365,8.021709],"faces":{"north":{"uv":[6.625,9.375,7.125,9.625],"tintindex":0,"texture":"#0"},"east":{"uv":[0.125,12.875,0.25,13.125],"tintindex":0,"texture":"#0"},"south":{"uv":[9.5,10.25,10.0,10.5],"tintindex":0,"texture":"#0"},"west":{"uv":[12.875,0.375,13.0,0.625],"tintindex":0,"texture":"#0"},"up":{"uv":[11.75,7.625,11.25,7.5],"tintindex":0,"texture":"#0"},"down":{"uv":[11.875,2.75,11.375,2.875],"tintindex":0,"texture":"#0"}},"rotation":{"angle":22.5,"axis":"z","origin":[7.328554,5.322997,6.4931936]}},{"from":[5.610053,10.374374,7.78883],"to":[6.1744885,10.591465,7.9230313],"faces":{"north":{"uv":[12.875,0.625,13.125,0.75],"tintindex":0,"texture":"#0"},"east":{"uv":[10.5,4.125,10.625,4.25],"tintindex":0,"texture":"#0"},"south":{"uv":[12.875,0.75,13.125,0.875],"tintindex":0,"texture":"#0"},"west":{"uv":[0.75,10.625,0.875,10.75],"tintindex":0,"texture":"#0"},"up":{"uv":[13.125,1.0,12.875,0.875],"tintindex":0,"texture":"#0"},"down":{"uv":[13.125,1.0,12.875,1.125],"tintindex":0,"texture":"#0"}},"rotation":{"angle":45.0,"axis":"z","origin":[7.328554,5.322997,6.4931936]}},{"from":[5.8074083,10.374374,7.374384],"to":[6.3718443,10.591465,7.5085855],"faces":{"north":{"uv":[12.875,1.125,13.125,1.25],"tintindex":0,"texture":"#0"},"east":{"uv":[10.625,10.375,10.75,10.5],"tintindex":0,"texture":"#0"},"south":{"uv":[12.875,1.25,13.125,1.375],"tintindex":0,"texture":"#0"},"west":{"uv":[9.875,11.625,10.0,11.75],"tintindex":0,"texture":"#0"},"up":{"uv":[13.125,1.5,12.875,1.375],"tintindex":0,"texture":"#0"},"down":{"uv":[13.125,1.5,12.875,1.625],"tintindex":0,"texture":"#0"}},"rotation":{"angle":45.0,"axis":"z","origin":[7.328554,5.322997,6.4931936]}}],"display":{"fixed":{"scale":[4,4,4]}}}