{"textures":{"0":"bettermodel:item/sub_guardian_shadowguardian","1":"bettermodel:item/sub_guardian_shadowguardian_flame","particle":"bettermodel:item/sub_guardian_shadowguardian"},"elements":[{"from":[7.309257,7.602351,6.9666314],"to":[8.740082,8.243755,7.9534073],"faces":{"north":{"uv":[4.625,6.5,6.125,7.125],"tintindex":0,"texture":"#0"},"east":{"uv":[2.5,9.25,3.5,9.875],"tintindex":0,"texture":"#0"},"south":{"uv":[6.125,6.5,7.625,7.125],"tintindex":0,"texture":"#0"},"west":{"uv":[0.875,9.375,1.875,10.0],"tintindex":0,"texture":"#0"},"up":{"uv":[6.75,1.0,5.25,0.0],"tintindex":0,"texture":"#0"},"down":{"uv":[6.75,2.125,5.25,3.125],"tintindex":0,"texture":"#0"}},"rotation":{"angle":22.5,"axis":"x","origin":[7.9854774,7.059658,7.8134418]}},{"from":[7.358596,7.927017,6.360318],"to":[8.690743,9.01247,7.248416],"faces":{"north":{"uv":[5.0,1.0,6.375,2.125],"tintindex":0,"texture":"#0"},"east":{"uv":[6.375,1.0,7.25,2.125],"tintindex":0,"texture":"#0"},"south":{"uv":[1.25,5.25,2.625,6.375],"tintindex":0,"texture":"#0"},"west":{"uv":[1.375,6.375,2.25,7.5],"tintindex":0,"texture":"#0"},"up":{"uv":[5.125,6.5,3.75,5.625],"tintindex":0,"texture":"#0"},"down":{"uv":[1.375,6.375,0.0,7.25],"tintindex":0,"texture":"#0"}},"rotation":{"angle":22.5,"axis":"x","origin":[7.9854774,7.059658,7.8134418]}}],"display":{"fixed":{"scale":[4,4,4]}}}