{
	"format_version": "1.21.6",
	"credit": "Made with Blockbench",
	"texture_size": [32, 32],
	"textures": {
		"0": "item/weapon/medicgunner/rifle",
		"particle": "item/weapon/medicgunner/rifle"
	},
	"elements": [
		{
			"from": [7.5, 3, 14.75],
			"to": [8.5, 4, 18.75],
			"rotation": {"angle": 0, "axis": "y", "origin": [15.5, 11, 22.75]},
			"faces": {
				"north": {"uv": [2, 1, 2.5, 1.5], "texture": "#0"},
				"east": {"uv": [4, 2, 6, 2.5], "rotation": 180, "texture": "#0"},
				"south": {"uv": [3, 2.5, 3.5, 3], "texture": "#0"},
				"west": {"uv": [4, 2, 6, 2.5], "texture": "#0"},
				"up": {"uv": [4, 1.5, 6, 2], "rotation": 90, "texture": "#0"},
				"down": {"uv": [4, 2.5, 6, 3], "rotation": 270, "texture": "#0"}
			}
		},
		{
			"from": [7.5, 0, 10],
			"to": [8.5, 1, 10.5],
			"rotation": {"angle": 0, "axis": "y", "origin": [15.5, 8, 18]},
			"faces": {
				"north": {"uv": [0, 0, 0.5, 0.5], "texture": "#0"},
				"east": {"uv": [1, 9, 1.5, 9.5], "texture": "#0"},
				"south": {"uv": [0, 0, 0.5, 0.5], "texture": "#0"},
				"west": {"uv": [1, 9, 1.5, 9.5], "texture": "#0"},
				"up": {"uv": [0, 0, 0.5, 2], "texture": "#0"},
				"down": {"uv": [1, 9, 1.5, 9.5], "texture": "#0"}
			}
		},
		{
			"from": [7.75, 2, 15],
			"to": [8.25, 3, 17],
			"rotation": {"angle": 0, "axis": "y", "origin": [15.5, 10, 23]},
			"faces": {
				"north": {"uv": [3.5, 2, 4, 2.5], "texture": "#0"},
				"east": {"uv": [3, 1.5, 4, 2], "texture": "#0"},
				"south": {"uv": [3, 2, 3.5, 2.5], "texture": "#0"},
				"west": {"uv": [3, 1.5, 4, 2], "rotation": 180, "texture": "#0"},
				"up": {"uv": [0, 0, 0.5, 2], "texture": "#0"},
				"down": {"uv": [0, 0, 0.5, 2], "texture": "#0"}
			}
		},
		{
			"from": [7, 1, 5],
			"to": [9, 2, 17],
			"rotation": {"angle": 0, "axis": "y", "origin": [15, 8, 13]},
			"faces": {
				"north": {"uv": [1.5, 15, 2.5, 15.5], "texture": "#0"},
				"east": {"uv": [1, 9.5, 1.5, 15.5], "rotation": 90, "texture": "#0"},
				"south": {"uv": [1.5, 15, 2.5, 15.5], "texture": "#0"},
				"west": {"uv": [1, 9.5, 1.5, 15.5], "rotation": 270, "texture": "#0"},
				"up": {"uv": [0, 9.5, 1, 15.5], "texture": "#0"},
				"down": {"uv": [1.5, 15, 2.5, 15.5], "texture": "#0"}
			}
		},
		{
			"from": [7, 0, 13.5],
			"to": [9, 1, 19.5],
			"rotation": {"angle": 0, "axis": "y", "origin": [15, 7, 18.5]},
			"faces": {
				"north": {"uv": [8.5, 0, 9.5, 0.5], "texture": "#0"},
				"east": {"uv": [5, 0, 8, 0.5], "rotation": 180, "texture": "#0"},
				"south": {"uv": [8.5, 0, 9.5, 0.5], "texture": "#0"},
				"west": {"uv": [5, 0, 8, 0.5], "texture": "#0"},
				"up": {"uv": [0, 0, 1, 3], "texture": "#0"},
				"down": {"uv": [0, 0, 1, 3], "texture": "#0"}
			}
		},
		{
			"from": [7, -1, 10.5],
			"to": [9, 0, 20.5],
			"rotation": {"angle": 0, "axis": "y", "origin": [15, 6, 18.5]},
			"faces": {
				"north": {"uv": [8.5, 0, 9.5, 0.5], "texture": "#0"},
				"east": {"uv": [3.5, 0.5, 8.5, 1], "rotation": 180, "texture": "#0"},
				"south": {"uv": [8.5, 0, 9.5, 0.5], "texture": "#0"},
				"west": {"uv": [3.5, 0.5, 8.5, 1], "texture": "#0"},
				"up": {"uv": [8.5, 0, 9.5, 5], "texture": "#0"},
				"down": {"uv": [8.5, 0, 9.5, 5], "texture": "#0"}
			}
		},
		{
			"from": [7, -2, 11.5],
			"to": [9, -1, 15.5],
			"rotation": {"angle": 0, "axis": "y", "origin": [15, 5, 18.5]},
			"faces": {
				"north": {"uv": [8.5, 0, 9.5, 0.5], "texture": "#0"},
				"east": {"uv": [4, 1, 6, 1.5], "rotation": 180, "texture": "#0"},
				"south": {"uv": [0, 0, 1, 0.5], "texture": "#0"},
				"west": {"uv": [4, 1, 6, 1.5], "texture": "#0"},
				"up": {"uv": [0, 0, 1, 2], "texture": "#0"},
				"down": {"uv": [8.5, 0, 9.5, 2], "texture": "#0"}
			}
		},
		{
			"from": [7.25, -2.65328, 12.2706],
			"to": [8.75, -1.65328, 16.2706],
			"rotation": {"angle": 0, "axis": "y", "origin": [15, 4.34672, 19.2706]},
			"faces": {
				"north": {"uv": [1.5, 9, 1.75, 9.5], "texture": "#0"},
				"east": {"uv": [1.5, 9, 3.5, 9.5], "texture": "#0"},
				"south": {"uv": [0, 0, 0.75, 0.5], "texture": "#0"},
				"west": {"uv": [1.5, 9, 3.5, 9.5], "texture": "#0"},
				"up": {"uv": [0, 0, 0.75, 2], "texture": "#0"},
				"down": {"uv": [1.5, 9.5, 3.5, 10], "rotation": 270, "texture": "#0"}
			}
		},
		{
			"from": [6.75, 0.5, 10.5],
			"to": [9.25, 1, 21.5],
			"rotation": {"angle": 0, "axis": "y", "origin": [15, 7, 15.5]},
			"faces": {
				"north": {"uv": [1.5, 3.5, 1.75, 3.75], "texture": "#0"},
				"east": {"uv": [1.5, 3.5, 7, 3.75], "rotation": 180, "texture": "#0"},
				"south": {"uv": [0, 0, 1.25, 0.25], "texture": "#0"},
				"west": {"uv": [1.5, 3.5, 7, 3.75], "texture": "#0"},
				"up": {"uv": [1.5, 3.5, 7, 4], "rotation": 90, "texture": "#0"},
				"down": {"uv": [1.5, 3.5, 7, 4], "rotation": 270, "texture": "#0"}
			}
		},
		{
			"from": [7.75, -0.5, 22.75],
			"to": [8.25, 0.5, 23.75],
			"rotation": {"angle": 0, "axis": "y", "origin": [15, 6.5, 17.75]},
			"faces": {
				"north": {"uv": [0, 0, 0.25, 0.5], "texture": "#0"},
				"east": {"uv": [10, 3, 10.5, 3.5], "texture": "#0"},
				"south": {"uv": [10, 2.5, 10.25, 3], "texture": "#0"},
				"west": {"uv": [10, 3, 10.5, 3.5], "texture": "#0"},
				"up": {"uv": [0, 0, 0.25, 0.5], "texture": "#0"},
				"down": {"uv": [10, 3, 10.25, 3.5], "texture": "#0"}
			}
		},
		{
			"from": [6.75, 0.5, 22.75],
			"to": [9.25, 1, 23.75],
			"rotation": {"angle": 0, "axis": "y", "origin": [15, 7, 17.75]},
			"faces": {
				"north": {"uv": [0, 0, 1.25, 0.25], "texture": "#0"},
				"east": {"uv": [9.5, 3, 10, 3.25], "texture": "#0"},
				"south": {"uv": [9.5, 2.5, 10.25, 2.75], "texture": "#0"},
				"west": {"uv": [9.5, 3, 10, 3.25], "texture": "#0"},
				"up": {"uv": [9.5, 3, 9.75, 3.5], "texture": "#0"},
				"down": {"uv": [10, 3, 10.25, 3.5], "texture": "#0"}
			}
		},
		{
			"from": [7.25, 0, 10.5],
			"to": [8.75, 1, 13.5],
			"rotation": {"angle": 0, "axis": "y", "origin": [15, 7, 15.5]},
			"faces": {
				"north": {"uv": [1.5, 3.5, 1.75, 4], "texture": "#0"},
				"east": {"uv": [0, 9, 1.5, 9.5], "rotation": 180, "texture": "#0"},
				"south": {"uv": [0, 0, 0.75, 0.5], "texture": "#0"},
				"west": {"uv": [0, 9, 1.5, 9.5], "texture": "#0"},
				"up": {"uv": [0, 0, 0.75, 1.5], "texture": "#0"},
				"down": {"uv": [0, 0, 0.75, 1.5], "texture": "#0"}
			}
		},
		{
			"from": [7, 1, 17],
			"to": [9, 1.5, 21],
			"rotation": {"angle": 0, "axis": "y", "origin": [15, 7.5, 18.5]},
			"faces": {
				"north": {"uv": [0, 0, 1, 0.25], "texture": "#0"},
				"east": {"uv": [9.5, 0, 11.5, 0.25], "texture": "#0"},
				"south": {"uv": [0, 0, 1, 0.25], "texture": "#0"},
				"west": {"uv": [9.5, 0, 11.5, 0.25], "texture": "#0"},
				"up": {"uv": [9.5, 0.5, 10.5, 2.5], "texture": "#0"},
				"down": {"uv": [0, 0, 1, 2], "texture": "#0"}
			}
		},
		{
			"from": [7.5, 1.5, 17],
			"to": [8.5, 2, 20],
			"rotation": {"angle": 0, "axis": "y", "origin": [15.5, 8, 18.5]},
			"faces": {
				"north": {"uv": [0, 0, 0.5, 0.25], "texture": "#0"},
				"east": {"uv": [1.5, 3, 3, 3.25], "rotation": 180, "texture": "#0"},
				"south": {"uv": [2.5, 3, 3, 3.25], "texture": "#0"},
				"west": {"uv": [1.5, 3, 3, 3.25], "texture": "#0"},
				"up": {"uv": [1.5, 3, 3, 3.5], "rotation": 90, "texture": "#0"},
				"down": {"uv": [0, 0, 0.5, 1.5], "texture": "#0"}
			}
		},
		{
			"from": [7.5, 0, 19.5],
			"to": [8.5, 0.5, 21],
			"rotation": {"angle": 0, "axis": "y", "origin": [15.5, 6.5, 19.5]},
			"faces": {
				"north": {"uv": [0, 0, 0.5, 0.25], "texture": "#0"},
				"east": {"uv": [9.5, 3.5, 10.25, 3.75], "texture": "#0"},
				"south": {"uv": [0, 0, 0.5, 0.25], "texture": "#0"},
				"west": {"uv": [9.5, 3.5, 10.25, 3.75], "texture": "#0"},
				"up": {"uv": [0, 0, 0.5, 0.75], "texture": "#0"},
				"down": {"uv": [0, 0, 0.5, 0.75], "texture": "#0"}
			}
		},
		{
			"from": [7.75, -2, 21],
			"to": [8.25, -1, 22],
			"rotation": {"angle": 0, "axis": "y", "origin": [15.5, 4.5, 21]},
			"faces": {
				"north": {"uv": [0, 0, 0.25, 0.5], "texture": "#0"},
				"east": {"uv": [0, 0, 0.5, 0.5], "texture": "#0"},
				"south": {"uv": [0, 0, 0.25, 0.5], "texture": "#0"},
				"west": {"uv": [0, 0, 0.5, 0.5], "texture": "#0"},
				"up": {"uv": [0, 0, 0.25, 0.5], "texture": "#0"},
				"down": {"uv": [0, 0, 0.25, 0.5], "texture": "#0"}
			}
		},
		{
			"from": [7, 2, 21],
			"to": [7, 2.5, 22],
			"rotation": {"angle": 0, "axis": "y", "origin": [15, 8.5, 19.5]},
			"faces": {
				"north": {"uv": [0, 0, 0, 0.25], "texture": "#0"},
				"east": {"uv": [6, 1.5, 6.5, 1.75], "texture": "#0"},
				"south": {"uv": [0, 0, 0, 0.25], "texture": "#0"},
				"west": {"uv": [6, 1.5, 6.5, 1.75], "texture": "#0"},
				"up": {"uv": [0, 0, 0, 0.5], "texture": "#0"},
				"down": {"uv": [0, 0, 0, 0.5], "texture": "#0"}
			}
		},
		{
			"from": [9, 2, 21],
			"to": [9, 2.5, 22],
			"rotation": {"angle": 0, "axis": "y", "origin": [17, 8.5, 19.5]},
			"faces": {
				"north": {"uv": [0, 0, 0, 0.25], "texture": "#0"},
				"east": {"uv": [7.5, 1.5, 8, 1.75], "texture": "#0"},
				"south": {"uv": [0, 0, 0, 0.25], "texture": "#0"},
				"west": {"uv": [7.5, 1.5, 8, 1.75], "texture": "#0"},
				"up": {"uv": [0, 0, 0, 0.5], "texture": "#0"},
				"down": {"uv": [0, 0, 0, 0.5], "texture": "#0"}
			}
		},
		{
			"from": [7, 2.5, 20],
			"to": [9, 2.5, 22],
			"rotation": {"angle": 0, "axis": "y", "origin": [15, 8.5, 19.5]},
			"faces": {
				"north": {"uv": [0, 0, 1, 0], "texture": "#0"},
				"east": {"uv": [0, 0, 1, 0], "texture": "#0"},
				"south": {"uv": [0, 0, 1, 0], "texture": "#0"},
				"west": {"uv": [0, 0, 1, 0], "texture": "#0"},
				"up": {"uv": [6.5, 1, 7.5, 2], "texture": "#0"},
				"down": {"uv": [6.5, 1, 7.5, 2], "texture": "#0"}
			}
		},
		{
			"from": [7, 0, 21],
			"to": [9, 2, 23],
			"rotation": {"angle": 0, "axis": "y", "origin": [15, 7.5, 22.5]},
			"faces": {
				"north": {"uv": [0, 14.5, 1, 15.5], "texture": "#0"},
				"east": {"uv": [3, 14.5, 4, 15.5], "texture": "#0"},
				"south": {"uv": [1.5, 13, 2.5, 14], "texture": "#0"},
				"west": {"uv": [2.5, 14.5, 3.5, 15.5], "texture": "#0"},
				"up": {"uv": [2.5, 13.5, 3.5, 14.5], "texture": "#0"},
				"down": {"uv": [1.5, 14, 2.5, 15], "texture": "#0"}
			}
		},
		{
			"from": [7.25, 0.25, 23],
			"to": [8.75, 1.75, 23.5],
			"rotation": {"angle": 0, "axis": "y", "origin": [15, 7.5, 23.5]},
			"faces": {
				"north": {"uv": [0, 0, 0.75, 0.75], "texture": "#0"},
				"east": {"uv": [9.5, 2.5, 9.75, 2.75], "texture": "#0"},
				"south": {"uv": [10, 2.5, 10.25, 2.75], "texture": "#0"},
				"west": {"uv": [9.5, 2.5, 9.75, 2.75], "texture": "#0"},
				"up": {"uv": [9.5, 3, 9.75, 3.25], "texture": "#0"},
				"down": {"uv": [10, 3, 10.25, 3.25], "texture": "#0"}
			}
		},
		{
			"from": [7.5, -1.5, 0.5],
			"to": [8.5, -0.5, 11.5],
			"rotation": {"angle": 0, "axis": "y", "origin": [15, 5.5, 6.5]},
			"faces": {
				"north": {"uv": [1.5, 4.5, 2, 5], "texture": "#0"},
				"east": {"uv": [1.5, 4, 7, 4.5], "rotation": 180, "texture": "#0"},
				"south": {"uv": [0, 0, 0.5, 0.5], "texture": "#0"},
				"west": {"uv": [1.5, 4, 7, 4.5], "texture": "#0"},
				"up": {"uv": [1.5, 4.5, 7, 5], "rotation": 90, "texture": "#0"},
				"down": {"uv": [1.5, 5, 7, 5.5], "rotation": 270, "texture": "#0"}
			}
		},
		{
			"from": [7.75, 2, 5],
			"to": [8.25, 2.5, 8],
			"rotation": {"angle": 0, "axis": "y", "origin": [15, 8.5, 7]},
			"faces": {
				"north": {"uv": [2.5, 1.5, 2.75, 1.75], "texture": "#0"},
				"east": {"uv": [1.5, 1.5, 3, 1.75], "texture": "#0"},
				"south": {"uv": [1.5, 1.5, 1.75, 1.75], "texture": "#0"},
				"west": {"uv": [1.5, 1.5, 3, 1.75], "rotation": 180, "texture": "#0"},
				"up": {"uv": [1.5, 1.5, 1.75, 3], "rotation": 180, "texture": "#0"},
				"down": {"uv": [0, 0, 0.25, 1.5], "texture": "#0"}
			}
		},
		{
			"from": [7, 0, 6],
			"to": [9, 1, 10],
			"rotation": {"angle": 0, "axis": "y", "origin": [15, 7, 13]},
			"faces": {
				"north": {"uv": [1.5, 15, 2.5, 15.5], "texture": "#0"},
				"east": {"uv": [1.5, 10, 2, 12], "rotation": 90, "texture": "#0"},
				"south": {"uv": [1.5, 15, 2.5, 15.5], "texture": "#0"},
				"west": {"uv": [1.5, 10, 2, 12], "rotation": 270, "texture": "#0"},
				"up": {"uv": [0, 0, 1, 2], "texture": "#0"},
				"down": {"uv": [1.5, 15, 2.5, 15.5], "texture": "#0"}
			}
		},
		{
			"from": [7.25, -1.75, 7],
			"to": [8.75, -0.25, 9],
			"rotation": {"angle": 0, "axis": "y", "origin": [15, 6, 13]},
			"faces": {
				"north": {"uv": [6, 7, 6.25, 7.25], "texture": "#0"},
				"east": {"uv": [6, 7, 7, 7.25], "texture": "#0"},
				"south": {"uv": [5.5, 7.5, 5.75, 7.75], "texture": "#0"},
				"west": {"uv": [6, 7, 7, 7.25], "rotation": 180, "texture": "#0"},
				"up": {"uv": [5.5, 7, 5.75, 8], "texture": "#0"},
				"down": {"uv": [5.5, 7, 5.75, 8], "rotation": 180, "texture": "#0"}
			}
		},
		{
			"from": [7.25, -1, 6.25],
			"to": [8.75, 0, 6.75],
			"rotation": {"angle": 0, "axis": "y", "origin": [15, 6, 13.25]},
			"faces": {
				"north": {"uv": [6.5, 4, 6.75, 4.5], "texture": "#0"},
				"east": {"uv": [6, 4, 6.25, 4.5], "texture": "#0"},
				"south": {"uv": [6.5, 4, 6.75, 4.5], "texture": "#0"},
				"west": {"uv": [6, 4, 6.25, 4.5], "texture": "#0"},
				"up": {"uv": [0, 0, 0.75, 0.25], "texture": "#0"},
				"down": {"uv": [6.5, 5, 6.75, 5.25], "texture": "#0"}
			}
		},
		{
			"from": [7.25, -1, 9.25],
			"to": [8.75, 0, 9.75],
			"rotation": {"angle": 0, "axis": "y", "origin": [15, 6, 16.25]},
			"faces": {
				"north": {"uv": [6.5, 4, 6.75, 4.5], "texture": "#0"},
				"east": {"uv": [6, 4, 6.25, 4.5], "texture": "#0"},
				"south": {"uv": [6.5, 4, 6.75, 4.5], "texture": "#0"},
				"west": {"uv": [6, 4, 6.25, 4.5], "texture": "#0"},
				"up": {"uv": [0, 0, 0.75, 0.25], "texture": "#0"},
				"down": {"uv": [6.5, 5, 6.75, 5.25], "texture": "#0"}
			}
		},
		{
			"from": [6.5, -2.87955, 15.92178],
			"to": [9.5, -0.87955, 18.92178],
			"rotation": {"angle": 22.5, "axis": "x", "origin": [8, -1.37955, 17.92178]},
			"faces": {
				"north": {"uv": [0, 0, 1.5, 1], "rotation": 180, "texture": "#0"},
				"east": {"uv": [2.5, 5.5, 3.5, 7], "rotation": 90, "texture": "#0"},
				"south": {"uv": [5, 5.5, 6.5, 6.5], "texture": "#0"},
				"west": {"uv": [1.5, 5.5, 2.5, 7], "rotation": 270, "texture": "#0"},
				"up": {"uv": [3.5, 5.5, 5, 7], "texture": "#0"},
				"down": {"uv": [1.5, 7, 3, 8.5], "rotation": 180, "texture": "#0"}
			}
		},
		{
			"from": [7, -3.37955, 16.42178],
			"to": [9, -1.37955, 19.42178],
			"rotation": {"angle": 22.5, "axis": "x", "origin": [7.5, -1.37955, 17.92178]},
			"faces": {
				"north": {"uv": [2, 12, 3, 13], "rotation": 180, "texture": "#0"},
				"east": {"uv": [2, 11.5, 3, 13], "rotation": 270, "texture": "#0"},
				"south": {"uv": [2, 10.5, 3, 11.5], "texture": "#0"},
				"west": {"uv": [2, 11.5, 3, 13], "rotation": 270, "texture": "#0"},
				"up": {"uv": [3, 11.5, 4, 13], "texture": "#0"},
				"down": {"uv": [3, 11.5, 4, 13], "rotation": 180, "texture": "#0"}
			}
		},
		{
			"from": [6.5, -2.87955, 14.92178],
			"to": [9.5, -0.87955, 15.92178],
			"rotation": {"angle": 22.5, "axis": "x", "origin": [8, -1.37955, 17.92178]},
			"faces": {
				"north": {"uv": [3, 8, 4.5, 9], "rotation": 180, "texture": "#0"},
				"east": {"uv": [3, 7.5, 4, 8], "rotation": 90, "texture": "#0"},
				"south": {"uv": [0, 0, 1.5, 1], "texture": "#0"},
				"west": {"uv": [3, 7, 4, 7.5], "rotation": 270, "texture": "#0"},
				"up": {"uv": [4, 7.5, 5.5, 8], "texture": "#0"},
				"down": {"uv": [4, 7, 5.5, 7.5], "rotation": 180, "texture": "#0"}
			}
		},
		{
			"from": [7.5, -4.04015, 22.555],
			"to": [8.5, -0.54015, 24.055],
			"rotation": {"angle": -22.5, "axis": "x", "origin": [8, -2.04015, 23.305]},
			"faces": {
				"north": {"uv": [0, 0, 0.5, 1.75], "texture": "#0"},
				"east": {"uv": [5, 11, 5.25, 12.75], "texture": "#0"},
				"south": {"uv": [5, 11, 5.5, 12.75], "texture": "#0"},
				"west": {"uv": [5, 11, 5.25, 12.75], "texture": "#0"},
				"up": {"uv": [0, 0, 0.5, 0.75], "texture": "#0"},
				"down": {"uv": [0, 0, 0.5, 0.75], "texture": "#0"}
			}
		},
		{
			"from": [7.25, -1.69448, 22.03596],
			"to": [8.75, -0.69448, 23.03596],
			"rotation": {"angle": -22.5, "axis": "x", "origin": [8, -2.19448, 22.53596]},
			"faces": {
				"north": {"uv": [5, 8.5, 5.25, 9], "texture": "#0"},
				"east": {"uv": [5, 8.5, 5.5, 9], "texture": "#0"},
				"south": {"uv": [5, 9, 5.75, 9.5], "texture": "#0"},
				"west": {"uv": [5, 8.5, 5.5, 9], "texture": "#0"},
				"up": {"uv": [0, 0, 0.75, 0.5], "texture": "#0"},
				"down": {"uv": [0, 0, 0.75, 0.5], "texture": "#0"}
			}
		},
		{
			"from": [7.25, -4.19448, 22.03596],
			"to": [8.75, -1.69448, 23.53596],
			"rotation": {"angle": -22.5, "axis": "x", "origin": [8, -2.19448, 22.53596]},
			"faces": {
				"north": {"uv": [5, 9, 5.75, 10.25], "texture": "#0"},
				"east": {"uv": [5, 9, 5.75, 10.25], "texture": "#0"},
				"south": {"uv": [7.5, 9, 8.25, 10.25], "texture": "#0"},
				"west": {"uv": [5, 9, 5.75, 10.25], "texture": "#0"},
				"up": {"uv": [7.5, 9, 8.25, 9.5], "texture": "#0"},
				"down": {"uv": [0, 0, 0.75, 0.75], "texture": "#0"}
			}
		},
		{
			"from": [7.25, -1, 20.5],
			"to": [8.75, 0, 22.5],
			"rotation": {"angle": 0, "axis": "y", "origin": [15.25, 7, 28.5]},
			"faces": {
				"north": {"uv": [0, 0, 0.75, 0.5], "texture": "#0"},
				"east": {"uv": [4.5, 8, 5.5, 8.5], "rotation": 180, "texture": "#0"},
				"south": {"uv": [5, 9, 5.75, 9.5], "texture": "#0"},
				"west": {"uv": [4.5, 8, 5.5, 8.5], "texture": "#0"},
				"up": {"uv": [0, 0, 0.75, 1], "texture": "#0"},
				"down": {"uv": [6, 8, 6.75, 9], "rotation": 90, "texture": "#0"}
			}
		},
		{
			"from": [7.25, -4.38896, 22.57193],
			"to": [8.75, -3.38896, 25.57193],
			"rotation": {"angle": 0, "axis": "y", "origin": [15.25, 3.61104, 29.57193]},
			"faces": {
				"north": {"uv": [5, 10, 5.75, 10.5], "texture": "#0"},
				"east": {"uv": [5, 10, 6.5, 10.5], "rotation": 180, "texture": "#0"},
				"south": {"uv": [5, 10.5, 5.25, 11], "texture": "#0"},
				"west": {"uv": [5, 10, 6.5, 10.5], "texture": "#0"},
				"up": {"uv": [6.5, 9, 7.25, 10.5], "texture": "#0"},
				"down": {"uv": [0, 0, 0.75, 1.5], "texture": "#0"}
			}
		},
		{
			"from": [7.25, -5.38896, 22.57193],
			"to": [8.75, -4.38896, 24.57193],
			"rotation": {"angle": 0, "axis": "y", "origin": [15.25, 2.61104, 29.57193]},
			"faces": {
				"north": {"uv": [5, 10.5, 5.25, 11], "texture": "#0"},
				"east": {"uv": [5, 10.5, 6, 11], "rotation": 180, "texture": "#0"},
				"south": {"uv": [5.5, 10.5, 5.75, 11], "texture": "#0"},
				"west": {"uv": [5, 10.5, 6, 11], "texture": "#0"},
				"up": {"uv": [0, 0, 0.75, 1], "texture": "#0"},
				"down": {"uv": [5, 10.5, 6, 11], "rotation": 270, "texture": "#0"}
			}
		},
		{
			"from": [7.25, -4.88896, 24.57193],
			"to": [8.75, -4.38896, 25.57193],
			"rotation": {"angle": 0, "axis": "y", "origin": [15.25, 2.61104, 30.57193]},
			"faces": {
				"north": {"uv": [0, 0, 0.75, 0.25], "texture": "#0"},
				"east": {"uv": [5.5, 10.5, 6, 10.75], "texture": "#0"},
				"south": {"uv": [5, 10.5, 5.25, 10.75], "texture": "#0"},
				"west": {"uv": [5.5, 10.5, 6, 10.75], "texture": "#0"},
				"up": {"uv": [0, 0, 0.75, 0.5], "texture": "#0"},
				"down": {"uv": [5.5, 10.5, 5.75, 11], "texture": "#0"}
			}
		},
		{
			"from": [7.5, -3.7409, 29.84357],
			"to": [8.5, -0.7409, 31.34357],
			"rotation": {"angle": 0, "axis": "y", "origin": [15.25, 4.2591, 36.84357]},
			"faces": {
				"north": {"uv": [8, 10.5, 8.5, 12], "texture": "#0"},
				"east": {"uv": [7.5, 10.5, 8.25, 12], "texture": "#0"},
				"south": {"uv": [7.5, 10.5, 8, 12], "texture": "#0"},
				"west": {"uv": [7.5, 10.5, 8.25, 12], "texture": "#0"},
				"up": {"uv": [0, 0, 0.5, 0.75], "texture": "#0"},
				"down": {"uv": [0, 0, 0.5, 0.75], "texture": "#0"}
			}
		},
		{
			"from": [7.25, -0.7409, 27.84357],
			"to": [8.75, 0.2591, 31.84357],
			"rotation": {"angle": 0, "axis": "y", "origin": [15.25, 7.2591, 37.34357]},
			"faces": {
				"north": {"uv": [1.5, 15.5, 1.75, 16], "texture": "#0"},
				"east": {"uv": [0, 15.5, 2, 16], "texture": "#0"},
				"south": {"uv": [0, 15.5, 0.25, 16], "texture": "#0"},
				"west": {"uv": [0, 15.5, 2, 16], "rotation": 180, "texture": "#0"},
				"up": {"uv": [0, 15.5, 2, 16], "rotation": 270, "texture": "#0"},
				"down": {"uv": [0, 15.5, 2, 16], "rotation": 90, "texture": "#0"}
			}
		},
		{
			"from": [7.5, -4.88896, 25.57193],
			"to": [8.5, -3.38896, 28.57193],
			"rotation": {"angle": 0, "axis": "y", "origin": [15.25, 3.61104, 32.57193]},
			"faces": {
				"north": {"uv": [0, 0, 0.5, 0.75], "texture": "#0"},
				"east": {"uv": [5, 13, 6.5, 13.25], "texture": "#0"},
				"south": {"uv": [0, 0, 0.5, 0.75], "texture": "#0"},
				"west": {"uv": [5, 13, 6.5, 13.25], "rotation": 180, "texture": "#0"},
				"up": {"uv": [5, 13, 6.5, 13.5], "rotation": 90, "texture": "#0"},
				"down": {"uv": [5, 13.5, 5.5, 15], "texture": "#0"}
			}
		},
		{
			"from": [7.5, -4.39105, 28.07507],
			"to": [8.5, -2.89105, 31.07507],
			"rotation": {"angle": -22.5, "axis": "x", "origin": [8, -3.39105, 29.57507]},
			"faces": {
				"north": {"uv": [0, 0, 0.5, 0.75], "texture": "#0"},
				"east": {"uv": [6.5, 13, 8, 13.25], "rotation": 180, "texture": "#0"},
				"south": {"uv": [0, 0, 0.5, 0.75], "texture": "#0"},
				"west": {"uv": [6.5, 13, 8, 13.25], "texture": "#0"},
				"up": {"uv": [6.5, 13, 8, 13.5], "rotation": 90, "texture": "#0"},
				"down": {"uv": [5.5, 13.5, 6, 15], "texture": "#0"}
			}
		},
		{
			"from": [7.5, -0.75, 22.5],
			"to": [8.5, 0.25, 23.5],
			"rotation": {"angle": 0, "axis": "y", "origin": [15.25, 7, 29]},
			"faces": {
				"north": {"uv": [0, 0, 0.5, 0.5], "texture": "#0"},
				"east": {"uv": [5, 11, 5.5, 11.5], "texture": "#0"},
				"south": {"uv": [5, 11, 5.5, 11.5], "texture": "#0"},
				"west": {"uv": [5, 11, 5.5, 11.5], "texture": "#0"},
				"up": {"uv": [0, 0, 0.5, 0.5], "texture": "#0"},
				"down": {"uv": [0, 0, 0.5, 0.5], "texture": "#0"}
			}
		},
		{
			"from": [7, 1.5, -16],
			"to": [7.5, 1.5, -14],
			"rotation": {"angle": 0, "axis": "y", "origin": [14, 8.5, -7]},
			"faces": {
				"north": {"uv": [0, 0, 0.25, 0.5], "texture": "#0"},
				"east": {"uv": [0, 0, 1, 0.5], "texture": "#0"},
				"south": {"uv": [0, 0, 0.25, 0.5], "texture": "#0"},
				"west": {"uv": [0, 0, 1, 0.5], "texture": "#0"},
				"up": {"uv": [1.5, 0, 1.75, 1], "texture": "#0"},
				"down": {"uv": [2.5, 0, 2.75, 1], "texture": "#0"}
			}
		},
		{
			"from": [7, 0.5, -16],
			"to": [7.5, 1.5, -16],
			"rotation": {"angle": 0, "axis": "y", "origin": [14, 7.5, -7]},
			"faces": {
				"north": {"uv": [1.5, 0, 1.75, 0.5], "texture": "#0"},
				"east": {"uv": [0, 0, 1, 0.5], "texture": "#0"},
				"south": {"uv": [2.5, 0, 2.75, 0.5], "texture": "#0"},
				"west": {"uv": [0, 0, 1, 0.5], "texture": "#0"},
				"up": {"uv": [0, 0, 0.25, 1], "texture": "#0"},
				"down": {"uv": [0, 0, 0.25, 1], "texture": "#0"}
			}
		},
		{
			"from": [7, 0.5, -16],
			"to": [7.5, 0.5, -14],
			"rotation": {"angle": 0, "axis": "y", "origin": [14, 7.5, -7]},
			"faces": {
				"north": {"uv": [0, 0, 0.25, 0.5], "texture": "#0"},
				"east": {"uv": [0, 0, 1, 0.5], "texture": "#0"},
				"south": {"uv": [0, 0, 0.25, 0.5], "texture": "#0"},
				"west": {"uv": [0, 0, 1, 0.5], "texture": "#0"},
				"up": {"uv": [2.5, 0, 2.75, 1], "texture": "#0"},
				"down": {"uv": [1.5, 0, 1.75, 1], "texture": "#0"}
			}
		},
		{
			"from": [8.5, 1.5, -16],
			"to": [9, 1.5, -14],
			"rotation": {"angle": 0, "axis": "y", "origin": [15.5, 8.5, -7]},
			"faces": {
				"north": {"uv": [0, 0, 0.25, 0.5], "texture": "#0"},
				"east": {"uv": [0, 0, 1, 0.5], "texture": "#0"},
				"south": {"uv": [0, 0, 0.25, 0.5], "texture": "#0"},
				"west": {"uv": [0, 0, 1, 0.5], "texture": "#0"},
				"up": {"uv": [1.5, 0, 1.75, 1], "texture": "#0"},
				"down": {"uv": [2.5, 0, 2.75, 1], "texture": "#0"}
			}
		},
		{
			"from": [8.5, 0.5, -16],
			"to": [9, 1.5, -16],
			"rotation": {"angle": 0, "axis": "y", "origin": [15.5, 7.5, -7]},
			"faces": {
				"north": {"uv": [1.5, 0, 1.75, 0.5], "texture": "#0"},
				"east": {"uv": [0, 0, 0, 0.5], "texture": "#0"},
				"south": {"uv": [2.5, 0, 2.75, 0.5], "texture": "#0"},
				"west": {"uv": [0, 0, 0, 0.5], "texture": "#0"},
				"up": {"uv": [0, 0, 0.25, 0], "texture": "#0"},
				"down": {"uv": [0, 0, 0.25, 0], "texture": "#0"}
			}
		},
		{
			"from": [7, 0.5, -14],
			"to": [9, 1.5, -13],
			"rotation": {"angle": 0, "axis": "y", "origin": [15.5, 7.5, -5]},
			"faces": {
				"north": {"uv": [1.5, 1, 3.5, 1.5], "texture": "#0"},
				"east": {"uv": [2, 0, 2.5, 0.5], "texture": "#0"},
				"south": {"uv": [1.5, 0, 2.5, 0.5], "texture": "#0"},
				"west": {"uv": [1.5, 0, 2, 0.5], "texture": "#0"},
				"up": {"uv": [1.5, 0, 2.5, 0.5], "texture": "#0"},
				"down": {"uv": [1.5, 0, 2.5, 0.5], "texture": "#0"}
			}
		},
		{
			"from": [7.5, 0.5, -13],
			"to": [8.5, 1.5, 6],
			"rotation": {"angle": 0, "axis": "y", "origin": [15, 7.5, -4]},
			"faces": {
				"north": {"uv": [0, 0, 0.5, 0.5], "texture": "#0"},
				"east": {"uv": [0.5, 0, 1, 9.5], "rotation": 90, "texture": "#0"},
				"south": {"uv": [0, 0, 0.5, 0.5], "texture": "#0"},
				"west": {"uv": [0.5, 0, 1, 9.5], "rotation": 270, "texture": "#0"},
				"up": {"uv": [0, 0, 0.5, 9.5], "texture": "#0"},
				"down": {"uv": [1, 0, 1.5, 9.5], "rotation": 180, "texture": "#0"}
			}
		},
		{
			"from": [8.5, 0.5, -16],
			"to": [9, 0.5, -14],
			"rotation": {"angle": 0, "axis": "y", "origin": [15.5, 7.5, -7]},
			"faces": {
				"north": {"uv": [0, 0, 0.25, 0], "texture": "#0"},
				"east": {"uv": [0, 0, 1, 0], "texture": "#0"},
				"south": {"uv": [0, 0, 0.25, 0], "texture": "#0"},
				"west": {"uv": [0, 0, 1, 0], "texture": "#0"},
				"up": {"uv": [2.5, 0, 2.75, 1], "texture": "#0"},
				"down": {"uv": [1.5, 0, 1.75, 1], "texture": "#0"}
			}
		}
	],
	"overrides": [
		{"predicate": {"pulling": 1}, "model": "item/bow_pulling_0"},
		{"predicate": {"pulling": 1, "pull": 0.65}, "model": "item/bow_pulling_1"},
		{"predicate": {"pulling": 1, "pull": 0.9}, "model": "item/bow_pulling_2"}
	],
	"display": {
		"thirdperson_righthand": {
			"translation": [-0.5, 5.5, -6],
			"scale": [0.6, 0.6, 0.6]
		},
		"thirdperson_lefthand": {
			"translation": [-0.5, 5.5, -6],
			"scale": [0.6, 0.6, 0.6]
		},
		"firstperson_righthand": {
			"translation": [-7, 10, -4],
			"scale": [0.7, 0.7, 0.7]
		},
		"firstperson_lefthand": {
			"translation": [-7, 10, -4],
			"scale": [0.7, 0.7, 0.7]
		},
		"gui": {
			"rotation": [27, 27, 0],
			"translation": [0, 5.25, 0],
			"scale": [0.65, 0.65, 0.65]
		}
	},
	"groups": [
		0,
		1,
		2,
		3,
		4,
		5,
		6,
		7,
		8,
		9,
		10,
		11,
		12,
		13,
		14,
		15,
		16,
		17,
		18,
		19,
		20,
		21,
		22,
		23,
		24,
		25,
		26,
		27,
		28,
		29,
		30,
		31,
		32,
		33,
		34,
		35,
		36,
		37,
		38,
		39,
		40,
		41,
		{
			"name": "group",
			"origin": [15.5, 7.5, -7],
			"color": 0,
			"children": [42, 43, 44, 45, 46, 47, 48, 49]
		}
	]
}