{
	"textures": {
		"0": "animated_java:item/ranposu_aj/body"
	},
	"display": {
		"head": {
			"rotation": [0, 180, 0]
		}
	},
	"elements": [
		{
			"from": [7.075, 4.54528, 6.98654],
			"to": [8.925, 8.54528, 8.73654],
			"rotation": {
				"angle": 0,
				"axis": "y",
				"origin": [8, 4.5, 8.75]
			},
			"faces": {
				"north": {
					"uv": [0, 12, 0.5, 13],
					"texture": "#0"
				},
				"east": {
					"uv": [12, 4.5, 12.5, 5.5],
					"texture": "#0"
				},
				"south": {
					"uv": [12, 8.5, 12.5, 9.5],
					"texture": "#0"
				},
				"west": {
					"uv": [9.25, 12, 9.75, 13],
					"texture": "#0"
				},
				"up": {
					"uv": [11.75, 13.5, 11.25, 13],
					"texture": "#0"
				},
				"down": {
					"uv": [13.5, 11.25, 13, 11.75],
					"texture": "#0"
				}
			}
		},
		{
			"from": [7.575, 4.44822, 7.67657],
			"to": [8.425, 5.19822, 10.67657],
			"rotation": {
				"angle": 45,
				"axis": "x",
				"origin": [8, 4.5, 8.75]
			},
			"faces": {
				"north": {
					"uv": [4, 11.25, 4.25, 11.5],
					"texture": "#0"
				},
				"east": {
					"uv": [13.25, 11.75, 14, 12],
					"texture": "#0"
				},
				"south": {
					"uv": [10, 11.25, 10.25, 11.5],
					"texture": "#0"
				},
				"west": {
					"uv": [13.25, 12, 14, 12.25],
					"texture": "#0"
				},
				"up": {
					"uv": [12.75, 14, 12.5, 13.25],
					"texture": "#0"
				},
				"down": {
					"uv": [13.5, 12.75, 13.25, 13.5],
					"texture": "#0"
				}
			}
		},
		{
			"from": [7.575, 5.59822, 6.17657],
			"to": [8.425, 6.34822, 9.17657],
			"rotation": {
				"angle": 45,
				"axis": "x",
				"origin": [8, 4.5, 8.75]
			},
			"faces": {
				"north": {
					"uv": [11.5, 1.5, 11.75, 1.75],
					"texture": "#0"
				},
				"east": {
					"uv": [13.5, 1.5, 14.25, 1.75],
					"texture": "#0"
				},
				"south": {
					"uv": [9.75, 12, 10, 12.25],
					"texture": "#0"
				},
				"west": {
					"uv": [13.5, 1.75, 14.25, 2],
					"texture": "#0"
				},
				"up": {
					"uv": [2.25, 14.25, 2, 13.5],
					"texture": "#0"
				},
				"down": {
					"uv": [2.5, 13.5, 2.25, 14.25],
					"texture": "#0"
				}
			}
		},
		{
			"from": [7.375, 2.29385, 7.26725],
			"to": [8.625, 5.29385, 8.51725],
			"rotation": {
				"angle": -22.5,
				"axis": "x",
				"origin": [8, 4.5, 8.75]
			},
			"faces": {
				"north": {
					"uv": [3.25, 13.5, 3.5, 14.25],
					"texture": "#0"
				},
				"east": {
					"uv": [13, 8.25, 13.375, 9],
					"texture": "#0"
				},
				"south": {
					"uv": [3.5, 13.5, 3.75, 14.25],
					"texture": "#0"
				},
				"west": {
					"uv": [9.25, 13, 9.625, 13.75],
					"texture": "#0"
				},
				"up": {
					"uv": [13.25, 13.875, 13, 13.5],
					"texture": "#0"
				},
				"down": {
					"uv": [13.75, 13, 13.5, 13.375],
					"texture": "#0"
				}
			}
		},
		{
			"from": [7.475, 2.44825, 10.02217],
			"to": [8.525, 3.44825, 12.27217],
			"rotation": {
				"angle": 45,
				"axis": "x",
				"origin": [8, 4.5, 8.75]
			},
			"faces": {
				"north": {
					"uv": [12.25, 7.75, 12.5, 8],
					"texture": "#0"
				},
				"east": {
					"uv": [5.5, 13.5, 6.125, 13.75],
					"texture": "#0"
				},
				"south": {
					"uv": [12.5, 9.25, 12.75, 9.5],
					"texture": "#0"
				},
				"west": {
					"uv": [13.5, 5.5, 14.125, 5.75],
					"texture": "#0"
				},
				"up": {
					"uv": [6.5, 14.125, 6.25, 13.5],
					"texture": "#0"
				},
				"down": {
					"uv": [6.75, 13.5, 6.5, 14.125],
					"texture": "#0"
				}
			}
		}
	]
}