{
	"textures": {
		"0": "animated_java:item/ranposu_aj/body"
	},
	"display": {
		"head": {
			"rotation": [0, 180, 0]
		}
	},
	"elements": [
		{
			"from": [6.95, 5.92942, 4.39686],
			"to": [9.05, 8.17942, 8.14686],
			"rotation": {
				"angle": -22.5,
				"axis": "x",
				"origin": [8.025, 10.55442, 5.27186]
			},
			"faces": {
				"north": {
					"uv": [5.5, 12.75, 6, 13.375],
					"texture": "#0"
				},
				"east": {
					"uv": [11.25, 2.25, 12.25, 2.875],
					"texture": "#0"
				},
				"south": {
					"uv": [6, 12.75, 6.5, 13.375],
					"texture": "#0"
				},
				"west": {
					"uv": [11.25, 5.5, 12.25, 6.125],
					"texture": "#0"
				},
				"up": {
					"uv": [1.75, 12.75, 1.25, 11.75],
					"texture": "#0"
				},
				"down": {
					"uv": [8.25, 11.75, 7.75, 12.75],
					"texture": "#0"
				}
			}
		},
		{
			"from": [6.95, 5.92942, 1.39686],
			"to": [9.05, 7.92942, 4.39686],
			"rotation": {
				"angle": -22.5,
				"axis": "x",
				"origin": [8.025, 10.55442, 5.27186]
			},
			"faces": {
				"north": {
					"uv": [10.75, 13, 11.25, 13.5],
					"texture": "#0"
				},
				"east": {
					"uv": [12.5, 4.5, 13.25, 5],
					"texture": "#0"
				},
				"south": {
					"uv": [13, 10.75, 13.5, 11.25],
					"texture": "#0"
				},
				"west": {
					"uv": [4.75, 12.5, 5.5, 13],
					"texture": "#0"
				},
				"up": {
					"uv": [7, 11.75, 6.5, 11],
					"texture": "#0"
				},
				"down": {
					"uv": [3.25, 12.25, 2.75, 13],
					"texture": "#0"
				}
			}
		}
	]
}