{
	"textures": {
		"0": "animated_java:item/ranposu_aj/body"
	},
	"display": {
		"head": {
			"rotation": [0, 180, 0]
		}
	},
	"elements": [
		{
			"from": [7.15, 6.25312, 3.80312],
			"to": [8.85, 7.62812, 6.85312],
			"rotation": {
				"angle": 0,
				"axis": "y",
				"origin": [8, 8.06562, 8.55937]
			},
			"faces": {
				"north": {
					"uv": [0, 14.375, 0.7625, 14.69375],
					"texture": "#0"
				},
				"east": {
					"uv": [0, 14.375, 0.7625, 14.69375],
					"texture": "#0"
				},
				"south": {
					"uv": [0, 14.375, 0.7625, 14.69375],
					"texture": "#0"
				},
				"west": {
					"uv": [0, 14.375, 0.7625, 14.69375],
					"texture": "#0"
				},
				"up": {
					"uv": [3, 14.375, 3.5, 15.2375],
					"texture": "#0"
				},
				"down": {
					"uv": [0, 14.375, 0.7625, 14.69375],
					"texture": "#0"
				}
			}
		},
		{
			"from": [7.4, 6.40312, 1.30312],
			"to": [8.6, 7.55312, 3.80312],
			"rotation": {
				"angle": 0,
				"axis": "y",
				"origin": [8, 8.06562, 8.55937]
			},
			"faces": {
				"north": {
					"uv": [0, 14.375, 0.625, 14.6375],
					"texture": "#0"
				},
				"east": {
					"uv": [0, 14.375, 0.625, 14.6375],
					"texture": "#0"
				},
				"south": {
					"uv": [0, 14.375, 0.625, 14.6375],
					"texture": "#0"
				},
				"west": {
					"uv": [0, 14.375, 0.625, 14.6375],
					"texture": "#0"
				},
				"up": {
					"uv": [2, 15, 2.375, 15.625],
					"texture": "#0"
				},
				"down": {
					"uv": [0, 14.375, 0.625, 14.6375],
					"texture": "#0"
				}
			}
		},
		{
			"from": [7.5, 6.70312, 0.80312],
			"to": [8.5, 7.60312, 1.30312],
			"rotation": {
				"angle": 0,
				"axis": "y",
				"origin": [8, 8.06562, 8.55937]
			},
			"faces": {
				"north": {
					"uv": [0, 14.375, 0.125, 14.575],
					"texture": "#0"
				},
				"east": {
					"uv": [0, 14.375, 0.125, 14.575],
					"texture": "#0"
				},
				"south": {
					"uv": [0, 14.375, 0.125, 14.575],
					"texture": "#0"
				},
				"west": {
					"uv": [0, 14.375, 0.125, 14.575],
					"texture": "#0"
				},
				"up": {
					"uv": [0, 14.375, 0.125, 14.575],
					"texture": "#0"
				},
				"down": {
					"uv": [0, 14.375, 0.125, 14.575],
					"texture": "#0"
				}
			}
		},
		{
			"from": [6.65, 6.05312, 6.82812],
			"to": [9.35, 7.80312, 9.30312],
			"rotation": {
				"angle": 0,
				"axis": "y",
				"origin": [8, 8.06562, 8.55937]
			},
			"faces": {
				"north": {
					"uv": [0, 14.5, 0.675, 14.9375],
					"texture": "#0"
				},
				"east": {
					"uv": [0, 14.5, 0.675, 14.9375],
					"texture": "#0"
				},
				"south": {
					"uv": [0, 14.5, 0.675, 14.9375],
					"texture": "#0"
				},
				"west": {
					"uv": [0, 14.5, 0.675, 14.9375],
					"texture": "#0"
				},
				"up": {
					"uv": [3.5, 14.375, 4.25, 14.87188],
					"texture": "#0"
				},
				"down": {
					"uv": [0, 14.5, 0.675, 14.9375],
					"texture": "#0"
				}
			}
		},
		{
			"from": [7.45, 7.27812, 2.05312],
			"to": [8.55, 8.02812, 9.05312],
			"rotation": {
				"angle": 0,
				"axis": "y",
				"origin": [0, -2.24688, 6.80312]
			},
			"faces": {
				"north": {
					"uv": [14.125, 0.25, 14.525, 0.4375],
					"texture": "#0"
				},
				"east": {
					"uv": [16, 0, 14.25, 0.1875],
					"texture": "#0"
				},
				"west": {
					"uv": [14.25, 0, 16, 0.1875],
					"texture": "#0"
				}
			}
		}
	]
}