{
	"textures": {
		"0": "animated_java:item/ranposu_aj/body"
	},
	"display": {
		"head": {
			"rotation": [0, 180, 0]
		}
	},
	"elements": [
		{
			"from": [6.00096, 7.37494, 5.47202],
			"to": [10.00096, 10.62494, 7.47202],
			"rotation": {
				"angle": 0,
				"axis": "y",
				"origin": [0.00096, -2.37506, 3.47202]
			},
			"faces": {
				"north": {
					"uv": [9.75, 7.5, 10.75, 8.375],
					"texture": "#0"
				},
				"east": {
					"uv": [12, 10.25, 12.5, 11.125],
					"texture": "#0"
				},
				"south": {
					"uv": [5, 10, 6, 10.875],
					"texture": "#0"
				},
				"west": {
					"uv": [12, 11.25, 12.5, 12.125],
					"texture": "#0"
				},
				"up": {
					"uv": [12.5, 8.5, 11.5, 8],
					"texture": "#0"
				},
				"down": {
					"uv": [12.75, 1.5, 11.75, 2],
					"texture": "#0"
				}
			}
		},
		{
			"from": [8.00096, 6.37494, 7.34702],
			"to": [8.00096, 6.37494, 7.34702],
			"rotation": {
				"angle": 0,
				"axis": "y",
				"origin": [0.00096, -2.37506, 3.47202]
			},
			"faces": {
				"north": {
					"uv": [0, 14.375, 0.3125, 14.875],
					"texture": "#0"
				},
				"east": {
					"uv": [0, 14.375, 0.3125, 14.875],
					"texture": "#0"
				},
				"south": {
					"uv": [0, 14.375, 0.3125, 14.875],
					"texture": "#0"
				},
				"west": {
					"uv": [0, 14.375, 0.3125, 14.875],
					"texture": "#0"
				},
				"up": {
					"uv": [0, 14.375, 0.3125, 14.875],
					"texture": "#0"
				},
				"down": {
					"uv": [0, 14.375, 0.3125, 14.875],
					"texture": "#0"
				}
			}
		},
		{
			"from": [6.27596, 5.87494, 4.97202],
			"to": [9.72596, 7.67494, 6.22202],
			"rotation": {
				"angle": 0,
				"axis": "y",
				"origin": [0.00096, -2.37506, 3.47202]
			},
			"faces": {
				"north": {
					"uv": [4.25, 14.375, 4.875, 14.875],
					"texture": "#0"
				},
				"east": {
					"uv": [0, 14.375, 0.3125, 14.825],
					"texture": "#0"
				},
				"south": {
					"uv": [0, 14.375, 0.3125, 14.825],
					"texture": "#0"
				},
				"west": {
					"uv": [0, 14.375, 0.3125, 14.825],
					"texture": "#0"
				},
				"up": {
					"uv": [0, 14.375, 0.3125, 14.825],
					"texture": "#0"
				},
				"down": {
					"uv": [0, 14.375, 0.3125, 14.825],
					"texture": "#0"
				}
			}
		},
		{
			"from": [6.35096, 5.37494, 5.72202],
			"to": [9.65096, 7.12494, 7.22202],
			"rotation": {
				"angle": 22.5,
				"axis": "x",
				"origin": [8.00096, 6.37494, 7.34702]
			},
			"faces": {
				"north": {
					"uv": [0, 14.375, 0.375, 14.8125],
					"texture": "#0"
				},
				"east": {
					"uv": [0, 14.375, 0.375, 14.8125],
					"texture": "#0"
				},
				"south": {
					"uv": [0, 14.375, 0.375, 14.8125],
					"texture": "#0"
				},
				"west": {
					"uv": [0, 14.375, 0.375, 14.8125],
					"texture": "#0"
				},
				"up": {
					"uv": [0, 14.375, 0.375, 14.8125],
					"texture": "#0"
				},
				"down": {
					"uv": [0, 14.375, 0.375, 14.8125],
					"texture": "#0"
				}
			}
		},
		{
			"from": [6.35096, 7.37494, 7.47202],
			"to": [9.65096, 10.37494, 8.47202],
			"rotation": {
				"angle": 0,
				"axis": "y",
				"origin": [0.00096, -2.37506, 3.47202]
			},
			"faces": {
				"north": {
					"uv": [11, 8.5, 11.875, 9.25],
					"texture": "#0"
				},
				"east": {
					"uv": [5.25, 7, 5.5, 7.75],
					"texture": "#0"
				},
				"south": {
					"uv": [11, 9.25, 11.875, 10],
					"texture": "#0"
				},
				"west": {
					"uv": [7, 7.75, 7.25, 8.5],
					"texture": "#0"
				},
				"up": {
					"uv": [7.875, 2.5, 7, 2.25],
					"texture": "#0"
				},
				"down": {
					"uv": [8.875, 2.25, 8, 2.5],
					"texture": "#0"
				}
			}
		},
		{
			"from": [6.25096, 7.54994, 4.47202],
			"to": [9.75096, 10.37494, 5.47202],
			"rotation": {
				"angle": 0,
				"axis": "y",
				"origin": [0.00096, -2.37506, 3.47202]
			},
			"faces": {
				"north": {
					"uv": [11, 10, 11.875, 10.75],
					"texture": "#0"
				},
				"east": {
					"uv": [4.25, 9.25, 4.5, 10],
					"texture": "#0"
				},
				"south": {
					"uv": [11, 10.75, 11.875, 11.5],
					"texture": "#0"
				},
				"west": {
					"uv": [9.25, 10.5, 9.5, 11.25],
					"texture": "#0"
				},
				"up": {
					"uv": [10.375, 1.25, 9.5, 1],
					"texture": "#0"
				},
				"down": {
					"uv": [11.375, 1, 10.5, 1.25],
					"texture": "#0"
				}
			}
		},
		{
			"from": [6.95096, 7.62494, 2.22202],
			"to": [9.05096, 10.02494, 4.22202],
			"rotation": {
				"angle": 0,
				"axis": "y",
				"origin": [0.00096, -2.37506, 3.47202]
			},
			"faces": {
				"north": {
					"uv": [12.5, 7.75, 13, 8.375],
					"texture": "#0"
				},
				"east": {
					"uv": [8.25, 12.5, 8.75, 13.125],
					"texture": "#0"
				},
				"south": {
					"uv": [12.5, 8.5, 13, 9.125],
					"texture": "#0"
				},
				"west": {
					"uv": [8.75, 12.5, 9.25, 13.125],
					"texture": "#0"
				},
				"up": {
					"uv": [2.25, 9.75, 1.75, 9.25],
					"texture": "#0"
				},
				"down": {
					"uv": [10.25, 13, 9.75, 13.5],
					"texture": "#0"
				}
			}
		},
		{
			"from": [6.25096, 7.59994, 3.47202],
			"to": [7.75096, 10.12494, 5.22202],
			"rotation": {
				"angle": -22.5,
				"axis": "y",
				"origin": [8.00096, 8.99994, 4.97202]
			},
			"faces": {
				"north": {
					"uv": [13.25, 0, 13.625, 0.625],
					"texture": "#0"
				},
				"east": {
					"uv": [12.5, 10.25, 13, 10.875],
					"texture": "#0"
				},
				"south": {
					"uv": [0.5, 13.25, 0.875, 13.875],
					"texture": "#0"
				},
				"west": {
					"uv": [12.5, 11, 13, 11.625],
					"texture": "#0"
				},
				"up": {
					"uv": [7.375, 13.75, 7, 13.25],
					"texture": "#0"
				},
				"down": {
					"uv": [8.625, 13.25, 8.25, 13.75],
					"texture": "#0"
				}
			}
		},
		{
			"from": [8.25096, 7.59994, 3.47202],
			"to": [9.75096, 10.12494, 5.22202],
			"rotation": {
				"angle": 22.5,
				"axis": "y",
				"origin": [8.00096, 8.99994, 4.97202]
			},
			"faces": {
				"north": {
					"uv": [1.5, 13.25, 1.875, 13.875],
					"texture": "#0"
				},
				"east": {
					"uv": [7.75, 12.75, 8.25, 13.375],
					"texture": "#0"
				},
				"south": {
					"uv": [13.25, 6, 13.625, 6.625],
					"texture": "#0"
				},
				"west": {
					"uv": [12.75, 12.75, 13.25, 13.375],
					"texture": "#0"
				},
				"up": {
					"uv": [4.625, 14, 4.25, 13.5],
					"texture": "#0"
				},
				"down": {
					"uv": [5.125, 13.5, 4.75, 14],
					"texture": "#0"
				}
			}
		},
		{
			"from": [7.00096, 7.64994, 0.47202],
			"to": [9.00096, 8.87494, 3.47202],
			"rotation": {
				"angle": 0,
				"axis": "y",
				"origin": [0.00096, -2.37506, 3.47202]
			},
			"faces": {
				"north": {
					"uv": [11.75, 2, 12.25, 2.25],
					"texture": "#0"
				},
				"east": {
					"uv": [9, 2.25, 9.75, 2.5],
					"texture": "#0"
				},
				"south": {
					"uv": [12.25, 6, 12.75, 6.25],
					"texture": "#0"
				},
				"west": {
					"uv": [11.5, 3.75, 12.25, 4],
					"texture": "#0"
				},
				"up": {
					"uv": [10.5, 5.25, 10, 4.5],
					"texture": "#0"
				},
				"down": {
					"uv": [6, 11, 5.5, 11.75],
					"texture": "#0"
				}
			}
		},
		{
			"from": [7.30096, 8.62494, 0.02202],
			"to": [8.70096, 9.62494, 2.77202],
			"rotation": {
				"angle": -22.5,
				"axis": "x",
				"origin": [8.00096, 8.62494, 1.97202]
			},
			"faces": {
				"north": {
					"uv": [13.5, 11.5, 13.875, 11.75],
					"texture": "#0"
				},
				"east": {
					"uv": [13, 9, 13.75, 9.25],
					"texture": "#0"
				},
				"south": {
					"uv": [13.5, 12.25, 13.875, 12.5],
					"texture": "#0"
				},
				"west": {
					"uv": [11.75, 13.25, 12.5, 13.5],
					"texture": "#0"
				},
				"up": {
					"uv": [0.375, 13.75, 0, 13],
					"texture": "#0"
				},
				"down": {
					"uv": [2.875, 13, 2.5, 13.75],
					"texture": "#0"
				}
			}
		},
		{
			"from": [7.25096, 7.62494, -2.52798],
			"to": [8.75096, 8.87494, 0.47202],
			"rotation": {
				"angle": 0,
				"axis": "y",
				"origin": [0.00096, -2.37506, 3.47202]
			},
			"faces": {
				"north": {
					"uv": [13.5, 9.25, 13.875, 9.625],
					"texture": "#0"
				},
				"east": {
					"uv": [3.75, 13, 4.5, 13.375],
					"texture": "#0"
				},
				"south": {
					"uv": [9.75, 13.5, 10.125, 13.875],
					"texture": "#0"
				},
				"west": {
					"uv": [4.5, 13, 5.25, 13.375],
					"texture": "#0"
				},
				"up": {
					"uv": [13.375, 7.5, 13, 6.75],
					"texture": "#0"
				},
				"down": {
					"uv": [13.375, 7.5, 13, 8.25],
					"texture": "#0"
				}
			}
		},
		{
			"from": [7.70096, 13.35124, 9.99112],
			"to": [8.30096, 14.65124, 14.24112],
			"rotation": {
				"angle": 0,
				"axis": "y",
				"origin": [8.00096, 12.95124, 8.41612]
			},
			"faces": {
				"north": {
					"uv": [13.75, 6, 13.875, 6.375],
					"texture": "#0"
				},
				"east": {
					"uv": [12.25, 4, 13.375, 4.375],
					"texture": "#0"
				},
				"south": {
					"uv": [13.75, 6.5, 13.875, 6.875],
					"texture": "#0"
				},
				"west": {
					"uv": [12.25, 5.5, 13.375, 5.875],
					"texture": "#0"
				},
				"up": {
					"uv": [13.625, 10.875, 13.5, 9.75],
					"texture": "#0"
				},
				"down": {
					"uv": [10.375, 13.5, 10.25, 14.625],
					"texture": "#0"
				}
			}
		},
		{
			"from": [7.60096, 10.12932, 7.98173],
			"to": [8.40096, 12.12932, 11.23173],
			"rotation": {
				"angle": -22.5,
				"axis": "x",
				"origin": [8.00096, 10.30432, 4.18173]
			},
			"faces": {
				"north": {
					"uv": [11.25, 7, 11.5, 7.5],
					"texture": "#0"
				},
				"east": {
					"uv": [12.25, 0, 13.125, 0.5],
					"texture": "#0"
				},
				"south": {
					"uv": [11, 13.5, 11.25, 14],
					"texture": "#0"
				},
				"west": {
					"uv": [12.25, 0.5, 13.125, 1],
					"texture": "#0"
				},
				"up": {
					"uv": [10, 3.875, 9.75, 3],
					"texture": "#0"
				},
				"down": {
					"uv": [10.25, 8.5, 10, 9.375],
					"texture": "#0"
				}
			}
		},
		{
			"from": [7.70096, 6.87932, 7.98173],
			"to": [8.30096, 8.37932, 8.98173],
			"rotation": {
				"angle": -22.5,
				"axis": "x",
				"origin": [8.00096, 10.30432, 4.18173]
			},
			"faces": {
				"north": {
					"uv": [5.75, 13.75, 5.875, 14.125],
					"texture": "#0"
				},
				"east": {
					"uv": [13.5, 12.5, 13.75, 12.875],
					"texture": "#0"
				},
				"south": {
					"uv": [6, 13.75, 6.125, 14.125],
					"texture": "#0"
				},
				"west": {
					"uv": [12.75, 13.5, 13, 13.875],
					"texture": "#0"
				},
				"up": {
					"uv": [12.875, 7, 12.75, 6.75],
					"texture": "#0"
				},
				"down": {
					"uv": [11.875, 13, 11.75, 13.25],
					"texture": "#0"
				}
			}
		},
		{
			"from": [7.70096, 8.37932, 7.98173],
			"to": [8.30096, 9.37932, 9.98173],
			"rotation": {
				"angle": -22.5,
				"axis": "x",
				"origin": [8.00096, 10.30432, 4.18173]
			},
			"faces": {
				"north": {
					"uv": [2.5, 12.75, 2.625, 13],
					"texture": "#0"
				},
				"east": {
					"uv": [13.5, 5.75, 14, 6],
					"texture": "#0"
				},
				"south": {
					"uv": [3.75, 12.75, 3.875, 13],
					"texture": "#0"
				},
				"west": {
					"uv": [10.5, 13.5, 11, 13.75],
					"texture": "#0"
				},
				"up": {
					"uv": [13.875, 1.5, 13.75, 1],
					"texture": "#0"
				},
				"down": {
					"uv": [5.625, 13.75, 5.5, 14.25],
					"texture": "#0"
				}
			}
		},
		{
			"from": [7.60096, 8.37932, 4.98173],
			"to": [8.40096, 12.12932, 7.98173],
			"rotation": {
				"angle": -22.5,
				"axis": "x",
				"origin": [8.00096, 10.30432, 4.18173]
			},
			"faces": {
				"north": {
					"uv": [4.25, 7.25, 4.5, 8.25],
					"texture": "#0"
				},
				"east": {
					"uv": [8.5, 10.5, 9.25, 11.5],
					"texture": "#0"
				},
				"south": {
					"uv": [4.25, 8.25, 4.5, 9.25],
					"texture": "#0"
				},
				"west": {
					"uv": [10.75, 0, 11.5, 1],
					"texture": "#0"
				},
				"up": {
					"uv": [9, 14, 8.75, 13.25],
					"texture": "#0"
				},
				"down": {
					"uv": [9.25, 13.25, 9, 14],
					"texture": "#0"
				}
			}
		},
		{
			"from": [7.50096, 6.87494, 3.22202],
			"to": [8.50096, 9.62494, 6.22202],
			"rotation": {
				"angle": -45,
				"axis": "x",
				"origin": [8.00096, 8.62494, 1.97202]
			},
			"faces": {
				"north": {
					"uv": [8.25, 11.75, 8.5, 12.5],
					"texture": "#0"
				},
				"east": {
					"uv": [11.25, 6.25, 12, 7],
					"texture": "#0"
				},
				"south": {
					"uv": [3, 13, 3.25, 13.75],
					"texture": "#0"
				},
				"west": {
					"uv": [9.25, 11.25, 10, 12],
					"texture": "#0"
				},
				"up": {
					"uv": [5.5, 13.75, 5.25, 13],
					"texture": "#0"
				},
				"down": {
					"uv": [7.75, 13.25, 7.5, 14],
					"texture": "#0"
				}
			}
		},
		{
			"from": [6.35096, 8.02494, 3.34702],
			"to": [9.05096, 9.42494, 4.84702],
			"rotation": {
				"angle": -22.5,
				"axis": "y",
				"origin": [8.10096, 8.97494, 4.27202]
			},
			"faces": {
				"north": {
					"uv": [2.5, 14.375, 3, 15],
					"texture": "#0"
				},
				"east": {
					"uv": [2.5, 14.375, 3, 15],
					"texture": "#0"
				},
				"south": {
					"uv": [2.5, 14.375, 3, 15],
					"texture": "#0"
				},
				"west": {
					"uv": [2, 14.375, 2.5, 15],
					"texture": "#0"
				},
				"up": {
					"uv": [2.5, 14.375, 3, 15],
					"texture": "#0"
				},
				"down": {
					"uv": [2.5, 14.375, 3, 15],
					"texture": "#0"
				}
			}
		},
		{
			"from": [6.95096, 8.02494, 3.34702],
			"to": [9.65096, 9.42494, 4.84702],
			"rotation": {
				"angle": 22.5,
				"axis": "y",
				"origin": [7.90096, 8.97494, 4.27202]
			},
			"faces": {
				"north": {
					"uv": [3, 14.375, 2.5, 15],
					"texture": "#0"
				},
				"east": {
					"uv": [2.5, 14.375, 2, 15],
					"texture": "#0"
				},
				"south": {
					"uv": [3, 14.375, 2.5, 15],
					"texture": "#0"
				},
				"west": {
					"uv": [3, 14.375, 2.5, 15],
					"texture": "#0"
				},
				"up": {
					"uv": [3, 14.375, 2.5, 15],
					"texture": "#0"
				},
				"down": {
					"uv": [3, 14.375, 2.5, 15],
					"texture": "#0"
				}
			}
		},
		{
			"from": [7.45096, 7.19994, -2.02798],
			"to": [8.55096, 7.94994, 4.97202],
			"rotation": {
				"angle": 0,
				"axis": "y",
				"origin": [0.00096, -2.37506, 3.47202]
			},
			"faces": {
				"north": {
					"uv": [14.125, 0.25, 14.525, 0.4375],
					"texture": "#0"
				},
				"east": {
					"uv": [16, 0, 14.25, 0.1875],
					"texture": "#0"
				},
				"west": {
					"uv": [14.25, 0, 16, 0.1875],
					"texture": "#0"
				}
			}
		}
	]
}