{
	"textures": {
		"0": "animated_java:item/ranposu_aj/body"
	},
	"display": {
		"head": {
			"rotation": [0, 180, 0]
		}
	},
	"elements": [
		{
			"from": [6.8, 1.6289, 6.00238],
			"to": [9.2, 3.8789, 9.50238],
			"rotation": {
				"angle": -45,
				"axis": "x",
				"origin": [8, 8.2539, 7.12738]
			},
			"faces": {
				"north": {
					"uv": [12.875, 7, 12.25, 7.625],
					"texture": "#0"
				},
				"east": {
					"uv": [11.875, 11.5, 11, 12.125],
					"texture": "#0"
				},
				"south": {
					"uv": [10.375, 12.25, 9.75, 12.875],
					"texture": "#0"
				},
				"west": {
					"uv": [10.875, 11.5, 10, 12.125],
					"texture": "#0"
				},
				"up": {
					"uv": [8.5, 12.375, 9.125, 11.5],
					"texture": "#0"
				},
				"down": {
					"uv": [0.5, 11.75, 1.125, 12.625],
					"texture": "#0"
				}
			}
		},
		{
			"from": [6.8, 3.8789, 6.00238],
			"to": [9.2, 9.1289, 8.75238],
			"rotation": {
				"angle": -45,
				"axis": "x",
				"origin": [8, 8.2539, 7.12738]
			},
			"faces": {
				"north": {
					"uv": [10.875, 8.5, 10.25, 9.875],
					"texture": "#0"
				},
				"east": {
					"uv": [5, 10, 4.25, 11.375],
					"texture": "#0"
				},
				"south": {
					"uv": [10.875, 10, 10.25, 11.375],
					"texture": "#0"
				},
				"west": {
					"uv": [10.75, 3, 10, 4.375],
					"texture": "#0"
				},
				"up": {
					"uv": [12, 7, 12.625, 6.25],
					"texture": "#0"
				},
				"down": {
					"uv": [12, 9.5, 12.625, 10.25],
					"texture": "#0"
				}
			}
		}
	]
}