{
	"textures": {
		"0": "animated_java:item/ranposu_aj/body"
	},
	"display": {
		"head": {
			"rotation": [0, 180, 0]
		}
	},
	"elements": [
		{
			"from": [7.095, 2.89504, 6.44874],
			"to": [8.995, 8.39504, 8.94874],
			"rotation": {
				"angle": 0,
				"axis": "y",
				"origin": [8.045, 6.27004, 6.94874]
			},
			"faces": {
				"north": {
					"uv": [1.75, 10.25, 1.25, 11.625],
					"texture": "#0"
				},
				"east": {
					"uv": [11.125, 6, 10.5, 7.375],
					"texture": "#0"
				},
				"south": {
					"uv": [5.5, 11, 5, 12.375],
					"texture": "#0"
				},
				"west": {
					"uv": [11.125, 4.5, 10.5, 5.875],
					"texture": "#0"
				},
				"up": {
					"uv": [12.75, 6.625, 13.25, 6],
					"texture": "#0"
				},
				"down": {
					"uv": [6.5, 12.75, 7, 13.375],
					"texture": "#0"
				}
			}
		},
		{
			"from": [6.845, 0.97822, 5.94791],
			"to": [9.245, 4.47822, 8.19791],
			"rotation": {
				"angle": 22.5,
				"axis": "x",
				"origin": [8.045, 2.72822, 6.37291]
			},
			"faces": {
				"north": {
					"uv": [3.875, 11.75, 3.25, 12.625],
					"texture": "#0"
				},
				"east": {
					"uv": [7.625, 11.75, 7, 12.625],
					"texture": "#0"
				},
				"south": {
					"uv": [6.875, 11.75, 6.25, 12.625],
					"texture": "#0"
				},
				"west": {
					"uv": [6.125, 11.75, 5.5, 12.625],
					"texture": "#0"
				},
				"up": {
					"uv": [10.5, 12.875, 11.125, 12.25],
					"texture": "#0"
				},
				"down": {
					"uv": [11.25, 12.25, 11.875, 12.875],
					"texture": "#0"
				}
			}
		},
		{
			"from": [7.645, 0.33535, 4.01963],
			"to": [8.845, 2.33535, 7.51963],
			"rotation": {
				"angle": 0,
				"axis": "y",
				"origin": [8.045, 2.46035, 7.01963]
			},
			"faces": {
				"north": {
					"uv": [13.75, 11, 13.5, 11.5],
					"texture": "#0"
				},
				"east": {
					"uv": [13.125, 3.5, 12.25, 4],
					"texture": "#0"
				},
				"south": {
					"uv": [11.5, 13.5, 11.25, 14],
					"texture": "#0"
				},
				"west": {
					"uv": [13.125, 3, 12.25, 3.5],
					"texture": "#0"
				},
				"up": {
					"uv": [4, 11.125, 4.25, 10.25],
					"texture": "#0"
				},
				"down": {
					"uv": [4.75, 11.5, 5, 12.375],
					"texture": "#0"
				}
			}
		},
		{
			"from": [6.345, 1.58535, 3.76963],
			"to": [7.745, 3.58535, 6.26963],
			"rotation": {
				"angle": 45,
				"axis": "x",
				"origin": [8.045, 1.33535, 5.76963]
			},
			"faces": {
				"north": {
					"uv": [4.125, 13.5, 3.75, 14],
					"texture": "#0"
				},
				"east": {
					"uv": [7.625, 12.75, 7, 13.25],
					"texture": "#0"
				},
				"south": {
					"uv": [13.875, 4, 13.5, 4.5],
					"texture": "#0"
				},
				"west": {
					"uv": [13.375, 1.5, 12.75, 2],
					"texture": "#0"
				},
				"up": {
					"uv": [13.25, 1.375, 13.625, 0.75],
					"texture": "#0"
				},
				"down": {
					"uv": [1, 13.25, 1.375, 13.875],
					"texture": "#0"
				}
			}
		},
		{
			"from": [6.595, 3.01733, 3.40541],
			"to": [7.495, 4.76733, 5.90541],
			"rotation": {
				"angle": 22.5,
				"axis": "x",
				"origin": [7.045, 4.51733, 4.35541]
			},
			"faces": {
				"north": {
					"uv": [11.75, 13.5, 11.5, 14],
					"texture": "#0"
				},
				"east": {
					"uv": [13.375, 9.75, 12.75, 10.25],
					"texture": "#0"
				},
				"south": {
					"uv": [12, 13.5, 11.75, 14],
					"texture": "#0"
				},
				"west": {
					"uv": [13.375, 9.25, 12.75, 9.75],
					"texture": "#0"
				},
				"up": {
					"uv": [6.75, 14.125, 7, 13.5],
					"texture": "#0"
				},
				"down": {
					"uv": [13.5, 6.75, 13.75, 7.375],
					"texture": "#0"
				}
			}
		},
		{
			"from": [6.695, 3.5501, 1.1434],
			"to": [7.395, 4.9001, 3.6434],
			"rotation": {
				"angle": 0,
				"axis": "y",
				"origin": [7.045, 3.8251, 4.3934]
			},
			"faces": {
				"north": {
					"uv": [7.125, 13.75, 7, 14.125],
					"texture": "#0"
				},
				"east": {
					"uv": [13.875, 2.5, 13.25, 2.875],
					"texture": "#0"
				},
				"south": {
					"uv": [13.875, 7, 13.75, 7.375],
					"texture": "#0"
				},
				"west": {
					"uv": [13.875, 2, 13.25, 2.375],
					"texture": "#0"
				},
				"up": {
					"uv": [2.5, 14.375, 2.625, 13.75],
					"texture": "#0"
				},
				"down": {
					"uv": [2.75, 13.75, 2.875, 14.375],
					"texture": "#0"
				}
			}
		},
		{
			"from": [6.795, 4.2501, 0.0934],
			"to": [7.295, 5.2001, 1.6434],
			"rotation": {
				"angle": -22.5,
				"axis": "x",
				"origin": [7.045, 4.2251, 2.3934]
			},
			"faces": {
				"north": {
					"uv": [8.625, 13.75, 8.5, 14],
					"texture": "#0"
				},
				"east": {
					"uv": [0.375, 13.75, 0, 14],
					"texture": "#0"
				},
				"south": {
					"uv": [13.875, 8.5, 13.75, 8.75],
					"texture": "#0"
				},
				"west": {
					"uv": [13.625, 13.5, 13.25, 13.75],
					"texture": "#0"
				},
				"up": {
					"uv": [7.25, 14.125, 7.375, 13.75],
					"texture": "#0"
				},
				"down": {
					"uv": [13.75, 7.5, 13.875, 7.875],
					"texture": "#0"
				}
			}
		},
		{
			"from": [7.895, 0.23535, 2.01963],
			"to": [8.595, 1.58535, 4.51963],
			"rotation": {
				"angle": 0,
				"axis": "y",
				"origin": [8.045, 2.46035, 7.01963]
			},
			"faces": {
				"north": {
					"uv": [13.875, 8, 13.75, 8.375],
					"texture": "#0"
				},
				"east": {
					"uv": [13.875, 3.5, 13.25, 3.875],
					"texture": "#0"
				},
				"south": {
					"uv": [8.375, 13.75, 8.25, 14.125],
					"texture": "#0"
				},
				"west": {
					"uv": [13.875, 3, 13.25, 3.375],
					"texture": "#0"
				},
				"up": {
					"uv": [3, 14.375, 3.125, 13.75],
					"texture": "#0"
				},
				"down": {
					"uv": [5.25, 13.75, 5.375, 14.375],
					"texture": "#0"
				}
			}
		},
		{
			"from": [9.195, 0.23535, 2.76963],
			"to": [9.995, 1.58535, 5.26963],
			"rotation": {
				"angle": 0,
				"axis": "y",
				"origin": [8.045, 2.46035, 7.01963]
			},
			"faces": {
				"north": {
					"uv": [14, 0, 13.75, 0.375],
					"texture": "#0"
				},
				"east": {
					"uv": [13.875, 5, 13.25, 5.375],
					"texture": "#0"
				},
				"south": {
					"uv": [14, 0.5, 13.75, 0.875],
					"texture": "#0"
				},
				"west": {
					"uv": [13.875, 4.5, 13.25, 4.875],
					"texture": "#0"
				},
				"up": {
					"uv": [13.5, 8.125, 13.75, 7.5],
					"texture": "#0"
				},
				"down": {
					"uv": [7.75, 13.5, 8, 14.125],
					"texture": "#0"
				}
			}
		},
		{
			"from": [9.045, 0.33535, 4.76963],
			"to": [10.245, 2.33535, 7.26963],
			"rotation": {
				"angle": 0,
				"axis": "y",
				"origin": [8.045, 2.46035, 7.01963]
			},
			"faces": {
				"north": {
					"uv": [12.25, 13.5, 12, 14],
					"texture": "#0"
				},
				"east": {
					"uv": [13.375, 12.25, 12.75, 12.75],
					"texture": "#0"
				},
				"south": {
					"uv": [12.5, 13.5, 12.25, 14],
					"texture": "#0"
				},
				"west": {
					"uv": [12.625, 12.75, 12, 13.25],
					"texture": "#0"
				},
				"up": {
					"uv": [8, 14.125, 8.25, 13.5],
					"texture": "#0"
				},
				"down": {
					"uv": [13.5, 8.25, 13.75, 8.875],
					"texture": "#0"
				}
			}
		}
	]
}