{
	"textures": {
		"0": "animated_java:item/ranposu_aj/body"
	},
	"display": {
		"head": {
			"rotation": [0, 180, 0]
		}
	},
	"elements": [
		{
			"from": [6.425, 0.5, 6.0625],
			"to": [9.325, 4.25, 10.3125],
			"rotation": {
				"angle": 0,
				"axis": "y",
				"origin": [4.125, 10.05643, -13.27366]
			},
			"faces": {
				"north": {
					"uv": [11.5, 3, 10.75, 4],
					"texture": "#0"
				},
				"east": {
					"uv": [9.375, 9.5, 8.25, 10.5],
					"texture": "#0"
				},
				"south": {
					"uv": [11.5, 7.5, 10.75, 8.5],
					"texture": "#0"
				},
				"west": {
					"uv": [8.125, 9.5, 7, 10.5],
					"texture": "#0"
				},
				"up": {
					"uv": [7, 11.625, 7.75, 10.5],
					"texture": "#0"
				},
				"down": {
					"uv": [7.75, 10.5, 8.5, 11.625],
					"texture": "#0"
				}
			}
		},
		{
			"from": [6.175, 4.25, 5.3125],
			"to": [10.075, 11, 10.3125],
			"rotation": {
				"angle": 0,
				"axis": "y",
				"origin": [4.125, 10.05643, -13.27366]
			},
			"faces": {
				"north": {
					"uv": [1.75, 7.25, 0.75, 9],
					"texture": "#0"
				},
				"east": {
					"uv": [8.25, 0, 7, 1.75],
					"texture": "#0"
				},
				"south": {
					"uv": [4.25, 7.25, 3.25, 9],
					"texture": "#0"
				},
				"west": {
					"uv": [4.5, 5.5, 3.25, 7.25],
					"texture": "#0"
				},
				"up": {
					"uv": [3.25, 10.25, 4.25, 9],
					"texture": "#0"
				},
				"down": {
					"uv": [9, 4, 10, 5.25],
					"texture": "#0"
				}
			}
		}
	]
}