{
	"textures": {
		"0": "animated_java:item/ranposu_aj/body"
	},
	"display": {
		"head": {
			"rotation": [0, 180, 0]
		}
	},
	"elements": [
		{
			"from": [6.55, 6.625, 5.5],
			"to": [9.45, 9.375, 17],
			"rotation": {
				"angle": 0,
				"axis": "y",
				"origin": [8, -1.81857, -2.33616]
			},
			"faces": {
				"north": {
					"uv": [1.75, 11.5, 2.5, 12.25],
					"texture": "#0"
				},
				"east": {
					"uv": [6.75, 2.5, 9.625, 3.25],
					"texture": "#0"
				},
				"south": {
					"uv": [11.5, 3, 12.25, 3.75],
					"texture": "#0"
				},
				"west": {
					"uv": [6.75, 3.25, 9.625, 4],
					"texture": "#0"
				},
				"up": {
					"uv": [5.25, 9.875, 4.5, 7],
					"texture": "#0"
				},
				"down": {
					"uv": [0.75, 7.25, 0, 10.125],
					"texture": "#0"
				}
			}
		}
	]
}