{
	"textures": {
		"0": "animated_java:item/ranposu_aj/body"
	},
	"display": {
		"head": {
			"rotation": [0, 180, 0]
		}
	},
	"elements": [
		{
			"from": [6.05, 5.375, 6.25],
			"to": [9.95, 10.125, 17.75],
			"rotation": {
				"angle": 0,
				"axis": "y",
				"origin": [8, -1.56857, 7.41384]
			},
			"faces": {
				"north": {
					"uv": [8.75, 7.25, 9.75, 8.5],
					"texture": "#0"
				},
				"east": {
					"uv": [2.25, 0, 5.125, 1.25],
					"texture": "#0"
				},
				"south": {
					"uv": [0.75, 9, 1.75, 10.25],
					"texture": "#0"
				},
				"west": {
					"uv": [2.25, 1.25, 5.125, 2.5],
					"texture": "#0"
				},
				"up": {
					"uv": [5.5, 6.875, 4.5, 4],
					"texture": "#0"
				},
				"down": {
					"uv": [3.25, 5.5, 2.25, 8.375],
					"texture": "#0"
				}
			}
		}
	]
}