{
	"textures": {
		"0": "animated_java:item/ranposu_aj/body"
	},
	"display": {
		"head": {
			"rotation": [0, 180, 0]
		}
	},
	"elements": [
		{
			"from": [7.05, 7.125, 6.5],
			"to": [8.95, 8.875, 19],
			"rotation": {
				"angle": 0,
				"axis": "y",
				"origin": [8, -1.81857, -11.33616]
			},
			"faces": {
				"north": {
					"uv": [10.25, 13, 10.75, 13.5],
					"texture": "#0"
				},
				"east": {
					"uv": [7, 1.75, 10.125, 2.25],
					"texture": "#0"
				},
				"south": {
					"uv": [13, 10.25, 13.5, 10.75],
					"texture": "#0"
				},
				"west": {
					"uv": [8.25, 1.25, 11.375, 1.75],
					"texture": "#0"
				},
				"up": {
					"uv": [2.25, 9.125, 1.75, 6],
					"texture": "#0"
				},
				"down": {
					"uv": [7, 7.75, 6.5, 10.875],
					"texture": "#0"
				}
			}
		}
	]
}