{
	"format_version": "1.21.6",
	"credit": "Made with Blockbench",
	"texture_size": [64, 64],
	"textures": {
		"0": "item/weapon/vanguard/sword",
		"particle": "item/weapon/vanguard/sword"
	},
	"elements": [
		{
			"from": [7.5, -9, 7.5],
			"to": [8.5, 3, 8.5],
			"rotation": {"angle": 0, "axis": "y", "origin": [7, 7, 7]},
			"faces": {
				"north": {"uv": [0, 0.5, 0.25, 3.5], "texture": "#0"},
				"east": {"uv": [0, 0.5, 0.25, 3.5], "texture": "#0"},
				"south": {"uv": [0, 0.5, 0.25, 3.5], "texture": "#0"},
				"west": {"uv": [0, 0.5, 0.25, 3.5], "texture": "#0"},
				"up": {"uv": [0, 0, 0.25, 0.25], "texture": "#0"},
				"down": {"uv": [0.5, 0, 0.75, 0.25], "texture": "#0"}
			}
		},
		{
			"from": [6.5, 3, 5.5],
			"to": [9.5, 7, 10.5],
			"rotation": {"angle": 0, "axis": "y", "origin": [7, 7, 7]},
			"faces": {
				"north": {"uv": [1.5, 5.25, 2.25, 6.25], "texture": "#0"},
				"east": {"uv": [0, 5.25, 1.25, 6.25], "texture": "#0"},
				"south": {"uv": [4, 5.25, 4.75, 6.25], "texture": "#0"},
				"west": {"uv": [2.5, 5.25, 3.75, 6.25], "texture": "#0"},
				"up": {"uv": [0, 3.75, 0.75, 5], "texture": "#0"},
				"down": {"uv": [1, 3.75, 1.75, 5], "texture": "#0"}
			}
		},
		{
			"from": [6.5, 7, 6.5],
			"to": [9.5, 8, 9.5],
			"rotation": {"angle": 0, "axis": "y", "origin": [7, 7, 7]},
			"faces": {
				"north": {"uv": [0, 7.5, 0.75, 7.75], "texture": "#0"},
				"east": {"uv": [0, 7.5, 0.75, 7.75], "texture": "#0"},
				"south": {"uv": [0, 7.5, 0.75, 7.75], "texture": "#0"},
				"west": {"uv": [0, 7.5, 0.75, 7.75], "texture": "#0"},
				"up": {"uv": [0, 6.5, 0.75, 7.25], "texture": "#0"},
				"down": {"uv": [1, 6.5, 1.75, 7.25], "texture": "#0"}
			}
		},
		{
			"from": [7, 4, 6],
			"to": [9, 28, 10],
			"rotation": {"angle": 0, "axis": "y", "origin": [7, 6, 7]},
			"faces": {
				"north": {"uv": [1.25, 9.25, 1.75, 15.25], "texture": "#0"},
				"east": {"uv": [0, 9.25, 1, 15.25], "texture": "#0"},
				"south": {"uv": [3.25, 9.25, 3.75, 15.25], "texture": "#0"},
				"west": {"uv": [2, 9.25, 3, 15.25], "texture": "#0"},
				"up": {"uv": [0, 8, 0.5, 9], "texture": "#0"},
				"down": {"uv": [0.75, 8, 1.25, 9], "texture": "#0"}
			}
		},
		{
			"from": [6.5, 27, 7.5],
			"to": [9.5, 30, 10.5],
			"rotation": {"angle": 45, "axis": "x", "origin": [8, 29.5, 8]},
			"faces": {
				"north": {"uv": [5, 9.25, 5.75, 10], "texture": "#0"},
				"east": {"uv": [4, 9.25, 4.75, 10], "texture": "#0"},
				"south": {"uv": [7, 9.25, 7.75, 10], "texture": "#0"},
				"west": {"uv": [6, 9.25, 6.75, 10], "texture": "#0"},
				"up": {"uv": [4, 8.25, 4.75, 9], "texture": "#0"},
				"down": {"uv": [5, 8.25, 5.75, 9], "texture": "#0"}
			}
		},
		{
			"from": [7.5, 4, 5],
			"to": [8.5, 29, 11],
			"rotation": {"angle": 0, "axis": "y", "origin": [7, 6, 7]},
			"faces": {
				"north": {"uv": [6.75, 1.75, 7, 8], "texture": "#0"},
				"east": {"uv": [5, 1.75, 6.5, 8], "texture": "#0"},
				"south": {"uv": [9, 1.75, 9.25, 8], "texture": "#0"},
				"west": {"uv": [7.25, 1.75, 8.75, 8], "texture": "#0"},
				"up": {"uv": [5, 0, 5.25, 1.5], "texture": "#0"},
				"down": {"uv": [5.5, 0, 5.75, 1.5], "texture": "#0"}
			}
		},
		{
			"from": [7, 27, 5.5],
			"to": [9, 32, 10.5],
			"rotation": {"angle": 45, "axis": "x", "origin": [8, 29.5, 8]},
			"faces": {
				"north": {"uv": [5.5, 11.75, 6, 13], "rotation": 180, "texture": "#0"},
				"east": {"uv": [4, 11.75, 5.25, 13], "rotation": 90, "texture": "#0"},
				"south": {"uv": [7.75, 11.75, 8.25, 13], "texture": "#0"},
				"west": {"uv": [6.25, 11.75, 7.5, 13], "rotation": 270, "texture": "#0"},
				"up": {"uv": [4, 10.25, 4.5, 11.5], "texture": "#0"},
				"down": {"uv": [4.75, 10.25, 5.25, 11.5], "rotation": 180, "texture": "#0"}
			}
		},
		{
			"from": [7, -11, 7],
			"to": [9, -9, 9],
			"rotation": {"angle": 0, "axis": "y", "origin": [7, 7, 7]},
			"faces": {
				"north": {"uv": [0, 15.5, 0.5, 16], "texture": "#0"},
				"east": {"uv": [0.5, 15.5, 0, 16], "texture": "#0"},
				"south": {"uv": [0, 15.5, 0.5, 16], "texture": "#0"},
				"west": {"uv": [0.5, 15.5, 0, 16], "texture": "#0"},
				"up": {"uv": [0, 14.75, 0.5, 15.25], "texture": "#0"},
				"down": {"uv": [0.75, 14.75, 1.25, 15.25], "texture": "#0"}
			}
		},
		{
			"from": [8, -14, 8],
			"to": [8, -8, 16],
			"rotation": {"angle": 0, "axis": "y", "origin": [7, 1, 7]},
			"faces": {
				"east": {"uv": [4, 13.25, 6, 14.75], "texture": "#0"},
				"west": {"uv": [6, 13.25, 4, 14.75], "texture": "#0"}
			}
		}
	],
	"display": {
		"thirdperson_righthand": {
			"rotation": [-25, 0, 0],
			"translation": [-0.5, 7, -2.5]
		},
		"thirdperson_lefthand": {
			"rotation": [-25, 0, 0],
			"translation": [-0.5, 7, -2.5]
		},
		"firstperson_righthand": {
			"rotation": [25, 165, -95],
			"translation": [-20, 9, -2],
			"scale": [0.65, 0.65, 0.65]
		},
		"firstperson_lefthand": {
			"rotation": [25, 165, -95],
			"translation": [-20, 9, -2],
			"scale": [0.65, 0.65, 0.65]
		},
		"gui": {
			"rotation": [15, 60, -45],
			"scale": [0.65, 0.65, 0.65]
		}
	}
}