{
	"textures": {
		"0": "animated_java:item/reus_aj/head"
	},
	"display": {
		"head": {
			"rotation": [0, 180, 0]
		}
	},
	"elements": [
		{
			"from": [6.75, 6.9365, 6.44307],
			"to": [9.25, 7.9365, 7.94307],
			"rotation": {
				"angle": 0,
				"axis": "y",
				"origin": [8, 8.59405, 7.34811]
			},
			"faces": {
				"north": {
					"uv": [3.5, 4.5, 5, 5],
					"texture": "#0"
				},
				"east": {
					"uv": [4.5, 0, 6, 0.5],
					"texture": "#0"
				},
				"south": {
					"uv": [4.5, 0.5, 6, 1],
					"texture": "#0"
				},
				"west": {
					"uv": [4.5, 1.5, 6, 2],
					"texture": "#0"
				},
				"up": {
					"uv": [1.5, 1.5, 0, 0],
					"texture": "#0"
				},
				"down": {
					"uv": [1.5, 1.5, 0, 3],
					"texture": "#0"
				}
			}
		},
		{
			"from": [7.1, 6.9365, 5.44307],
			"to": [8.9, 7.9365, 6.44307],
			"rotation": {
				"angle": 0,
				"axis": "y",
				"origin": [8, 8.59405, 7.34811]
			},
			"faces": {
				"north": {
					"uv": [5, 1, 6, 1.5],
					"texture": "#0"
				},
				"east": {
					"uv": [5, 2.5, 6, 3],
					"texture": "#0"
				},
				"south": {
					"uv": [5, 3, 6, 3.5],
					"texture": "#0"
				},
				"west": {
					"uv": [5, 4.5, 6, 5],
					"texture": "#0"
				},
				"up": {
					"uv": [4.5, 4.5, 3.5, 3.5],
					"texture": "#0"
				},
				"down": {
					"uv": [4.5, 0, 3.5, 1],
					"texture": "#0"
				}
			}
		},
		{
			"from": [7.25, 7.1865, 4.44307],
			"to": [8.75, 7.9365, 5.44307],
			"rotation": {
				"angle": 0,
				"axis": "y",
				"origin": [8, 8.59405, 7.34811]
			},
			"faces": {
				"north": {
					"uv": [0, 5.5, 1, 6],
					"texture": "#0"
				},
				"east": {
					"uv": [10, 4.5, 10.5, 5],
					"texture": "#0"
				},
				"south": {
					"uv": [1, 5.5, 2, 6],
					"texture": "#0"
				},
				"west": {
					"uv": [10, 5, 10.5, 5.5],
					"texture": "#0"
				},
				"up": {
					"uv": [3, 6, 2, 5.5],
					"texture": "#0"
				},
				"down": {
					"uv": [4, 5.5, 3, 6],
					"texture": "#0"
				}
			}
		},
		{
			"from": [7.75, 5.97891, 4.98356],
			"to": [8.25, 6.72891, 5.73356],
			"rotation": {
				"angle": 22.5,
				"axis": "x",
				"origin": [8, 8.59405, 7.34811]
			},
			"faces": {
				"north": {
					"uv": [10, 5.5, 10.5, 6],
					"texture": "#0"
				},
				"east": {
					"uv": [10, 6, 10.5, 6.5],
					"texture": "#0"
				},
				"south": {
					"uv": [10, 6.5, 10.5, 7],
					"texture": "#0"
				},
				"west": {
					"uv": [10, 7, 10.5, 7.5],
					"texture": "#0"
				},
				"up": {
					"uv": [10.5, 8, 10, 7.5],
					"texture": "#0"
				},
				"down": {
					"uv": [10.5, 8, 10, 8.5],
					"texture": "#0"
				}
			}
		},
		{
			"from": [7.85, 4.94281, 6.21067],
			"to": [8.15, 5.44281, 6.46067],
			"rotation": {
				"angle": 45,
				"axis": "x",
				"origin": [8, 8.59405, 7.34811]
			},
			"faces": {
				"north": {
					"uv": [10, 8.5, 10.5, 9],
					"texture": "#0"
				},
				"east": {
					"uv": [10, 9, 10.5, 9.5],
					"texture": "#0"
				},
				"south": {
					"uv": [10, 9.5, 10.5, 10],
					"texture": "#0"
				},
				"west": {
					"uv": [0, 10.5, 0.5, 11],
					"texture": "#0"
				},
				"up": {
					"uv": [1, 11, 0.5, 10.5],
					"texture": "#0"
				},
				"down": {
					"uv": [1.5, 10.5, 1, 11],
					"texture": "#0"
				}
			}
		},
		{
			"from": [6.95, 7.60416, 6.70108],
			"to": [7, 8.90416, 7.95108],
			"rotation": {
				"angle": 0,
				"axis": "y",
				"origin": [8, 8.59405, 7.34811]
			},
			"faces": {
				"north": {
					"uv": [8.5, 1.5, 9, 2],
					"texture": "#0"
				},
				"east": {
					"uv": [8.5, 2, 9, 2.5],
					"texture": "#0"
				},
				"south": {
					"uv": [8.5, 2.5, 9, 3],
					"texture": "#0"
				},
				"west": {
					"uv": [8.5, 3, 9, 3.5],
					"texture": "#0"
				},
				"up": {
					"uv": [9, 4, 8.5, 3.5],
					"texture": "#0"
				},
				"down": {
					"uv": [9, 4, 8.5, 4.5],
					"texture": "#0"
				}
			}
		},
		{
			"from": [9, 7.60416, 6.70108],
			"to": [9.05, 8.90416, 7.95108],
			"rotation": {
				"angle": 0,
				"axis": "y",
				"origin": [8, 8.59405, 7.34811]
			},
			"faces": {
				"north": {
					"uv": [9, 1.5, 8.5, 2],
					"texture": "#0"
				},
				"east": {
					"uv": [9, 3, 8.5, 3.5],
					"texture": "#0"
				},
				"south": {
					"uv": [9, 2.5, 8.5, 3],
					"texture": "#0"
				},
				"west": {
					"uv": [9, 2, 8.5, 2.5],
					"texture": "#0"
				},
				"up": {
					"uv": [8.5, 4, 9, 3.5],
					"texture": "#0"
				},
				"down": {
					"uv": [8.5, 4, 9, 4.5],
					"texture": "#0"
				}
			}
		},
		{
			"from": [7.5, 7.84509, 6.79054],
			"to": [8.5, 8.19509, 9.29054],
			"rotation": {
				"angle": 0,
				"axis": "y",
				"origin": [8, 8.59405, 7.34811]
			},
			"faces": {
				"north": {
					"uv": [1, 1.5, 0.25, 0],
					"texture": "#0"
				},
				"east": {
					"uv": [1, 1.5, 0.25, 0],
					"texture": "#0"
				},
				"south": {
					"uv": [1, 1.5, 0.25, 0],
					"texture": "#0"
				},
				"west": {
					"uv": [1, 1.5, 0.25, 0],
					"texture": "#0"
				},
				"up": {
					"uv": [1, 1.5, 0.25, 0],
					"texture": "#0"
				},
				"down": {
					"uv": [1, 1.5, 0.25, 0],
					"texture": "#0"
				}
			}
		},
		{
			"from": [7.6, 7.68154, 6.36407],
			"to": [8.4, 8.03154, 7.11407],
			"rotation": {
				"angle": 22.5,
				"axis": "x",
				"origin": [8, 8.59405, 7.34811]
			},
			"faces": {
				"north": {
					"uv": [1, 1.5, 0.25, 0],
					"texture": "#0"
				},
				"east": {
					"uv": [1, 1.5, 0.25, 0],
					"texture": "#0"
				},
				"south": {
					"uv": [1, 1.5, 0.25, 0],
					"texture": "#0"
				},
				"west": {
					"uv": [1, 1.5, 0.25, 0],
					"texture": "#0"
				},
				"up": {
					"uv": [1, 1.5, 0.25, 0],
					"texture": "#0"
				},
				"down": {
					"uv": [1, 1.5, 0.25, 0],
					"texture": "#0"
				}
			}
		},
		{
			"from": [7.75, 7.68154, 5.96407],
			"to": [8.25, 8.03154, 6.36407],
			"rotation": {
				"angle": 22.5,
				"axis": "x",
				"origin": [8, 8.59405, 7.34811]
			},
			"faces": {
				"north": {
					"uv": [1, 1.5, 0.25, 0],
					"texture": "#0"
				},
				"east": {
					"uv": [1, 1.5, 0.25, 0],
					"texture": "#0"
				},
				"south": {
					"uv": [1, 1.5, 0.25, 0],
					"texture": "#0"
				},
				"west": {
					"uv": [1, 1.5, 0.25, 0],
					"texture": "#0"
				},
				"up": {
					"uv": [1, 1.5, 0.25, 0],
					"texture": "#0"
				},
				"down": {
					"uv": [1, 1.5, 0.25, 0],
					"texture": "#0"
				}
			}
		},
		{
			"from": [8.85, 7.88914, 7.13717],
			"to": [7.15, 8.08914, 8.33717],
			"rotation": {
				"angle": 0,
				"axis": "y",
				"origin": [8, 8.59405, 7.34811]
			},
			"faces": {
				"east": {
					"uv": [0, 11.75, 1.75, 12],
					"texture": "#0"
				},
				"west": {
					"uv": [0, 11.75, 1.75, 12],
					"texture": "#0"
				}
			}
		},
		{
			"from": [7.15, 7.88914, 7.13717],
			"to": [8.85, 8.08914, 8.33717],
			"rotation": {
				"angle": 0,
				"axis": "y",
				"origin": [8, 8.59405, 7.34811]
			},
			"faces": {
				"east": {
					"uv": [0, 11.75, 1.75, 12],
					"texture": "#0"
				},
				"west": {
					"uv": [0, 11.75, 1.75, 12],
					"texture": "#0"
				}
			}
		},
		{
			"from": [8.6, 7.88914, 5.78717],
			"to": [7.4, 8.08914, 6.98717],
			"rotation": {
				"angle": 0,
				"axis": "y",
				"origin": [8, 8.59405, 7.34811]
			},
			"faces": {
				"east": {
					"uv": [0, 11.75, 1.75, 12],
					"texture": "#0"
				},
				"west": {
					"uv": [0, 11.75, 1.75, 12],
					"texture": "#0"
				}
			}
		},
		{
			"from": [7.4, 7.88914, 5.78717],
			"to": [8.6, 8.08914, 6.98717],
			"rotation": {
				"angle": 0,
				"axis": "y",
				"origin": [8, 8.59405, 7.34811]
			},
			"faces": {
				"east": {
					"uv": [0, 11.75, 1.75, 12],
					"texture": "#0"
				},
				"west": {
					"uv": [0, 11.75, 1.75, 12],
					"texture": "#0"
				}
			}
		},
		{
			"from": [8.5, 7.88914, 4.88717],
			"to": [7.5, 8.08914, 5.63717],
			"rotation": {
				"angle": 0,
				"axis": "y",
				"origin": [8, 8.59405, 7.34811]
			},
			"faces": {
				"north": {
					"uv": [0.25, 11.75, 2.5, 12],
					"texture": "#0"
				},
				"east": {
					"uv": [0, 11.75, 1.25, 12],
					"texture": "#0"
				},
				"west": {
					"uv": [0, 11.75, 1.25, 12],
					"texture": "#0"
				}
			}
		},
		{
			"from": [7.5, 7.88914, 4.88717],
			"to": [8.5, 8.08914, 5.63717],
			"rotation": {
				"angle": 0,
				"axis": "y",
				"origin": [8, 8.59405, 7.34811]
			},
			"faces": {
				"north": {
					"uv": [0.25, 11.75, 2.5, 12],
					"texture": "#0"
				},
				"east": {
					"uv": [0, 11.75, 1.25, 12],
					"texture": "#0"
				},
				"west": {
					"uv": [0, 11.75, 1.25, 12],
					"texture": "#0"
				}
			}
		}
	]
}