{
	"textures": {
		"0": "animated_java:item/reus_aj/head"
	},
	"display": {
		"head": {
			"rotation": [0, 180, 0]
		}
	},
	"elements": [
		{
			"from": [7.157, 7.4325, 8.69],
			"to": [8.843, 8.9425, 10.81],
			"rotation": {
				"angle": 0,
				"axis": "y",
				"origin": [8, 7.0625, 10]
			},
			"faces": {
				"north": {
					"uv": [0, 3, 1, 1.5],
					"rotation": 270,
					"texture": "#0"
				},
				"east": {
					"uv": [0, 3, 1, 1.5],
					"rotation": 270,
					"texture": "#0"
				},
				"south": {
					"uv": [0, 3, 1, 1.5],
					"rotation": 270,
					"texture": "#0"
				},
				"west": {
					"uv": [0, 3, 1, 1.5],
					"rotation": 270,
					"texture": "#0"
				},
				"up": {
					"uv": [0, 3, 1, 1.5],
					"rotation": 270,
					"texture": "#0"
				},
				"down": {
					"uv": [0, 3, 1, 1.5],
					"rotation": 270,
					"texture": "#0"
				}
			}
		},
		{
			"from": [7.307, 7.1825, 7.69],
			"to": [8.693, 8.4425, 12.81],
			"rotation": {
				"angle": 0,
				"axis": "y",
				"origin": [8, 7.0625, 10]
			},
			"faces": {
				"north": {
					"uv": [0, 3, 1, 1.5],
					"rotation": 270,
					"texture": "#0"
				},
				"east": {
					"uv": [0, 3, 1, 1.5],
					"rotation": 270,
					"texture": "#0"
				},
				"south": {
					"uv": [0, 3, 1, 1.5],
					"rotation": 270,
					"texture": "#0"
				},
				"west": {
					"uv": [0, 3, 1, 1.5],
					"rotation": 270,
					"texture": "#0"
				},
				"up": {
					"uv": [0, 3, 1, 1.5],
					"rotation": 270,
					"texture": "#0"
				},
				"down": {
					"uv": [0, 3, 1, 1.5],
					"rotation": 270,
					"texture": "#0"
				}
			}
		}
	]
}