{
	"textures": {
		"0": "animated_java:item/reus_aj/head",
		"2": "animated_java:item/reus_aj/wing_0"
	},
	"display": {
		"head": {
			"rotation": [0, 180, 0]
		}
	},
	"elements": [
		{
			"from": [0.22592, 7.32568, 7.23412],
			"to": [7.97804, 8.93168, 8.70152],
			"rotation": {
				"angle": 0,
				"axis": "y",
				"origin": [2.61325, 7.43338, 8.10532]
			},
			"faces": {
				"north": {
					"uv": [2, 9.25, 4.25, 10.5],
					"rotation": 90,
					"texture": "#0"
				},
				"east": {
					"uv": [2, 9.25, 4.25, 10.5],
					"rotation": 90,
					"texture": "#0"
				},
				"south": {
					"uv": [2, 9.25, 4.25, 10.5],
					"rotation": 90,
					"texture": "#0"
				},
				"west": {
					"uv": [2, 9.25, 4.25, 10.5],
					"rotation": 90,
					"texture": "#0"
				},
				"up": {
					"uv": [2, 9.25, 4.25, 10.5],
					"rotation": 90,
					"texture": "#0"
				},
				"down": {
					"uv": [2, 9.25, 4.25, 10.5],
					"rotation": 90,
					"texture": "#0"
				}
			}
		},
		{
			"from": [-0.04908, 7.05068, 6.95912],
			"to": [7.97804, 8.65668, 8.97652],
			"rotation": {
				"angle": 0,
				"axis": "y",
				"origin": [2.61325, 7.43338, 8.10532]
			},
			"faces": {
				"north": {
					"uv": [2, 9.25, 4.25, 10.5],
					"rotation": 90,
					"texture": "#0"
				},
				"east": {
					"uv": [2, 9.25, 4.25, 10.5],
					"rotation": 90,
					"texture": "#0"
				},
				"south": {
					"uv": [2, 9.25, 4.25, 10.5],
					"rotation": 90,
					"texture": "#0"
				},
				"west": {
					"uv": [2, 9.25, 4.25, 10.5],
					"rotation": 90,
					"texture": "#0"
				},
				"up": {
					"uv": [2, 9.25, 4.25, 10.5],
					"rotation": 90,
					"texture": "#0"
				},
				"down": {
					"uv": [2, 9.25, 4.25, 10.5],
					"rotation": 90,
					"texture": "#0"
				}
			}
		},
		{
			"from": [6.51592, 6.77568, 6.84912],
			"to": [8.25304, 8.76668, 9.08652],
			"rotation": {
				"angle": 0,
				"axis": "y",
				"origin": [7.38448, 7.77118, 7.96782]
			},
			"faces": {
				"north": {
					"uv": [2, 9.25, 4.25, 10.5],
					"rotation": 90,
					"texture": "#0"
				},
				"east": {
					"uv": [2, 9.25, 4.25, 10.5],
					"rotation": 90,
					"texture": "#0"
				},
				"south": {
					"uv": [2, 9.25, 4.25, 10.5],
					"rotation": 90,
					"texture": "#0"
				},
				"west": {
					"uv": [2, 9.25, 4.25, 10.5],
					"rotation": 90,
					"texture": "#0"
				},
				"up": {
					"uv": [2, 9.25, 4.25, 10.5],
					"rotation": 90,
					"texture": "#0"
				},
				"down": {
					"uv": [2, 9.25, 4.25, 10.5],
					"rotation": 90,
					"texture": "#0"
				}
			}
		},
		{
			"from": [-2.68644, -1.25211, 8.09652],
			"to": [7.78456, 7.74501, 8.09652],
			"rotation": {
				"angle": 0,
				"axis": "y",
				"origin": [-2.57538, 10.17144, 8.10434]
			},
			"faces": {
				"north": {
					"uv": [0, 0.75, 11.25, 9],
					"texture": "#2"
				},
				"south": {
					"uv": [11.25, 0.75, 0, 9],
					"texture": "#2"
				}
			}
		}
	]
}