{
	"textures": {
		"0": "animated_java:item/reus_aj/head",
		"2": "animated_java:item/reus_aj/wing_0"
	},
	"display": {
		"head": {
			"rotation": [0, 180, 0]
		}
	},
	"elements": [
		{
			"from": [0.32904, 7.54443, 7.23412],
			"to": [8.08116, 9.15043, 8.70153],
			"rotation": {
				"angle": 0,
				"axis": "y",
				"origin": [-7.78363, 20.65213, 8.08033]
			},
			"faces": {
				"north": {
					"uv": [2, 9, 4.25, 10.5],
					"rotation": 90,
					"texture": "#0"
				},
				"east": {
					"uv": [2, 9, 4.25, 10.5],
					"rotation": 90,
					"texture": "#0"
				},
				"south": {
					"uv": [2, 9, 4.25, 10.5],
					"rotation": 90,
					"texture": "#0"
				},
				"west": {
					"uv": [2, 9, 4.25, 10.5],
					"rotation": 90,
					"texture": "#0"
				},
				"up": {
					"uv": [2, 9, 4.25, 10.5],
					"rotation": 90,
					"texture": "#0"
				},
				"down": {
					"uv": [2, 9, 4.25, 10.5],
					"rotation": 90,
					"texture": "#0"
				}
			}
		},
		{
			"from": [0.05404, 7.26943, 6.95912],
			"to": [8.08116, 8.87543, 8.97653],
			"rotation": {
				"angle": 0,
				"axis": "y",
				"origin": [-7.78363, 20.65213, 8.08033]
			},
			"faces": {
				"north": {
					"uv": [2, 9, 4.25, 10.5],
					"rotation": 90,
					"texture": "#0"
				},
				"east": {
					"uv": [2, 9, 4.25, 10.5],
					"rotation": 90,
					"texture": "#0"
				},
				"south": {
					"uv": [2, 9, 4.25, 10.5],
					"rotation": 90,
					"texture": "#0"
				},
				"west": {
					"uv": [2, 9, 4.25, 10.5],
					"rotation": 90,
					"texture": "#0"
				},
				"up": {
					"uv": [2, 9, 4.25, 10.5],
					"rotation": 90,
					"texture": "#0"
				},
				"down": {
					"uv": [2, 9, 4.25, 10.5],
					"rotation": 90,
					"texture": "#0"
				}
			}
		},
		{
			"from": [6.61904, 6.99443, 6.84912],
			"to": [8.35616, 8.98543, 9.08653],
			"rotation": {
				"angle": 0,
				"axis": "y",
				"origin": [-7.78363, 20.65213, 8.08033]
			},
			"faces": {
				"north": {
					"uv": [2, 9, 4.25, 10.5],
					"rotation": 90,
					"texture": "#0"
				},
				"east": {
					"uv": [2, 9, 4.25, 10.5],
					"rotation": 90,
					"texture": "#0"
				},
				"south": {
					"uv": [2, 9, 4.25, 10.5],
					"rotation": 90,
					"texture": "#0"
				},
				"west": {
					"uv": [2, 9, 4.25, 10.5],
					"rotation": 90,
					"texture": "#0"
				},
				"up": {
					"uv": [2, 9, 4.25, 10.5],
					"rotation": 90,
					"texture": "#0"
				},
				"down": {
					"uv": [2, 9, 4.25, 10.5],
					"rotation": 90,
					"texture": "#0"
				}
			}
		},
		{
			"from": [-3.40831, -4.28336, 8.09653],
			"to": [7.88769, 7.46376, 8.09653],
			"rotation": {
				"angle": 0,
				"axis": "y",
				"origin": [-12.97226, 23.39019, 8.07935]
			},
			"faces": {
				"north": {
					"uv": [0, 0.75, 11.273, 9],
					"texture": "#2"
				},
				"south": {
					"uv": [11.273, 0.75, 0, 9],
					"texture": "#2"
				}
			}
		}
	]
}