{
	"textures": {
		"0": "animated_java:item/reus_aj/head",
		"2": "animated_java:item/reus_aj/wing_0"
	},
	"display": {
		"head": {
			"rotation": [0, 180, 0]
		}
	},
	"elements": [
		{
			"from": [8.02196, 7.32568, 7.23412],
			"to": [15.77408, 8.93168, 8.70152],
			"rotation": {
				"angle": 0,
				"axis": "y",
				"origin": [13.38675, 7.43338, 8.10532]
			},
			"faces": {
				"north": {
					"uv": [2, 10.5, 4.25, 9.25],
					"rotation": 90,
					"texture": "#0"
				},
				"east": {
					"uv": [2, 10.5, 4.25, 9.25],
					"rotation": 90,
					"texture": "#0"
				},
				"south": {
					"uv": [2, 10.5, 4.25, 9.25],
					"rotation": 90,
					"texture": "#0"
				},
				"west": {
					"uv": [2, 10.5, 4.25, 9.25],
					"rotation": 90,
					"texture": "#0"
				},
				"up": {
					"uv": [2, 10.5, 4.25, 9.25],
					"rotation": 90,
					"texture": "#0"
				},
				"down": {
					"uv": [2, 10.5, 4.25, 9.25],
					"rotation": 90,
					"texture": "#0"
				}
			}
		},
		{
			"from": [8.02196, 7.05068, 6.95912],
			"to": [16.04908, 8.65668, 8.97652],
			"rotation": {
				"angle": 0,
				"axis": "y",
				"origin": [13.38675, 7.43338, 8.10532]
			},
			"faces": {
				"north": {
					"uv": [2, 10.5, 4.25, 9.25],
					"rotation": 90,
					"texture": "#0"
				},
				"east": {
					"uv": [2, 10.5, 4.25, 9.25],
					"rotation": 90,
					"texture": "#0"
				},
				"south": {
					"uv": [2, 10.5, 4.25, 9.25],
					"rotation": 90,
					"texture": "#0"
				},
				"west": {
					"uv": [2, 10.5, 4.25, 9.25],
					"rotation": 90,
					"texture": "#0"
				},
				"up": {
					"uv": [2, 10.5, 4.25, 9.25],
					"rotation": 90,
					"texture": "#0"
				},
				"down": {
					"uv": [2, 10.5, 4.25, 9.25],
					"rotation": 90,
					"texture": "#0"
				}
			}
		},
		{
			"from": [7.74696, 6.77568, 6.84912],
			"to": [9.48408, 8.76668, 9.08652],
			"rotation": {
				"angle": 0,
				"axis": "y",
				"origin": [8.61552, 7.77118, 7.96782]
			},
			"faces": {
				"north": {
					"uv": [2, 10.5, 4.25, 9.25],
					"rotation": 90,
					"texture": "#0"
				},
				"east": {
					"uv": [2, 10.5, 4.25, 9.25],
					"rotation": 90,
					"texture": "#0"
				},
				"south": {
					"uv": [2, 10.5, 4.25, 9.25],
					"rotation": 90,
					"texture": "#0"
				},
				"west": {
					"uv": [2, 10.5, 4.25, 9.25],
					"rotation": 90,
					"texture": "#0"
				},
				"up": {
					"uv": [2, 10.5, 4.25, 9.25],
					"rotation": 90,
					"texture": "#0"
				},
				"down": {
					"uv": [2, 10.5, 4.25, 9.25],
					"rotation": 90,
					"texture": "#0"
				}
			}
		},
		{
			"from": [8.21544, -1.25211, 8.09652],
			"to": [18.68644, 7.74501, 8.09652],
			"rotation": {
				"angle": 0,
				"axis": "y",
				"origin": [18.57538, 10.17144, 8.10434]
			},
			"faces": {
				"north": {
					"uv": [11.25, 0.75, 0, 9],
					"texture": "#2"
				},
				"south": {
					"uv": [0, 0.75, 11.25, 9],
					"texture": "#2"
				}
			}
		}
	]
}