{
	"textures": {
		"0": "animated_java:item/dino_aj/texture"
	},
	"display": {
		"head": {
			"rotation": [0, 180, 0]
		}
	},
	"elements": [
		{
			"from": [7.86229, 6.90002, 6.00993],
			"to": [9.11229, 8.65002, 8.25993],
			"rotation": {
				"angle": -22.5,
				"axis": "y",
				"origin": [7.99768, 9.0758, 8.23323]
			},
			"faces": {
				"north": {
					"uv": [2.375, 11.375, 2.53125, 11.59375],
					"texture": "#0"
				},
				"east": {
					"uv": [8.875, 8.625, 9.15625, 8.84375],
					"texture": "#0"
				},
				"south": {
					"uv": [2.625, 11.375, 2.78125, 11.59375],
					"texture": "#0"
				},
				"west": {
					"uv": [8.75, 8.875, 9.03125, 9.09375],
					"texture": "#0"
				},
				"up": {
					"uv": [3.40625, 10.65625, 3.25, 10.375],
					"texture": "#0"
				},
				"down": {
					"uv": [3.65625, 10.375, 3.5, 10.65625],
					"texture": "#0"
				}
			}
		},
		{
			"from": [7.37278, 8.282, 6.77296],
			"to": [8.62078, 9.282, 8.52296],
			"rotation": {
				"angle": -22.5,
				"axis": "x",
				"origin": [7.99768, 9.0758, 8.23323]
			},
			"faces": {
				"north": {
					"uv": [11.625, 12.375, 11.78125, 12.5],
					"texture": "#0"
				},
				"east": {
					"uv": [11.75, 5.5, 11.96875, 5.625],
					"texture": "#0"
				},
				"south": {
					"uv": [12.375, 11.625, 12.53125, 11.75],
					"texture": "#0"
				},
				"west": {
					"uv": [11.75, 5.625, 11.96875, 5.75],
					"texture": "#0"
				},
				"up": {
					"uv": [11.53125, 3.34375, 11.375, 3.125],
					"texture": "#0"
				},
				"down": {
					"uv": [11.53125, 3.375, 11.375, 3.59375],
					"texture": "#0"
				}
			}
		},
		{
			"from": [8.11229, 6.90002, 4.00993],
			"to": [8.86229, 8.40002, 5.00993],
			"rotation": {
				"angle": -22.5,
				"axis": "y",
				"origin": [7.99768, 9.0758, 8.23323]
			},
			"faces": {
				"north": {
					"uv": [4.375, 12.625, 4.46875, 12.8125],
					"texture": "#0"
				},
				"east": {
					"uv": [2.375, 12.125, 2.5, 12.3125],
					"texture": "#0"
				},
				"south": {
					"uv": [12.625, 4.5, 12.71875, 4.6875],
					"texture": "#0"
				},
				"west": {
					"uv": [2.5, 12.125, 2.625, 12.3125],
					"texture": "#0"
				},
				"up": {
					"uv": [13.34375, 12.125, 13.25, 12],
					"texture": "#0"
				},
				"down": {
					"uv": [12.21875, 13.25, 12.125, 13.375],
					"texture": "#0"
				}
			}
		},
		{
			"from": [8.11229, 7.00002, 5.00993],
			"to": [8.86229, 8.50002, 6.00993],
			"rotation": {
				"angle": -22.5,
				"axis": "y",
				"origin": [7.99768, 9.0758, 8.23323]
			},
			"faces": {
				"north": {
					"uv": [4.625, 12.625, 4.71875, 12.8125],
					"texture": "#0"
				},
				"east": {
					"uv": [12.125, 3.375, 12.25, 3.5625],
					"texture": "#0"
				},
				"south": {
					"uv": [4.75, 12.625, 4.84375, 12.8125],
					"texture": "#0"
				},
				"west": {
					"uv": [4.625, 12.125, 4.75, 12.3125],
					"texture": "#0"
				},
				"up": {
					"uv": [12.34375, 13.375, 12.25, 13.25],
					"texture": "#0"
				},
				"down": {
					"uv": [13.34375, 12.25, 13.25, 12.375],
					"texture": "#0"
				}
			}
		},
		{
			"from": [7.37268, 6.89992, 6.03272],
			"to": [8.62268, 8.89992, 8.53272],
			"rotation": {
				"angle": 0,
				"axis": "y",
				"origin": [7.99768, 9.0758, 8.23323]
			},
			"faces": {
				"north": {
					"uv": [5.25, 10.875, 5.40625, 11.125],
					"texture": "#0"
				},
				"east": {
					"uv": [8, 0.25, 8.3125, 0.5],
					"texture": "#0"
				},
				"south": {
					"uv": [10.875, 5.375, 11.03125, 5.625],
					"texture": "#0"
				},
				"west": {
					"uv": [8, 0.5, 8.3125, 0.75],
					"texture": "#0"
				},
				"up": {
					"uv": [2.90625, 10.1875, 2.75, 9.875],
					"texture": "#0"
				},
				"down": {
					"uv": [3.15625, 9.875, 3, 10.1875],
					"texture": "#0"
				}
			}
		},
		{
			"from": [7.62268, 15.06123, 11.74689],
			"to": [8.37268, 16.56123, 13.24689],
			"rotation": {
				"angle": 22.5,
				"axis": "x",
				"origin": [-8.25232, 29.0758, -10.76677]
			},
			"faces": {
				"north": {
					"uv": [12.625, 4.75, 12.71875, 4.9375],
					"texture": "#0"
				},
				"east": {
					"uv": [4.75, 11.125, 4.9375, 11.3125],
					"texture": "#0"
				},
				"south": {
					"uv": [4.875, 12.625, 4.96875, 12.8125],
					"texture": "#0"
				},
				"west": {
					"uv": [11.125, 4.75, 11.3125, 4.9375],
					"texture": "#0"
				},
				"up": {
					"uv": [5.09375, 12.8125, 5, 12.625],
					"texture": "#0"
				},
				"down": {
					"uv": [5.46875, 12.625, 5.375, 12.8125],
					"texture": "#0"
				}
			}
		},
		{
			"from": [7.49868, 3.49407, -5.47436],
			"to": [8.49668, 4.49407, -3.72436],
			"rotation": {
				"angle": -22.5,
				"axis": "x",
				"origin": [-8.25132, 29.08787, -10.78909]
			},
			"faces": {
				"north": {
					"uv": [8.75, 6, 8.875, 6.125],
					"texture": "#0"
				},
				"east": {
					"uv": [11.75, 5.75, 11.96875, 5.875],
					"texture": "#0"
				},
				"south": {
					"uv": [7.75, 8.75, 7.875, 8.875],
					"texture": "#0"
				},
				"west": {
					"uv": [11.75, 6, 11.96875, 6.125],
					"texture": "#0"
				},
				"up": {
					"uv": [4.75, 11.96875, 4.625, 11.75],
					"texture": "#0"
				},
				"down": {
					"uv": [5.375, 11.75, 5.25, 11.96875],
					"texture": "#0"
				}
			}
		},
		{
			"from": [7.49768, 6.90002, 3.53272],
			"to": [8.49768, 8.40002, 5.28272],
			"rotation": {
				"angle": 0,
				"axis": "y",
				"origin": [-8.25232, 29.0758, -10.76677]
			},
			"faces": {
				"north": {
					"uv": [4.75, 12.125, 4.875, 12.3125],
					"texture": "#0"
				},
				"east": {
					"uv": [10.625, 10.375, 10.84375, 10.5625],
					"texture": "#0"
				},
				"south": {
					"uv": [4.875, 12.125, 5, 12.3125],
					"texture": "#0"
				},
				"west": {
					"uv": [10.625, 10.625, 10.84375, 10.8125],
					"texture": "#0"
				},
				"up": {
					"uv": [6.125, 11.96875, 6, 11.75],
					"texture": "#0"
				},
				"down": {
					"uv": [11.875, 6.75, 11.75, 6.96875],
					"texture": "#0"
				}
			}
		},
		{
			"from": [7.13307, 7.00002, 5.00993],
			"to": [7.88307, 8.50002, 6.00993],
			"rotation": {
				"angle": 22.5,
				"axis": "y",
				"origin": [7.99768, 9.0758, 8.23323]
			},
			"faces": {
				"north": {
					"uv": [5.5, 12.625, 5.59375, 12.8125],
					"texture": "#0"
				},
				"east": {
					"uv": [5, 12.125, 5.125, 12.3125],
					"texture": "#0"
				},
				"south": {
					"uv": [5.625, 12.625, 5.71875, 12.8125],
					"texture": "#0"
				},
				"west": {
					"uv": [5.125, 12.125, 5.25, 12.3125],
					"texture": "#0"
				},
				"up": {
					"uv": [13.34375, 12.5, 13.25, 12.375],
					"texture": "#0"
				},
				"down": {
					"uv": [13.34375, 12.5, 13.25, 12.625],
					"texture": "#0"
				}
			}
		},
		{
			"from": [7.13307, 6.90002, 4.00993],
			"to": [7.88307, 8.40002, 5.00993],
			"rotation": {
				"angle": 22.5,
				"axis": "y",
				"origin": [7.99768, 9.0758, 8.23323]
			},
			"faces": {
				"north": {
					"uv": [5.75, 12.625, 5.84375, 12.8125],
					"texture": "#0"
				},
				"east": {
					"uv": [5.25, 12.125, 5.375, 12.3125],
					"texture": "#0"
				},
				"south": {
					"uv": [5.875, 12.625, 5.96875, 12.8125],
					"texture": "#0"
				},
				"west": {
					"uv": [5.375, 12.125, 5.5, 12.3125],
					"texture": "#0"
				},
				"up": {
					"uv": [13.34375, 12.75, 13.25, 12.625],
					"texture": "#0"
				},
				"down": {
					"uv": [12.84375, 13.25, 12.75, 13.375],
					"texture": "#0"
				}
			}
		},
		{
			"from": [6.88307, 6.90002, 6.00993],
			"to": [8.13307, 8.65002, 8.25993],
			"rotation": {
				"angle": 22.5,
				"axis": "y",
				"origin": [7.99768, 9.0758, 8.23323]
			},
			"faces": {
				"north": {
					"uv": [11.375, 3.625, 11.53125, 3.84375],
					"texture": "#0"
				},
				"east": {
					"uv": [0, 9, 0.28125, 9.21875],
					"texture": "#0"
				},
				"south": {
					"uv": [11.375, 3.875, 11.53125, 4.09375],
					"texture": "#0"
				},
				"west": {
					"uv": [9, 0.875, 9.28125, 1.09375],
					"texture": "#0"
				},
				"up": {
					"uv": [3.90625, 10.65625, 3.75, 10.375],
					"texture": "#0"
				},
				"down": {
					"uv": [4.15625, 10.375, 4, 10.65625],
					"texture": "#0"
				}
			}
		}
	]
}