{
	"textures": {
		"0": "animated_java:item/dino_aj/texture"
	},
	"display": {
		"head": {
			"rotation": [0, 180, 0]
		}
	},
	"elements": [
		{
			"from": [6.9149, 4.48399, 8.16046],
			"to": [7.4149, 8.48599, 8.91046],
			"rotation": {
				"angle": 0,
				"axis": "y",
				"origin": [16.65597, 15.65518, -7.09809]
			},
			"faces": {
				"north": {
					"uv": [2.3125, 11.5, 2.25, 12],
					"texture": "#0"
				},
				"east": {
					"uv": [4.59375, 10.125, 4.5, 10.625],
					"texture": "#0"
				},
				"south": {
					"uv": [3.9375, 11.5, 3.875, 12],
					"texture": "#0"
				},
				"west": {
					"uv": [8.09375, 10, 8, 10.5],
					"texture": "#0"
				},
				"up": {
					"uv": [10.75, 14.21875, 10.8125, 14.125],
					"texture": "#0"
				},
				"down": {
					"uv": [14.125, 10.75, 14.1875, 10.84375],
					"texture": "#0"
				}
			}
		},
		{
			"from": [6.9149, 4.48399, 8.91046],
			"to": [7.4149, 6.23399, 9.16046],
			"rotation": {
				"angle": 0,
				"axis": "y",
				"origin": [16.65597, 15.65518, -7.09809]
			},
			"faces": {
				"north": {
					"uv": [12.8125, 13, 12.75, 13.21875],
					"texture": "#0"
				},
				"east": {
					"uv": [14.03125, 7.625, 14, 7.84375],
					"texture": "#0"
				},
				"south": {
					"uv": [1.0625, 13.125, 1, 13.34375],
					"texture": "#0"
				},
				"west": {
					"uv": [7.40625, 14, 7.375, 14.21875],
					"texture": "#0"
				},
				"up": {
					"uv": [9.75, 14.78125, 9.8125, 14.75],
					"texture": "#0"
				},
				"down": {
					"uv": [14.75, 9.75, 14.8125, 9.78125],
					"texture": "#0"
				}
			}
		},
		{
			"from": [13.67812, 3.23599, 9.54251],
			"to": [14.67812, 8.48299, 10.54251],
			"rotation": {
				"angle": -22.5,
				"axis": "y",
				"origin": [16.50597, 15.65518, -7.09809]
			},
			"faces": {
				"north": {
					"uv": [4.875, 7.75, 4.75, 8.40625],
					"texture": "#0"
				},
				"east": {
					"uv": [8, 0.25, 7.875, 0.90625],
					"texture": "#0"
				},
				"south": {
					"uv": [7.875, 7.75, 7.75, 8.40625],
					"texture": "#0"
				},
				"west": {
					"uv": [7.75, 7.75, 7.625, 8.40625],
					"texture": "#0"
				},
				"up": {
					"uv": [8.625, 8.25, 8.75, 8.125],
					"texture": "#0"
				},
				"down": {
					"uv": [4.875, 8.75, 5, 8.875],
					"texture": "#0"
				}
			}
		},
		{
			"from": [2.15328, 3.23499, 3.81742],
			"to": [3.40328, 8.48499, 5.06742],
			"rotation": {
				"angle": 22.5,
				"axis": "y",
				"origin": [16.50597, 15.65518, -7.09809]
			},
			"faces": {
				"north": {
					"uv": [4.03125, 6.875, 3.875, 7.53125],
					"texture": "#0"
				},
				"east": {
					"uv": [4.78125, 7, 4.625, 7.65625],
					"texture": "#0"
				},
				"south": {
					"uv": [4.53125, 7, 4.375, 7.65625],
					"texture": "#0"
				},
				"west": {
					"uv": [4.28125, 7, 4.125, 7.65625],
					"texture": "#0"
				},
				"up": {
					"uv": [8, 12.03125, 8.15625, 11.875],
					"texture": "#0"
				},
				"down": {
					"uv": [11.875, 8.125, 12.03125, 8.28125],
					"texture": "#0"
				}
			}
		},
		{
			"from": [6.9149, 7.48499, 8.91046],
			"to": [7.4169, 7.98499, 10.41046],
			"rotation": {
				"angle": 0,
				"axis": "y",
				"origin": [16.65597, 15.65518, -7.09809]
			},
			"faces": {
				"north": {
					"uv": [1.8125, 14.5, 1.75, 14.5625],
					"texture": "#0"
				},
				"east": {
					"uv": [11.0625, 13.25, 10.875, 13.3125],
					"texture": "#0"
				},
				"south": {
					"uv": [14.5625, 1.75, 14.5, 1.8125],
					"texture": "#0"
				},
				"west": {
					"uv": [13.4375, 10.75, 13.25, 10.8125],
					"texture": "#0"
				},
				"up": {
					"uv": [13.25, 11.0625, 13.3125, 10.875],
					"texture": "#0"
				},
				"down": {
					"uv": [11.125, 13.25, 11.1875, 13.4375],
					"texture": "#0"
				}
			}
		},
		{
			"from": [6.9169, 1.31817, 3.96147],
			"to": [7.4149, 1.81817, 5.96147],
			"rotation": {
				"angle": -22.5,
				"axis": "x",
				"origin": [16.65597, 15.65518, -7.09809]
			},
			"faces": {
				"north": {
					"uv": [1.9375, 14.5, 1.875, 14.5625],
					"texture": "#0"
				},
				"east": {
					"uv": [13, 7, 12.75, 7.0625],
					"texture": "#0"
				},
				"south": {
					"uv": [14.5625, 1.875, 14.5, 1.9375],
					"texture": "#0"
				},
				"west": {
					"uv": [13, 6.875, 12.75, 6.9375],
					"texture": "#0"
				},
				"up": {
					"uv": [6.125, 13, 6.1875, 12.75],
					"texture": "#0"
				},
				"down": {
					"uv": [12.75, 7.125, 12.8125, 7.375],
					"texture": "#0"
				}
			}
		},
		{
			"from": [6.9159, -2.17121, -2.48016],
			"to": [7.4159, -1.42121, -1.23016],
			"rotation": {
				"angle": -45,
				"axis": "x",
				"origin": [16.65597, 15.65518, -7.09809]
			},
			"faces": {
				"north": {
					"uv": [10.9375, 14.125, 10.875, 14.21875],
					"texture": "#0"
				},
				"east": {
					"uv": [10.03125, 12.875, 9.875, 12.96875],
					"texture": "#0"
				},
				"south": {
					"uv": [11.0625, 14.125, 11, 14.21875],
					"texture": "#0"
				},
				"west": {
					"uv": [13.03125, 9.75, 12.875, 9.84375],
					"texture": "#0"
				},
				"up": {
					"uv": [13.625, 5.78125, 13.6875, 5.625],
					"texture": "#0"
				},
				"down": {
					"uv": [5.875, 13.625, 5.9375, 13.78125],
					"texture": "#0"
				}
			}
		},
		{
			"from": [1.67828, 4.48499, 4.06742],
			"to": [3.87828, 6.48499, 5.31742],
			"rotation": {
				"angle": 22.5,
				"axis": "y",
				"origin": [16.50597, 15.65518, -7.09809]
			},
			"faces": {
				"north": {
					"uv": [5.15625, 8.25, 4.875, 8.5],
					"texture": "#0"
				},
				"east": {
					"uv": [5.15625, 10.875, 5, 11.125],
					"texture": "#0"
				},
				"south": {
					"uv": [8.53125, 4.875, 8.25, 5.125],
					"texture": "#0"
				},
				"west": {
					"uv": [11.03125, 4.75, 10.875, 5],
					"texture": "#0"
				},
				"up": {
					"uv": [10.375, 2.28125, 10.65625, 2.125],
					"texture": "#0"
				},
				"down": {
					"uv": [2.25, 10.375, 2.53125, 10.53125],
					"texture": "#0"
				}
			}
		},
		{
			"from": [1.92828, 3.98499, 3.81742],
			"to": [3.62828, 6.98499, 5.31742],
			"rotation": {
				"angle": 22.5,
				"axis": "y",
				"origin": [16.50597, 15.65518, -7.09809]
			},
			"faces": {
				"north": {
					"uv": [8.09375, 1.5, 7.875, 1.875],
					"texture": "#0"
				},
				"east": {
					"uv": [5.9375, 8.25, 5.75, 8.625],
					"texture": "#0"
				},
				"south": {
					"uv": [8.09375, 3.75, 7.875, 4.125],
					"texture": "#0"
				},
				"west": {
					"uv": [8.4375, 5.375, 8.25, 5.75],
					"texture": "#0"
				},
				"up": {
					"uv": [10.625, 9.5625, 10.84375, 9.375],
					"texture": "#0"
				},
				"down": {
					"uv": [10.625, 9.875, 10.84375, 10.0625],
					"texture": "#0"
				}
			}
		},
		{
			"from": [1.92828, 4.48499, 4.81742],
			"to": [3.62828, 6.48499, 5.56742],
			"rotation": {
				"angle": 22.5,
				"axis": "y",
				"origin": [16.50597, 15.65518, -7.09809]
			},
			"faces": {
				"north": {
					"uv": [6.59375, 9.375, 6.375, 9.625],
					"texture": "#0"
				},
				"east": {
					"uv": [2.09375, 12.125, 2, 12.375],
					"texture": "#0"
				},
				"south": {
					"uv": [9.59375, 6.375, 9.375, 6.625],
					"texture": "#0"
				},
				"west": {
					"uv": [12.21875, 1.875, 12.125, 2.125],
					"texture": "#0"
				},
				"up": {
					"uv": [1, 12.46875, 1.21875, 12.375],
					"texture": "#0"
				},
				"down": {
					"uv": [12.375, 1.125, 12.59375, 1.21875],
					"texture": "#0"
				}
			}
		},
		{
			"from": [2.02828, 3.23399, 3.31742],
			"to": [3.52828, 8.48399, 3.81742],
			"rotation": {
				"angle": 22.5,
				"axis": "y",
				"origin": [16.50597, 15.65518, -7.09809]
			},
			"faces": {
				"north": {
					"uv": [0.1875, 6.375, 0, 7.03125],
					"texture": "#0"
				},
				"east": {
					"uv": [10.1875, 10.625, 10.125, 11.28125],
					"texture": "#0"
				},
				"south": {
					"uv": [0.8125, 6.375, 0.625, 7.03125],
					"texture": "#0"
				},
				"west": {
					"uv": [8.9375, 10.625, 8.875, 11.28125],
					"texture": "#0"
				},
				"up": {
					"uv": [13.25, 11.1875, 13.4375, 11.125],
					"texture": "#0"
				},
				"down": {
					"uv": [11.25, 13.25, 11.4375, 13.3125],
					"texture": "#0"
				}
			}
		},
		{
			"from": [1.77828, 3.98399, 3.56742],
			"to": [3.77828, 4.48399, 4.06742],
			"rotation": {
				"angle": 22.5,
				"axis": "y",
				"origin": [16.50597, 15.65518, -7.09809]
			},
			"faces": {
				"north": {
					"uv": [7.625, 12.75, 7.375, 12.8125],
					"texture": "#0"
				},
				"east": {
					"uv": [14.5625, 2, 14.5, 2.0625],
					"texture": "#0"
				},
				"south": {
					"uv": [13, 7.375, 12.75, 7.4375],
					"texture": "#0"
				},
				"west": {
					"uv": [2.0625, 14.5, 2, 14.5625],
					"texture": "#0"
				},
				"up": {
					"uv": [12.75, 7.5625, 13, 7.5],
					"texture": "#0"
				},
				"down": {
					"uv": [7.625, 12.75, 7.875, 12.8125],
					"texture": "#0"
				}
			}
		},
		{
			"from": [20.5066, 4.48499, 9.72061],
			"to": [20.7566, 8.48499, 10.47061],
			"rotation": {
				"angle": -45,
				"axis": "y",
				"origin": [16.50597, 15.65518, -7.09809]
			},
			"faces": {
				"north": {
					"uv": [12.78125, 7.625, 12.75, 8.125],
					"texture": "#0"
				},
				"east": {
					"uv": [6.96875, 10.125, 6.875, 10.625],
					"texture": "#0"
				},
				"south": {
					"uv": [7.90625, 12.75, 7.875, 13.25],
					"texture": "#0"
				},
				"west": {
					"uv": [4.71875, 10.125, 4.625, 10.625],
					"texture": "#0"
				},
				"up": {
					"uv": [14.625, 7.96875, 14.65625, 7.875],
					"texture": "#0"
				},
				"down": {
					"uv": [8, 14.625, 8.03125, 14.71875],
					"texture": "#0"
				}
			}
		},
		{
			"from": [7.9659, 4.48599, 7.46046],
			"to": [8.9659, 8.48599, 8.21046],
			"rotation": {
				"angle": 0,
				"axis": "y",
				"origin": [16.50597, 15.65518, -7.09809]
			},
			"faces": {
				"north": {
					"uv": [3.875, 7.125, 3.75, 7.625],
					"texture": "#0"
				},
				"east": {
					"uv": [7.21875, 10.125, 7.125, 10.625],
					"texture": "#0"
				},
				"south": {
					"uv": [4.75, 8, 4.625, 8.5],
					"texture": "#0"
				},
				"west": {
					"uv": [7.09375, 10.125, 7, 10.625],
					"texture": "#0"
				},
				"up": {
					"uv": [13.25, 11.34375, 13.375, 11.25],
					"texture": "#0"
				},
				"down": {
					"uv": [13.25, 11.375, 13.375, 11.46875],
					"texture": "#0"
				}
			}
		}
	]
}