{
	"textures": {
		"0": "animated_java:item/dino_aj/texture"
	},
	"display": {
		"head": {
			"rotation": [0, 180, 0]
		}
	},
	"elements": [
		{
			"from": [6.5, 6.71086, 6.6175],
			"to": [9.5, 9.46086, 8.1175],
			"rotation": {
				"angle": 0,
				"axis": "y",
				"origin": [0, 6.69589, 2.09592]
			},
			"faces": {
				"north": {
					"uv": [2.25, 5.875, 2.625, 6.21875],
					"texture": "#0"
				},
				"east": {
					"uv": [8.5, 8.25, 8.6875, 8.59375],
					"texture": "#0"
				},
				"south": {
					"uv": [2.625, 5.875, 3, 6.21875],
					"texture": "#0"
				},
				"west": {
					"uv": [8.625, 0.25, 8.8125, 0.59375],
					"texture": "#0"
				},
				"up": {
					"uv": [8.625, 2.0625, 8.25, 1.875],
					"texture": "#0"
				},
				"down": {
					"uv": [3, 8.25, 2.625, 8.4375],
					"texture": "#0"
				}
			}
		},
		{
			"from": [6.5, 6.21086, 7.8675],
			"to": [9.5, 6.71086, 8.1185],
			"rotation": {
				"angle": 0,
				"axis": "y",
				"origin": [0, 6.69589, 2.09592]
			},
			"faces": {
				"north": {
					"uv": [12, 1.625, 12.375, 1.6875],
					"texture": "#0"
				},
				"east": {
					"uv": [7.625, 14.75, 7.65625, 14.8125],
					"texture": "#0"
				},
				"south": {
					"uv": [1.75, 12, 2.125, 12.0625],
					"texture": "#0"
				},
				"west": {
					"uv": [14.75, 7.625, 14.78125, 7.6875],
					"texture": "#0"
				},
				"up": {
					"uv": [13.625, 5.03125, 13.25, 5],
					"texture": "#0"
				},
				"down": {
					"uv": [13.625, 5.125, 13.25, 5.15625],
					"texture": "#0"
				}
			}
		},
		{
			"from": [6.501, 8.45552, 6.29885],
			"to": [9.499, 8.95552, 7.62385],
			"rotation": {
				"angle": 22.5,
				"axis": "x",
				"origin": [0, 6.69589, 2.09592]
			},
			"faces": {
				"north": {
					"uv": [12, 2.125, 12.375, 2.1875],
					"texture": "#0"
				},
				"east": {
					"uv": [1.75, 13.625, 1.90625, 13.6875],
					"texture": "#0"
				},
				"south": {
					"uv": [12, 2.25, 12.375, 2.3125],
					"texture": "#0"
				},
				"west": {
					"uv": [13.625, 1.75, 13.78125, 1.8125],
					"texture": "#0"
				},
				"up": {
					"uv": [9.5, 2.53125, 9.125, 2.375],
					"texture": "#0"
				},
				"down": {
					"uv": [9.5, 2.625, 9.125, 2.78125],
					"texture": "#0"
				}
			}
		},
		{
			"from": [8.21397, 8.59293, 6.6185],
			"to": [8.71397, 9.59293, 8.1165],
			"rotation": {
				"angle": -22.5,
				"axis": "z",
				"origin": [8, 6.69589, 2.09592]
			},
			"faces": {
				"north": {
					"uv": [8.875, 13.875, 8.9375, 14],
					"texture": "#0"
				},
				"east": {
					"uv": [2.125, 12, 2.3125, 12.125],
					"texture": "#0"
				},
				"south": {
					"uv": [13.875, 8.875, 13.9375, 9],
					"texture": "#0"
				},
				"west": {
					"uv": [12, 2.375, 12.1875, 2.5],
					"texture": "#0"
				},
				"up": {
					"uv": [5.3125, 13.4375, 5.25, 13.25],
					"texture": "#0"
				},
				"down": {
					"uv": [5.4375, 13.25, 5.375, 13.4375],
					"texture": "#0"
				}
			}
		},
		{
			"from": [9.38603, 6.34293, 6.6185],
			"to": [9.63603, 6.84293, 8.1165],
			"rotation": {
				"angle": 22.5,
				"axis": "z",
				"origin": [8, 6.69589, 2.09592]
			},
			"faces": {
				"north": {
					"uv": [7.75, 14.75, 7.78125, 14.8125],
					"texture": "#0"
				},
				"east": {
					"uv": [5.5, 13.25, 5.6875, 13.3125],
					"texture": "#0"
				},
				"south": {
					"uv": [14.75, 7.75, 14.78125, 7.8125],
					"texture": "#0"
				},
				"west": {
					"uv": [5.75, 13.25, 5.9375, 13.3125],
					"texture": "#0"
				},
				"up": {
					"uv": [6.78125, 14.3125, 6.75, 14.125],
					"texture": "#0"
				},
				"down": {
					"uv": [7.53125, 14.125, 7.5, 14.3125],
					"texture": "#0"
				}
			}
		},
		{
			"from": [9.1257, 5.74613, 6.6195],
			"to": [9.3757, 5.99613, 8.1155],
			"rotation": {
				"angle": 45,
				"axis": "z",
				"origin": [8.00255, 6.69798, 2.09492]
			},
			"faces": {
				"north": {
					"uv": [14.875, 6.875, 14.90625, 6.90625],
					"texture": "#0"
				},
				"east": {
					"uv": [14.125, 7.625, 14.3125, 7.65625],
					"texture": "#0"
				},
				"south": {
					"uv": [7, 14.875, 7.03125, 14.90625],
					"texture": "#0"
				},
				"west": {
					"uv": [14.125, 7.75, 14.3125, 7.78125],
					"texture": "#0"
				},
				"up": {
					"uv": [7.65625, 14.3125, 7.625, 14.125],
					"texture": "#0"
				},
				"down": {
					"uv": [14.15625, 7.875, 14.125, 8.0625],
					"texture": "#0"
				}
			}
		},
		{
			"from": [6.36397, 6.34293, 6.6185],
			"to": [6.61397, 6.84293, 8.1165],
			"rotation": {
				"angle": -22.5,
				"axis": "z",
				"origin": [8, 6.69589, 2.09592]
			},
			"faces": {
				"north": {
					"uv": [7.78125, 14.75, 7.75, 14.8125],
					"texture": "#0"
				},
				"east": {
					"uv": [5.9375, 13.25, 5.75, 13.3125],
					"texture": "#0"
				},
				"south": {
					"uv": [14.78125, 7.75, 14.75, 7.8125],
					"texture": "#0"
				},
				"west": {
					"uv": [5.6875, 13.25, 5.5, 13.3125],
					"texture": "#0"
				},
				"up": {
					"uv": [6.75, 14.3125, 6.78125, 14.125],
					"texture": "#0"
				},
				"down": {
					"uv": [7.5, 14.125, 7.53125, 14.3125],
					"texture": "#0"
				}
			}
		},
		{
			"from": [6.6243, 5.74613, 6.6195],
			"to": [6.8743, 5.99613, 8.1155],
			"rotation": {
				"angle": -45,
				"axis": "z",
				"origin": [7.99745, 6.69798, 2.09492]
			},
			"faces": {
				"north": {
					"uv": [14.90625, 6.875, 14.875, 6.90625],
					"texture": "#0"
				},
				"east": {
					"uv": [14.3125, 7.75, 14.125, 7.78125],
					"texture": "#0"
				},
				"south": {
					"uv": [7.03125, 14.875, 7, 14.90625],
					"texture": "#0"
				},
				"west": {
					"uv": [14.3125, 7.625, 14.125, 7.65625],
					"texture": "#0"
				},
				"up": {
					"uv": [7.625, 14.3125, 7.65625, 14.125],
					"texture": "#0"
				},
				"down": {
					"uv": [14.125, 7.875, 14.15625, 8.0625],
					"texture": "#0"
				}
			}
		},
		{
			"from": [7.28603, 8.59293, 6.6185],
			"to": [7.78603, 9.59293, 8.1165],
			"rotation": {
				"angle": 22.5,
				"axis": "z",
				"origin": [8, 6.69589, 2.09592]
			},
			"faces": {
				"north": {
					"uv": [8.9375, 13.875, 8.875, 14],
					"texture": "#0"
				},
				"east": {
					"uv": [12.1875, 2.375, 12, 2.5],
					"texture": "#0"
				},
				"south": {
					"uv": [13.9375, 8.875, 13.875, 9],
					"texture": "#0"
				},
				"west": {
					"uv": [2.3125, 12, 2.125, 12.125],
					"texture": "#0"
				},
				"up": {
					"uv": [5.25, 13.4375, 5.3125, 13.25],
					"texture": "#0"
				},
				"down": {
					"uv": [5.375, 13.25, 5.4375, 13.4375],
					"texture": "#0"
				}
			}
		},
		{
			"from": [7.25, 9.71086, 6.6175],
			"to": [8.75, 9.96086, 8.1175],
			"rotation": {
				"angle": 0,
				"axis": "y",
				"origin": [0, 6.69589, 2.09592]
			},
			"faces": {
				"north": {
					"uv": [8.125, 14.125, 8.3125, 14.15625],
					"texture": "#0"
				},
				"east": {
					"uv": [14.125, 8.125, 14.3125, 8.15625],
					"texture": "#0"
				},
				"south": {
					"uv": [14.125, 8.25, 14.3125, 8.28125],
					"texture": "#0"
				},
				"west": {
					"uv": [8.375, 14.125, 8.5625, 14.15625],
					"texture": "#0"
				},
				"up": {
					"uv": [6.3125, 11.1875, 6.125, 11],
					"texture": "#0"
				},
				"down": {
					"uv": [8.1875, 11, 8, 11.1875],
					"texture": "#0"
				}
			}
		},
		{
			"from": [7.625, 11.40552, 5.04885],
			"to": [8.375, 11.90552, 6.29885],
			"rotation": {
				"angle": 22.5,
				"axis": "x",
				"origin": [0, 6.69589, 2.09592]
			},
			"faces": {
				"north": {
					"uv": [14.125, 8.375, 14.21875, 8.4375],
					"texture": "#0"
				},
				"east": {
					"uv": [13.625, 1.875, 13.78125, 1.9375],
					"texture": "#0"
				},
				"south": {
					"uv": [14.125, 8.5, 14.21875, 8.5625],
					"texture": "#0"
				},
				"west": {
					"uv": [2, 13.625, 2.15625, 13.6875],
					"texture": "#0"
				},
				"up": {
					"uv": [12.96875, 3.53125, 12.875, 3.375],
					"texture": "#0"
				},
				"down": {
					"uv": [12.96875, 3.625, 12.875, 3.78125],
					"texture": "#0"
				}
			}
		},
		{
			"from": [6.875, 9.46086, 6.6175],
			"to": [9.125, 9.71086, 8.1175],
			"rotation": {
				"angle": 0,
				"axis": "y",
				"origin": [0, 6.69589, 2.09592]
			},
			"faces": {
				"north": {
					"uv": [4.5, 13.75, 4.78125, 13.78125],
					"texture": "#0"
				},
				"east": {
					"uv": [8.625, 14.125, 8.8125, 14.15625],
					"texture": "#0"
				},
				"south": {
					"uv": [4.875, 13.75, 5.15625, 13.78125],
					"texture": "#0"
				},
				"west": {
					"uv": [14.125, 8.625, 14.3125, 8.65625],
					"texture": "#0"
				},
				"up": {
					"uv": [3.78125, 9.8125, 3.5, 9.625],
					"texture": "#0"
				},
				"down": {
					"uv": [4.15625, 9.625, 3.875, 9.8125],
					"texture": "#0"
				}
			}
		},
		{
			"from": [6.75, 6.21086, 6.6175],
			"to": [9.25, 6.71086, 8.1175],
			"rotation": {
				"angle": 0,
				"axis": "y",
				"origin": [0, 6.69589, 2.09592]
			},
			"faces": {
				"north": {
					"uv": [7.5, 12.375, 7.8125, 12.4375],
					"texture": "#0"
				},
				"east": {
					"uv": [13.25, 5.875, 13.4375, 5.9375],
					"texture": "#0"
				},
				"south": {
					"uv": [12.375, 7.5, 12.6875, 7.5625],
					"texture": "#0"
				},
				"west": {
					"uv": [6.125, 13.25, 6.3125, 13.3125],
					"texture": "#0"
				},
				"up": {
					"uv": [9.4375, 3.3125, 9.125, 3.125],
					"texture": "#0"
				},
				"down": {
					"uv": [9.4375, 3.625, 9.125, 3.8125],
					"texture": "#0"
				}
			}
		},
		{
			"from": [6.75, 5.96086, 7.6175],
			"to": [9.25, 6.21086, 8.1185],
			"rotation": {
				"angle": 0,
				"axis": "y",
				"origin": [0, 6.69589, 2.09592]
			},
			"faces": {
				"north": {
					"uv": [13.625, 2, 13.9375, 2.03125],
					"texture": "#0"
				},
				"east": {
					"uv": [7.875, 14.75, 7.9375, 14.78125],
					"texture": "#0"
				},
				"south": {
					"uv": [13.625, 2.125, 13.9375, 2.15625],
					"texture": "#0"
				},
				"west": {
					"uv": [14.75, 7.875, 14.8125, 7.90625],
					"texture": "#0"
				},
				"up": {
					"uv": [12.6875, 7.6875, 12.375, 7.625],
					"texture": "#0"
				},
				"down": {
					"uv": [12.6875, 7.875, 12.375, 7.9375],
					"texture": "#0"
				}
			}
		},
		{
			"from": [6.75, 8.13052, 6.39885],
			"to": [9.25, 8.38052, 7.47385],
			"rotation": {
				"angle": 22.5,
				"axis": "x",
				"origin": [0, 6.69589, 2.09592]
			},
			"faces": {
				"north": {
					"uv": [13.625, 2.25, 13.9375, 2.28125],
					"texture": "#0"
				},
				"east": {
					"uv": [14.375, 14.375, 14.5, 14.40625],
					"texture": "#0"
				},
				"south": {
					"uv": [13.625, 2.375, 13.9375, 2.40625],
					"texture": "#0"
				},
				"west": {
					"uv": [0.125, 14.5, 0.25, 14.53125],
					"texture": "#0"
				},
				"up": {
					"uv": [11.0625, 2.375, 10.75, 2.25],
					"texture": "#0"
				},
				"down": {
					"uv": [11.0625, 3.125, 10.75, 3.25],
					"texture": "#0"
				}
			}
		},
		{
			"from": [7.125, 5.71086, 6.6175],
			"to": [8.875, 6.21086, 8.1175],
			"rotation": {
				"angle": 0,
				"axis": "y",
				"origin": [0, 6.94589, 2.09592]
			},
			"faces": {
				"north": {
					"uv": [13, 13, 13.21875, 13.0625],
					"texture": "#0"
				},
				"east": {
					"uv": [13.25, 6.125, 13.4375, 6.1875],
					"texture": "#0"
				},
				"south": {
					"uv": [13.125, 0, 13.34375, 0.0625],
					"texture": "#0"
				},
				"west": {
					"uv": [13.25, 6.25, 13.4375, 6.3125],
					"texture": "#0"
				},
				"up": {
					"uv": [0.96875, 10.8125, 0.75, 10.625],
					"texture": "#0"
				},
				"down": {
					"uv": [1.21875, 10.625, 1, 10.8125],
					"texture": "#0"
				}
			}
		},
		{
			"from": [7.5, 5.31086, 6.6175],
			"to": [8.5, 5.71086, 8.1175],
			"rotation": {
				"angle": 0,
				"axis": "y",
				"origin": [0, 6.94589, 2.09592]
			},
			"faces": {
				"north": {
					"uv": [9, 13.875, 9.125, 13.9375],
					"texture": "#0"
				},
				"east": {
					"uv": [6.375, 13.25, 6.5625, 13.3125],
					"texture": "#0"
				},
				"south": {
					"uv": [13.875, 9, 14, 9.0625],
					"texture": "#0"
				},
				"west": {
					"uv": [13.25, 6.625, 13.4375, 6.6875],
					"texture": "#0"
				},
				"up": {
					"uv": [3, 12.1875, 2.875, 12],
					"texture": "#0"
				},
				"down": {
					"uv": [3.125, 12, 3, 12.1875],
					"texture": "#0"
				}
			}
		}
	]
}