{
	"textures": {
		"0": "animated_java:item/dino_aj/texture"
	},
	"display": {
		"head": {
			"rotation": [0, 180, 0]
		}
	},
	"elements": [
		{
			"from": [6.625, 7.21537, 6.75185],
			"to": [9.375, 9.71537, 8.25185],
			"rotation": {
				"angle": 0,
				"axis": "y",
				"origin": [0, 6.8637, 3.82818]
			},
			"faces": {
				"north": {
					"uv": [3.25, 6.5, 3.59375, 6.8125],
					"texture": "#0"
				},
				"east": {
					"uv": [0.875, 9.125, 1.0625, 9.4375],
					"texture": "#0"
				},
				"south": {
					"uv": [6, 6.5, 6.34375, 6.8125],
					"texture": "#0"
				},
				"west": {
					"uv": [1.125, 9.125, 1.3125, 9.4375],
					"texture": "#0"
				},
				"up": {
					"uv": [7.84375, 8.6875, 7.5, 8.5],
					"texture": "#0"
				},
				"down": {
					"uv": [8.84375, 7.625, 8.5, 7.8125],
					"texture": "#0"
				}
			}
		},
		{
			"from": [6.875, 6.21537, 6.75185],
			"to": [9.125, 7.21537, 8.25185],
			"rotation": {
				"angle": 0,
				"axis": "y",
				"origin": [0, 6.7137, 3.82818]
			},
			"faces": {
				"north": {
					"uv": [11, 4.25, 11.28125, 4.375],
					"texture": "#0"
				},
				"east": {
					"uv": [0.375, 12, 0.5625, 12.125],
					"texture": "#0"
				},
				"south": {
					"uv": [11, 4.375, 11.28125, 4.5],
					"texture": "#0"
				},
				"west": {
					"uv": [0.625, 12, 0.8125, 12.125],
					"texture": "#0"
				},
				"up": {
					"uv": [3.40625, 9.8125, 3.125, 9.625],
					"texture": "#0"
				},
				"down": {
					"uv": [9.90625, 3.25, 9.625, 3.4375],
					"texture": "#0"
				}
			}
		},
		{
			"from": [7.25, 5.71537, 6.75185],
			"to": [8.75, 6.21537, 8.25185],
			"rotation": {
				"angle": 0,
				"axis": "y",
				"origin": [0, 6.9637, 3.82818]
			},
			"faces": {
				"north": {
					"uv": [13.25, 3, 13.4375, 3.0625],
					"texture": "#0"
				},
				"east": {
					"uv": [13.25, 3.125, 13.4375, 3.1875],
					"texture": "#0"
				},
				"south": {
					"uv": [3.375, 13.25, 3.5625, 13.3125],
					"texture": "#0"
				},
				"west": {
					"uv": [13.25, 3.5, 13.4375, 3.5625],
					"texture": "#0"
				},
				"up": {
					"uv": [5.6875, 11.1875, 5.5, 11],
					"texture": "#0"
				},
				"down": {
					"uv": [11.1875, 5.75, 11, 5.9375],
					"texture": "#0"
				}
			}
		},
		{
			"from": [7.625, 5.34037, 6.75185],
			"to": [8.375, 5.71537, 8.25185],
			"rotation": {
				"angle": 0,
				"axis": "y",
				"origin": [0, 6.9637, 3.82818]
			},
			"faces": {
				"north": {
					"uv": [4.875, 14.125, 4.96875, 14.1875],
					"texture": "#0"
				},
				"east": {
					"uv": [3.625, 13.25, 3.8125, 13.3125],
					"texture": "#0"
				},
				"south": {
					"uv": [5, 14.125, 5.09375, 14.1875],
					"texture": "#0"
				},
				"west": {
					"uv": [13.25, 3.625, 13.4375, 3.6875],
					"texture": "#0"
				},
				"up": {
					"uv": [7.46875, 12.6875, 7.375, 12.5],
					"texture": "#0"
				},
				"down": {
					"uv": [7.59375, 12.5, 7.5, 12.6875],
					"texture": "#0"
				}
			}
		},
		{
			"from": [8.11906, 8.89845, 6.75285],
			"to": [8.61906, 9.89845, 8.25085],
			"rotation": {
				"angle": -22.5,
				"axis": "z",
				"origin": [8, 6.8637, 3.82818]
			},
			"faces": {
				"north": {
					"uv": [13.875, 7.875, 13.9375, 8],
					"texture": "#0"
				},
				"east": {
					"uv": [12, 0.75, 12.1875, 0.875],
					"texture": "#0"
				},
				"south": {
					"uv": [8, 13.875, 8.0625, 14],
					"texture": "#0"
				},
				"west": {
					"uv": [0.875, 12, 1.0625, 12.125],
					"texture": "#0"
				},
				"up": {
					"uv": [13.3125, 3.9375, 13.25, 3.75],
					"texture": "#0"
				},
				"down": {
					"uv": [3.9375, 13.25, 3.875, 13.4375],
					"texture": "#0"
				}
			}
		},
		{
			"from": [9.43094, 6.47345, 6.75385],
			"to": [9.68094, 7.47345, 8.24985],
			"rotation": {
				"angle": 22.5,
				"axis": "z",
				"origin": [8, 6.8637, 3.82818]
			},
			"faces": {
				"north": {
					"uv": [13.75, 14.375, 13.78125, 14.5],
					"texture": "#0"
				},
				"east": {
					"uv": [12, 0.875, 12.1875, 1],
					"texture": "#0"
				},
				"south": {
					"uv": [14.375, 13.75, 14.40625, 13.875],
					"texture": "#0"
				},
				"west": {
					"uv": [12, 1, 12.1875, 1.125],
					"texture": "#0"
				},
				"up": {
					"uv": [14.15625, 5.1875, 14.125, 5],
					"texture": "#0"
				},
				"down": {
					"uv": [5.15625, 14.125, 5.125, 14.3125],
					"texture": "#0"
				}
			}
		},
		{
			"from": [8.39401, 5.86825, 6.75285],
			"to": [9.39401, 6.36825, 8.25085],
			"rotation": {
				"angle": 45,
				"axis": "z",
				"origin": [8.00527, 6.8795, 3.82918]
			},
			"faces": {
				"north": {
					"uv": [13.875, 8, 14, 8.0625],
					"texture": "#0"
				},
				"east": {
					"uv": [4, 13.25, 4.1875, 13.3125],
					"texture": "#0"
				},
				"south": {
					"uv": [8.125, 13.875, 8.25, 13.9375],
					"texture": "#0"
				},
				"west": {
					"uv": [13.25, 4, 13.4375, 4.0625],
					"texture": "#0"
				},
				"up": {
					"uv": [1.25, 12.1875, 1.125, 12],
					"texture": "#0"
				},
				"down": {
					"uv": [12.125, 1.125, 12, 1.3125],
					"texture": "#0"
				}
			}
		},
		{
			"from": [6.60599, 5.86825, 6.75285],
			"to": [7.60599, 6.36825, 8.25085],
			"rotation": {
				"angle": -45,
				"axis": "z",
				"origin": [7.99473, 6.8795, 3.82918]
			},
			"faces": {
				"north": {
					"uv": [14, 8, 13.875, 8.0625],
					"texture": "#0"
				},
				"east": {
					"uv": [13.4375, 4, 13.25, 4.0625],
					"texture": "#0"
				},
				"south": {
					"uv": [8.25, 13.875, 8.125, 13.9375],
					"texture": "#0"
				},
				"west": {
					"uv": [4.1875, 13.25, 4, 13.3125],
					"texture": "#0"
				},
				"up": {
					"uv": [1.125, 12.1875, 1.25, 12],
					"texture": "#0"
				},
				"down": {
					"uv": [12, 1.125, 12.125, 1.3125],
					"texture": "#0"
				}
			}
		},
		{
			"from": [7.38094, 8.89845, 6.75285],
			"to": [7.88094, 9.89845, 8.25085],
			"rotation": {
				"angle": 22.5,
				"axis": "z",
				"origin": [8, 6.8637, 3.82818]
			},
			"faces": {
				"north": {
					"uv": [13.9375, 7.875, 13.875, 8],
					"texture": "#0"
				},
				"east": {
					"uv": [1.0625, 12, 0.875, 12.125],
					"texture": "#0"
				},
				"south": {
					"uv": [8.0625, 13.875, 8, 14],
					"texture": "#0"
				},
				"west": {
					"uv": [12.1875, 0.75, 12, 0.875],
					"texture": "#0"
				},
				"up": {
					"uv": [13.25, 3.9375, 13.3125, 3.75],
					"texture": "#0"
				},
				"down": {
					"uv": [3.875, 13.25, 3.9375, 13.4375],
					"texture": "#0"
				}
			}
		},
		{
			"from": [6.31906, 6.47345, 6.75385],
			"to": [6.56906, 7.47345, 8.24985],
			"rotation": {
				"angle": -22.5,
				"axis": "z",
				"origin": [8, 6.8637, 3.82818]
			},
			"faces": {
				"north": {
					"uv": [13.78125, 14.375, 13.75, 14.5],
					"texture": "#0"
				},
				"east": {
					"uv": [12.1875, 1, 12, 1.125],
					"texture": "#0"
				},
				"south": {
					"uv": [14.40625, 13.75, 14.375, 13.875],
					"texture": "#0"
				},
				"west": {
					"uv": [12.1875, 0.875, 12, 1],
					"texture": "#0"
				},
				"up": {
					"uv": [14.125, 5.1875, 14.15625, 5],
					"texture": "#0"
				},
				"down": {
					"uv": [5.125, 14.125, 5.15625, 14.3125],
					"texture": "#0"
				}
			}
		},
		{
			"from": [7, 9.71537, 6.75185],
			"to": [9, 9.96537, 8.25185],
			"rotation": {
				"angle": 0,
				"axis": "y",
				"origin": [0, 6.8637, 3.82818]
			},
			"faces": {
				"north": {
					"uv": [13.875, 8.125, 14.125, 8.15625],
					"texture": "#0"
				},
				"east": {
					"uv": [5.25, 14.125, 5.4375, 14.15625],
					"texture": "#0"
				},
				"south": {
					"uv": [8.25, 13.875, 8.5, 13.90625],
					"texture": "#0"
				},
				"west": {
					"uv": [14.125, 5.25, 14.3125, 5.28125],
					"texture": "#0"
				},
				"up": {
					"uv": [10.25, 7.3125, 10, 7.125],
					"texture": "#0"
				},
				"down": {
					"uv": [10.25, 7.375, 10, 7.5625],
					"texture": "#0"
				}
			}
		},
		{
			"from": [7.125, 9.96537, 6.75185],
			"to": [8.875, 10.21537, 8.25185],
			"rotation": {
				"angle": 0,
				"axis": "y",
				"origin": [0, 6.8637, 3.82818]
			},
			"faces": {
				"north": {
					"uv": [14, 7, 14.21875, 7.03125],
					"texture": "#0"
				},
				"east": {
					"uv": [14.125, 5.375, 14.3125, 5.40625],
					"texture": "#0"
				},
				"south": {
					"uv": [7.125, 14, 7.34375, 14.03125],
					"texture": "#0"
				},
				"west": {
					"uv": [14.125, 5.5, 14.3125, 5.53125],
					"texture": "#0"
				},
				"up": {
					"uv": [10.71875, 9.0625, 10.5, 8.875],
					"texture": "#0"
				},
				"down": {
					"uv": [10.84375, 0, 10.625, 0.1875],
					"texture": "#0"
				}
			}
		},
		{
			"from": [7.625, 11.19424, 5.27672],
			"to": [8.375, 11.69424, 6.52672],
			"rotation": {
				"angle": 22.5,
				"axis": "x",
				"origin": [0, 6.8637, 3.57818]
			},
			"faces": {
				"north": {
					"uv": [5.5, 14.125, 5.59375, 14.1875],
					"texture": "#0"
				},
				"east": {
					"uv": [13.5, 12.5, 13.65625, 12.5625],
					"texture": "#0"
				},
				"south": {
					"uv": [5.75, 14.125, 5.84375, 14.1875],
					"texture": "#0"
				},
				"west": {
					"uv": [13.625, 0, 13.78125, 0.0625],
					"texture": "#0"
				},
				"up": {
					"uv": [3.09375, 13.03125, 3, 12.875],
					"texture": "#0"
				},
				"down": {
					"uv": [12.96875, 3.125, 12.875, 3.28125],
					"texture": "#0"
				}
			}
		}
	]
}