{
	"textures": {
		"1": "animated_java:item/dino_aj/texture_anger"
	},
	"display": {
		"head": {
			"rotation": [0, 180, 0]
		}
	},
	"elements": [
		{
			"from": [8.09917, 10.54545, 10.31405],
			"to": [8.59504, 11.3719, 11.63636],
			"rotation": {
				"angle": 22.5,
				"axis": "z",
				"origin": [13.28926, 5.58678, -11.50413]
			},
			"faces": {
				"north": {
					"uv": [7.34375, 12.875, 7.25, 13.03125],
					"texture": "#1"
				},
				"east": {
					"uv": [10.125, 1.625, 9.875, 1.78125],
					"texture": "#1"
				},
				"south": {
					"uv": [7.46875, 12.875, 7.375, 13.03125],
					"texture": "#1"
				},
				"west": {
					"uv": [1.625, 9.875, 1.375, 10.03125],
					"texture": "#1"
				},
				"up": {
					"uv": [3, 11.75, 3.09375, 11.5],
					"texture": "#1"
				},
				"down": {
					"uv": [3.875, 11.5, 3.96875, 11.75],
					"texture": "#1"
				}
			}
		},
		{
			"from": [5.91736, 5.09091, 8.99174],
			"to": [6.57851, 5.75207, 10.31405],
			"rotation": {
				"angle": -22.5,
				"axis": "z",
				"origin": [13.28926, 5.58678, -11.50413]
			},
			"faces": {
				"north": {
					"uv": [3.75, 5.625, 3.625, 5.75],
					"texture": "#1"
				},
				"east": {
					"uv": [1.625, 5.875, 1.375, 6],
					"texture": "#1"
				},
				"south": {
					"uv": [0.375, 6, 0.25, 6.125],
					"texture": "#1"
				},
				"west": {
					"uv": [5.375, 5.75, 5.125, 5.875],
					"texture": "#1"
				},
				"up": {
					"uv": [3.25, 6.375, 3.375, 6.125],
					"texture": "#1"
				},
				"down": {
					"uv": [6.75, 5.875, 6.875, 6.125],
					"texture": "#1"
				}
			}
		},
		{
			"from": [8.16529, 10.47934, 8.99174],
			"to": [8.66116, 11.47107, 10.31405],
			"rotation": {
				"angle": 22.5,
				"axis": "z",
				"origin": [13.28926, 5.58678, -11.50413]
			},
			"faces": {
				"north": {
					"uv": [8.96875, 12.5, 8.875, 12.6875],
					"texture": "#1"
				},
				"east": {
					"uv": [5.125, 8.75, 4.875, 8.9375],
					"texture": "#1"
				},
				"south": {
					"uv": [9.09375, 12.5, 9, 12.6875],
					"texture": "#1"
				},
				"west": {
					"uv": [4.875, 8.75, 4.625, 8.9375],
					"texture": "#1"
				},
				"up": {
					"uv": [11.625, 2.625, 11.71875, 2.375],
					"texture": "#1"
				},
				"down": {
					"uv": [11.625, 2.625, 11.71875, 2.875],
					"texture": "#1"
				}
			}
		},
		{
			"from": [6.44628, 2.18182, 8.99174],
			"to": [7.43802, 3.33884, 10.31405],
			"rotation": {
				"angle": -45,
				"axis": "z",
				"origin": [13.28926, 5.58678, -11.50413]
			},
			"faces": {
				"north": {
					"uv": [4.0625, 9.625, 3.875, 9.84375],
					"texture": "#1"
				},
				"east": {
					"uv": [8.5, 7.375, 8.25, 7.59375],
					"texture": "#1"
				},
				"south": {
					"uv": [4.4375, 9.625, 4.25, 9.84375],
					"texture": "#1"
				},
				"west": {
					"uv": [8.5, 7.125, 8.25, 7.34375],
					"texture": "#1"
				},
				"up": {
					"uv": [4.125, 9, 4.3125, 8.75],
					"texture": "#1"
				},
				"down": {
					"uv": [8.75, 4.125, 8.9375, 4.375],
					"texture": "#1"
				}
			}
		},
		{
			"from": [6.28099, 2.04959, 7.67008],
			"to": [7.60331, 3.04132, 8.9924],
			"rotation": {
				"angle": -45,
				"axis": "z",
				"origin": [13.28926, 5.58678, -11.50413]
			},
			"faces": {
				"north": {
					"uv": [9, 3.375, 8.75, 3.5625],
					"texture": "#1"
				},
				"east": {
					"uv": [9, 3.875, 8.75, 4.0625],
					"texture": "#1"
				},
				"south": {
					"uv": [4.125, 8.75, 3.875, 8.9375],
					"texture": "#1"
				},
				"west": {
					"uv": [9, 3.625, 8.75, 3.8125],
					"texture": "#1"
				},
				"up": {
					"uv": [4, 8.125, 4.25, 7.875],
					"texture": "#1"
				},
				"down": {
					"uv": [4.5, 7.875, 4.75, 8.125],
					"texture": "#1"
				}
			}
		},
		{
			"from": [8.09917, 10.87603, 7.66942],
			"to": [8.59504, 11.53719, 8.99174],
			"rotation": {
				"angle": 22.5,
				"axis": "z",
				"origin": [13.28926, 5.58678, -11.50413]
			},
			"faces": {
				"north": {
					"uv": [13.21875, 4.25, 13.125, 4.375],
					"texture": "#1"
				},
				"east": {
					"uv": [7.125, 0.375, 6.875, 0.5],
					"texture": "#1"
				},
				"south": {
					"uv": [13.21875, 4.375, 13.125, 4.5],
					"texture": "#1"
				},
				"west": {
					"uv": [6.5, 2.75, 6.25, 2.875],
					"texture": "#1"
				},
				"up": {
					"uv": [11.625, 1.25, 11.71875, 1],
					"texture": "#1"
				},
				"down": {
					"uv": [11.625, 1.25, 11.71875, 1.5],
					"texture": "#1"
				}
			}
		},
		{
			"from": [7.33884, 10.47934, 8.99174],
			"to": [7.83471, 11.47107, 10.31405],
			"rotation": {
				"angle": -22.5,
				"axis": "z",
				"origin": [2.71074, 5.58678, -11.50413]
			},
			"faces": {
				"north": {
					"uv": [8.875, 12.5, 8.96875, 12.6875],
					"texture": "#1"
				},
				"east": {
					"uv": [4.625, 8.75, 4.875, 8.9375],
					"texture": "#1"
				},
				"south": {
					"uv": [9, 12.5, 9.09375, 12.6875],
					"texture": "#1"
				},
				"west": {
					"uv": [4.875, 8.75, 5.125, 8.9375],
					"texture": "#1"
				},
				"up": {
					"uv": [11.71875, 2.625, 11.625, 2.375],
					"texture": "#1"
				},
				"down": {
					"uv": [11.71875, 2.625, 11.625, 2.875],
					"texture": "#1"
				}
			}
		},
		{
			"from": [7.40496, 10.87603, 7.66942],
			"to": [7.90083, 11.53719, 8.99174],
			"rotation": {
				"angle": -22.5,
				"axis": "z",
				"origin": [2.71074, 5.58678, -11.50413]
			},
			"faces": {
				"north": {
					"uv": [13.125, 4.25, 13.21875, 4.375],
					"texture": "#1"
				},
				"east": {
					"uv": [6.25, 2.75, 6.5, 2.875],
					"texture": "#1"
				},
				"south": {
					"uv": [13.125, 4.375, 13.21875, 4.5],
					"texture": "#1"
				},
				"west": {
					"uv": [6.875, 0.375, 7.125, 0.5],
					"texture": "#1"
				},
				"up": {
					"uv": [11.71875, 1.25, 11.625, 1],
					"texture": "#1"
				},
				"down": {
					"uv": [11.71875, 1.25, 11.625, 1.5],
					"texture": "#1"
				}
			}
		},
		{
			"from": [7.40496, 10.54545, 10.31405],
			"to": [7.90083, 11.3719, 11.63636],
			"rotation": {
				"angle": -22.5,
				"axis": "z",
				"origin": [2.71074, 5.58678, -11.50413]
			},
			"faces": {
				"north": {
					"uv": [7.25, 12.875, 7.34375, 13.03125],
					"texture": "#1"
				},
				"east": {
					"uv": [1.375, 9.875, 1.625, 10.03125],
					"texture": "#1"
				},
				"south": {
					"uv": [7.375, 12.875, 7.46875, 13.03125],
					"texture": "#1"
				},
				"west": {
					"uv": [9.875, 1.625, 10.125, 1.78125],
					"texture": "#1"
				},
				"up": {
					"uv": [3.09375, 11.75, 3, 11.5],
					"texture": "#1"
				},
				"down": {
					"uv": [3.96875, 11.5, 3.875, 11.75],
					"texture": "#1"
				}
			}
		},
		{
			"from": [9.42149, 5.09091, 8.99174],
			"to": [10.08264, 5.75207, 10.31405],
			"rotation": {
				"angle": 22.5,
				"axis": "z",
				"origin": [2.71074, 5.58678, -11.50413]
			},
			"faces": {
				"north": {
					"uv": [3.625, 5.625, 3.75, 5.75],
					"texture": "#1"
				},
				"east": {
					"uv": [5.125, 5.75, 5.375, 5.875],
					"texture": "#1"
				},
				"south": {
					"uv": [0.25, 6, 0.375, 6.125],
					"texture": "#1"
				},
				"west": {
					"uv": [1.375, 5.875, 1.625, 6],
					"texture": "#1"
				},
				"up": {
					"uv": [3.375, 6.375, 3.25, 6.125],
					"texture": "#1"
				},
				"down": {
					"uv": [6.875, 5.875, 6.75, 6.125],
					"texture": "#1"
				}
			}
		},
		{
			"from": [8.56198, 2.34711, 10.31405],
			"to": [9.38843, 3.00826, 11.6357],
			"rotation": {
				"angle": 45,
				"axis": "z",
				"origin": [2.71074, 5.58678, -11.50413]
			},
			"faces": {
				"north": {
					"uv": [12.375, 4.125, 12.53125, 4.25],
					"texture": "#1"
				},
				"east": {
					"uv": [4, 0.875, 4.25, 1],
					"texture": "#1"
				},
				"south": {
					"uv": [4.25, 12.375, 4.40625, 12.5],
					"texture": "#1"
				},
				"west": {
					"uv": [4.5, 0.75, 4.75, 0.875],
					"texture": "#1"
				},
				"up": {
					"uv": [10.03125, 0.25, 9.875, 0],
					"texture": "#1"
				},
				"down": {
					"uv": [10.03125, 1.25, 9.875, 1.5],
					"texture": "#1"
				}
			}
		},
		{
			"from": [8.56198, 2.18182, 8.99174],
			"to": [9.55372, 3.33884, 10.31405],
			"rotation": {
				"angle": 45,
				"axis": "z",
				"origin": [2.71074, 5.58678, -11.50413]
			},
			"faces": {
				"north": {
					"uv": [3.875, 9.625, 4.0625, 9.84375],
					"texture": "#1"
				},
				"east": {
					"uv": [8.25, 7.125, 8.5, 7.34375],
					"texture": "#1"
				},
				"south": {
					"uv": [4.25, 9.625, 4.4375, 9.84375],
					"texture": "#1"
				},
				"west": {
					"uv": [8.25, 7.375, 8.5, 7.59375],
					"texture": "#1"
				},
				"up": {
					"uv": [4.3125, 9, 4.125, 8.75],
					"texture": "#1"
				},
				"down": {
					"uv": [8.9375, 4.125, 8.75, 4.375],
					"texture": "#1"
				}
			}
		},
		{
			"from": [8.39669, 2.04959, 7.67008],
			"to": [9.71901, 3.04132, 8.9924],
			"rotation": {
				"angle": 45,
				"axis": "z",
				"origin": [2.71074, 5.58678, -11.50413]
			},
			"faces": {
				"north": {
					"uv": [8.75, 3.375, 9, 3.5625],
					"texture": "#1"
				},
				"east": {
					"uv": [8.75, 3.625, 9, 3.8125],
					"texture": "#1"
				},
				"south": {
					"uv": [3.875, 8.75, 4.125, 8.9375],
					"texture": "#1"
				},
				"west": {
					"uv": [8.75, 3.875, 9, 4.0625],
					"texture": "#1"
				},
				"up": {
					"uv": [4.25, 8.125, 4, 7.875],
					"texture": "#1"
				},
				"down": {
					"uv": [4.75, 7.875, 4.5, 8.125],
					"texture": "#1"
				}
			}
		},
		{
			"from": [6.84231, 22.61157, -1.91736],
			"to": [7.3395, 23.10744, -0.76033],
			"rotation": {
				"angle": 45,
				"axis": "x",
				"origin": [13.12397, 5.58678, -11.50413]
			},
			"faces": {
				"north": {
					"uv": [13.71875, 9.875, 13.625, 9.96875],
					"texture": "#1"
				},
				"east": {
					"uv": [9.34375, 12.125, 9.125, 12.21875],
					"texture": "#1"
				},
				"south": {
					"uv": [13.71875, 10, 13.625, 10.09375],
					"texture": "#1"
				},
				"west": {
					"uv": [12.34375, 9, 12.125, 9.09375],
					"texture": "#1"
				},
				"up": {
					"uv": [9.375, 12.34375, 9.46875, 12.125],
					"texture": "#1"
				},
				"down": {
					"uv": [9.5, 12.125, 9.59375, 12.34375],
					"texture": "#1"
				}
			}
		},
		{
			"from": [6.84298, 2.1157, 7.83471],
			"to": [7.33884, 3.27273, 8.33058],
			"rotation": {
				"angle": -22.5,
				"axis": "x",
				"origin": [13.12397, 5.58678, -11.50413]
			},
			"faces": {
				"north": {
					"uv": [12.21875, 8, 12.125, 8.21875],
					"texture": "#1"
				},
				"east": {
					"uv": [9.09375, 12.125, 9, 12.34375],
					"texture": "#1"
				},
				"south": {
					"uv": [8.96875, 12.125, 8.875, 12.34375],
					"texture": "#1"
				},
				"west": {
					"uv": [12.21875, 8.75, 12.125, 8.96875],
					"texture": "#1"
				},
				"up": {
					"uv": [9.625, 13.71875, 9.71875, 13.625],
					"texture": "#1"
				},
				"down": {
					"uv": [13.625, 9.75, 13.71875, 9.84375],
					"texture": "#1"
				}
			}
		},
		{
			"from": [6.76033, 1.78512, 7.83471],
			"to": [7.42149, 2.1157, 8.49587],
			"rotation": {
				"angle": -22.5,
				"axis": "x",
				"origin": [13.12397, 5.58678, -11.50413]
			},
			"faces": {
				"north": {
					"uv": [13.875, 4.875, 13.75, 4.9375],
					"texture": "#1"
				},
				"east": {
					"uv": [13.875, 5.125, 13.75, 5.1875],
					"texture": "#1"
				},
				"south": {
					"uv": [5.25, 13.75, 5.125, 13.8125],
					"texture": "#1"
				},
				"west": {
					"uv": [5.125, 13.75, 5, 13.8125],
					"texture": "#1"
				},
				"up": {
					"uv": [4.25, 4.875, 4.375, 4.75],
					"texture": "#1"
				},
				"down": {
					"uv": [0.875, 5.5, 1, 5.625],
					"texture": "#1"
				}
			}
		},
		{
			"from": [6.75967, 16.49587, 4.8595],
			"to": [7.42215, 17.81818, 5.52066],
			"rotation": {
				"angle": 22.5,
				"axis": "x",
				"origin": [13.12397, 5.58678, -11.50413]
			},
			"faces": {
				"north": {
					"uv": [2, 2.75, 1.875, 3],
					"texture": "#1"
				},
				"east": {
					"uv": [2, 5.625, 1.875, 5.875],
					"texture": "#1"
				},
				"south": {
					"uv": [5.375, 1, 5.25, 1.25],
					"texture": "#1"
				},
				"west": {
					"uv": [4, 3.25, 3.875, 3.5],
					"texture": "#1"
				},
				"up": {
					"uv": [3.375, 5.625, 3.5, 5.5],
					"texture": "#1"
				},
				"down": {
					"uv": [5.5, 5.125, 5.625, 5.25],
					"texture": "#1"
				}
			}
		},
		{
			"from": [6.67769, 9.38843, 7.66942],
			"to": [7.50413, 9.68595, 8.99174],
			"rotation": {
				"angle": 0,
				"axis": "y",
				"origin": [13.28926, 5.58678, -11.50413]
			},
			"faces": {
				"north": {
					"uv": [13.53125, 6.5, 13.375, 6.5625],
					"texture": "#1"
				},
				"east": {
					"uv": [6.125, 12.75, 5.875, 12.8125],
					"texture": "#1"
				},
				"south": {
					"uv": [13.53125, 7, 13.375, 7.0625],
					"texture": "#1"
				},
				"west": {
					"uv": [13, 5.5, 12.75, 5.5625],
					"texture": "#1"
				},
				"up": {
					"uv": [9.75, 9.5, 9.90625, 9.25],
					"texture": "#1"
				},
				"down": {
					"uv": [9.625, 9.75, 9.78125, 10],
					"texture": "#1"
				}
			}
		},
		{
			"from": [6.67835, 22.18182, -0.61157],
			"to": [7.50347, 23.1405, 0.21488],
			"rotation": {
				"angle": 45,
				"axis": "x",
				"origin": [13.28926, 5.58678, -11.50413]
			},
			"faces": {
				"north": {
					"uv": [11.03125, 6.375, 10.875, 6.5625],
					"texture": "#1"
				},
				"east": {
					"uv": [11.03125, 7.125, 10.875, 7.3125],
					"texture": "#1"
				},
				"south": {
					"uv": [7.15625, 10.875, 7, 11.0625],
					"texture": "#1"
				},
				"west": {
					"uv": [6.90625, 10.875, 6.75, 11.0625],
					"texture": "#1"
				},
				"up": {
					"uv": [10.25, 11.53125, 10.40625, 11.375],
					"texture": "#1"
				},
				"down": {
					"uv": [11.375, 10.25, 11.53125, 10.40625],
					"texture": "#1"
				}
			}
		},
		{
			"from": [6.67702, 1.12397, 8.87603],
			"to": [7.50479, 2.24793, 9.20661],
			"rotation": {
				"angle": -22.5,
				"axis": "x",
				"origin": [13.28926, 5.58678, -11.50413]
			},
			"faces": {
				"north": {
					"uv": [8.15625, 10.25, 8, 10.46875],
					"texture": "#1"
				},
				"east": {
					"uv": [3.9375, 13, 3.875, 13.21875],
					"texture": "#1"
				},
				"south": {
					"uv": [10.40625, 8.125, 10.25, 8.34375],
					"texture": "#1"
				},
				"west": {
					"uv": [13.0625, 3.75, 13, 3.96875],
					"texture": "#1"
				},
				"up": {
					"uv": [13.375, 5.8125, 13.53125, 5.75],
					"texture": "#1"
				},
				"down": {
					"uv": [13.375, 6.375, 13.53125, 6.4375],
					"texture": "#1"
				}
			}
		},
		{
			"from": [6.94215, 1.45455, 9.4876],
			"to": [7.43802, 2.44628, 9.98347],
			"rotation": {
				"angle": -22.5,
				"axis": "x",
				"origin": [13.05785, 5.58678, -11.50413]
			},
			"faces": {
				"north": {
					"uv": [12.59375, 8.375, 12.5, 8.5625],
					"texture": "#1"
				},
				"east": {
					"uv": [8.84375, 12.5, 8.75, 12.6875],
					"texture": "#1"
				},
				"south": {
					"uv": [12.59375, 8.625, 12.5, 8.8125],
					"texture": "#1"
				},
				"west": {
					"uv": [8.71875, 12.5, 8.625, 12.6875],
					"texture": "#1"
				},
				"up": {
					"uv": [9.25, 13.71875, 9.34375, 13.625],
					"texture": "#1"
				},
				"down": {
					"uv": [9.5, 13.625, 9.59375, 13.71875],
					"texture": "#1"
				}
			}
		},
		{
			"from": [6.94149, 23.7686, -0.57851],
			"to": [7.43868, 24.26446, 0.57851],
			"rotation": {
				"angle": 45,
				"axis": "x",
				"origin": [13.05785, 5.58678, -11.50413]
			},
			"faces": {
				"north": {
					"uv": [13.71875, 8.625, 13.625, 8.71875],
					"texture": "#1"
				},
				"east": {
					"uv": [12.34375, 7.875, 12.125, 7.96875],
					"texture": "#1"
				},
				"south": {
					"uv": [9.09375, 13.625, 9, 13.71875],
					"texture": "#1"
				},
				"west": {
					"uv": [7.59375, 12.125, 7.375, 12.21875],
					"texture": "#1"
				},
				"up": {
					"uv": [5, 12.34375, 5.09375, 12.125],
					"texture": "#1"
				},
				"down": {
					"uv": [7.625, 12.125, 7.71875, 12.34375],
					"texture": "#1"
				}
			}
		},
		{
			"from": [6.8595, 0.95868, 9.4876],
			"to": [7.52066, 1.45455, 10.14876],
			"rotation": {
				"angle": -22.5,
				"axis": "x",
				"origin": [13.22314, 5.58678, -11.50413]
			},
			"faces": {
				"north": {
					"uv": [13.25, 3.75, 13.125, 3.84375],
					"texture": "#1"
				},
				"east": {
					"uv": [13.25, 4.125, 13.125, 4.21875],
					"texture": "#1"
				},
				"south": {
					"uv": [13.25, 4, 13.125, 4.09375],
					"texture": "#1"
				},
				"west": {
					"uv": [13.25, 3.875, 13.125, 3.96875],
					"texture": "#1"
				},
				"up": {
					"uv": [4.25, 1.5, 4.375, 1.375],
					"texture": "#1"
				},
				"down": {
					"uv": [0.75, 4.625, 0.875, 4.75],
					"texture": "#1"
				}
			}
		},
		{
			"from": [6.85884, 17.55372, 6.5124],
			"to": [7.52132, 18.38017, 7.17355],
			"rotation": {
				"angle": 22.5,
				"axis": "x",
				"origin": [13.05785, 5.58678, -11.50413]
			},
			"faces": {
				"north": {
					"uv": [8, 12.25, 7.875, 12.40625],
					"texture": "#1"
				},
				"east": {
					"uv": [1.875, 12.375, 1.75, 12.53125],
					"texture": "#1"
				},
				"south": {
					"uv": [1.375, 12.375, 1.25, 12.53125],
					"texture": "#1"
				},
				"west": {
					"uv": [0.875, 12.375, 0.75, 12.53125],
					"texture": "#1"
				},
				"up": {
					"uv": [4.75, 1.375, 4.875, 1.25],
					"texture": "#1"
				},
				"down": {
					"uv": [2.25, 4.75, 2.375, 4.875],
					"texture": "#1"
				}
			}
		},
		{
			"from": [6.77752, 23.32231, 0.7438],
			"to": [7.60264, 24.31405, 1.57025],
			"rotation": {
				"angle": 45,
				"axis": "x",
				"origin": [13.05785, 5.58678, -11.50413]
			},
			"faces": {
				"north": {
					"uv": [5.53125, 10.875, 5.375, 11.0625],
					"texture": "#1"
				},
				"east": {
					"uv": [11.03125, 6.125, 10.875, 6.3125],
					"texture": "#1"
				},
				"south": {
					"uv": [6.28125, 10.875, 6.125, 11.0625],
					"texture": "#1"
				},
				"west": {
					"uv": [6.03125, 10.875, 5.875, 11.0625],
					"texture": "#1"
				},
				"up": {
					"uv": [9.25, 11.53125, 9.40625, 11.375],
					"texture": "#1"
				},
				"down": {
					"uv": [11.375, 10, 11.53125, 10.15625],
					"texture": "#1"
				}
			}
		},
		{
			"from": [6.77686, 0.31405, 10.47934],
			"to": [7.60331, 1.43802, 10.80992],
			"rotation": {
				"angle": -22.5,
				"axis": "x",
				"origin": [13.22314, 5.58678, -11.50413]
			},
			"faces": {
				"north": {
					"uv": [10.40625, 7.5, 10.25, 7.71875],
					"texture": "#1"
				},
				"east": {
					"uv": [3.8125, 13, 3.75, 13.21875],
					"texture": "#1"
				},
				"south": {
					"uv": [10.40625, 7.875, 10.25, 8.09375],
					"texture": "#1"
				},
				"west": {
					"uv": [2.6875, 13, 2.625, 13.21875],
					"texture": "#1"
				},
				"up": {
					"uv": [13.375, 5.3125, 13.53125, 5.25],
					"texture": "#1"
				},
				"down": {
					"uv": [13.375, 5.625, 13.53125, 5.6875],
					"texture": "#1"
				}
			}
		},
		{
			"from": [6.77686, 9.38843, 9.4876],
			"to": [7.60331, 9.55372, 9.81818],
			"rotation": {
				"angle": 0,
				"axis": "y",
				"origin": [13.22314, 5.58678, -11.50413]
			},
			"faces": {
				"north": {
					"uv": [14.28125, 1.875, 14.125, 1.90625],
					"texture": "#1"
				},
				"east": {
					"uv": [6.4375, 14.25, 6.375, 14.28125],
					"texture": "#1"
				},
				"south": {
					"uv": [14.28125, 2, 14.125, 2.03125],
					"texture": "#1"
				},
				"west": {
					"uv": [6.3125, 14.25, 6.25, 14.28125],
					"texture": "#1"
				},
				"up": {
					"uv": [13.375, 4.5625, 13.53125, 4.5],
					"texture": "#1"
				},
				"down": {
					"uv": [13.375, 5, 13.53125, 5.0625],
					"texture": "#1"
				}
			}
		},
		{
			"from": [8.57785, 16.49587, 4.8595],
			"to": [9.24033, 17.81818, 5.52066],
			"rotation": {
				"angle": 22.5,
				"axis": "x",
				"origin": [2.87603, 5.58678, -11.50413]
			},
			"faces": {
				"north": {
					"uv": [1.875, 2.75, 2, 3],
					"texture": "#1"
				},
				"east": {
					"uv": [3.875, 3.25, 4, 3.5],
					"texture": "#1"
				},
				"south": {
					"uv": [5.25, 1, 5.375, 1.25],
					"texture": "#1"
				},
				"west": {
					"uv": [1.875, 5.625, 2, 5.875],
					"texture": "#1"
				},
				"up": {
					"uv": [3.5, 5.625, 3.375, 5.5],
					"texture": "#1"
				},
				"down": {
					"uv": [5.625, 5.125, 5.5, 5.25],
					"texture": "#1"
				}
			}
		},
		{
			"from": [8.57851, 1.78512, 7.83471],
			"to": [9.23967, 2.1157, 8.49587],
			"rotation": {
				"angle": -22.5,
				"axis": "x",
				"origin": [2.87603, 5.58678, -11.50413]
			},
			"faces": {
				"north": {
					"uv": [13.75, 4.875, 13.875, 4.9375],
					"texture": "#1"
				},
				"east": {
					"uv": [5, 13.75, 5.125, 13.8125],
					"texture": "#1"
				},
				"south": {
					"uv": [5.125, 13.75, 5.25, 13.8125],
					"texture": "#1"
				},
				"west": {
					"uv": [13.75, 5.125, 13.875, 5.1875],
					"texture": "#1"
				},
				"up": {
					"uv": [4.375, 4.875, 4.25, 4.75],
					"texture": "#1"
				},
				"down": {
					"uv": [1, 5.5, 0.875, 5.625],
					"texture": "#1"
				}
			}
		},
		{
			"from": [8.6605, 22.61157, -1.91736],
			"to": [9.15769, 23.10744, -0.76033],
			"rotation": {
				"angle": 45,
				"axis": "x",
				"origin": [2.87603, 5.58678, -11.50413]
			},
			"faces": {
				"north": {
					"uv": [13.625, 9.875, 13.71875, 9.96875],
					"texture": "#1"
				},
				"east": {
					"uv": [12.125, 9, 12.34375, 9.09375],
					"texture": "#1"
				},
				"south": {
					"uv": [13.625, 10, 13.71875, 10.09375],
					"texture": "#1"
				},
				"west": {
					"uv": [9.125, 12.125, 9.34375, 12.21875],
					"texture": "#1"
				},
				"up": {
					"uv": [9.46875, 12.34375, 9.375, 12.125],
					"texture": "#1"
				},
				"down": {
					"uv": [9.59375, 12.125, 9.5, 12.34375],
					"texture": "#1"
				}
			}
		},
		{
			"from": [8.66116, 2.1157, 7.83471],
			"to": [9.15702, 3.27273, 8.33058],
			"rotation": {
				"angle": -22.5,
				"axis": "x",
				"origin": [2.87603, 5.58678, -11.50413]
			},
			"faces": {
				"north": {
					"uv": [12.125, 8, 12.21875, 8.21875],
					"texture": "#1"
				},
				"east": {
					"uv": [12.125, 8.75, 12.21875, 8.96875],
					"texture": "#1"
				},
				"south": {
					"uv": [8.875, 12.125, 8.96875, 12.34375],
					"texture": "#1"
				},
				"west": {
					"uv": [9, 12.125, 9.09375, 12.34375],
					"texture": "#1"
				},
				"up": {
					"uv": [9.71875, 13.71875, 9.625, 13.625],
					"texture": "#1"
				},
				"down": {
					"uv": [13.71875, 9.75, 13.625, 9.84375],
					"texture": "#1"
				}
			}
		},
		{
			"from": [8.49653, 22.18182, -0.61157],
			"to": [9.32165, 23.1405, 0.21488],
			"rotation": {
				"angle": 45,
				"axis": "x",
				"origin": [2.71074, 5.58678, -11.50413]
			},
			"faces": {
				"north": {
					"uv": [10.875, 6.375, 11.03125, 6.5625],
					"texture": "#1"
				},
				"east": {
					"uv": [6.75, 10.875, 6.90625, 11.0625],
					"texture": "#1"
				},
				"south": {
					"uv": [7, 10.875, 7.15625, 11.0625],
					"texture": "#1"
				},
				"west": {
					"uv": [10.875, 7.125, 11.03125, 7.3125],
					"texture": "#1"
				},
				"up": {
					"uv": [10.40625, 11.53125, 10.25, 11.375],
					"texture": "#1"
				},
				"down": {
					"uv": [11.53125, 10.25, 11.375, 10.40625],
					"texture": "#1"
				}
			}
		},
		{
			"from": [8.49587, 9.38843, 7.66942],
			"to": [9.32231, 9.68595, 8.99174],
			"rotation": {
				"angle": 0,
				"axis": "y",
				"origin": [2.71074, 5.58678, -11.50413]
			},
			"faces": {
				"north": {
					"uv": [13.375, 6.5, 13.53125, 6.5625],
					"texture": "#1"
				},
				"east": {
					"uv": [12.75, 5.5, 13, 5.5625],
					"texture": "#1"
				},
				"south": {
					"uv": [13.375, 7, 13.53125, 7.0625],
					"texture": "#1"
				},
				"west": {
					"uv": [5.875, 12.75, 6.125, 12.8125],
					"texture": "#1"
				},
				"up": {
					"uv": [9.90625, 9.5, 9.75, 9.25],
					"texture": "#1"
				},
				"down": {
					"uv": [9.78125, 9.75, 9.625, 10],
					"texture": "#1"
				}
			}
		},
		{
			"from": [8.49521, 1.12397, 8.87603],
			"to": [9.32298, 2.24793, 9.20661],
			"rotation": {
				"angle": -22.5,
				"axis": "x",
				"origin": [2.71074, 5.58678, -11.50413]
			},
			"faces": {
				"north": {
					"uv": [8, 10.25, 8.15625, 10.46875],
					"texture": "#1"
				},
				"east": {
					"uv": [13, 3.75, 13.0625, 3.96875],
					"texture": "#1"
				},
				"south": {
					"uv": [10.25, 8.125, 10.40625, 8.34375],
					"texture": "#1"
				},
				"west": {
					"uv": [3.875, 13, 3.9375, 13.21875],
					"texture": "#1"
				},
				"up": {
					"uv": [13.53125, 5.8125, 13.375, 5.75],
					"texture": "#1"
				},
				"down": {
					"uv": [13.53125, 6.375, 13.375, 6.4375],
					"texture": "#1"
				}
			}
		},
		{
			"from": [8.39736, 23.32231, 0.7438],
			"to": [9.22248, 24.31405, 1.57025],
			"rotation": {
				"angle": 45,
				"axis": "x",
				"origin": [2.94215, 5.58678, -11.50413]
			},
			"faces": {
				"north": {
					"uv": [5.375, 10.875, 5.53125, 11.0625],
					"texture": "#1"
				},
				"east": {
					"uv": [5.875, 10.875, 6.03125, 11.0625],
					"texture": "#1"
				},
				"south": {
					"uv": [6.125, 10.875, 6.28125, 11.0625],
					"texture": "#1"
				},
				"west": {
					"uv": [10.875, 6.125, 11.03125, 6.3125],
					"texture": "#1"
				},
				"up": {
					"uv": [9.40625, 11.53125, 9.25, 11.375],
					"texture": "#1"
				},
				"down": {
					"uv": [11.53125, 10, 11.375, 10.15625],
					"texture": "#1"
				}
			}
		},
		{
			"from": [8.47868, 17.55372, 6.5124],
			"to": [9.14116, 18.38017, 7.17355],
			"rotation": {
				"angle": 22.5,
				"axis": "x",
				"origin": [2.94215, 5.58678, -11.50413]
			},
			"faces": {
				"north": {
					"uv": [7.875, 12.25, 8, 12.40625],
					"texture": "#1"
				},
				"east": {
					"uv": [0.75, 12.375, 0.875, 12.53125],
					"texture": "#1"
				},
				"south": {
					"uv": [1.25, 12.375, 1.375, 12.53125],
					"texture": "#1"
				},
				"west": {
					"uv": [1.75, 12.375, 1.875, 12.53125],
					"texture": "#1"
				},
				"up": {
					"uv": [4.875, 1.375, 4.75, 1.25],
					"texture": "#1"
				},
				"down": {
					"uv": [2.375, 4.75, 2.25, 4.875],
					"texture": "#1"
				}
			}
		},
		{
			"from": [8.56198, 1.45455, 9.4876],
			"to": [9.05785, 2.44628, 9.98347],
			"rotation": {
				"angle": -22.5,
				"axis": "x",
				"origin": [2.94215, 5.58678, -11.50413]
			},
			"faces": {
				"north": {
					"uv": [12.5, 8.375, 12.59375, 8.5625],
					"texture": "#1"
				},
				"east": {
					"uv": [8.625, 12.5, 8.71875, 12.6875],
					"texture": "#1"
				},
				"south": {
					"uv": [12.5, 8.625, 12.59375, 8.8125],
					"texture": "#1"
				},
				"west": {
					"uv": [8.75, 12.5, 8.84375, 12.6875],
					"texture": "#1"
				},
				"up": {
					"uv": [9.34375, 13.71875, 9.25, 13.625],
					"texture": "#1"
				},
				"down": {
					"uv": [9.59375, 13.625, 9.5, 13.71875],
					"texture": "#1"
				}
			}
		},
		{
			"from": [8.56132, 23.7686, -0.57851],
			"to": [9.05851, 24.26446, 0.57851],
			"rotation": {
				"angle": 45,
				"axis": "x",
				"origin": [2.94215, 5.58678, -11.50413]
			},
			"faces": {
				"north": {
					"uv": [13.625, 8.625, 13.71875, 8.71875],
					"texture": "#1"
				},
				"east": {
					"uv": [7.375, 12.125, 7.59375, 12.21875],
					"texture": "#1"
				},
				"south": {
					"uv": [9, 13.625, 9.09375, 13.71875],
					"texture": "#1"
				},
				"west": {
					"uv": [12.125, 7.875, 12.34375, 7.96875],
					"texture": "#1"
				},
				"up": {
					"uv": [5.09375, 12.34375, 5, 12.125],
					"texture": "#1"
				},
				"down": {
					"uv": [7.71875, 12.125, 7.625, 12.34375],
					"texture": "#1"
				}
			}
		},
		{
			"from": [8.47934, 0.95868, 9.4876],
			"to": [9.1405, 1.45455, 10.14876],
			"rotation": {
				"angle": -22.5,
				"axis": "x",
				"origin": [2.77686, 5.58678, -11.50413]
			},
			"faces": {
				"north": {
					"uv": [13.125, 3.75, 13.25, 3.84375],
					"texture": "#1"
				},
				"east": {
					"uv": [13.125, 3.875, 13.25, 3.96875],
					"texture": "#1"
				},
				"south": {
					"uv": [13.125, 4, 13.25, 4.09375],
					"texture": "#1"
				},
				"west": {
					"uv": [13.125, 4.125, 13.25, 4.21875],
					"texture": "#1"
				},
				"up": {
					"uv": [4.375, 1.5, 4.25, 1.375],
					"texture": "#1"
				},
				"down": {
					"uv": [0.875, 4.625, 0.75, 4.75],
					"texture": "#1"
				}
			}
		},
		{
			"from": [8.39669, 0.31405, 10.47934],
			"to": [9.22314, 1.43802, 10.80992],
			"rotation": {
				"angle": -22.5,
				"axis": "x",
				"origin": [2.77686, 5.58678, -11.50413]
			},
			"faces": {
				"north": {
					"uv": [10.25, 7.5, 10.40625, 7.71875],
					"texture": "#1"
				},
				"east": {
					"uv": [2.625, 13, 2.6875, 13.21875],
					"texture": "#1"
				},
				"south": {
					"uv": [10.25, 7.875, 10.40625, 8.09375],
					"texture": "#1"
				},
				"west": {
					"uv": [3.75, 13, 3.8125, 13.21875],
					"texture": "#1"
				},
				"up": {
					"uv": [13.53125, 5.3125, 13.375, 5.25],
					"texture": "#1"
				},
				"down": {
					"uv": [13.53125, 5.625, 13.375, 5.6875],
					"texture": "#1"
				}
			}
		},
		{
			"from": [8.39669, 9.38843, 9.4876],
			"to": [9.22314, 9.55372, 9.81818],
			"rotation": {
				"angle": 0,
				"axis": "y",
				"origin": [2.77686, 5.58678, -11.50413]
			},
			"faces": {
				"north": {
					"uv": [14.125, 1.875, 14.28125, 1.90625],
					"texture": "#1"
				},
				"east": {
					"uv": [6.25, 14.25, 6.3125, 14.28125],
					"texture": "#1"
				},
				"south": {
					"uv": [14.125, 2, 14.28125, 2.03125],
					"texture": "#1"
				},
				"west": {
					"uv": [6.375, 14.25, 6.4375, 14.28125],
					"texture": "#1"
				},
				"up": {
					"uv": [13.53125, 4.5625, 13.375, 4.5],
					"texture": "#1"
				},
				"down": {
					"uv": [13.53125, 5, 13.375, 5.0625],
					"texture": "#1"
				}
			}
		},
		{
			"from": [7.09091, 9.38843, 8.99174],
			"to": [8.90909, 9.71901, 10.31405],
			"rotation": {
				"angle": 0,
				"axis": "y",
				"origin": [2.71074, 5.58678, -11.50413]
			},
			"faces": {
				"north": {
					"uv": [11.875, 5.75, 12.21875, 5.8125],
					"texture": "#1"
				},
				"east": {
					"uv": [12.75, 5.25, 13, 5.3125],
					"texture": "#1"
				},
				"south": {
					"uv": [11.875, 5.875, 12.21875, 5.9375],
					"texture": "#1"
				},
				"west": {
					"uv": [12.75, 5.375, 13, 5.4375],
					"texture": "#1"
				},
				"up": {
					"uv": [5.96875, 0.5, 5.625, 0.25],
					"texture": "#1"
				},
				"down": {
					"uv": [1.21875, 5.625, 0.875, 5.875],
					"texture": "#1"
				}
			}
		},
		{
			"from": [7.09091, 9.38843, 10.31405],
			"to": [8.90909, 9.8843, 11.63636],
			"rotation": {
				"angle": 0,
				"axis": "y",
				"origin": [2.71074, 5.58678, -11.50413]
			},
			"faces": {
				"north": {
					"uv": [10.375, 9.375, 10.71875, 9.46875],
					"texture": "#1"
				},
				"east": {
					"uv": [11.625, 0.75, 11.875, 0.84375],
					"texture": "#1"
				},
				"south": {
					"uv": [10.25, 10.375, 10.59375, 10.46875],
					"texture": "#1"
				},
				"west": {
					"uv": [11.625, 0.875, 11.875, 0.96875],
					"texture": "#1"
				},
				"up": {
					"uv": [1.84375, 3.5, 1.5, 3.25],
					"texture": "#1"
				},
				"down": {
					"uv": [5.96875, 0, 5.625, 0.25],
					"texture": "#1"
				}
			}
		},
		{
			"from": [7.66942, 14.5124, 8],
			"to": [8.33058, 15.00826, 9.4876],
			"rotation": {
				"angle": 22.5,
				"axis": "x",
				"origin": [2.71074, 5.58678, -11.50413]
			},
			"faces": {
				"north": {
					"uv": [13.125, 3.125, 13.25, 3.21875],
					"texture": "#1"
				},
				"east": {
					"uv": [1.375, 11.25, 1.65625, 11.34375],
					"texture": "#1"
				},
				"south": {
					"uv": [3.625, 13.125, 3.75, 13.21875],
					"texture": "#1"
				},
				"west": {
					"uv": [11.25, 1.375, 11.53125, 1.46875],
					"texture": "#1"
				},
				"up": {
					"uv": [5.25, 10.40625, 5.125, 10.125],
					"texture": "#1"
				},
				"down": {
					"uv": [5.375, 10.125, 5.25, 10.40625],
					"texture": "#1"
				}
			}
		},
		{
			"from": [7.66942, 14.01653, 6.5124],
			"to": [8.33058, 14.5124, 8],
			"rotation": {
				"angle": 22.5,
				"axis": "x",
				"origin": [2.71074, 5.58678, -11.50413]
			},
			"faces": {
				"north": {
					"uv": [13.125, 1.75, 13.25, 1.84375],
					"texture": "#1"
				},
				"east": {
					"uv": [11.25, 1.125, 11.53125, 1.21875],
					"texture": "#1"
				},
				"south": {
					"uv": [13.125, 2.625, 13.25, 2.71875],
					"texture": "#1"
				},
				"west": {
					"uv": [11.25, 1.25, 11.53125, 1.34375],
					"texture": "#1"
				},
				"up": {
					"uv": [5, 10.40625, 4.875, 10.125],
					"texture": "#1"
				},
				"down": {
					"uv": [5.125, 10.125, 5, 10.40625],
					"texture": "#1"
				}
			}
		},
		{
			"from": [7.2562, 6.24793, 8.99174],
			"to": [8.7438, 6.7438, 11.63636],
			"rotation": {
				"angle": 0,
				"axis": "y",
				"origin": [2.71074, 5.2562, -11.50413]
			},
			"faces": {
				"north": {
					"uv": [1, 11.25, 1.28125, 11.34375],
					"texture": "#1"
				},
				"east": {
					"uv": [8.75, 1.875, 9.25, 1.96875],
					"texture": "#1"
				},
				"south": {
					"uv": [11.25, 1, 11.53125, 1.09375],
					"texture": "#1"
				},
				"west": {
					"uv": [3.375, 8.75, 3.875, 8.84375],
					"texture": "#1"
				},
				"up": {
					"uv": [2.78125, 2, 2.5, 1.5],
					"texture": "#1"
				},
				"down": {
					"uv": [2.28125, 2.5, 2, 3],
					"texture": "#1"
				}
			}
		},
		{
			"from": [7.2562, 6.08264, 7.66942],
			"to": [8.7438, 6.57851, 8.99174],
			"rotation": {
				"angle": 0,
				"axis": "y",
				"origin": [2.71074, 5.2562, -11.50413]
			},
			"faces": {
				"north": {
					"uv": [11.25, 0.75, 11.53125, 0.84375],
					"texture": "#1"
				},
				"east": {
					"uv": [11.5, 11.375, 11.75, 11.46875],
					"texture": "#1"
				},
				"south": {
					"uv": [11.25, 0.875, 11.53125, 0.96875],
					"texture": "#1"
				},
				"west": {
					"uv": [11.5, 11.5, 11.75, 11.59375],
					"texture": "#1"
				},
				"up": {
					"uv": [6.90625, 4.25, 6.625, 4],
					"texture": "#1"
				},
				"down": {
					"uv": [6.28125, 6.625, 6, 6.875],
					"texture": "#1"
				}
			}
		},
		{
			"from": [6.76033, 7.07438, 10.31405],
			"to": [9.23967, 8.2314, 11.63636],
			"rotation": {
				"angle": 0,
				"axis": "y",
				"origin": [2.71074, 5.58678, -11.50413]
			},
			"faces": {
				"north": {
					"uv": [4.375, 0, 4.84375, 0.21875],
					"texture": "#1"
				},
				"east": {
					"uv": [8.25, 6.625, 8.5, 6.84375],
					"texture": "#1"
				},
				"south": {
					"uv": [4.375, 0.25, 4.84375, 0.46875],
					"texture": "#1"
				},
				"west": {
					"uv": [8.25, 6.875, 8.5, 7.09375],
					"texture": "#1"
				},
				"up": {
					"uv": [3.84375, 1.5, 3.375, 1.25],
					"texture": "#1"
				},
				"down": {
					"uv": [3.84375, 2.5, 3.375, 2.75],
					"texture": "#1"
				}
			}
		},
		{
			"from": [6.76033, 7.07438, 8.99174],
			"to": [9.23967, 8.2314, 10.31405],
			"rotation": {
				"angle": 0,
				"axis": "y",
				"origin": [2.71074, 5.58678, -11.50413]
			},
			"faces": {
				"north": {
					"uv": [4.25, 0.875, 4.71875, 1.09375],
					"texture": "#1"
				},
				"east": {
					"uv": [8.25, 6.125, 8.5, 6.34375],
					"texture": "#1"
				},
				"south": {
					"uv": [4.25, 1.125, 4.71875, 1.34375],
					"texture": "#1"
				},
				"west": {
					"uv": [8.25, 6.375, 8.5, 6.59375],
					"texture": "#1"
				},
				"up": {
					"uv": [3.71875, 2.5, 3.25, 2.25],
					"texture": "#1"
				},
				"down": {
					"uv": [3.84375, 1, 3.375, 1.25],
					"texture": "#1"
				}
			}
		},
		{
			"from": [6.92562, 6.7438, 8.99174],
			"to": [9.07438, 7.07438, 10.31405],
			"rotation": {
				"angle": 0,
				"axis": "y",
				"origin": [2.71074, 5.58678, -11.50413]
			},
			"faces": {
				"north": {
					"uv": [11.25, 7.75, 11.65625, 7.8125],
					"texture": "#1"
				},
				"east": {
					"uv": [5, 12.75, 5.25, 12.8125],
					"texture": "#1"
				},
				"south": {
					"uv": [11.25, 7.875, 11.65625, 7.9375],
					"texture": "#1"
				},
				"west": {
					"uv": [12.75, 5.125, 13, 5.1875],
					"texture": "#1"
				},
				"up": {
					"uv": [4.78125, 4.375, 4.375, 4.125],
					"texture": "#1"
				},
				"down": {
					"uv": [4.78125, 4.375, 4.375, 4.625],
					"texture": "#1"
				}
			}
		},
		{
			"from": [6.92562, 6.7438, 10.31405],
			"to": [9.07438, 7.07438, 11.63636],
			"rotation": {
				"angle": 0,
				"axis": "y",
				"origin": [2.71074, 5.58678, -11.50413]
			},
			"faces": {
				"north": {
					"uv": [7.5, 11.25, 7.90625, 11.3125],
					"texture": "#1"
				},
				"east": {
					"uv": [4.625, 12.75, 4.875, 12.8125],
					"texture": "#1"
				},
				"south": {
					"uv": [11.25, 7.5, 11.65625, 7.5625],
					"texture": "#1"
				},
				"west": {
					"uv": [12.75, 4.625, 13, 4.6875],
					"texture": "#1"
				},
				"up": {
					"uv": [4.78125, 3.875, 4.375, 3.625],
					"texture": "#1"
				},
				"down": {
					"uv": [4.78125, 3.875, 4.375, 4.125],
					"texture": "#1"
				}
			}
		},
		{
			"from": [6.92562, 6.57851, 7.66942],
			"to": [9.07438, 6.90909, 8.99174],
			"rotation": {
				"angle": 0,
				"axis": "y",
				"origin": [2.71074, 5.58678, -11.50413]
			},
			"faces": {
				"north": {
					"uv": [11.25, 6.625, 11.65625, 6.6875],
					"texture": "#1"
				},
				"east": {
					"uv": [4.25, 12.75, 4.5, 12.8125],
					"texture": "#1"
				},
				"south": {
					"uv": [7, 11.25, 7.40625, 11.3125],
					"texture": "#1"
				},
				"west": {
					"uv": [12.75, 4.5, 13, 4.5625],
					"texture": "#1"
				},
				"up": {
					"uv": [4.78125, 3.375, 4.375, 3.125],
					"texture": "#1"
				},
				"down": {
					"uv": [4.78125, 3.375, 4.375, 3.625],
					"texture": "#1"
				}
			}
		},
		{
			"from": [6.76033, 6.90909, 7.66876],
			"to": [9.23967, 8.2314, 8.99174],
			"rotation": {
				"angle": 0,
				"axis": "y",
				"origin": [2.71074, 5.58678, -11.50413]
			},
			"faces": {
				"north": {
					"uv": [1, 3.25, 1.46875, 3.5],
					"texture": "#1"
				},
				"east": {
					"uv": [2.5, 7.875, 2.75, 8.125],
					"texture": "#1"
				},
				"south": {
					"uv": [3.25, 1.5, 3.71875, 1.75],
					"texture": "#1"
				},
				"west": {
					"uv": [2.75, 7.875, 3, 8.125],
					"texture": "#1"
				},
				"up": {
					"uv": [3.71875, 2, 3.25, 1.75],
					"texture": "#1"
				},
				"down": {
					"uv": [3.71875, 2, 3.25, 2.25],
					"texture": "#1"
				}
			}
		},
		{
			"from": [8.18182, 8.89256, 7.67008],
			"to": [9.57025, 9.38843, 8.9924],
			"rotation": {
				"angle": 22.5,
				"axis": "z",
				"origin": [8, 5.58678, -11.50413]
			},
			"faces": {
				"north": {
					"uv": [8.75, 11.5, 9, 11.59375],
					"texture": "#1"
				},
				"east": {
					"uv": [11.5, 9.25, 11.75, 9.34375],
					"texture": "#1"
				},
				"south": {
					"uv": [9.75, 11.5, 10, 11.59375],
					"texture": "#1"
				},
				"west": {
					"uv": [10, 11.5, 10.25, 11.59375],
					"texture": "#1"
				},
				"up": {
					"uv": [3.5, 8, 3.25, 7.75],
					"texture": "#1"
				},
				"down": {
					"uv": [5.5, 7.75, 5.25, 8],
					"texture": "#1"
				}
			}
		},
		{
			"from": [6.42975, 8.89256, 7.67008],
			"to": [7.81818, 9.38843, 8.9924],
			"rotation": {
				"angle": -22.5,
				"axis": "z",
				"origin": [8, 5.58678, -11.50413]
			},
			"faces": {
				"north": {
					"uv": [11.5, 6.5, 11.75, 6.59375],
					"texture": "#1"
				},
				"east": {
					"uv": [11.5, 6.75, 11.75, 6.84375],
					"texture": "#1"
				},
				"south": {
					"uv": [8.25, 11.5, 8.5, 11.59375],
					"texture": "#1"
				},
				"west": {
					"uv": [8.5, 11.5, 8.75, 11.59375],
					"texture": "#1"
				},
				"up": {
					"uv": [5.25, 0.75, 5, 0.5],
					"texture": "#1"
				},
				"down": {
					"uv": [2.5, 7.75, 2.25, 8],
					"texture": "#1"
				}
			}
		},
		{
			"from": [6.61157, 2.34711, 10.31405],
			"to": [7.43802, 3.00826, 11.6357],
			"rotation": {
				"angle": -45,
				"axis": "z",
				"origin": [13.28926, 5.58678, -11.50413]
			},
			"faces": {
				"north": {
					"uv": [12.53125, 4.125, 12.375, 4.25],
					"texture": "#1"
				},
				"east": {
					"uv": [4.75, 0.75, 4.5, 0.875],
					"texture": "#1"
				},
				"south": {
					"uv": [4.40625, 12.375, 4.25, 12.5],
					"texture": "#1"
				},
				"west": {
					"uv": [4.25, 0.875, 4, 1],
					"texture": "#1"
				},
				"up": {
					"uv": [9.875, 0.25, 10.03125, 0],
					"texture": "#1"
				},
				"down": {
					"uv": [9.875, 1.25, 10.03125, 1.5],
					"texture": "#1"
				}
			}
		},
		{
			"from": [6.59504, 8.2314, 7.66876],
			"to": [9.40496, 9.38843, 11.63702],
			"rotation": {
				"angle": 0,
				"axis": "y",
				"origin": [2.71074, 5.58678, -11.50413]
			},
			"faces": {
				"north": {
					"uv": [1.5, 3.75, 2.03125, 3.96875],
					"texture": "#1"
				},
				"east": {
					"uv": [2.375, 0, 3.125, 0.21875],
					"texture": "#1"
				},
				"south": {
					"uv": [3.75, 1.5, 4.28125, 1.71875],
					"texture": "#1"
				},
				"west": {
					"uv": [2.375, 0.25, 3.125, 0.46875],
					"texture": "#1"
				},
				"up": {
					"uv": [0.53125, 0.75, 0, 0],
					"texture": "#1"
				},
				"down": {
					"uv": [1.15625, 0, 0.625, 0.75],
					"texture": "#1"
				}
			}
		}
	]
}