{
	"textures": {
		"1": "animated_java:item/dino_aj/texture_anger"
	},
	"display": {
		"head": {
			"rotation": [0, 180, 0]
		}
	},
	"elements": [
		{
			"from": [7.81991, 6.476, 7.95603],
			"to": [8.18009, 6.83618, 9.51681],
			"rotation": {
				"angle": 0,
				"axis": "y",
				"origin": [4.15808, 6.58887, -11.8435]
			},
			"faces": {
				"north": {
					"uv": [13.625, 11.125, 13.71875, 11.21875],
					"texture": "#1"
				},
				"east": {
					"uv": [10.125, 1.375, 10.53125, 1.46875],
					"texture": "#1"
				},
				"south": {
					"uv": [11.375, 13.625, 11.46875, 13.71875],
					"texture": "#1"
				},
				"west": {
					"uv": [10.125, 1.625, 10.53125, 1.71875],
					"texture": "#1"
				},
				"up": {
					"uv": [1.09375, 10.53125, 1, 10.125],
					"texture": "#1"
				},
				"down": {
					"uv": [1.46875, 10.125, 1.375, 10.53125],
					"texture": "#1"
				}
			}
		},
		{
			"from": [7.81991, 6.59606, 9.51681],
			"to": [8.18009, 6.95624, 10.83747],
			"rotation": {
				"angle": 0,
				"axis": "y",
				"origin": [4.15808, 6.58887, -11.8435]
			},
			"faces": {
				"north": {
					"uv": [13.625, 10.75, 13.71875, 10.84375],
					"texture": "#1"
				},
				"east": {
					"uv": [10.5, 2, 10.84375, 2.09375],
					"texture": "#1"
				},
				"south": {
					"uv": [13.625, 10.875, 13.71875, 10.96875],
					"texture": "#1"
				},
				"west": {
					"uv": [2.875, 10.5, 3.21875, 10.59375],
					"texture": "#1"
				},
				"up": {
					"uv": [7.46875, 10.59375, 7.375, 10.25],
					"texture": "#1"
				},
				"down": {
					"uv": [8.34375, 10.25, 8.25, 10.59375],
					"texture": "#1"
				}
			}
		},
		{
			"from": [7.57979, 7.79666, 9.51681],
			"to": [8.42021, 8.2769, 10.83747],
			"rotation": {
				"angle": 0,
				"axis": "y",
				"origin": [4.15808, 6.82899, -11.8435]
			},
			"faces": {
				"north": {
					"uv": [11.125, 8.25, 11.34375, 8.375],
					"texture": "#1"
				},
				"east": {
					"uv": [9.25, 0.875, 9.59375, 1],
					"texture": "#1"
				},
				"south": {
					"uv": [8.375, 11.125, 8.59375, 11.25],
					"texture": "#1"
				},
				"west": {
					"uv": [9.25, 1, 9.59375, 1.125],
					"texture": "#1"
				},
				"up": {
					"uv": [4.34375, 6.46875, 4.125, 6.125],
					"texture": "#1"
				},
				"down": {
					"uv": [4.59375, 6.125, 4.375, 6.46875],
					"texture": "#1"
				}
			}
		},
		{
			"from": [7.57979, 7.6766, 7.95603],
			"to": [8.42021, 8.15684, 9.51681],
			"rotation": {
				"angle": 0,
				"axis": "y",
				"origin": [4.15808, 6.82899, -11.8435]
			},
			"faces": {
				"north": {
					"uv": [10.625, 11, 10.84375, 11.125],
					"texture": "#1"
				},
				"east": {
					"uv": [8.625, 2.625, 9.03125, 2.75],
					"texture": "#1"
				},
				"south": {
					"uv": [5.375, 11.125, 5.59375, 11.25],
					"texture": "#1"
				},
				"west": {
					"uv": [8.625, 2.75, 9.03125, 2.875],
					"texture": "#1"
				},
				"up": {
					"uv": [5.59375, 1.40625, 5.375, 1],
					"texture": "#1"
				},
				"down": {
					"uv": [5.59375, 1.5, 5.375, 1.90625],
					"texture": "#1"
				}
			}
		},
		{
			"from": [8.06533, 8.84458, 9.51681],
			"to": [8.30545, 9.34883, 10.83795],
			"rotation": {
				"angle": 22.5,
				"axis": "z",
				"origin": [11.84192, 6.82899, -11.8435]
			},
			"faces": {
				"north": {
					"uv": [13.8125, 6.375, 13.75, 6.5],
					"texture": "#1"
				},
				"east": {
					"uv": [9.59375, 0.75, 9.25, 0.875],
					"texture": "#1"
				},
				"south": {
					"uv": [6.5625, 13.75, 6.5, 13.875],
					"texture": "#1"
				},
				"west": {
					"uv": [9.59375, 0.625, 9.25, 0.75],
					"texture": "#1"
				},
				"up": {
					"uv": [7.875, 12.21875, 7.9375, 11.875],
					"texture": "#1"
				},
				"down": {
					"uv": [11.875, 8, 11.9375, 8.34375],
					"texture": "#1"
				}
			}
		},
		{
			"from": [7.96928, 8.77254, 7.95555],
			"to": [8.2094, 9.26479, 9.51729],
			"rotation": {
				"angle": 22.5,
				"axis": "z",
				"origin": [11.84192, 6.82899, -11.8435]
			},
			"faces": {
				"north": {
					"uv": [6.1875, 13.75, 6.125, 13.875],
					"texture": "#1"
				},
				"east": {
					"uv": [9.03125, 2.5, 8.625, 2.625],
					"texture": "#1"
				},
				"south": {
					"uv": [13.8125, 6.25, 13.75, 6.375],
					"texture": "#1"
				},
				"west": {
					"uv": [2.90625, 8.625, 2.5, 8.75],
					"texture": "#1"
				},
				"up": {
					"uv": [0, 11.78125, 0.0625, 11.375],
					"texture": "#1"
				},
				"down": {
					"uv": [0.125, 11.375, 0.1875, 11.78125],
					"texture": "#1"
				}
			}
		},
		{
			"from": [7.11827, 6.4914, 9.51681],
			"to": [7.23833, 6.97164, 10.83795],
			"rotation": {
				"angle": -22.5,
				"axis": "z",
				"origin": [11.84192, 6.82899, -11.8435]
			},
			"faces": {
				"north": {
					"uv": [14.15625, 8.875, 14.125, 9],
					"texture": "#1"
				},
				"east": {
					"uv": [9.59375, 0.25, 9.25, 0.375],
					"texture": "#1"
				},
				"south": {
					"uv": [9.03125, 14.125, 9, 14.25],
					"texture": "#1"
				},
				"west": {
					"uv": [9.46875, 3.25, 9.125, 3.375],
					"texture": "#1"
				},
				"up": {
					"uv": [12.25, 13.59375, 12.28125, 13.25],
					"texture": "#1"
				},
				"down": {
					"uv": [12.375, 13.25, 12.40625, 13.59375],
					"texture": "#1"
				}
			}
		},
		{
			"from": [7.25552, 5.30804, 9.51681],
			"to": [7.49564, 5.66822, 10.83699],
			"rotation": {
				"angle": -45,
				"axis": "z",
				"origin": [11.84092, 6.83369, -11.84302]
			},
			"faces": {
				"north": {
					"uv": [13.9375, 13.75, 13.875, 13.84375],
					"texture": "#1"
				},
				"east": {
					"uv": [10.84375, 1.875, 10.5, 1.96875],
					"texture": "#1"
				},
				"south": {
					"uv": [13.9375, 13.875, 13.875, 13.96875],
					"texture": "#1"
				},
				"west": {
					"uv": [10.84375, 1.5, 10.5, 1.59375],
					"texture": "#1"
				},
				"up": {
					"uv": [6.75, 12.21875, 6.8125, 11.875],
					"texture": "#1"
				},
				"down": {
					"uv": [6.875, 11.875, 6.9375, 12.21875],
					"texture": "#1"
				}
			}
		},
		{
			"from": [7.2069, 5.26354, 7.95651],
			"to": [7.44702, 5.5997, 9.51633],
			"rotation": {
				"angle": -45,
				"axis": "z",
				"origin": [11.84032, 6.8252, -11.84302]
			},
			"faces": {
				"north": {
					"uv": [0.0625, 14, 0, 14.09375],
					"texture": "#1"
				},
				"east": {
					"uv": [10.53125, 1.25, 10.125, 1.34375],
					"texture": "#1"
				},
				"south": {
					"uv": [14.0625, 0, 14, 0.09375],
					"texture": "#1"
				},
				"west": {
					"uv": [10.53125, 0.125, 10.125, 0.21875],
					"texture": "#1"
				},
				"up": {
					"uv": [9.5, 11.65625, 9.5625, 11.25],
					"texture": "#1"
				},
				"down": {
					"uv": [9.625, 11.25, 9.6875, 11.65625],
					"texture": "#1"
				}
			}
		},
		{
			"from": [7.05824, 6.33533, 7.95555],
			"to": [7.1783, 6.93563, 9.51729],
			"rotation": {
				"angle": -22.5,
				"axis": "z",
				"origin": [11.84192, 6.82899, -11.8435]
			},
			"faces": {
				"north": {
					"uv": [2.03125, 14.125, 2, 14.28125],
					"texture": "#1"
				},
				"east": {
					"uv": [8.03125, 2.875, 7.625, 3.03125],
					"texture": "#1"
				},
				"south": {
					"uv": [14.15625, 2.125, 14.125, 2.28125],
					"texture": "#1"
				},
				"west": {
					"uv": [8.03125, 2.625, 7.625, 2.78125],
					"texture": "#1"
				},
				"up": {
					"uv": [1.25, 13.53125, 1.28125, 13.125],
					"texture": "#1"
				},
				"down": {
					"uv": [1.375, 13.125, 1.40625, 13.53125],
					"texture": "#1"
				}
			}
		},
		{
			"from": [7.69455, 8.84458, 9.51681],
			"to": [7.93467, 9.34883, 10.83795],
			"rotation": {
				"angle": -22.5,
				"axis": "z",
				"origin": [4.15808, 6.82899, -11.8435]
			},
			"faces": {
				"north": {
					"uv": [13.75, 6.375, 13.8125, 6.5],
					"texture": "#1"
				},
				"east": {
					"uv": [9.25, 0.625, 9.59375, 0.75],
					"texture": "#1"
				},
				"south": {
					"uv": [6.5, 13.75, 6.5625, 13.875],
					"texture": "#1"
				},
				"west": {
					"uv": [9.25, 0.75, 9.59375, 0.875],
					"texture": "#1"
				},
				"up": {
					"uv": [7.9375, 12.21875, 7.875, 11.875],
					"texture": "#1"
				},
				"down": {
					"uv": [11.9375, 8, 11.875, 8.34375],
					"texture": "#1"
				}
			}
		},
		{
			"from": [7.7906, 8.77254, 7.95555],
			"to": [8.03072, 9.26479, 9.51729],
			"rotation": {
				"angle": -22.5,
				"axis": "z",
				"origin": [4.15808, 6.82899, -11.8435]
			},
			"faces": {
				"north": {
					"uv": [6.125, 13.75, 6.1875, 13.875],
					"texture": "#1"
				},
				"east": {
					"uv": [2.5, 8.625, 2.90625, 8.75],
					"texture": "#1"
				},
				"south": {
					"uv": [13.75, 6.25, 13.8125, 6.375],
					"texture": "#1"
				},
				"west": {
					"uv": [8.625, 2.5, 9.03125, 2.625],
					"texture": "#1"
				},
				"up": {
					"uv": [0.0625, 11.78125, 0, 11.375],
					"texture": "#1"
				},
				"down": {
					"uv": [0.1875, 11.375, 0.125, 11.78125],
					"texture": "#1"
				}
			}
		},
		{
			"from": [7.51976, 7.0763, 7.95603],
			"to": [8.48024, 7.6766, 9.51681],
			"rotation": {
				"angle": 0,
				"axis": "y",
				"origin": [4.15808, 6.82899, -11.8435]
			},
			"faces": {
				"north": {
					"uv": [9.875, 4.75, 10.125, 4.90625],
					"texture": "#1"
				},
				"east": {
					"uv": [7.625, 3.125, 8.03125, 3.28125],
					"texture": "#1"
				},
				"south": {
					"uv": [4.875, 9.875, 5.125, 10.03125],
					"texture": "#1"
				},
				"west": {
					"uv": [7.625, 3.375, 8.03125, 3.53125],
					"texture": "#1"
				},
				"up": {
					"uv": [0.75, 5.03125, 0.5, 4.625],
					"texture": "#1"
				},
				"down": {
					"uv": [3.125, 4.625, 2.875, 5.03125],
					"texture": "#1"
				}
			}
		},
		{
			"from": [8.8217, 6.33533, 7.95555],
			"to": [8.94176, 6.93563, 9.51729],
			"rotation": {
				"angle": 22.5,
				"axis": "z",
				"origin": [4.15808, 6.82899, -11.8435]
			},
			"faces": {
				"north": {
					"uv": [2, 14.125, 2.03125, 14.28125],
					"texture": "#1"
				},
				"east": {
					"uv": [7.625, 2.625, 8.03125, 2.78125],
					"texture": "#1"
				},
				"south": {
					"uv": [14.125, 2.125, 14.15625, 2.28125],
					"texture": "#1"
				},
				"west": {
					"uv": [7.625, 2.875, 8.03125, 3.03125],
					"texture": "#1"
				},
				"up": {
					"uv": [1.28125, 13.53125, 1.25, 13.125],
					"texture": "#1"
				},
				"down": {
					"uv": [1.40625, 13.125, 1.375, 13.53125],
					"texture": "#1"
				}
			}
		},
		{
			"from": [7.33967, 8.15684, 7.95603],
			"to": [8.66033, 8.39696, 9.51681],
			"rotation": {
				"angle": 0,
				"axis": "y",
				"origin": [4.15808, 6.82899, -11.8435]
			},
			"faces": {
				"north": {
					"uv": [11.875, 7.375, 12.21875, 7.4375],
					"texture": "#1"
				},
				"east": {
					"uv": [10.75, 11.25, 11.15625, 11.3125],
					"texture": "#1"
				},
				"south": {
					"uv": [7.5, 11.875, 7.84375, 11.9375],
					"texture": "#1"
				},
				"west": {
					"uv": [11.25, 11.25, 11.65625, 11.3125],
					"texture": "#1"
				},
				"up": {
					"uv": [1.09375, 3.15625, 0.75, 2.75],
					"texture": "#1"
				},
				"down": {
					"uv": [1.46875, 2.75, 1.125, 3.15625],
					"texture": "#1"
				}
			}
		},
		{
			"from": [7.45973, 8.39696, 7.95603],
			"to": [8.54027, 8.99726, 9.51681],
			"rotation": {
				"angle": 0,
				"axis": "y",
				"origin": [4.15808, 6.82899, -11.8435]
			},
			"faces": {
				"north": {
					"uv": [8.75, 9, 9.03125, 9.15625],
					"texture": "#1"
				},
				"east": {
					"uv": [7.625, 2.375, 8.03125, 2.53125],
					"texture": "#1"
				},
				"south": {
					"uv": [9.125, 0, 9.40625, 0.15625],
					"texture": "#1"
				},
				"west": {
					"uv": [2.5, 7.625, 2.90625, 7.78125],
					"texture": "#1"
				},
				"up": {
					"uv": [4.03125, 4.15625, 3.75, 3.75],
					"texture": "#1"
				},
				"down": {
					"uv": [4.15625, 1, 3.875, 1.40625],
					"texture": "#1"
				}
			}
		},
		{
			"from": [7.69985, 8.99726, 7.95603],
			"to": [8.30015, 9.23738, 9.51681],
			"rotation": {
				"angle": 0,
				"axis": "y",
				"origin": [4.15808, 6.82899, -11.8435]
			},
			"faces": {
				"north": {
					"uv": [13.375, 8.625, 13.53125, 8.6875],
					"texture": "#1"
				},
				"east": {
					"uv": [9.75, 11.25, 10.15625, 11.3125],
					"texture": "#1"
				},
				"south": {
					"uv": [13.375, 8.875, 13.53125, 8.9375],
					"texture": "#1"
				},
				"west": {
					"uv": [10.25, 11.25, 10.65625, 11.3125],
					"texture": "#1"
				},
				"up": {
					"uv": [1.40625, 8.03125, 1.25, 7.625],
					"texture": "#1"
				},
				"down": {
					"uv": [1.65625, 7.625, 1.5, 8.03125],
					"texture": "#1"
				}
			}
		},
		{
			"from": [7.77189, 8.99726, 10.35723],
			"to": [8.22811, 9.24939, 10.83747],
			"rotation": {
				"angle": 0,
				"axis": "y",
				"origin": [4.15808, 6.82899, -11.8435]
			},
			"faces": {
				"north": {
					"uv": [13.75, 5.75, 13.875, 5.8125],
					"texture": "#1"
				},
				"east": {
					"uv": [5.875, 13.75, 6, 13.8125],
					"texture": "#1"
				},
				"south": {
					"uv": [13.75, 5.875, 13.875, 5.9375],
					"texture": "#1"
				},
				"west": {
					"uv": [6, 13.75, 6.125, 13.8125],
					"texture": "#1"
				},
				"up": {
					"uv": [3.625, 6.5, 3.5, 6.375],
					"texture": "#1"
				},
				"down": {
					"uv": [5.125, 6.5, 5, 6.625],
					"texture": "#1"
				}
			}
		},
		{
			"from": [8.55298, 5.26354, 7.95651],
			"to": [8.7931, 5.5997, 9.51633],
			"rotation": {
				"angle": 45,
				"axis": "z",
				"origin": [4.15968, 6.8252, -11.84302]
			},
			"faces": {
				"north": {
					"uv": [0, 14, 0.0625, 14.09375],
					"texture": "#1"
				},
				"east": {
					"uv": [10.125, 0.125, 10.53125, 0.21875],
					"texture": "#1"
				},
				"south": {
					"uv": [14, 0, 14.0625, 0.09375],
					"texture": "#1"
				},
				"west": {
					"uv": [10.125, 1.25, 10.53125, 1.34375],
					"texture": "#1"
				},
				"up": {
					"uv": [9.5625, 11.65625, 9.5, 11.25],
					"texture": "#1"
				},
				"down": {
					"uv": [9.6875, 11.25, 9.625, 11.65625],
					"texture": "#1"
				}
			}
		},
		{
			"from": [8.50436, 5.30804, 9.51681],
			"to": [8.74448, 5.66822, 10.83699],
			"rotation": {
				"angle": 45,
				"axis": "z",
				"origin": [4.15908, 6.83369, -11.84302]
			},
			"faces": {
				"north": {
					"uv": [13.875, 13.75, 13.9375, 13.84375],
					"texture": "#1"
				},
				"east": {
					"uv": [10.5, 1.5, 10.84375, 1.59375],
					"texture": "#1"
				},
				"south": {
					"uv": [13.875, 13.875, 13.9375, 13.96875],
					"texture": "#1"
				},
				"west": {
					"uv": [10.5, 1.875, 10.84375, 1.96875],
					"texture": "#1"
				},
				"up": {
					"uv": [6.8125, 12.21875, 6.75, 11.875],
					"texture": "#1"
				},
				"down": {
					"uv": [6.9375, 11.875, 6.875, 12.21875],
					"texture": "#1"
				}
			}
		},
		{
			"from": [7.51976, 8.51702, 9.51681],
			"to": [8.48024, 8.99726, 10.83747],
			"rotation": {
				"angle": 0,
				"axis": "y",
				"origin": [4.15808, 6.82899, -11.8435]
			},
			"faces": {
				"north": {
					"uv": [9.5, 10.625, 9.75, 10.75],
					"texture": "#1"
				},
				"east": {
					"uv": [9.25, 0.375, 9.59375, 0.5],
					"texture": "#1"
				},
				"south": {
					"uv": [9.75, 10.625, 10, 10.75],
					"texture": "#1"
				},
				"west": {
					"uv": [9.25, 0.5, 9.59375, 0.625],
					"texture": "#1"
				},
				"up": {
					"uv": [5.875, 1.59375, 5.625, 1.25],
					"texture": "#1"
				},
				"down": {
					"uv": [1.875, 5.625, 1.625, 5.96875],
					"texture": "#1"
				}
			}
		},
		{
			"from": [7.81991, 16.5704, 5.55319],
			"to": [8.18009, 16.90656, 6.51367],
			"rotation": {
				"angle": 22.5,
				"axis": "x",
				"origin": [4.15808, 6.82899, -11.8435]
			},
			"faces": {
				"north": {
					"uv": [13.625, 10.5, 13.71875, 10.59375],
					"texture": "#1"
				},
				"east": {
					"uv": [6.5, 11.625, 6.75, 11.71875],
					"texture": "#1"
				},
				"south": {
					"uv": [13.625, 10.625, 13.71875, 10.71875],
					"texture": "#1"
				},
				"west": {
					"uv": [6.75, 11.625, 7, 11.71875],
					"texture": "#1"
				},
				"up": {
					"uv": [5.46875, 11.875, 5.375, 11.625],
					"texture": "#1"
				},
				"down": {
					"uv": [8.34375, 11.625, 8.25, 11.875],
					"texture": "#1"
				}
			}
		},
		{
			"from": [7.69985, 23.24583, -0.13123],
			"to": [8.30015, 23.72607, 0.82925],
			"rotation": {
				"angle": 45,
				"axis": "x",
				"origin": [4.15808, 6.82899, -11.8435]
			},
			"faces": {
				"north": {
					"uv": [12.375, 5.5, 12.53125, 5.625],
					"texture": "#1"
				},
				"east": {
					"uv": [9, 10.625, 9.25, 10.75],
					"texture": "#1"
				},
				"south": {
					"uv": [5.625, 12.375, 5.78125, 12.5],
					"texture": "#1"
				},
				"west": {
					"uv": [9.25, 10.625, 9.5, 10.75],
					"texture": "#1"
				},
				"up": {
					"uv": [10.03125, 4.75, 9.875, 4.5],
					"texture": "#1"
				},
				"down": {
					"uv": [4.78125, 9.875, 4.625, 10.125],
					"texture": "#1"
				}
			}
		},
		{
			"from": [7.69985, 0.37439, 9.06954],
			"to": [8.30015, 1.09475, 9.66984],
			"rotation": {
				"angle": -22.5,
				"axis": "x",
				"origin": [4.15808, 6.82899, -11.8435]
			},
			"faces": {
				"north": {
					"uv": [8.25, 10.875, 8.40625, 11.0625],
					"texture": "#1"
				},
				"east": {
					"uv": [10.875, 8.25, 11.03125, 8.4375],
					"texture": "#1"
				},
				"south": {
					"uv": [8.5, 10.875, 8.65625, 11.0625],
					"texture": "#1"
				},
				"west": {
					"uv": [10.875, 8.5, 11.03125, 8.6875],
					"texture": "#1"
				},
				"up": {
					"uv": [10.90625, 11.53125, 10.75, 11.375],
					"texture": "#1"
				},
				"down": {
					"uv": [11.53125, 10.75, 11.375, 10.90625],
					"texture": "#1"
				}
			}
		},
		{
			"from": [7.70033, 0.61451, 8.10906],
			"to": [8.29967, 1.57499, 9.06954],
			"rotation": {
				"angle": -22.5,
				"axis": "x",
				"origin": [4.15808, 6.82899, -11.8435]
			},
			"faces": {
				"north": {
					"uv": [3.875, 9.875, 4.03125, 10.125],
					"texture": "#1"
				},
				"east": {
					"uv": [6.75, 7.875, 7, 8.125],
					"texture": "#1"
				},
				"south": {
					"uv": [4.125, 9.875, 4.28125, 10.125],
					"texture": "#1"
				},
				"west": {
					"uv": [7.25, 7.875, 7.5, 8.125],
					"texture": "#1"
				},
				"up": {
					"uv": [10.03125, 4.5, 9.875, 4.25],
					"texture": "#1"
				},
				"down": {
					"uv": [4.53125, 9.875, 4.375, 10.125],
					"texture": "#1"
				}
			}
		},
		{
			"from": [7.70033, 23.89415, 1.90979],
			"to": [8.29967, 24.37439, 2.51009],
			"rotation": {
				"angle": 45,
				"axis": "x",
				"origin": [4.15808, 6.82899, -11.8435]
			},
			"faces": {
				"north": {
					"uv": [12.375, 4.875, 12.53125, 5],
					"texture": "#1"
				},
				"east": {
					"uv": [5.125, 12.375, 5.28125, 12.5],
					"texture": "#1"
				},
				"south": {
					"uv": [5.375, 12.375, 5.53125, 12.5],
					"texture": "#1"
				},
				"west": {
					"uv": [12.375, 5.375, 12.53125, 5.5],
					"texture": "#1"
				},
				"up": {
					"uv": [10.65625, 11.53125, 10.5, 11.375],
					"texture": "#1"
				},
				"down": {
					"uv": [11.53125, 10.5, 11.375, 10.65625],
					"texture": "#1"
				}
			}
		},
		{
			"from": [7.69937, 17.50686, 5.26504],
			"to": [8.30063, 17.9871, 7.42612],
			"rotation": {
				"angle": 22.5,
				"axis": "x",
				"origin": [4.15808, 6.82899, -11.8435]
			},
			"faces": {
				"north": {
					"uv": [12.375, 4.25, 12.53125, 4.375],
					"texture": "#1"
				},
				"east": {
					"uv": [6.75, 1.5, 7.3125, 1.625],
					"texture": "#1"
				},
				"south": {
					"uv": [12.375, 4.75, 12.53125, 4.875],
					"texture": "#1"
				},
				"west": {
					"uv": [6.75, 2.125, 7.3125, 2.25],
					"texture": "#1"
				},
				"up": {
					"uv": [5.53125, 5.8125, 5.375, 5.25],
					"texture": "#1"
				},
				"down": {
					"uv": [0.53125, 5.5, 0.375, 6.0625],
					"texture": "#1"
				}
			}
		},
		{
			"from": [7.57979, 7.19636, 9.51681],
			"to": [8.42021, 7.79666, 10.83747],
			"rotation": {
				"angle": 0,
				"axis": "y",
				"origin": [4.15808, 6.82899, -11.8435]
			},
			"faces": {
				"north": {
					"uv": [10.25, 8.375, 10.46875, 8.53125],
					"texture": "#1"
				},
				"east": {
					"uv": [8.375, 5.625, 8.71875, 5.78125],
					"texture": "#1"
				},
				"south": {
					"uv": [10.25, 8.625, 10.46875, 8.78125],
					"texture": "#1"
				},
				"west": {
					"uv": [6.75, 8.375, 7.09375, 8.53125],
					"texture": "#1"
				},
				"up": {
					"uv": [3.84375, 6.46875, 3.625, 6.125],
					"texture": "#1"
				},
				"down": {
					"uv": [4.09375, 6.125, 3.875, 6.46875],
					"texture": "#1"
				}
			}
		},
		{
			"from": [8.76167, 6.4914, 9.51681],
			"to": [8.88173, 6.97164, 10.83795],
			"rotation": {
				"angle": 22.5,
				"axis": "z",
				"origin": [4.15808, 6.82899, -11.8435]
			},
			"faces": {
				"north": {
					"uv": [14.125, 8.875, 14.15625, 9],
					"texture": "#1"
				},
				"east": {
					"uv": [9.125, 3.25, 9.46875, 3.375],
					"texture": "#1"
				},
				"south": {
					"uv": [9, 14.125, 9.03125, 14.25],
					"texture": "#1"
				},
				"west": {
					"uv": [9.25, 0.25, 9.59375, 0.375],
					"texture": "#1"
				},
				"up": {
					"uv": [12.28125, 13.59375, 12.25, 13.25],
					"texture": "#1"
				},
				"down": {
					"uv": [12.40625, 13.25, 12.375, 13.59375],
					"texture": "#1"
				}
			}
		},
		{
			"from": [7.45973, 8.2769, 9.51681],
			"to": [8.54027, 8.51702, 10.83747],
			"rotation": {
				"angle": 0,
				"axis": "y",
				"origin": [4.15808, 6.82899, -11.8435]
			},
			"faces": {
				"north": {
					"uv": [12.5, 11.125, 12.78125, 11.1875],
					"texture": "#1"
				},
				"east": {
					"uv": [11.875, 7.125, 12.21875, 7.1875],
					"texture": "#1"
				},
				"south": {
					"uv": [12.5, 11.75, 12.78125, 11.8125],
					"texture": "#1"
				},
				"west": {
					"uv": [11.875, 7.25, 12.21875, 7.3125],
					"texture": "#1"
				},
				"up": {
					"uv": [0.65625, 5.46875, 0.375, 5.125],
					"texture": "#1"
				},
				"down": {
					"uv": [2.53125, 5.125, 2.25, 5.46875],
					"texture": "#1"
				}
			}
		},
		{
			"from": [7.69985, 6.95624, 9.51681],
			"to": [8.30015, 7.19636, 10.83747],
			"rotation": {
				"angle": 0,
				"axis": "y",
				"origin": [4.15808, 6.58887, -11.8435]
			},
			"faces": {
				"north": {
					"uv": [13.375, 8.25, 13.53125, 8.3125],
					"texture": "#1"
				},
				"east": {
					"uv": [11.875, 6.875, 12.21875, 6.9375],
					"texture": "#1"
				},
				"south": {
					"uv": [8.5, 13.375, 8.65625, 13.4375],
					"texture": "#1"
				},
				"west": {
					"uv": [11.875, 7, 12.21875, 7.0625],
					"texture": "#1"
				},
				"up": {
					"uv": [8.53125, 5.59375, 8.375, 5.25],
					"texture": "#1"
				},
				"down": {
					"uv": [6.65625, 8.375, 6.5, 8.71875],
					"texture": "#1"
				}
			}
		},
		{
			"from": [7.69985, 6.83618, 7.95603],
			"to": [8.30015, 7.0763, 9.51681],
			"rotation": {
				"angle": 0,
				"axis": "y",
				"origin": [4.15808, 6.58887, -11.8435]
			},
			"faces": {
				"north": {
					"uv": [13.375, 8.125, 13.53125, 8.1875],
					"texture": "#1"
				},
				"east": {
					"uv": [9, 11.25, 9.40625, 11.3125],
					"texture": "#1"
				},
				"south": {
					"uv": [8.25, 13.375, 8.40625, 13.4375],
					"texture": "#1"
				},
				"west": {
					"uv": [11.25, 9, 11.65625, 9.0625],
					"texture": "#1"
				},
				"up": {
					"uv": [0.40625, 8.03125, 0.25, 7.625],
					"texture": "#1"
				},
				"down": {
					"uv": [7.78125, 1.125, 7.625, 1.53125],
					"texture": "#1"
				}
			}
		}
	]
}