{
	"textures": {
		"1": "animated_java:item/dino_aj/texture_anger"
	},
	"display": {
		"head": {
			"rotation": [0, 180, 0]
		}
	},
	"elements": [
		{
			"from": [7.90911, 7.04057, 8.94485],
			"to": [8.09089, 7.31216, 9.82301],
			"rotation": {
				"angle": 0,
				"axis": "y",
				"origin": [5.10298, 6.85408, -9.1537]
			},
			"faces": {
				"north": {
					"uv": [0.125, 14, 0.1875, 14.09375],
					"texture": "#1"
				},
				"east": {
					"uv": [8.75, 10.875, 9.0625, 10.96875],
					"texture": "#1"
				},
				"south": {
					"uv": [14, 0.125, 14.0625, 0.21875],
					"texture": "#1"
				},
				"west": {
					"uv": [10.875, 8.75, 11.1875, 8.84375],
					"texture": "#1"
				},
				"up": {
					"uv": [5.9375, 12.6875, 5.875, 12.375],
					"texture": "#1"
				},
				"down": {
					"uv": [6.0625, 12.375, 6, 12.6875],
					"texture": "#1"
				}
			}
		},
		{
			"from": [7.90947, 6.95003, 7.949],
			"to": [8.09053, 7.22163, 8.94485],
			"rotation": {
				"angle": 0,
				"axis": "y",
				"origin": [5.10298, 6.85408, -9.1537]
			},
			"faces": {
				"north": {
					"uv": [0.25, 14, 0.3125, 14.09375],
					"texture": "#1"
				},
				"east": {
					"uv": [10.5, 3.125, 10.84375, 3.21875],
					"texture": "#1"
				},
				"south": {
					"uv": [14, 0.25, 14.0625, 0.34375],
					"texture": "#1"
				},
				"west": {
					"uv": [10.5, 3.25, 10.84375, 3.34375],
					"texture": "#1"
				},
				"up": {
					"uv": [8.3125, 12.21875, 8.25, 11.875],
					"texture": "#1"
				},
				"down": {
					"uv": [8.4375, 11.875, 8.375, 12.21875],
					"texture": "#1"
				}
			}
		},
		{
			"from": [7.7284, 8.12695, 8.94485],
			"to": [8.2716, 8.30801, 9.9407],
			"rotation": {
				"angle": 0,
				"axis": "y",
				"origin": [5.10298, 7.03514, -9.1537]
			},
			"faces": {
				"north": {
					"uv": [6, 13.125, 6.1875, 13.1875],
					"texture": "#1"
				},
				"east": {
					"uv": [11.875, 7.625, 12.21875, 7.6875],
					"texture": "#1"
				},
				"south": {
					"uv": [13.125, 6, 13.3125, 6.0625],
					"texture": "#1"
				},
				"west": {
					"uv": [11.875, 8.375, 12.21875, 8.4375],
					"texture": "#1"
				},
				"up": {
					"uv": [0.1875, 7.59375, 0, 7.25],
					"texture": "#1"
				},
				"down": {
					"uv": [0.4375, 7.25, 0.25, 7.59375],
					"texture": "#1"
				}
			}
		},
		{
			"from": [7.72804, 7.49322, 8.94485],
			"to": [8.27196, 7.85535, 9.87733],
			"rotation": {
				"angle": 0,
				"axis": "y",
				"origin": [5.10298, 7.03514, -9.1537]
			},
			"faces": {
				"north": {
					"uv": [8.375, 11.625, 8.5625, 11.75],
					"texture": "#1"
				},
				"east": {
					"uv": [9.75, 2.125, 10.0625, 2.25],
					"texture": "#1"
				},
				"south": {
					"uv": [8.625, 11.625, 8.8125, 11.75],
					"texture": "#1"
				},
				"west": {
					"uv": [9.75, 6.25, 10.0625, 6.375],
					"texture": "#1"
				},
				"up": {
					"uv": [6.1875, 8.4375, 6, 8.125],
					"texture": "#1"
				},
				"down": {
					"uv": [6.4375, 8.125, 6.25, 8.4375],
					"texture": "#1"
				}
			}
		},
		{
			"from": [7.71536, 8.73607, 8.94485],
			"to": [7.80589, 9.00767, 9.87733],
			"rotation": {
				"angle": -22.5,
				"axis": "z",
				"origin": [5.10298, 7.03514, -9.1537]
			},
			"faces": {
				"north": {
					"uv": [0.375, 14.25, 0.40625, 14.34375],
					"texture": "#1"
				},
				"east": {
					"uv": [10.875, 8.875, 11.1875, 8.96875],
					"texture": "#1"
				},
				"south": {
					"uv": [14.25, 0.375, 14.28125, 0.46875],
					"texture": "#1"
				},
				"west": {
					"uv": [10.875, 9, 11.1875, 9.09375],
					"texture": "#1"
				},
				"up": {
					"uv": [8.78125, 13.6875, 8.75, 13.375],
					"texture": "#1"
				},
				"down": {
					"uv": [9.15625, 13.375, 9.125, 13.6875],
					"texture": "#1"
				}
			}
		},
		{
			"from": [7.7284, 8.30801, 8.94485],
			"to": [8.2716, 8.67014, 9.57857],
			"rotation": {
				"angle": 0,
				"axis": "y",
				"origin": [5.10298, 7.03514, -9.1537]
			},
			"faces": {
				"north": {
					"uv": [9.25, 11.625, 9.4375, 11.75],
					"texture": "#1"
				},
				"east": {
					"uv": [11.125, 8.375, 11.34375, 8.5],
					"texture": "#1"
				},
				"south": {
					"uv": [9.75, 11.625, 9.9375, 11.75],
					"texture": "#1"
				},
				"west": {
					"uv": [11.125, 8.5, 11.34375, 8.625],
					"texture": "#1"
				},
				"up": {
					"uv": [4.9375, 9.84375, 4.75, 9.625],
					"texture": "#1"
				},
				"down": {
					"uv": [5.1875, 9.625, 5, 9.84375],
					"texture": "#1"
				}
			}
		},
		{
			"from": [8.3858, 6.01857, 9.57857],
			"to": [8.56687, 6.29017, 10.21229],
			"rotation": {
				"angle": 45,
				"axis": "z",
				"origin": [5.10922, 7.0332, -8.61051]
			},
			"faces": {
				"north": {
					"uv": [0.375, 14, 0.4375, 14.09375],
					"texture": "#1"
				},
				"east": {
					"uv": [12.125, 11.5, 12.34375, 11.59375],
					"texture": "#1"
				},
				"south": {
					"uv": [14, 0.375, 14.0625, 0.46875],
					"texture": "#1"
				},
				"west": {
					"uv": [12.125, 11.625, 12.34375, 11.71875],
					"texture": "#1"
				},
				"up": {
					"uv": [4.1875, 13.21875, 4.125, 13],
					"texture": "#1"
				},
				"down": {
					"uv": [4.3125, 13, 4.25, 13.21875],
					"texture": "#1"
				}
			}
		},
		{
			"from": [8.41578, 6.11105, 10.21229],
			"to": [8.59684, 6.36454, 10.84602],
			"rotation": {
				"angle": 45,
				"axis": "z",
				"origin": [5.10298, 7.03514, -8.61051]
			},
			"faces": {
				"north": {
					"uv": [0.5, 14, 0.5625, 14.09375],
					"texture": "#1"
				},
				"east": {
					"uv": [12.125, 11.875, 12.34375, 11.96875],
					"texture": "#1"
				},
				"south": {
					"uv": [14, 0.5, 14.0625, 0.59375],
					"texture": "#1"
				},
				"west": {
					"uv": [12.125, 12, 12.34375, 12.09375],
					"texture": "#1"
				},
				"up": {
					"uv": [4.4375, 13.21875, 4.375, 13],
					"texture": "#1"
				},
				"down": {
					"uv": [4.5625, 13, 4.5, 13.21875],
					"texture": "#1"
				}
			}
		},
		{
			"from": [8.31603, 5.95163, 8.94485],
			"to": [8.49709, 6.22323, 9.57857],
			"rotation": {
				"angle": 45,
				"axis": "z",
				"origin": [5.10282, 7.03869, -8.61051]
			},
			"faces": {
				"north": {
					"uv": [0.625, 14, 0.6875, 14.09375],
					"texture": "#1"
				},
				"east": {
					"uv": [12.125, 12.125, 12.34375, 12.21875],
					"texture": "#1"
				},
				"south": {
					"uv": [14, 0.625, 14.0625, 0.71875],
					"texture": "#1"
				},
				"west": {
					"uv": [0.625, 12.25, 0.84375, 12.34375],
					"texture": "#1"
				},
				"up": {
					"uv": [13.0625, 4.71875, 13, 4.5],
					"texture": "#1"
				},
				"down": {
					"uv": [4.6875, 13, 4.625, 13.21875],
					"texture": "#1"
				}
			}
		},
		{
			"from": [7.90947, 8.72446, 12.40316],
			"to": [8.09053, 9.1228, 12.83772],
			"rotation": {
				"angle": 0,
				"axis": "y",
				"origin": [5.10298, 7.03514, -9.1537]
			},
			"faces": {
				"north": {
					"uv": [13.75, 6.5, 13.8125, 6.625],
					"texture": "#1"
				},
				"east": {
					"uv": [12.375, 5.625, 12.53125, 5.75],
					"texture": "#1"
				},
				"south": {
					"uv": [6.625, 13.75, 6.6875, 13.875],
					"texture": "#1"
				},
				"west": {
					"uv": [12.375, 6, 12.53125, 6.125],
					"texture": "#1"
				},
				"up": {
					"uv": [9.3125, 13.53125, 9.25, 13.375],
					"texture": "#1"
				},
				"down": {
					"uv": [13.4375, 9.25, 13.375, 9.40625],
					"texture": "#1"
				}
			}
		},
		{
			"from": [7.81894, 8.81499, 12.40316],
			"to": [8.18106, 9.03227, 12.59328],
			"rotation": {
				"angle": 0,
				"axis": "y",
				"origin": [5.10298, 7.03514, -9.1537]
			},
			"faces": {
				"north": {
					"uv": [13.75, 6.625, 13.875, 6.6875],
					"texture": "#1"
				},
				"east": {
					"uv": [14.125, 9, 14.1875, 9.0625],
					"texture": "#1"
				},
				"south": {
					"uv": [13.75, 6.75, 13.875, 6.8125],
					"texture": "#1"
				},
				"west": {
					"uv": [9.125, 14.125, 9.1875, 14.1875],
					"texture": "#1"
				},
				"up": {
					"uv": [13.875, 6.9375, 13.75, 6.875],
					"texture": "#1"
				},
				"down": {
					"uv": [7.125, 13.75, 7, 13.8125],
					"texture": "#1"
				}
			}
		},
		{
			"from": [7.77331, 8.87836, 11.02708],
			"to": [8.22669, 9.03227, 12.40316],
			"rotation": {
				"angle": 0,
				"axis": "y",
				"origin": [5.10298, 7.03514, -9.1537]
			},
			"faces": {
				"north": {
					"uv": [13.375, 9, 13.53125, 9.0625],
					"texture": "#1"
				},
				"east": {
					"uv": [9.125, 10.875, 9.59375, 10.9375],
					"texture": "#1"
				},
				"south": {
					"uv": [9.625, 13.375, 9.78125, 13.4375],
					"texture": "#1"
				},
				"west": {
					"uv": [10.875, 9.125, 11.34375, 9.1875],
					"texture": "#1"
				},
				"up": {
					"uv": [4.65625, 6.96875, 4.5, 6.5],
					"texture": "#1"
				},
				"down": {
					"uv": [4.90625, 6.5, 4.75, 6.96875],
					"texture": "#1"
				}
			}
		},
		{
			"from": [7.8642, 9.03227, 11.02708],
			"to": [8.1358, 9.1228, 12.40316],
			"rotation": {
				"angle": 0,
				"axis": "y",
				"origin": [5.10298, 7.03514, -9.1537]
			},
			"faces": {
				"north": {
					"uv": [0.5, 14.25, 0.59375, 14.28125],
					"texture": "#1"
				},
				"east": {
					"uv": [7.5, 12.875, 7.96875, 12.90625],
					"texture": "#1"
				},
				"south": {
					"uv": [14.25, 0.5, 14.34375, 0.53125],
					"texture": "#1"
				},
				"west": {
					"uv": [12.875, 7.875, 13.34375, 7.90625],
					"texture": "#1"
				},
				"up": {
					"uv": [9.21875, 0.71875, 9.125, 0.25],
					"texture": "#1"
				},
				"down": {
					"uv": [9.21875, 0.75, 9.125, 1.21875],
					"texture": "#1"
				}
			}
		},
		{
			"from": [7.81894, 22.72781, 4.78399],
			"to": [8.18106, 23.66934, 4.96505],
			"rotation": {
				"angle": 45,
				"axis": "x",
				"origin": [5.10298, 7.03514, -9.1537]
			},
			"faces": {
				"north": {
					"uv": [1, 9.75, 1.125, 10.0625],
					"texture": "#1"
				},
				"east": {
					"uv": [6.5, 12.375, 6.5625, 12.6875],
					"texture": "#1"
				},
				"south": {
					"uv": [3.625, 9.875, 3.75, 10.1875],
					"texture": "#1"
				},
				"west": {
					"uv": [6.625, 12.375, 6.6875, 12.6875],
					"texture": "#1"
				},
				"up": {
					"uv": [13.875, 7.0625, 13.75, 7],
					"texture": "#1"
				},
				"down": {
					"uv": [7.25, 13.75, 7.125, 13.8125],
					"texture": "#1"
				}
			}
		},
		{
			"from": [7.90911, 22.72781, 4.83831],
			"to": [8.09089, 23.77798, 5.20043],
			"rotation": {
				"angle": 45,
				"axis": "x",
				"origin": [5.10298, 7.03514, -9.1537]
			},
			"faces": {
				"north": {
					"uv": [8.875, 11.625, 8.9375, 12],
					"texture": "#1"
				},
				"east": {
					"uv": [2.625, 5.125, 2.75, 5.5],
					"texture": "#1"
				},
				"south": {
					"uv": [10, 11.625, 10.0625, 12],
					"texture": "#1"
				},
				"west": {
					"uv": [3.25, 5.125, 3.375, 5.5],
					"texture": "#1"
				},
				"up": {
					"uv": [13.8125, 7.25, 13.75, 7.125],
					"texture": "#1"
				},
				"down": {
					"uv": [13.8125, 7.25, 13.75, 7.375],
					"texture": "#1"
				}
			}
		},
		{
			"from": [7.77403, 8.48907, 10.21229],
			"to": [8.22597, 8.8512, 10.66495],
			"rotation": {
				"angle": 0,
				"axis": "y",
				"origin": [5.10298, 7.03514, -9.1537]
			},
			"faces": {
				"north": {
					"uv": [12.375, 6.125, 12.53125, 6.25],
					"texture": "#1"
				},
				"east": {
					"uv": [12.375, 6.25, 12.53125, 6.375],
					"texture": "#1"
				},
				"south": {
					"uv": [12.375, 6.75, 12.53125, 6.875],
					"texture": "#1"
				},
				"west": {
					"uv": [12.375, 6.875, 12.53125, 7],
					"texture": "#1"
				},
				"up": {
					"uv": [11.15625, 11.53125, 11, 11.375],
					"texture": "#1"
				},
				"down": {
					"uv": [11.53125, 11, 11.375, 11.15625],
					"texture": "#1"
				}
			}
		},
		{
			"from": [7.95473, 8.8512, 10.21229],
			"to": [8.04527, 9.03227, 10.84602],
			"rotation": {
				"angle": 0,
				"axis": "y",
				"origin": [5.10298, 7.03514, -9.1537]
			},
			"faces": {
				"north": {
					"uv": [6.5, 14.25, 6.53125, 14.3125],
					"texture": "#1"
				},
				"east": {
					"uv": [13, 4.75, 13.21875, 4.8125],
					"texture": "#1"
				},
				"south": {
					"uv": [6.625, 14.25, 6.65625, 14.3125],
					"texture": "#1"
				},
				"west": {
					"uv": [4.875, 13, 5.09375, 13.0625],
					"texture": "#1"
				},
				"up": {
					"uv": [10.78125, 14.09375, 10.75, 13.875],
					"texture": "#1"
				},
				"down": {
					"uv": [10.90625, 13.875, 10.875, 14.09375],
					"texture": "#1"
				}
			}
		},
		{
			"from": [7.7284, 8.22653, 9.57857],
			"to": [8.2716, 8.76067, 10.21229],
			"rotation": {
				"angle": 0,
				"axis": "y",
				"origin": [5.10298, 7.03514, -9.1537]
			},
			"faces": {
				"north": {
					"uv": [6.875, 10.125, 7.0625, 10.3125],
					"texture": "#1"
				},
				"east": {
					"uv": [5.5, 9.625, 5.71875, 9.8125],
					"texture": "#1"
				},
				"south": {
					"uv": [10.125, 6.875, 10.3125, 7.0625],
					"texture": "#1"
				},
				"west": {
					"uv": [9.625, 6, 9.84375, 6.1875],
					"texture": "#1"
				},
				"up": {
					"uv": [6.4375, 9.84375, 6.25, 9.625],
					"texture": "#1"
				},
				"down": {
					"uv": [6.6875, 9.625, 6.5, 9.84375],
					"texture": "#1"
				}
			}
		},
		{
			"from": [7.77367, 0.62898, 9.87503],
			"to": [8.22633, 0.71951, 11.16058],
			"rotation": {
				"angle": -22.5,
				"axis": "x",
				"origin": [5.10298, 7.03514, -9.1537]
			},
			"faces": {
				"north": {
					"uv": [2.25, 14.125, 2.40625, 14.15625],
					"texture": "#1"
				},
				"east": {
					"uv": [13, 4.875, 13.4375, 4.90625],
					"texture": "#1"
				},
				"south": {
					"uv": [14.125, 2.375, 14.28125, 2.40625],
					"texture": "#1"
				},
				"west": {
					"uv": [13, 5.125, 13.4375, 5.15625],
					"texture": "#1"
				},
				"up": {
					"uv": [4.15625, 7.4375, 4, 7],
					"texture": "#1"
				},
				"down": {
					"uv": [7.15625, 4, 7, 4.4375],
					"texture": "#1"
				}
			}
		},
		{
			"from": [7.77367, 0.71951, 10.64455],
			"to": [8.22633, 0.90057, 10.82561],
			"rotation": {
				"angle": -22.5,
				"axis": "x",
				"origin": [5.10298, 7.03514, -9.1537]
			},
			"faces": {
				"north": {
					"uv": [13.375, 9.75, 13.53125, 9.8125],
					"texture": "#1"
				},
				"east": {
					"uv": [14.125, 9.125, 14.1875, 9.1875],
					"texture": "#1"
				},
				"south": {
					"uv": [13.375, 9.875, 13.53125, 9.9375],
					"texture": "#1"
				},
				"west": {
					"uv": [9.25, 14.125, 9.3125, 14.1875],
					"texture": "#1"
				},
				"up": {
					"uv": [10.15625, 13.4375, 10, 13.375],
					"texture": "#1"
				},
				"down": {
					"uv": [10.40625, 13.375, 10.25, 13.4375],
					"texture": "#1"
				}
			}
		},
		{
			"from": [7.77367, 0.71951, 10.82561],
			"to": [8.22633, 0.81004, 10.91614],
			"rotation": {
				"angle": -22.5,
				"axis": "x",
				"origin": [5.10298, 7.03514, -9.1537]
			},
			"faces": {
				"north": {
					"uv": [2.5, 14.125, 2.65625, 14.15625],
					"texture": "#1"
				},
				"east": {
					"uv": [9.5, 14.25, 9.53125, 14.28125],
					"texture": "#1"
				},
				"south": {
					"uv": [14.125, 2.5, 14.28125, 2.53125],
					"texture": "#1"
				},
				"west": {
					"uv": [14.25, 9.5, 14.28125, 9.53125],
					"texture": "#1"
				},
				"up": {
					"uv": [14.28125, 2.65625, 14.125, 2.625],
					"texture": "#1"
				},
				"down": {
					"uv": [2.90625, 14.125, 2.75, 14.15625],
					"texture": "#1"
				}
			}
		},
		{
			"from": [7.77367, 0.99111, 9.71207],
			"to": [8.22633, 1.15406, 10.25526],
			"rotation": {
				"angle": -22.5,
				"axis": "x",
				"origin": [5.10298, 7.03514, -9.1537]
			},
			"faces": {
				"north": {
					"uv": [10.5, 13.375, 10.65625, 13.4375],
					"texture": "#1"
				},
				"east": {
					"uv": [13.125, 6.125, 13.3125, 6.1875],
					"texture": "#1"
				},
				"south": {
					"uv": [13.375, 10.5, 13.53125, 10.5625],
					"texture": "#1"
				},
				"west": {
					"uv": [13.125, 6.25, 13.3125, 6.3125],
					"texture": "#1"
				},
				"up": {
					"uv": [11.03125, 9.6875, 10.875, 9.5],
					"texture": "#1"
				},
				"down": {
					"uv": [9.78125, 10.875, 9.625, 11.0625],
					"texture": "#1"
				}
			}
		},
		{
			"from": [7.77367, 0.71951, 9.19604],
			"to": [8.22633, 0.99111, 10.64455],
			"rotation": {
				"angle": -22.5,
				"axis": "x",
				"origin": [5.10298, 7.03514, -9.1537]
			},
			"faces": {
				"north": {
					"uv": [8, 12.875, 8.15625, 12.96875],
					"texture": "#1"
				},
				"east": {
					"uv": [8.75, 7.25, 9.25, 7.34375],
					"texture": "#1"
				},
				"south": {
					"uv": [12.875, 8, 13.03125, 8.09375],
					"texture": "#1"
				},
				"west": {
					"uv": [8.75, 7.375, 9.25, 7.46875],
					"texture": "#1"
				},
				"up": {
					"uv": [6.15625, 2.875, 6, 2.375],
					"texture": "#1"
				},
				"down": {
					"uv": [2.90625, 6, 2.75, 6.5],
					"texture": "#1"
				}
			}
		},
		{
			"from": [7.8642, 1.15406, 9.74828],
			"to": [8.1358, 1.2446, 10.29147],
			"rotation": {
				"angle": -22.5,
				"axis": "x",
				"origin": [5.10298, 7.03514, -9.1537]
			},
			"faces": {
				"north": {
					"uv": [0.625, 14.25, 0.71875, 14.28125],
					"texture": "#1"
				},
				"east": {
					"uv": [0.75, 14, 0.9375, 14.03125],
					"texture": "#1"
				},
				"south": {
					"uv": [14.25, 0.625, 14.34375, 0.65625],
					"texture": "#1"
				},
				"west": {
					"uv": [14, 0.75, 14.1875, 0.78125],
					"texture": "#1"
				},
				"up": {
					"uv": [11.96875, 12.6875, 11.875, 12.5],
					"texture": "#1"
				},
				"down": {
					"uv": [12.09375, 12.5, 12, 12.6875],
					"texture": "#1"
				}
			}
		},
		{
			"from": [7.72804, 0.71951, 8.90634],
			"to": [8.27196, 0.90057, 9.19604],
			"rotation": {
				"angle": -22.5,
				"axis": "x",
				"origin": [5.10298, 7.03514, -9.1537]
			},
			"faces": {
				"north": {
					"uv": [13.125, 6.375, 13.3125, 6.4375],
					"texture": "#1"
				},
				"east": {
					"uv": [14, 0.875, 14.09375, 0.9375],
					"texture": "#1"
				},
				"south": {
					"uv": [13.125, 6.5, 13.3125, 6.5625],
					"texture": "#1"
				},
				"west": {
					"uv": [1, 14, 1.09375, 14.0625],
					"texture": "#1"
				},
				"up": {
					"uv": [12.3125, 12.59375, 12.125, 12.5],
					"texture": "#1"
				},
				"down": {
					"uv": [12.6875, 12.25, 12.5, 12.34375],
					"texture": "#1"
				}
			}
		},
		{
			"from": [7.7284, 0.17632, 8.59853],
			"to": [8.2716, 0.53845, 9.60343],
			"rotation": {
				"angle": -22.5,
				"axis": "x",
				"origin": [5.10298, 7.03514, -9.1537]
			},
			"faces": {
				"north": {
					"uv": [11.625, 10, 11.8125, 10.125],
					"texture": "#1"
				},
				"east": {
					"uv": [9.25, 1.125, 9.59375, 1.25],
					"texture": "#1"
				},
				"south": {
					"uv": [10.125, 11.625, 10.3125, 11.75],
					"texture": "#1"
				},
				"west": {
					"uv": [9.25, 1.5, 9.59375, 1.625],
					"texture": "#1"
				},
				"up": {
					"uv": [2.8125, 7.59375, 2.625, 7.25],
					"texture": "#1"
				},
				"down": {
					"uv": [3.6875, 7.25, 3.5, 7.59375],
					"texture": "#1"
				}
			}
		},
		{
			"from": [7.7284, 0.17632, 9.60343],
			"to": [8.2716, 0.44792, 10.70792],
			"rotation": {
				"angle": -22.5,
				"axis": "x",
				"origin": [5.10298, 7.03514, -9.1537]
			},
			"faces": {
				"north": {
					"uv": [12.375, 12.5, 12.5625, 12.59375],
					"texture": "#1"
				},
				"east": {
					"uv": [10.125, 7.125, 10.5, 7.21875],
					"texture": "#1"
				},
				"south": {
					"uv": [12.5, 12.375, 12.6875, 12.46875],
					"texture": "#1"
				},
				"west": {
					"uv": [10.125, 7.25, 10.5, 7.34375],
					"texture": "#1"
				},
				"up": {
					"uv": [0.6875, 7.125, 0.5, 6.75],
					"texture": "#1"
				},
				"down": {
					"uv": [0.9375, 6.75, 0.75, 7.125],
					"texture": "#1"
				}
			}
		},
		{
			"from": [7.77367, 22.75497, 4.5305],
			"to": [8.22633, 23.52449, 4.78399],
			"rotation": {
				"angle": 45,
				"axis": "x",
				"origin": [5.10298, 7.03514, -9.1537]
			},
			"faces": {
				"north": {
					"uv": [1.375, 9.125, 1.53125, 9.40625],
					"texture": "#1"
				},
				"east": {
					"uv": [3, 11.125, 3.09375, 11.40625],
					"texture": "#1"
				},
				"south": {
					"uv": [1.875, 9.125, 2.03125, 9.40625],
					"texture": "#1"
				},
				"west": {
					"uv": [3.375, 11.125, 3.46875, 11.40625],
					"texture": "#1"
				},
				"up": {
					"uv": [13.03125, 8.21875, 12.875, 8.125],
					"texture": "#1"
				},
				"down": {
					"uv": [8.40625, 12.875, 8.25, 12.96875],
					"texture": "#1"
				}
			}
		},
		{
			"from": [7.77367, 23.52449, 4.69346],
			"to": [8.22633, 23.57881, 4.78399],
			"rotation": {
				"angle": 45,
				"axis": "x",
				"origin": [5.10298, 7.03514, -9.1537]
			},
			"faces": {
				"north": {
					"uv": [14.125, 2.75, 14.28125, 2.78125],
					"texture": "#1"
				},
				"east": {
					"uv": [9.625, 14.25, 9.65625, 14.28125],
					"texture": "#1"
				},
				"south": {
					"uv": [14.125, 2.875, 14.28125, 2.90625],
					"texture": "#1"
				},
				"west": {
					"uv": [14.25, 9.625, 14.28125, 9.65625],
					"texture": "#1"
				},
				"up": {
					"uv": [3.15625, 14.15625, 3, 14.125],
					"texture": "#1"
				},
				"down": {
					"uv": [14.28125, 3, 14.125, 3.03125],
					"texture": "#1"
				}
			}
		},
		{
			"from": [7.81894, 0.44792, 8.51705],
			"to": [8.18106, 0.71951, 11.14247],
			"rotation": {
				"angle": -22.5,
				"axis": "x",
				"origin": [5.10298, 7.03514, -9.1537]
			},
			"faces": {
				"north": {
					"uv": [6.625, 13.125, 6.75, 13.21875],
					"texture": "#1"
				},
				"east": {
					"uv": [3.625, 5.75, 4.53125, 5.84375],
					"texture": "#1"
				},
				"south": {
					"uv": [13.125, 6.625, 13.25, 6.71875],
					"texture": "#1"
				},
				"west": {
					"uv": [5.75, 4.5, 6.65625, 4.59375],
					"texture": "#1"
				},
				"up": {
					"uv": [3.625, 5.03125, 3.5, 4.125],
					"texture": "#1"
				},
				"down": {
					"uv": [3.75, 4.125, 3.625, 5.03125],
					"texture": "#1"
				}
			}
		},
		{
			"from": [7.86384, 16.17323, 6.9157],
			"to": [8.13616, 16.35429, 7.91155],
			"rotation": {
				"angle": 22.5,
				"axis": "x",
				"origin": [5.10298, 7.03514, -9.1537]
			},
			"faces": {
				"north": {
					"uv": [14, 1, 14.09375, 1.0625],
					"texture": "#1"
				},
				"east": {
					"uv": [8.5, 11.875, 8.84375, 11.9375],
					"texture": "#1"
				},
				"south": {
					"uv": [1.125, 14, 1.21875, 14.0625],
					"texture": "#1"
				},
				"west": {
					"uv": [11.875, 8.5, 12.21875, 8.5625],
					"texture": "#1"
				},
				"up": {
					"uv": [9.21875, 10.59375, 9.125, 10.25],
					"texture": "#1"
				},
				"down": {
					"uv": [3.34375, 10.375, 3.25, 10.71875],
					"texture": "#1"
				}
			}
		},
		{
			"from": [7.86384, 15.99217, 7.54942],
			"to": [8.13616, 16.17323, 8.09261],
			"rotation": {
				"angle": 22.5,
				"axis": "x",
				"origin": [5.10298, 7.03514, -9.1537]
			},
			"faces": {
				"north": {
					"uv": [1.25, 14, 1.34375, 14.0625],
					"texture": "#1"
				},
				"east": {
					"uv": [13.125, 7, 13.3125, 7.0625],
					"texture": "#1"
				},
				"south": {
					"uv": [1.375, 14, 1.46875, 14.0625],
					"texture": "#1"
				},
				"west": {
					"uv": [13.125, 7.125, 13.3125, 7.1875],
					"texture": "#1"
				},
				"up": {
					"uv": [0.09375, 12.8125, 0, 12.625],
					"texture": "#1"
				},
				"down": {
					"uv": [0.21875, 12.625, 0.125, 12.8125],
					"texture": "#1"
				}
			}
		},
		{
			"from": [7.8642, 21.63238, 2.19478],
			"to": [8.1358, 21.81344, 2.64744],
			"rotation": {
				"angle": 45,
				"axis": "x",
				"origin": [5.10298, 7.03514, -9.1537]
			},
			"faces": {
				"north": {
					"uv": [14, 1.375, 14.09375, 1.4375],
					"texture": "#1"
				},
				"east": {
					"uv": [13.375, 10.625, 13.53125, 10.6875],
					"texture": "#1"
				},
				"south": {
					"uv": [1.5, 14, 1.59375, 14.0625],
					"texture": "#1"
				},
				"west": {
					"uv": [10.75, 13.375, 10.90625, 13.4375],
					"texture": "#1"
				},
				"up": {
					"uv": [12.96875, 8.40625, 12.875, 8.25],
					"texture": "#1"
				},
				"down": {
					"uv": [8.59375, 12.875, 8.5, 13.03125],
					"texture": "#1"
				}
			}
		},
		{
			"from": [7.8642, 21.89492, 3.02767],
			"to": [8.1358, 22.16651, 3.29927],
			"rotation": {
				"angle": 45,
				"axis": "x",
				"origin": [5.10298, 7.03514, -9.1537]
			},
			"faces": {
				"north": {
					"uv": [13.625, 11.375, 13.71875, 11.46875],
					"texture": "#1"
				},
				"east": {
					"uv": [11.5, 13.625, 11.59375, 13.71875],
					"texture": "#1"
				},
				"south": {
					"uv": [13.625, 11.5, 13.71875, 11.59375],
					"texture": "#1"
				},
				"west": {
					"uv": [11.625, 13.625, 11.71875, 13.71875],
					"texture": "#1"
				},
				"up": {
					"uv": [13.71875, 11.71875, 13.625, 11.625],
					"texture": "#1"
				},
				"down": {
					"uv": [11.84375, 13.625, 11.75, 13.71875],
					"texture": "#1"
				}
			}
		},
		{
			"from": [7.81894, 21.06203, 1.95939],
			"to": [8.18106, 21.24309, 2.68365],
			"rotation": {
				"angle": 45,
				"axis": "x",
				"origin": [5.10298, 7.03514, -9.1537]
			},
			"faces": {
				"north": {
					"uv": [13.75, 7.375, 13.875, 7.4375],
					"texture": "#1"
				},
				"east": {
					"uv": [6.375, 12.75, 6.625, 12.8125],
					"texture": "#1"
				},
				"south": {
					"uv": [7.5, 13.75, 7.625, 13.8125],
					"texture": "#1"
				},
				"west": {
					"uv": [12.75, 6.375, 13, 6.4375],
					"texture": "#1"
				},
				"up": {
					"uv": [4.625, 7.5, 4.5, 7.25],
					"texture": "#1"
				},
				"down": {
					"uv": [7.375, 5.125, 7.25, 5.375],
					"texture": "#1"
				}
			}
		},
		{
			"from": [7.81894, 20.79043, 1.6878],
			"to": [8.18106, 21.06203, 2.50259],
			"rotation": {
				"angle": 45,
				"axis": "x",
				"origin": [5.10298, 7.03514, -9.1537]
			},
			"faces": {
				"north": {
					"uv": [6.75, 13.125, 6.875, 13.21875],
					"texture": "#1"
				},
				"east": {
					"uv": [11.25, 2.375, 11.53125, 2.46875],
					"texture": "#1"
				},
				"south": {
					"uv": [7, 13.125, 7.125, 13.21875],
					"texture": "#1"
				},
				"west": {
					"uv": [2.5, 11.25, 2.78125, 11.34375],
					"texture": "#1"
				},
				"up": {
					"uv": [7.25, 10.40625, 7.125, 10.125],
					"texture": "#1"
				},
				"down": {
					"uv": [10.25, 7.375, 10.125, 7.65625],
					"texture": "#1"
				}
			}
		},
		{
			"from": [7.81894, 20.68179, 1.1265],
			"to": [8.18106, 20.86286, 1.48863],
			"rotation": {
				"angle": 45,
				"axis": "x",
				"origin": [5.10298, 7.03514, -9.1537]
			},
			"faces": {
				"north": {
					"uv": [13.75, 7.5, 13.875, 7.5625],
					"texture": "#1"
				},
				"east": {
					"uv": [7.625, 13.75, 7.75, 13.8125],
					"texture": "#1"
				},
				"south": {
					"uv": [13.75, 7.625, 13.875, 7.6875],
					"texture": "#1"
				},
				"west": {
					"uv": [7.75, 13.75, 7.875, 13.8125],
					"texture": "#1"
				},
				"up": {
					"uv": [2.75, 6.875, 2.625, 6.75],
					"texture": "#1"
				},
				"down": {
					"uv": [6.375, 6.875, 6.25, 7],
					"texture": "#1"
				}
			}
		},
		{
			"from": [7.90947, -0.22202, 8.38125],
			"to": [8.09053, 0.08579, 10.84372],
			"rotation": {
				"angle": -22.5,
				"axis": "x",
				"origin": [5.10298, 7.03514, -9.1537]
			},
			"faces": {
				"north": {
					"uv": [14, 1.5, 14.0625, 1.59375],
					"texture": "#1"
				},
				"east": {
					"uv": [5.875, 1.5, 6.71875, 1.59375],
					"texture": "#1"
				},
				"south": {
					"uv": [1.625, 14, 1.6875, 14.09375],
					"texture": "#1"
				},
				"west": {
					"uv": [5.875, 3.375, 6.71875, 3.46875],
					"texture": "#1"
				},
				"up": {
					"uv": [4.5625, 9.21875, 4.5, 8.375],
					"texture": "#1"
				},
				"down": {
					"uv": [7.9375, 8.5, 7.875, 9.34375],
					"texture": "#1"
				}
			}
		},
		{
			"from": [7.81894, -0.00474, 8.57137],
			"to": [8.18106, 0.17632, 9.60343],
			"rotation": {
				"angle": -22.5,
				"axis": "x",
				"origin": [5.10298, 7.03514, -9.1537]
			},
			"faces": {
				"north": {
					"uv": [13.75, 7.75, 13.875, 7.8125],
					"texture": "#1"
				},
				"east": {
					"uv": [11.875, 8.625, 12.21875, 8.6875],
					"texture": "#1"
				},
				"south": {
					"uv": [7.875, 13.75, 8, 13.8125],
					"texture": "#1"
				},
				"west": {
					"uv": [9, 11.875, 9.34375, 11.9375],
					"texture": "#1"
				},
				"up": {
					"uv": [0.125, 9.59375, 0, 9.25],
					"texture": "#1"
				},
				"down": {
					"uv": [0.25, 9.25, 0.125, 9.59375],
					"texture": "#1"
				}
			}
		},
		{
			"from": [7.81894, -0.00474, 9.60343],
			"to": [8.18106, 0.17632, 10.75318],
			"rotation": {
				"angle": -22.5,
				"axis": "x",
				"origin": [5.10298, 7.03514, -9.1537]
			},
			"faces": {
				"north": {
					"uv": [13.75, 7.875, 13.875, 7.9375],
					"texture": "#1"
				},
				"east": {
					"uv": [11.375, 0, 11.78125, 0.0625],
					"texture": "#1"
				},
				"south": {
					"uv": [8, 13.75, 8.125, 13.8125],
					"texture": "#1"
				},
				"west": {
					"uv": [0.25, 11.375, 0.65625, 11.4375],
					"texture": "#1"
				},
				"up": {
					"uv": [4.125, 4.65625, 4, 4.25],
					"texture": "#1"
				},
				"down": {
					"uv": [1.5, 8.625, 1.375, 9.03125],
					"texture": "#1"
				}
			}
		},
		{
			"from": [7.90947, 8.67014, 8.85432],
			"to": [8.09053, 8.8512, 9.57857],
			"rotation": {
				"angle": 0,
				"axis": "y",
				"origin": [5.10298, 7.03514, -9.1537]
			},
			"faces": {
				"north": {
					"uv": [14.125, 9.25, 14.1875, 9.3125],
					"texture": "#1"
				},
				"east": {
					"uv": [12.75, 6.5, 13, 6.5625],
					"texture": "#1"
				},
				"south": {
					"uv": [9.375, 14.125, 9.4375, 14.1875],
					"texture": "#1"
				},
				"west": {
					"uv": [12.75, 6.625, 13, 6.6875],
					"texture": "#1"
				},
				"up": {
					"uv": [6.6875, 13, 6.625, 12.75],
					"texture": "#1"
				},
				"down": {
					"uv": [12.8125, 6.75, 12.75, 7],
					"texture": "#1"
				}
			}
		},
		{
			"from": [7.81857, 15.72057, 5.55772],
			"to": [8.18143, 15.90164, 6.55357],
			"rotation": {
				"angle": 22.5,
				"axis": "x",
				"origin": [5.10298, 7.03514, -9.1537]
			},
			"faces": {
				"north": {
					"uv": [13.75, 8, 13.875, 8.0625],
					"texture": "#1"
				},
				"east": {
					"uv": [11.875, 9.125, 12.21875, 9.1875],
					"texture": "#1"
				},
				"south": {
					"uv": [8.125, 13.75, 8.25, 13.8125],
					"texture": "#1"
				},
				"west": {
					"uv": [9.375, 11.875, 9.71875, 11.9375],
					"texture": "#1"
				},
				"up": {
					"uv": [1.875, 9.59375, 1.75, 9.25],
					"texture": "#1"
				},
				"down": {
					"uv": [9.375, 1.875, 9.25, 2.21875],
					"texture": "#1"
				}
			}
		},
		{
			"from": [7.8193, 1.80589, 7.5212],
			"to": [8.1807, 2.53015, 7.88333],
			"rotation": {
				"angle": -22.5,
				"axis": "x",
				"origin": [5.10298, 7.03514, -9.1537]
			},
			"faces": {
				"north": {
					"uv": [6.75, 7.25, 6.875, 7.5],
					"texture": "#1"
				},
				"east": {
					"uv": [4.75, 7.5, 4.875, 7.75],
					"texture": "#1"
				},
				"south": {
					"uv": [6.375, 7.875, 6.5, 8.125],
					"texture": "#1"
				},
				"west": {
					"uv": [10, 10.625, 10.125, 10.875],
					"texture": "#1"
				},
				"up": {
					"uv": [7.125, 4.625, 7, 4.5],
					"texture": "#1"
				},
				"down": {
					"uv": [5, 7, 4.875, 7.125],
					"texture": "#1"
				}
			}
		},
		{
			"from": [7.86456, 1.35323, 8.78864],
			"to": [8.13544, 1.89642, 9.15077],
			"rotation": {
				"angle": -22.5,
				"axis": "x",
				"origin": [5.10298, 7.03514, -9.1537]
			},
			"faces": {
				"north": {
					"uv": [12.625, 0.125, 12.71875, 0.3125],
					"texture": "#1"
				},
				"east": {
					"uv": [11.625, 10.125, 11.75, 10.3125],
					"texture": "#1"
				},
				"south": {
					"uv": [12.625, 0.5, 12.71875, 0.6875],
					"texture": "#1"
				},
				"west": {
					"uv": [10.375, 11.625, 10.5, 11.8125],
					"texture": "#1"
				},
				"up": {
					"uv": [7.34375, 13.25, 7.25, 13.125],
					"texture": "#1"
				},
				"down": {
					"uv": [13.21875, 7.25, 13.125, 7.375],
					"texture": "#1"
				}
			}
		},
		{
			"from": [7.68314, 8.30801, 7.949],
			"to": [8.31686, 8.67014, 8.94485],
			"rotation": {
				"angle": 0,
				"axis": "y",
				"origin": [5.10298, 7.03514, -9.1537]
			},
			"faces": {
				"north": {
					"uv": [8.625, 11.125, 8.84375, 11.25],
					"texture": "#1"
				},
				"east": {
					"uv": [9.25, 2.25, 9.59375, 2.375],
					"texture": "#1"
				},
				"south": {
					"uv": [11.125, 8.625, 11.34375, 8.75],
					"texture": "#1"
				},
				"west": {
					"uv": [9.25, 2.375, 9.59375, 2.5],
					"texture": "#1"
				},
				"up": {
					"uv": [4.84375, 6.46875, 4.625, 6.125],
					"texture": "#1"
				},
				"down": {
					"uv": [1.46875, 6.25, 1.25, 6.59375],
					"texture": "#1"
				}
			}
		},
		{
			"from": [8.3527, 5.91808, 7.94936],
			"to": [8.53376, 6.18967, 8.94521],
			"rotation": {
				"angle": 45,
				"axis": "z",
				"origin": [5.10328, 7.03229, -9.15406]
			},
			"faces": {
				"north": {
					"uv": [14, 1.625, 14.0625, 1.71875],
					"texture": "#1"
				},
				"east": {
					"uv": [10.5, 3.375, 10.84375, 3.46875],
					"texture": "#1"
				},
				"south": {
					"uv": [1.75, 14, 1.8125, 14.09375],
					"texture": "#1"
				},
				"west": {
					"uv": [10.5, 3.5, 10.84375, 3.59375],
					"texture": "#1"
				},
				"up": {
					"uv": [11.9375, 9.71875, 11.875, 9.375],
					"texture": "#1"
				},
				"down": {
					"uv": [9.8125, 11.875, 9.75, 12.21875],
					"texture": "#1"
				}
			}
		},
		{
			"from": [7.8642, 8.67014, 7.949],
			"to": [8.1358, 8.8512, 8.22059],
			"rotation": {
				"angle": 0,
				"axis": "y",
				"origin": [5.10298, 7.03514, -9.1537]
			},
			"faces": {
				"north": {
					"uv": [14, 1.75, 14.09375, 1.8125],
					"texture": "#1"
				},
				"east": {
					"uv": [1.875, 14, 1.96875, 14.0625],
					"texture": "#1"
				},
				"south": {
					"uv": [14, 1.875, 14.09375, 1.9375],
					"texture": "#1"
				},
				"west": {
					"uv": [2, 14, 2.09375, 14.0625],
					"texture": "#1"
				},
				"up": {
					"uv": [11.96875, 13.71875, 11.875, 13.625],
					"texture": "#1"
				},
				"down": {
					"uv": [13.71875, 11.875, 13.625, 11.96875],
					"texture": "#1"
				}
			}
		},
		{
			"from": [7.68314, 8.03642, 7.949],
			"to": [8.31686, 8.30801, 8.94485],
			"rotation": {
				"angle": 0,
				"axis": "y",
				"origin": [5.10298, 7.03514, -9.1537]
			},
			"faces": {
				"north": {
					"uv": [1.125, 12.25, 1.34375, 12.34375],
					"texture": "#1"
				},
				"east": {
					"uv": [3.75, 10.5, 4.09375, 10.59375],
					"texture": "#1"
				},
				"south": {
					"uv": [12.25, 1.5, 12.46875, 1.59375],
					"texture": "#1"
				},
				"west": {
					"uv": [10.5, 4.125, 10.84375, 4.21875],
					"texture": "#1"
				},
				"up": {
					"uv": [1.71875, 6.59375, 1.5, 6.25],
					"texture": "#1"
				},
				"down": {
					"uv": [1.96875, 6.25, 1.75, 6.59375],
					"texture": "#1"
				}
			}
		},
		{
			"from": [8.45665, 6.73532, 7.94864],
			"to": [8.5834, 7.08839, 8.94521],
			"rotation": {
				"angle": 22.5,
				"axis": "z",
				"origin": [5.10298, 7.03514, -9.1537]
			},
			"faces": {
				"north": {
					"uv": [14.125, 9.375, 14.15625, 9.5],
					"texture": "#1"
				},
				"east": {
					"uv": [9.25, 2.75, 9.59375, 2.875],
					"texture": "#1"
				},
				"south": {
					"uv": [9.5, 14.125, 9.53125, 14.25],
					"texture": "#1"
				},
				"west": {
					"uv": [9.25, 2.875, 9.59375, 3],
					"texture": "#1"
				},
				"up": {
					"uv": [13.28125, 12.71875, 13.25, 12.375],
					"texture": "#1"
				},
				"down": {
					"uv": [12.53125, 13.25, 12.5, 13.59375],
					"texture": "#1"
				}
			}
		},
		{
			"from": [8.4476, 6.8349, 8.94485],
			"to": [8.53813, 7.1065, 9.9407],
			"rotation": {
				"angle": 22.5,
				"axis": "z",
				"origin": [5.10298, 7.03514, -9.1537]
			},
			"faces": {
				"north": {
					"uv": [0.75, 14.25, 0.78125, 14.34375],
					"texture": "#1"
				},
				"east": {
					"uv": [4.625, 10.5, 4.96875, 10.59375],
					"texture": "#1"
				},
				"south": {
					"uv": [14.25, 0.75, 14.28125, 0.84375],
					"texture": "#1"
				},
				"west": {
					"uv": [10.5, 4.75, 10.84375, 4.84375],
					"texture": "#1"
				},
				"up": {
					"uv": [12.65625, 13.59375, 12.625, 13.25],
					"texture": "#1"
				},
				"down": {
					"uv": [12.78125, 13.25, 12.75, 13.59375],
					"texture": "#1"
				}
			}
		},
		{
			"from": [7.7284, 7.40269, 7.949],
			"to": [8.2716, 7.76482, 8.94485],
			"rotation": {
				"angle": 0,
				"axis": "y",
				"origin": [5.10298, 7.03514, -9.1537]
			},
			"faces": {
				"north": {
					"uv": [11.625, 10.375, 11.8125, 10.5],
					"texture": "#1"
				},
				"east": {
					"uv": [9.25, 3, 9.59375, 3.125],
					"texture": "#1"
				},
				"south": {
					"uv": [10.5, 11.625, 10.6875, 11.75],
					"texture": "#1"
				},
				"west": {
					"uv": [9.25, 3.125, 9.59375, 3.25],
					"texture": "#1"
				},
				"up": {
					"uv": [3.9375, 7.59375, 3.75, 7.25],
					"texture": "#1"
				},
				"down": {
					"uv": [7.4375, 4, 7.25, 4.34375],
					"texture": "#1"
				}
			}
		},
		{
			"from": [7.69725, 8.60933, 7.94864],
			"to": [7.87831, 8.93524, 8.94521],
			"rotation": {
				"angle": -22.5,
				"axis": "z",
				"origin": [5.10298, 7.03514, -9.1537]
			},
			"faces": {
				"north": {
					"uv": [8.375, 13.75, 8.4375, 13.875],
					"texture": "#1"
				},
				"east": {
					"uv": [9.25, 3.75, 9.59375, 3.875],
					"texture": "#1"
				},
				"south": {
					"uv": [8.5, 13.75, 8.5625, 13.875],
					"texture": "#1"
				},
				"west": {
					"uv": [3.875, 9.25, 4.21875, 9.375],
					"texture": "#1"
				},
				"up": {
					"uv": [11.9375, 10.09375, 11.875, 9.75],
					"texture": "#1"
				},
				"down": {
					"uv": [9.9375, 11.875, 9.875, 12.21875],
					"texture": "#1"
				}
			}
		},
		{
			"from": [7.46624, 5.91808, 7.94936],
			"to": [7.6473, 6.18967, 8.94521],
			"rotation": {
				"angle": -45,
				"axis": "z",
				"origin": [10.89672, 7.03229, -9.15406]
			},
			"faces": {
				"north": {
					"uv": [14.0625, 1.625, 14, 1.71875],
					"texture": "#1"
				},
				"east": {
					"uv": [10.84375, 3.5, 10.5, 3.59375],
					"texture": "#1"
				},
				"south": {
					"uv": [1.8125, 14, 1.75, 14.09375],
					"texture": "#1"
				},
				"west": {
					"uv": [10.84375, 3.375, 10.5, 3.46875],
					"texture": "#1"
				},
				"up": {
					"uv": [11.875, 9.71875, 11.9375, 9.375],
					"texture": "#1"
				},
				"down": {
					"uv": [9.75, 11.875, 9.8125, 12.21875],
					"texture": "#1"
				}
			}
		},
		{
			"from": [7.4166, 6.73532, 7.94864],
			"to": [7.54335, 7.08839, 8.94521],
			"rotation": {
				"angle": -22.5,
				"axis": "z",
				"origin": [10.89702, 7.03514, -9.1537]
			},
			"faces": {
				"north": {
					"uv": [14.15625, 9.375, 14.125, 9.5],
					"texture": "#1"
				},
				"east": {
					"uv": [9.59375, 2.875, 9.25, 3],
					"texture": "#1"
				},
				"south": {
					"uv": [9.53125, 14.125, 9.5, 14.25],
					"texture": "#1"
				},
				"west": {
					"uv": [9.59375, 2.75, 9.25, 2.875],
					"texture": "#1"
				},
				"up": {
					"uv": [13.25, 12.71875, 13.28125, 12.375],
					"texture": "#1"
				},
				"down": {
					"uv": [12.5, 13.25, 12.53125, 13.59375],
					"texture": "#1"
				}
			}
		},
		{
			"from": [8.12169, 8.60933, 7.94864],
			"to": [8.30275, 8.93524, 8.94521],
			"rotation": {
				"angle": 22.5,
				"axis": "z",
				"origin": [10.89702, 7.03514, -9.1537]
			},
			"faces": {
				"north": {
					"uv": [8.4375, 13.75, 8.375, 13.875],
					"texture": "#1"
				},
				"east": {
					"uv": [4.21875, 9.25, 3.875, 9.375],
					"texture": "#1"
				},
				"south": {
					"uv": [8.5625, 13.75, 8.5, 13.875],
					"texture": "#1"
				},
				"west": {
					"uv": [9.59375, 3.75, 9.25, 3.875],
					"texture": "#1"
				},
				"up": {
					"uv": [11.875, 10.09375, 11.9375, 9.75],
					"texture": "#1"
				},
				"down": {
					"uv": [9.875, 11.875, 9.9375, 12.21875],
					"texture": "#1"
				}
			}
		},
		{
			"from": [8.19411, 8.73607, 8.94485],
			"to": [8.28464, 9.00767, 9.87733],
			"rotation": {
				"angle": 22.5,
				"axis": "z",
				"origin": [10.89702, 7.03514, -9.1537]
			},
			"faces": {
				"north": {
					"uv": [0.40625, 14.25, 0.375, 14.34375],
					"texture": "#1"
				},
				"east": {
					"uv": [11.1875, 9, 10.875, 9.09375],
					"texture": "#1"
				},
				"south": {
					"uv": [14.28125, 0.375, 14.25, 0.46875],
					"texture": "#1"
				},
				"west": {
					"uv": [11.1875, 8.875, 10.875, 8.96875],
					"texture": "#1"
				},
				"up": {
					"uv": [8.75, 13.6875, 8.78125, 13.375],
					"texture": "#1"
				},
				"down": {
					"uv": [9.125, 13.375, 9.15625, 13.6875],
					"texture": "#1"
				}
			}
		},
		{
			"from": [7.46187, 6.8349, 8.94485],
			"to": [7.5524, 7.1065, 9.9407],
			"rotation": {
				"angle": -22.5,
				"axis": "z",
				"origin": [10.89702, 7.03514, -9.1537]
			},
			"faces": {
				"north": {
					"uv": [0.78125, 14.25, 0.75, 14.34375],
					"texture": "#1"
				},
				"east": {
					"uv": [10.84375, 4.75, 10.5, 4.84375],
					"texture": "#1"
				},
				"south": {
					"uv": [14.28125, 0.75, 14.25, 0.84375],
					"texture": "#1"
				},
				"west": {
					"uv": [4.96875, 10.5, 4.625, 10.59375],
					"texture": "#1"
				},
				"up": {
					"uv": [12.625, 13.59375, 12.65625, 13.25],
					"texture": "#1"
				},
				"down": {
					"uv": [12.75, 13.25, 12.78125, 13.59375],
					"texture": "#1"
				}
			}
		},
		{
			"from": [7.50291, 5.95163, 8.94485],
			"to": [7.68397, 6.22323, 9.57857],
			"rotation": {
				"angle": -45,
				"axis": "z",
				"origin": [10.89718, 7.03869, -8.61051]
			},
			"faces": {
				"north": {
					"uv": [0.6875, 14, 0.625, 14.09375],
					"texture": "#1"
				},
				"east": {
					"uv": [0.84375, 12.25, 0.625, 12.34375],
					"texture": "#1"
				},
				"south": {
					"uv": [14.0625, 0.625, 14, 0.71875],
					"texture": "#1"
				},
				"west": {
					"uv": [12.34375, 12.125, 12.125, 12.21875],
					"texture": "#1"
				},
				"up": {
					"uv": [13, 4.71875, 13.0625, 4.5],
					"texture": "#1"
				},
				"down": {
					"uv": [4.625, 13, 4.6875, 13.21875],
					"texture": "#1"
				}
			}
		},
		{
			"from": [7.43313, 6.01857, 9.57857],
			"to": [7.6142, 6.29017, 10.21229],
			"rotation": {
				"angle": -45,
				"axis": "z",
				"origin": [10.89078, 7.0332, -8.61051]
			},
			"faces": {
				"north": {
					"uv": [0.4375, 14, 0.375, 14.09375],
					"texture": "#1"
				},
				"east": {
					"uv": [12.34375, 11.625, 12.125, 11.71875],
					"texture": "#1"
				},
				"south": {
					"uv": [14.0625, 0.375, 14, 0.46875],
					"texture": "#1"
				},
				"west": {
					"uv": [12.34375, 11.5, 12.125, 11.59375],
					"texture": "#1"
				},
				"up": {
					"uv": [4.125, 13.21875, 4.1875, 13],
					"texture": "#1"
				},
				"down": {
					"uv": [4.25, 13, 4.3125, 13.21875],
					"texture": "#1"
				}
			}
		},
		{
			"from": [7.40316, 6.11105, 10.21229],
			"to": [7.58422, 6.36454, 10.84602],
			"rotation": {
				"angle": -45,
				"axis": "z",
				"origin": [10.89702, 7.03514, -8.61051]
			},
			"faces": {
				"north": {
					"uv": [0.5625, 14, 0.5, 14.09375],
					"texture": "#1"
				},
				"east": {
					"uv": [12.34375, 12, 12.125, 12.09375],
					"texture": "#1"
				},
				"south": {
					"uv": [14.0625, 0.5, 14, 0.59375],
					"texture": "#1"
				},
				"west": {
					"uv": [12.34375, 11.875, 12.125, 11.96875],
					"texture": "#1"
				},
				"up": {
					"uv": [4.375, 13.21875, 4.4375, 13],
					"texture": "#1"
				},
				"down": {
					"uv": [4.5, 13, 4.5625, 13.21875],
					"texture": "#1"
				}
			}
		},
		{
			"from": [7.81894, 7.22163, 7.949],
			"to": [8.18106, 7.40269, 8.94485],
			"rotation": {
				"angle": 0,
				"axis": "y",
				"origin": [5.10298, 6.85408, -9.1537]
			},
			"faces": {
				"north": {
					"uv": [8.625, 13.75, 8.75, 13.8125],
					"texture": "#1"
				},
				"east": {
					"uv": [10.125, 11.875, 10.46875, 11.9375],
					"texture": "#1"
				},
				"south": {
					"uv": [13.75, 8.625, 13.875, 8.6875],
					"texture": "#1"
				},
				"west": {
					"uv": [11.875, 10.125, 12.21875, 10.1875],
					"texture": "#1"
				},
				"up": {
					"uv": [3.25, 9.59375, 3.125, 9.25],
					"texture": "#1"
				},
				"down": {
					"uv": [3.375, 9.25, 3.25, 9.59375],
					"texture": "#1"
				}
			}
		},
		{
			"from": [7.81857, 7.31216, 8.94485],
			"to": [8.18143, 7.49322, 9.91354],
			"rotation": {
				"angle": 0,
				"axis": "y",
				"origin": [5.10298, 6.85408, -9.1537]
			},
			"faces": {
				"north": {
					"uv": [8.75, 13.75, 8.875, 13.8125],
					"texture": "#1"
				},
				"east": {
					"uv": [11.875, 10.25, 12.21875, 10.3125],
					"texture": "#1"
				},
				"south": {
					"uv": [13.75, 8.75, 13.875, 8.8125],
					"texture": "#1"
				},
				"west": {
					"uv": [11.875, 10.375, 12.21875, 10.4375],
					"texture": "#1"
				},
				"up": {
					"uv": [9.375, 4.21875, 9.25, 3.875],
					"texture": "#1"
				},
				"down": {
					"uv": [4.375, 9.25, 4.25, 9.59375],
					"texture": "#1"
				}
			}
		},
		{
			"from": [7.77367, 7.85535, 8.94485],
			"to": [8.22633, 8.12695, 9.9407],
			"rotation": {
				"angle": 0,
				"axis": "y",
				"origin": [5.10298, 7.03514, -9.1537]
			},
			"faces": {
				"north": {
					"uv": [12.875, 8.5, 13.03125, 8.59375],
					"texture": "#1"
				},
				"east": {
					"uv": [10.5, 4.875, 10.84375, 4.96875],
					"texture": "#1"
				},
				"south": {
					"uv": [8.625, 12.875, 8.78125, 12.96875],
					"texture": "#1"
				},
				"west": {
					"uv": [5, 10.5, 5.34375, 10.59375],
					"texture": "#1"
				},
				"up": {
					"uv": [8.15625, 8.71875, 8, 8.375],
					"texture": "#1"
				},
				"down": {
					"uv": [8.53125, 8.125, 8.375, 8.46875],
					"texture": "#1"
				}
			}
		},
		{
			"from": [7.7284, 7.76482, 7.949],
			"to": [8.2716, 8.03642, 8.94485],
			"rotation": {
				"angle": 0,
				"axis": "y",
				"origin": [5.10298, 7.03514, -9.1537]
			},
			"faces": {
				"north": {
					"uv": [0.75, 12.625, 0.9375, 12.71875],
					"texture": "#1"
				},
				"east": {
					"uv": [10.5, 5, 10.84375, 5.09375],
					"texture": "#1"
				},
				"south": {
					"uv": [12.625, 0.75, 12.8125, 0.84375],
					"texture": "#1"
				},
				"west": {
					"uv": [10.5, 5.125, 10.84375, 5.21875],
					"texture": "#1"
				},
				"up": {
					"uv": [4.4375, 7.59375, 4.25, 7.25],
					"texture": "#1"
				},
				"down": {
					"uv": [7.4375, 4.75, 7.25, 5.09375],
					"texture": "#1"
				}
			}
		}
	]
}