{
  "bgm.begin": {
    "sounds": ["bgm/begin"]
  },
  "bgm.early1": {
    "sounds": ["bgm/early1"]
  },
  "sfx.kill": {
    "sounds": ["sfx/kill"]
  },
  "sfx.death": {
    "sounds": ["sfx/death"]
  },
  "sfx.upgrade.weapon": {
    "sounds": ["sfx/upgrade_weapon"]
  },
  "sfx.upgrade.armor": {
    "sounds": ["sfx/upgrade_armor"]
  },
  "sfx.upgrade.ult": {
    "sounds": ["sfx/upgrade_ult"]
  },
  "sfx.explode": {
    "sounds": ["sfx/explode"]
  },
  "sfx.redemption": {
    "sounds": ["sfx/redemption"]
  },
  "sfx.reload": {
    "sounds": ["sfx/reload"]
  }
}