{
  "bgm.begin": {
    "sounds": ["bgm/begin"]
  },
  "bgm.early1": {
    "sounds": ["bgm/early1"]
  },
  "bgm.early2": {
    "sounds": ["bgm/early2"]
  },
  "bgm.mid1": {
    "sounds": ["bgm/mid1"]
  },
  "bgm.mid2": {
    "sounds": ["bgm/mid2"]
  },
  "bgm.late1": {
    "sounds": ["bgm/late1"]
  },
  "bgm.late2": {
    "sounds": ["bgm/late2"]
  },


  "sfx.kill": {
    "sounds": ["sfx/kill"]
  },
  "sfx.death": {
    "sounds": ["sfx/death"]
  },
  "sfx.upgrade.weapon": {
    "sounds": ["sfx/upgrade_weapon"]
  },
  "sfx.upgrade.armor": {
    "sounds": ["sfx/upgrade_armor"]
  },
  "sfx.upgrade.ult": {
    "sounds": ["sfx/upgrade_ult"]
  },
  "sfx.upgrade.passive": {
    "sounds": ["sfx/upgrade_passive"]
  },
  "sfx.upgrade.trinket": {
    "sounds": ["sfx/upgrade_trinket"]
  },

  "sfx.ping.1": {
    "sounds": ["sfx/ping1"]
  },
  "sfx.ping.2": {
    "sounds": ["sfx/ping2"]
  },
  "sfx.ping.3": {
    "sounds": ["sfx/ping3"]
  },
  "sfx.ping.4": {
    "sounds": ["sfx/ping4"]
  },



  "sfx.bow1": {
    "sounds": ["sfx/bow1"]
  },
  "sfx.bow2": {
    "sounds": ["sfx/bow2"]
  },
  "sfx.explode": {
    "sounds": ["sfx/explode"]
  },
  "sfx.redemption": {
    "sounds": ["sfx/redemption"]
  },
  "sfx.reload": {
    "sounds": ["sfx/reload"]
  },
  "sfx.revive_attempt": {
	"sounds": ["sfx/revive_attempt"]
  },
  "sfx.revive_success": {
	"sounds": ["sfx/revive_success"]
  },
  "sfx.scythe": {
	"sounds": ["sfx/scythe"]
  }
}