{"textures":{"0":"bm:item/center_guardian_shadowguardian","1":"bm:item/center_guardian_shadowguardian_flame","particle":"bm:item/center_guardian_shadowguardian"},"elements":[{"from":[4.123103,2.3123016,8.056218],"to":[8.319628,6.159114,11.553322],"faces":{"north":{"uv":[4.25,10.375,4.875,11.0],"tintindex":0,"texture":"#0"},"east":{"uv":[2.5,8.625,3.0,9.25],"tintindex":0,"texture":"#0"},"south":{"uv":[7.75,10.375,8.375,11.0],"tintindex":0,"texture":"#0"},"west":{"uv":[5.625,11.125,6.125,11.75],"tintindex":0,"texture":"#0"},"up":{"uv":[8.0,5.375,7.375,4.875],"tintindex":0,"texture":"#0"},"down":{"uv":[4.625,7.625,4.0,8.125],"tintindex":0,"texture":"#0"}},"rotation":{"angle":-45.0,"axis":"x","origin":[6.861957,4.461546,3.8456287]}},{"from":[2.7242622,1.5704551,7.2543664],"to":[5.172234,6.8161116,12.500021],"faces":{"north":{"uv":[8.625,11.25,9.0,12.0],"tintindex":0,"texture":"#0"},"east":{"uv":[8.0,9.0,8.75,9.75],"tintindex":0,"texture":"#0"},"south":{"uv":[0.0,11.375,0.375,12.125],"tintindex":0,"texture":"#0"},"west":{"uv":[9.375,5.5,10.125,6.25],"tintindex":0,"texture":"#0"},"up":{"uv":[7.75,12.125,7.375,11.375],"tintindex":0,"texture":"#0"},"down":{"uv":[8.125,11.375,7.75,12.125],"tintindex":0,"texture":"#0"}},"rotation":{"angle":-45.0,"axis":"x","origin":[6.861957,4.461546,3.8456287]}},{"from":[-0.073420525,1.9201655,7.604077],"to":[2.7242622,6.1166883,11.800601],"faces":{"north":{"uv":[8.5,7.375,8.875,8.0],"tintindex":0,"texture":"#0"},"east":{"uv":[10.5,0.0,11.125,0.625],"tintindex":0,"texture":"#0"},"south":{"uv":[11.75,11.5,12.125,12.125],"tintindex":0,"texture":"#0"},"west":{"uv":[10.5,1.375,11.125,2.0],"tintindex":0,"texture":"#0"},"up":{"uv":[12.25,1.25,11.875,0.625],"tintindex":0,"texture":"#0"},"down":{"uv":[1.5,11.875,1.125,12.5],"tintindex":0,"texture":"#0"}},"rotation":{"angle":-45.0,"axis":"x","origin":[6.861957,4.461546,3.8456287]}},{"from":[-2.8711042,2.2698755,7.9537873],"to":[-0.073420525,5.417268,11.10118],"faces":{"north":{"uv":[0.875,7.875,1.25,8.375],"tintindex":0,"texture":"#0"},"east":{"uv":[6.875,11.625,7.375,12.125],"tintindex":0,"texture":"#0"},"south":{"uv":[3.5,9.25,3.875,9.75],"tintindex":0,"texture":"#0"},"west":{"uv":[9.375,11.625,9.875,12.125],"tintindex":0,"texture":"#0"},"up":{"uv":[8.75,10.25,8.375,9.75],"tintindex":0,"texture":"#0"},"down":{"uv":[3.5,9.875,3.125,10.375],"tintindex":0,"texture":"#0"}},"rotation":{"angle":-45.0,"axis":"x","origin":[6.861957,4.461546,3.8456287]}},{"from":[6.805202,5.9439855,7.2179027],"to":[11.001726,11.189639,12.813269],"faces":{"north":{"uv":[5.25,9.75,5.875,10.5],"tintindex":0,"texture":"#0"},"east":{"uv":[3.0,8.5,3.875,9.25],"tintindex":0,"texture":"#0"},"south":{"uv":[2.5,9.875,3.125,10.625],"tintindex":0,"texture":"#0"},"west":{"uv":[8.5,5.875,9.375,6.625],"tintindex":0,"texture":"#0"},"up":{"uv":[3.75,7.625,3.125,6.75],"tintindex":0,"texture":"#0"},"down":{"uv":[2.5,9.375,1.875,10.25],"tintindex":0,"texture":"#0"}},"rotation":{"angle":-22.5,"axis":"y","origin":[6.861957,4.461546,3.8456287]}},{"from":[-6.404167,4.1806,6.901901],"to":[-5.103245,5.649384,8.076928],"faces":{"north":{"uv":[1.875,11.875,2.125,12.125],"tintindex":0,"texture":"#0"},"east":{"uv":[9.5,1.625,9.625,1.875],"tintindex":0,"texture":"#0"},"south":{"uv":[3.25,12.0,3.5,12.25],"tintindex":0,"texture":"#0"},"west":{"uv":[9.625,4.25,9.75,4.5],"tintindex":0,"texture":"#0"},"up":{"uv":[3.5,12.375,3.25,12.25],"tintindex":0,"texture":"#0"},"down":{"uv":[4.75,12.25,4.5,12.375],"tintindex":0,"texture":"#0"}},"rotation":{"angle":-22.5,"axis":"z","origin":[6.861957,4.461546,3.8456287]}},{"from":[-6.404167,4.1806,8.370685],"to":[-5.103245,5.649384,9.5457115],"faces":{"north":{"uv":[12.5,12.375,12.75,12.625],"tintindex":0,"texture":"#0"},"east":{"uv":[9.625,4.5,9.75,4.75],"tintindex":0,"texture":"#0"},"south":{"uv":[0.0,12.625,0.25,12.875],"tintindex":0,"texture":"#0"},"west":{"uv":[0.75,10.125,0.875,10.375],"tintindex":0,"texture":"#0"},"up":{"uv":[12.625,8.375,12.375,8.25],"tintindex":0,"texture":"#0"},"down":{"uv":[13.0,8.0,12.75,8.125],"tintindex":0,"texture":"#0"}},"rotation":{"angle":-22.5,"axis":"z","origin":[6.861957,4.461546,3.8456287]}},{"from":[-6.404167,4.1806,9.839468],"to":[-5.103245,5.649384,11.014495],"faces":{"north":{"uv":[12.625,0.0,12.875,0.25],"tintindex":0,"texture":"#0"},"east":{"uv":[0.75,10.375,0.875,10.625],"tintindex":0,"texture":"#0"},"south":{"uv":[12.625,0.625,12.875,0.875],"tintindex":0,"texture":"#0"},"west":{"uv":[9.375,10.625,9.5,10.875],"tintindex":0,"texture":"#0"},"up":{"uv":[13.0,8.25,12.75,8.125],"tintindex":0,"texture":"#0"},"down":{"uv":[8.625,12.75,8.375,12.875],"tintindex":0,"texture":"#0"}},"rotation":{"angle":-22.5,"axis":"z","origin":[6.861957,4.461546,3.8456287]}},{"from":[-2.1046505,6.0831776,-2.5753012],"to":[-0.6078892,7.5519614,-1.1904478],"faces":{"north":{"uv":[12.625,0.875,12.875,1.125],"tintindex":0,"texture":"#0"},"east":{"uv":[12.625,1.125,12.875,1.375],"tintindex":0,"texture":"#0"},"south":{"uv":[12.625,1.375,12.875,1.625],"tintindex":0,"texture":"#0"},"west":{"uv":[12.625,2.75,12.875,3.0],"tintindex":0,"texture":"#0"},"up":{"uv":[12.875,3.25,12.625,3.0],"tintindex":0,"texture":"#0"},"down":{"uv":[12.875,3.25,12.625,3.5],"tintindex":0,"texture":"#0"}},"rotation":{"angle":45.0,"axis":"y","origin":[6.861957,4.461546,3.8456287]}},{"from":[-6.404167,4.1806,5.433118],"to":[-5.103245,5.649384,6.6081448],"faces":{"north":{"uv":[12.625,3.5,12.875,3.75],"tintindex":0,"texture":"#0"},"east":{"uv":[1.375,10.75,1.5,11.0],"tintindex":0,"texture":"#0"},"south":{"uv":[12.625,3.75,12.875,4.0],"tintindex":0,"texture":"#0"},"west":{"uv":[4.125,10.75,4.25,11.0],"tintindex":0,"texture":"#0"},"up":{"uv":[8.875,12.875,8.625,12.75],"tintindex":0,"texture":"#0"},"down":{"uv":[9.125,12.75,8.875,12.875],"tintindex":0,"texture":"#0"}},"rotation":{"angle":-22.5,"axis":"z","origin":[6.861957,4.461546,3.8456287]}},{"from":[-6.8001328,-3.906189,4.380353],"to":[-5.3033733,-3.1368256,5.079774],"faces":{"north":{"uv":[9.125,12.75,9.375,12.875],"tintindex":0,"texture":"#0"},"east":{"uv":[8.0,5.25,8.125,5.375],"tintindex":0,"texture":"#0"},"south":{"uv":[9.375,12.75,9.625,12.875],"tintindex":0,"texture":"#0"},"west":{"uv":[3.0,8.375,3.125,8.5],"tintindex":0,"texture":"#0"},"up":{"uv":[9.875,12.875,9.625,12.75],"tintindex":0,"texture":"#0"},"down":{"uv":[10.125,12.75,9.875,12.875],"tintindex":0,"texture":"#0"}},"rotation":{"angle":-45.0,"axis":"z","origin":[6.861957,4.461546,3.8456287]}},{"from":[-6.865947,13.689045,5.433118],"to":[-4.515893,15.157829,6.6081448],"faces":{"north":{"uv":[1.5,10.0,1.875,10.25],"tintindex":0,"texture":"#0"},"east":{"uv":[9.375,10.875,9.5,11.125],"tintindex":0,"texture":"#0"},"south":{"uv":[5.5,10.5,5.875,10.75],"tintindex":0,"texture":"#0"},"west":{"uv":[7.375,11.125,7.5,11.375],"tintindex":0,"texture":"#0"},"up":{"uv":[7.5,10.375,7.125,10.25],"tintindex":0,"texture":"#0"},"down":{"uv":[5.25,10.375,4.875,10.5],"tintindex":0,"texture":"#0"}},"rotation":{"angle":22.5,"axis":"z","origin":[6.861957,4.461546,3.8456287]}},{"from":[-3.153781,6.782598,-2.5753012],"to":[-0.6078892,9.999933,0.20839405],"faces":{"north":{"uv":[5.25,12.0,5.625,12.5],"tintindex":0,"texture":"#0"},"east":{"uv":[8.625,12.0,9.0,12.5],"tintindex":0,"texture":"#0"},"south":{"uv":[10.875,12.0,11.25,12.5],"tintindex":0,"texture":"#0"},"west":{"uv":[11.25,12.0,11.625,12.5],"tintindex":0,"texture":"#0"},"up":{"uv":[9.75,7.375,9.375,7.0],"tintindex":0,"texture":"#0"},"down":{"uv":[2.5,10.25,2.125,10.625],"tintindex":0,"texture":"#0"}},"rotation":{"angle":45.0,"axis":"y","origin":[6.861957,4.461546,3.8456287]}},{"from":[2.7854705,6.782598,13.422114],"to":[5.331361,9.999933,16.205807],"faces":{"north":{"uv":[0.0,12.125,0.375,12.625],"tintindex":0,"texture":"#0"},"east":{"uv":[6.625,12.125,7.0,12.625],"tintindex":0,"texture":"#0"},"south":{"uv":[7.0,12.125,7.375,12.625],"tintindex":0,"texture":"#0"},"west":{"uv":[7.375,12.125,7.75,12.625],"tintindex":0,"texture":"#0"},"up":{"uv":[12.625,4.625,12.25,4.25],"tintindex":0,"texture":"#0"},"down":{"uv":[10.625,12.25,10.25,12.625],"tintindex":0,"texture":"#0"}},"rotation":{"angle":-45.0,"axis":"y","origin":[6.861957,4.461546,3.8456287]}},{"from":[-4.8485966,6.782598,6.478615],"to":[-0.9038639,10.349644,9.61202],"faces":{"north":{"uv":[9.0,4.25,9.625,4.75],"tintindex":0,"texture":"#0"},"east":{"uv":[2.125,11.75,2.625,12.25],"tintindex":0,"texture":"#0"},"south":{"uv":[6.125,11.125,6.75,11.625],"tintindex":0,"texture":"#0"},"west":{"uv":[5.625,11.75,6.125,12.25],"tintindex":0,"texture":"#0"},"up":{"uv":[7.375,11.625,6.75,11.125],"tintindex":0,"texture":"#0"},"down":{"uv":[10.0,11.125,9.375,11.625],"tintindex":0,"texture":"#0"}}},{"from":[-4.9505234,7.2080007,5.433118],"to":[-2.754343,10.075624,11.014495],"faces":{"north":{"uv":[12.25,10.375,12.625,10.75],"tintindex":0,"texture":"#0"},"east":{"uv":[10.875,6.375,11.75,6.75],"tintindex":0,"texture":"#0"},"south":{"uv":[0.375,12.375,0.75,12.75],"tintindex":0,"texture":"#0"},"west":{"uv":[7.5,11.0,8.375,11.375],"tintindex":0,"texture":"#0"},"up":{"uv":[1.75,11.875,1.375,11.0],"tintindex":0,"texture":"#0"},"down":{"uv":[2.125,11.0,1.75,11.875],"tintindex":0,"texture":"#0"}}},{"from":[-4.37537,6.0831776,8.514424],"to":[-1.8294802,7.5519614,9.913265],"faces":{"north":{"uv":[12.375,8.0,12.75,8.25],"tintindex":0,"texture":"#0"},"east":{"uv":[12.625,4.0,12.875,4.25],"tintindex":0,"texture":"#0"},"south":{"uv":[12.375,10.125,12.75,10.375],"tintindex":0,"texture":"#0"},"west":{"uv":[12.625,4.25,12.875,4.5],"tintindex":0,"texture":"#0"},"up":{"uv":[12.75,11.375,12.375,11.125],"tintindex":0,"texture":"#0"},"down":{"uv":[12.5,12.375,12.125,12.625],"tintindex":0,"texture":"#0"}},"rotation":{"angle":-22.5,"axis":"y","origin":[6.861957,4.461546,3.8456287]}},{"from":[-7.6071024,1.3202577,4.0306425],"to":[-5.0612125,2.7890415,5.429484],"faces":{"north":{"uv":[1.125,12.5,1.5,12.75],"tintindex":0,"texture":"#0"},"east":{"uv":[6.0,12.625,6.25,12.875],"tintindex":0,"texture":"#0"},"south":{"uv":[1.5,12.5,1.875,12.75],"tintindex":0,"texture":"#0"},"west":{"uv":[6.25,12.625,6.5,12.875],"tintindex":0,"texture":"#0"},"up":{"uv":[12.875,2.75,12.5,2.5],"tintindex":0,"texture":"#0"},"down":{"uv":[12.875,4.875,12.5,5.125],"tintindex":0,"texture":"#0"}},"rotation":{"angle":-22.5,"axis":"z","origin":[6.861957,4.461546,3.8456287]}},{"from":[-7.6502895,8.606841,5.433118],"to":[-4.9505234,10.075624,6.6081448],"faces":{"north":{"uv":[12.5,5.125,12.875,5.375],"tintindex":0,"texture":"#0"},"east":{"uv":[8.125,11.375,8.25,11.625],"tintindex":0,"texture":"#0"},"south":{"uv":[5.25,12.5,5.625,12.75],"tintindex":0,"texture":"#0"},"west":{"uv":[8.125,11.625,8.25,11.875],"tintindex":0,"texture":"#0"},"up":{"uv":[3.125,10.75,2.75,10.625],"tintindex":0,"texture":"#0"},"down":{"uv":[12.375,1.625,12.0,1.75],"tintindex":0,"texture":"#0"}}},{"from":[-8.0,8.606841,6.901901],"to":[-4.9505234,10.075624,8.076928],"faces":{"north":{"uv":[8.5,2.5,9.0,2.75],"tintindex":0,"texture":"#0"},"east":{"uv":[2.625,11.75,2.75,12.0],"tintindex":0,"texture":"#0"},"south":{"uv":[9.0,1.625,9.5,1.875],"tintindex":0,"texture":"#0"},"west":{"uv":[10.875,11.75,11.0,12.0],"tintindex":0,"texture":"#0"},"up":{"uv":[7.125,10.375,6.625,10.25],"tintindex":0,"texture":"#0"},"down":{"uv":[11.25,2.875,10.75,3.0],"tintindex":0,"texture":"#0"}}},{"from":[-7.6502895,8.606841,8.370685],"to":[-4.9505234,10.075624,9.5457115],"faces":{"north":{"uv":[12.5,5.375,12.875,5.625],"tintindex":0,"texture":"#0"},"east":{"uv":[8.125,11.875,8.25,12.125],"tintindex":0,"texture":"#0"},"south":{"uv":[12.5,5.625,12.875,5.875],"tintindex":0,"texture":"#0"},"west":{"uv":[8.875,12.5,9.0,12.75],"tintindex":0,"texture":"#0"},"up":{"uv":[12.625,1.25,12.25,1.125],"tintindex":0,"texture":"#0"},"down":{"uv":[13.125,2.375,12.75,2.5],"tintindex":0,"texture":"#0"}}},{"from":[-6.9508657,8.606841,9.839468],"to":[-4.9505234,10.075624,11.014495],"faces":{"north":{"uv":[6.625,12.625,6.875,12.875],"tintindex":0,"texture":"#0"},"east":{"uv":[9.75,12.5,9.875,12.75],"tintindex":0,"texture":"#0"},"south":{"uv":[6.875,12.625,7.125,12.875],"tintindex":0,"texture":"#0"},"west":{"uv":[10.5,12.625,10.625,12.875],"tintindex":0,"texture":"#0"},"up":{"uv":[13.0,10.25,12.75,10.125],"tintindex":0,"texture":"#0"},"down":{"uv":[13.0,10.25,12.75,10.375],"tintindex":0,"texture":"#0"}}},{"from":[-2.5641098,18.033981,10.189178],"to":[-0.91347694,18.803345,10.664784],"faces":{"north":{"uv":[12.75,10.75,13.0,10.875],"tintindex":0,"texture":"#0"},"east":{"uv":[6.25,8.5,6.375,8.625],"tintindex":0,"texture":"#0"},"south":{"uv":[10.875,12.75,11.125,12.875],"tintindex":0,"texture":"#0"},"west":{"uv":[8.75,4.75,8.875,4.875],"tintindex":0,"texture":"#0"},"up":{"uv":[11.375,12.875,11.125,12.75],"tintindex":0,"texture":"#0"},"down":{"uv":[13.0,11.125,12.75,11.25],"tintindex":0,"texture":"#0"}},"rotation":{"angle":45.0,"axis":"z","origin":[6.861957,4.461546,3.8456287]}},{"from":[-5.8168154,13.339335,9.839468],"to":[-3.816473,14.808119,11.014495],"faces":{"north":{"uv":[7.125,12.625,7.375,12.875],"tintindex":0,"texture":"#0"},"east":{"uv":[10.125,12.75,10.25,13.0],"tintindex":0,"texture":"#0"},"south":{"uv":[7.375,12.625,7.625,12.875],"tintindex":0,"texture":"#0"},"west":{"uv":[11.375,12.75,11.5,13.0],"tintindex":0,"texture":"#0"},"up":{"uv":[13.0,11.375,12.75,11.25],"tintindex":0,"texture":"#0"},"down":{"uv":[11.75,12.75,11.5,12.875],"tintindex":0,"texture":"#0"}},"rotation":{"angle":22.5,"axis":"z","origin":[6.861957,4.461546,3.8456287]}},{"from":[-3.2635298,18.383692,8.720395],"to":[-1.2631874,19.153055,9.196001],"faces":{"north":{"uv":[11.75,12.75,12.0,12.875],"tintindex":0,"texture":"#0"},"east":{"uv":[8.0,8.875,8.125,9.0],"tintindex":0,"texture":"#0"},"south":{"uv":[12.75,12.375,13.0,12.5],"tintindex":0,"texture":"#0"},"west":{"uv":[8.75,9.25,8.875,9.375],"tintindex":0,"texture":"#0"},"up":{"uv":[13.0,12.625,12.75,12.5],"tintindex":0,"texture":"#0"},"down":{"uv":[13.0,12.625,12.75,12.75],"tintindex":0,"texture":"#0"}},"rotation":{"angle":45.0,"axis":"z","origin":[6.861957,4.461546,3.8456287]}},{"from":[-6.5162363,13.689045,8.370685],"to":[-4.515893,15.157829,9.5457115],"faces":{"north":{"uv":[12.625,7.375,12.875,7.625],"tintindex":0,"texture":"#0"},"east":{"uv":[12.75,12.75,12.875,13.0],"tintindex":0,"texture":"#0"},"south":{"uv":[12.625,7.625,12.875,7.875],"tintindex":0,"texture":"#0"},"west":{"uv":[0.0,12.875,0.125,13.125],"tintindex":0,"texture":"#0"},"up":{"uv":[13.125,0.125,12.875,0.0],"tintindex":0,"texture":"#0"},"down":{"uv":[13.125,0.125,12.875,0.25],"tintindex":0,"texture":"#0"}},"rotation":{"angle":22.5,"axis":"z","origin":[6.861957,4.461546,3.8456287]}},{"from":[-7.5653667,13.689045,6.901901],"to":[-4.515893,15.157829,8.076928],"faces":{"north":{"uv":[6.625,9.375,7.125,9.625],"tintindex":0,"texture":"#0"},"east":{"uv":[0.125,12.875,0.25,13.125],"tintindex":0,"texture":"#0"},"south":{"uv":[9.5,10.25,10.0,10.5],"tintindex":0,"texture":"#0"},"west":{"uv":[12.875,0.375,13.0,0.625],"tintindex":0,"texture":"#0"},"up":{"uv":[11.75,7.625,11.25,7.5],"tintindex":0,"texture":"#0"},"down":{"uv":[11.875,2.75,11.375,2.875],"tintindex":0,"texture":"#0"}},"rotation":{"angle":22.5,"axis":"z","origin":[6.861957,4.461546,3.8456287]}},{"from":[-4.31266,18.733402,7.251611],"to":[-2.3123178,19.502766,7.7272177],"faces":{"north":{"uv":[12.875,0.625,13.125,0.75],"tintindex":0,"texture":"#0"},"east":{"uv":[10.5,4.125,10.625,4.25],"tintindex":0,"texture":"#0"},"south":{"uv":[12.875,0.75,13.125,0.875],"tintindex":0,"texture":"#0"},"west":{"uv":[0.75,10.625,0.875,10.75],"tintindex":0,"texture":"#0"},"up":{"uv":[13.125,1.0,12.875,0.875],"tintindex":0,"texture":"#0"},"down":{"uv":[13.125,1.0,12.875,1.125],"tintindex":0,"texture":"#0"}},"rotation":{"angle":45.0,"axis":"z","origin":[6.861957,4.461546,3.8456287]}},{"from":[-3.6132402,18.733402,5.782828],"to":[-1.6128969,19.502766,6.258434],"faces":{"north":{"uv":[12.875,1.125,13.125,1.25],"tintindex":0,"texture":"#0"},"east":{"uv":[10.625,10.375,10.75,10.5],"tintindex":0,"texture":"#0"},"south":{"uv":[12.875,1.25,13.125,1.375],"tintindex":0,"texture":"#0"},"west":{"uv":[9.875,11.625,10.0,11.75],"tintindex":0,"texture":"#0"},"up":{"uv":[13.125,1.5,12.875,1.375],"tintindex":0,"texture":"#0"},"down":{"uv":[13.125,1.5,12.875,1.625],"tintindex":0,"texture":"#0"}},"rotation":{"angle":45.0,"axis":"z","origin":[6.861957,4.461546,3.8456287]}}]}