{"textures":{"0":"bm:item/center_guardian_shadowguardian","1":"bm:item/center_guardian_shadowguardian_flame","particle":"bm:item/center_guardian_shadowguardian"},"elements":[{"from":[2.9129777,12.880867,8.112194],"to":[8.633173,14.024908,13.83239],"faces":{"north":{"uv":[0.0,6.125,1.25,6.375],"tintindex":0,"texture":"#0"},"east":{"uv":[11.125,0.375,12.375,0.625],"tintindex":0,"texture":"#0"},"south":{"uv":[11.125,1.75,12.375,2.0],"tintindex":0,"texture":"#0"},"west":{"uv":[11.25,4.875,12.5,5.125],"tintindex":0,"texture":"#0"},"up":{"uv":[2.75,5.25,1.5,4.0],"tintindex":0,"texture":"#0"},"down":{"uv":[4.0,4.375,2.75,5.625],"tintindex":0,"texture":"#0"}},"rotation":{"angle":45.0,"axis":"y","origin":[2.519199,3.456698,4.7668395]}},{"from":[-0.29033184,12.880867,11.315503],"to":[5.429863,14.024908,17.035698],"faces":{"north":{"uv":[11.25,5.125,12.5,5.375],"tintindex":0,"texture":"#0"},"east":{"uv":[11.25,7.0,12.5,7.25],"tintindex":0,"texture":"#0"},"south":{"uv":[11.25,7.25,12.5,7.5],"tintindex":0,"texture":"#0"},"west":{"uv":[11.25,9.375,12.5,9.625],"tintindex":0,"texture":"#0"},"up":{"uv":[5.25,5.625,4.0,4.375],"tintindex":0,"texture":"#0"},"down":{"uv":[1.25,4.875,0.0,6.125],"tintindex":0,"texture":"#0"}},"rotation":{"angle":45.0,"axis":"y","origin":[2.519199,3.456698,4.7668395]}},{"from":[0.2049861,11.189743,11.277801],"to":[5.4675665,13.020206,16.54038],"faces":{"north":{"uv":[10.25,2.5,11.375,2.875],"tintindex":0,"texture":"#0"},"east":{"uv":[8.375,10.25,9.5,10.625],"tintindex":0,"texture":"#0"},"south":{"uv":[3.125,10.375,4.25,10.75],"tintindex":0,"texture":"#0"},"west":{"uv":[6.625,10.375,7.75,10.75],"tintindex":0,"texture":"#0"},"up":{"uv":[6.375,6.5,5.25,5.375],"tintindex":0,"texture":"#0"},"down":{"uv":[3.75,5.625,2.625,6.75],"tintindex":0,"texture":"#0"}},"rotation":{"angle":45.0,"axis":"y","origin":[2.519199,3.456698,4.7668395]}},{"from":[5.343597,12.880867,6.942947],"to":[13.123063,14.940139,11.519103],"faces":{"north":{"uv":[6.75,0.0,8.5,0.5],"tintindex":0,"texture":"#0"},"east":{"uv":[9.75,7.625,10.75,8.125],"tintindex":0,"texture":"#0"},"south":{"uv":[6.75,0.5,8.5,1.0],"tintindex":0,"texture":"#0"},"west":{"uv":[9.75,8.125,10.75,8.625],"tintindex":0,"texture":"#0"},"up":{"uv":[3.75,4.0,2.0,3.0],"tintindex":0,"texture":"#0"},"down":{"uv":[5.25,0.0,3.5,1.0],"tintindex":0,"texture":"#0"}}},{"from":[12.43664,10.135174,6.942947],"to":[13.123063,12.880867,11.290296],"faces":{"north":{"uv":[3.5,2.125,3.625,2.75],"tintindex":0,"texture":"#0"},"east":{"uv":[9.0,3.0,10.0,3.625],"tintindex":0,"texture":"#0"},"south":{"uv":[3.625,2.125,3.75,2.75],"tintindex":0,"texture":"#0"},"west":{"uv":[9.0,3.625,10.0,4.25],"tintindex":0,"texture":"#0"},"up":{"uv":[8.375,12.375,8.25,11.375],"tintindex":0,"texture":"#0"},"down":{"uv":[10.75,12.25,10.625,13.25],"tintindex":0,"texture":"#0"}}},{"from":[5.343597,10.135174,6.942947],"to":[6.0300207,12.880867,11.290296],"faces":{"north":{"uv":[5.125,5.625,5.25,6.25],"tintindex":0,"texture":"#0"},"east":{"uv":[3.875,9.125,4.875,9.75],"tintindex":0,"texture":"#0"},"south":{"uv":[3.0,7.75,3.125,8.375],"tintindex":0,"texture":"#0"},"west":{"uv":[4.875,9.125,5.875,9.75],"tintindex":0,"texture":"#0"},"up":{"uv":[10.875,13.25,10.75,12.25],"tintindex":0,"texture":"#0"},"down":{"uv":[6.625,12.375,6.5,13.375],"tintindex":0,"texture":"#0"}}},{"from":[0.6526575,10.135174,7.3032413],"to":[9.347355,11.279213,15.769131],"faces":{"north":{"uv":[9.625,2.25,11.625,2.5],"tintindex":0,"texture":"#0"},"east":{"uv":[10.125,6.75,12.0,7.0],"tintindex":0,"texture":"#0"},"south":{"uv":[9.75,8.625,11.75,8.875],"tintindex":0,"texture":"#0"},"west":{"uv":[10.125,8.875,12.0,9.125],"tintindex":0,"texture":"#0"},"up":{"uv":[2.0,1.875,0.0,0.0],"tintindex":0,"texture":"#0"},"down":{"uv":[2.0,1.875,0.0,3.75],"tintindex":0,"texture":"#0"}},"rotation":{"angle":45.0,"axis":"y","origin":[2.519199,3.456698,4.7668395]}},{"from":[8.620197,11.5996065,4.192443],"to":[9.501945,12.464611,5.124416],"faces":{"north":{"uv":[7.25,13.0,7.0,12.625],"rotation":270.0,"tintindex":0,"texture":"#0"},"east":{"uv":[7.25,13.0,7.0,12.625],"tintindex":0,"texture":"#0"},"south":{"uv":[7.25,13.0,7.0,12.625],"tintindex":0,"texture":"#0"},"west":{"uv":[7.25,13.0,7.0,12.625],"tintindex":0,"texture":"#0"},"up":{"uv":[7.25,13.0,7.0,12.625],"tintindex":0,"texture":"#0"},"down":{"uv":[7.25,13.0,7.0,12.625],"tintindex":0,"texture":"#0"}},"rotation":{"angle":45.0,"axis":"y","origin":[9.158694,11.613267,4.560812]}},{"from":[6.7003155,11.643837,3.1527233],"to":[7.582063,12.508842,4.084697],"faces":{"north":{"uv":[7.25,13.0,7.0,12.625],"rotation":270.0,"tintindex":0,"texture":"#0"},"east":{"uv":[7.25,13.0,7.0,12.625],"tintindex":0,"texture":"#0"},"south":{"uv":[7.25,13.0,7.0,12.625],"tintindex":0,"texture":"#0"},"west":{"uv":[7.25,13.0,7.0,12.625],"tintindex":0,"texture":"#0"},"up":{"uv":[7.25,13.0,7.0,12.625],"tintindex":0,"texture":"#0"},"down":{"uv":[7.25,13.0,7.0,12.625],"tintindex":0,"texture":"#0"}},"rotation":{"angle":45.0,"axis":"y","origin":[9.158694,11.613267,4.560812]}},{"from":[10.706015,11.643837,3.1527233],"to":[11.587763,12.508842,4.084697],"faces":{"north":{"uv":[7.25,12.625,7.0,13.0],"rotation":270.0,"tintindex":0,"texture":"#0"},"east":{"uv":[7.0,13.0,7.25,12.625],"tintindex":0,"texture":"#0"},"south":{"uv":[7.0,13.0,7.25,12.625],"tintindex":0,"texture":"#0"},"west":{"uv":[7.0,13.0,7.25,12.625],"tintindex":0,"texture":"#0"},"up":{"uv":[7.0,13.0,7.25,12.625],"tintindex":0,"texture":"#0"},"down":{"uv":[7.0,13.0,7.25,12.625],"tintindex":0,"texture":"#0"}},"rotation":{"angle":-45.0,"axis":"y","origin":[9.129384,11.613267,4.560812]}},{"from":[1.5678887,5.101402,8.2184725],"to":[8.432123,10.135174,14.853899],"faces":{"north":{"uv":[3.5,1.0,5.0,2.125],"tintindex":0,"texture":"#0"},"east":{"uv":[0.0,3.75,1.5,4.875],"tintindex":0,"texture":"#0"},"south":{"uv":[3.75,2.125,5.25,3.25],"tintindex":0,"texture":"#0"},"west":{"uv":[3.75,3.25,5.25,4.375],"tintindex":0,"texture":"#0"},"up":{"uv":[3.5,1.5,2.0,0.0],"tintindex":0,"texture":"#0"},"down":{"uv":[3.5,1.5,2.0,3.0],"tintindex":0,"texture":"#0"}},"rotation":{"angle":45.0,"axis":"y","origin":[2.519199,3.456698,4.7668395]}},{"from":[2.025504,2.5845156,9.133703],"to":[7.516892,5.101402,14.396284],"faces":{"north":{"uv":[6.375,7.125,7.625,7.75],"tintindex":0,"texture":"#0"},"east":{"uv":[8.5,0.0,9.625,0.625],"tintindex":0,"texture":"#0"},"south":{"uv":[0.0,7.25,1.25,7.875],"tintindex":0,"texture":"#0"},"west":{"uv":[8.5,1.875,9.625,2.5],"tintindex":0,"texture":"#0"},"up":{"uv":[6.5,4.25,5.25,3.125],"tintindex":0,"texture":"#0"},"down":{"uv":[6.5,4.25,5.25,5.375],"tintindex":0,"texture":"#0"}},"rotation":{"angle":45.0,"axis":"y","origin":[2.519199,3.456698,4.7668395]}},{"from":[1.5678887,3.7285557,8.2184725],"to":[7.516892,5.101402,9.133703],"faces":{"north":{"uv":[10.125,9.125,11.5,9.375],"tintindex":0,"texture":"#0"},"east":{"uv":[4.5,12.75,4.75,13.0],"tintindex":0,"texture":"#0"},"south":{"uv":[10.5,2.0,11.875,2.25],"tintindex":0,"texture":"#0"},"west":{"uv":[12.75,4.625,13.0,4.875],"tintindex":0,"texture":"#0"},"up":{"uv":[12.125,8.625,10.75,8.375],"tintindex":0,"texture":"#0"},"down":{"uv":[12.25,6.125,10.875,6.375],"tintindex":0,"texture":"#0"}},"rotation":{"angle":45.0,"axis":"y","origin":[2.519199,3.456698,4.7668395]}},{"from":[7.516892,3.7285557,9.133703],"to":[8.432123,5.101402,14.853899],"faces":{"north":{"uv":[4.75,12.75,5.0,13.0],"tintindex":0,"texture":"#0"},"east":{"uv":[11.25,9.625,12.5,9.875],"tintindex":0,"texture":"#0"},"south":{"uv":[5.0,12.75,5.25,13.0],"tintindex":0,"texture":"#0"},"west":{"uv":[11.25,9.875,12.5,10.125],"tintindex":0,"texture":"#0"},"up":{"uv":[3.75,12.375,3.5,11.125],"tintindex":0,"texture":"#0"},"down":{"uv":[8.625,11.25,8.375,12.5],"tintindex":0,"texture":"#0"}},"rotation":{"angle":45.0,"axis":"y","origin":[2.519199,3.456698,4.7668395]}},{"from":[9.144039,10.630543,1.6772866],"to":[9.144039,22.34997,24.0],"faces":{"east":{"uv":[5.0,16.0,12.0,0.0],"rotation":270.0,"tintindex":0,"texture":"#1"},"west":{"uv":[5.0,0.0,12.0,16.0],"rotation":270.0,"tintindex":0,"texture":"#1"}},"rotation":{"angle":-22.5,"axis":"x","origin":[9.144039,14.911799,14.417099]}},{"from":[9.144039,7.112227,2.5467172],"to":[9.144039,17.157448,23.753296],"faces":{"east":{"uv":[5.0,16.0,12.0,0.0],"rotation":270.0,"tintindex":0,"texture":"#1"},"west":{"uv":[5.0,0.0,12.0,16.0],"rotation":270.0,"tintindex":0,"texture":"#1"}}},{"from":[3.7145247,12.6351795,1.1504426],"to":[14.317814,12.6351795,23.473156],"faces":{"up":{"uv":[5.0,16.0,12.0,0.0],"rotation":180.0,"tintindex":0,"texture":"#1"},"down":{"uv":[5.0,0.0,12.0,16.0],"rotation":180.0,"tintindex":0,"texture":"#1"}}}]}