{"textures":{"0":"bm:item/center_guardian_shadowguardian","1":"bm:item/center_guardian_shadowguardian_flame","particle":"bm:item/center_guardian_shadowguardian"},"elements":[{"from":[7.680372,2.3123016,8.056218],"to":[11.876897,6.159114,11.553322],"faces":{"north":{"uv":[4.875,10.5,5.5,11.125],"tintindex":0,"texture":"#0"},"east":{"uv":[10.0,11.125,10.5,11.75],"tintindex":0,"texture":"#0"},"south":{"uv":[9.5,10.5,10.125,11.125],"tintindex":0,"texture":"#0"},"west":{"uv":[10.5,11.125,11.0,11.75],"tintindex":0,"texture":"#0"},"up":{"uv":[11.625,11.625,11.0,11.125],"tintindex":0,"texture":"#0"},"down":{"uv":[2.75,11.25,2.125,11.75],"tintindex":0,"texture":"#0"}},"rotation":{"angle":-45.0,"axis":"x","origin":[9.138042,4.461546,3.8456287]}},{"from":[10.827766,1.5704551,7.2543664],"to":[13.275738,6.8161116,12.500021],"faces":{"north":{"uv":[9.0,11.5,9.375,12.25],"tintindex":0,"texture":"#0"},"east":{"uv":[5.875,9.375,6.625,10.125],"tintindex":0,"texture":"#0"},"south":{"uv":[0.375,11.625,0.75,12.375],"tintindex":0,"texture":"#0"},"west":{"uv":[9.375,6.25,10.125,7.0],"tintindex":0,"texture":"#0"},"up":{"uv":[1.125,12.375,0.75,11.625],"tintindex":0,"texture":"#0"},"down":{"uv":[4.125,11.625,3.75,12.375],"tintindex":0,"texture":"#0"}},"rotation":{"angle":-45.0,"axis":"x","origin":[9.138042,4.461546,3.8456287]}},{"from":[13.275738,1.9201655,7.604077],"to":[16.073421,6.1166883,11.800601],"faces":{"north":{"uv":[1.5,11.875,1.875,12.5],"tintindex":0,"texture":"#0"},"east":{"uv":[10.125,10.5,10.75,11.125],"tintindex":0,"texture":"#0"},"south":{"uv":[11.875,2.75,12.25,3.375],"tintindex":0,"texture":"#0"},"west":{"uv":[2.125,10.625,2.75,11.25],"tintindex":0,"texture":"#0"},"up":{"uv":[12.25,4.0,11.875,3.375],"tintindex":0,"texture":"#0"},"down":{"uv":[12.25,4.0,11.875,4.625],"tintindex":0,"texture":"#0"}},"rotation":{"angle":-45.0,"axis":"x","origin":[9.138042,4.461546,3.8456287]}},{"from":[16.073421,2.2698755,7.9537873],"to":[18.871105,5.417268,11.10118],"faces":{"north":{"uv":[12.125,11.875,12.5,12.375],"tintindex":0,"texture":"#0"},"east":{"uv":[11.75,7.5,12.25,8.0],"tintindex":0,"texture":"#0"},"south":{"uv":[12.25,0.625,12.625,1.125],"tintindex":0,"texture":"#0"},"west":{"uv":[9.875,11.75,10.375,12.25],"tintindex":0,"texture":"#0"},"up":{"uv":[2.25,12.75,1.875,12.25],"tintindex":0,"texture":"#0"},"down":{"uv":[2.625,12.25,2.25,12.75],"tintindex":0,"texture":"#0"}},"rotation":{"angle":-45.0,"axis":"x","origin":[9.138042,4.461546,3.8456287]}},{"from":[4.998274,5.9439855,7.2179027],"to":[9.1947975,11.189639,12.813269],"faces":{"north":{"uv":[0.875,10.0,1.5,10.75],"tintindex":0,"texture":"#0"},"east":{"uv":[8.5,6.625,9.375,7.375],"tintindex":0,"texture":"#0"},"south":{"uv":[10.0,9.75,10.625,10.5],"tintindex":0,"texture":"#0"},"west":{"uv":[1.625,8.625,2.5,9.375],"tintindex":0,"texture":"#0"},"up":{"uv":[9.375,10.25,8.75,9.375],"tintindex":0,"texture":"#0"},"down":{"uv":[10.0,9.375,9.375,10.25],"tintindex":0,"texture":"#0"}},"rotation":{"angle":22.5,"axis":"y","origin":[9.138042,4.461546,3.8456287]}},{"from":[21.103245,4.1806,6.901901],"to":[22.404167,5.649384,8.076928],"faces":{"north":{"uv":[12.625,11.5,12.875,11.75],"tintindex":0,"texture":"#0"},"east":{"uv":[12.875,4.875,13.0,5.125],"tintindex":0,"texture":"#0"},"south":{"uv":[12.0,12.625,12.25,12.875],"tintindex":0,"texture":"#0"},"west":{"uv":[12.875,5.125,13.0,5.375],"tintindex":0,"texture":"#0"},"up":{"uv":[5.5,13.0,5.25,12.875],"tintindex":0,"texture":"#0"},"down":{"uv":[13.125,5.375,12.875,5.5],"tintindex":0,"texture":"#0"}},"rotation":{"angle":22.5,"axis":"z","origin":[9.138042,4.461546,3.8456287]}},{"from":[21.103245,4.1806,8.370685],"to":[22.404167,5.649384,9.5457115],"faces":{"north":{"uv":[12.25,12.625,12.5,12.875],"tintindex":0,"texture":"#0"},"east":{"uv":[5.5,12.875,5.625,13.125],"tintindex":0,"texture":"#0"},"south":{"uv":[12.5,12.625,12.75,12.875],"tintindex":0,"texture":"#0"},"west":{"uv":[12.875,5.5,13.0,5.75],"tintindex":0,"texture":"#0"},"up":{"uv":[5.875,13.0,5.625,12.875],"tintindex":0,"texture":"#0"},"down":{"uv":[13.125,5.75,12.875,5.875],"tintindex":0,"texture":"#0"}},"rotation":{"angle":22.5,"axis":"z","origin":[9.138042,4.461546,3.8456287]}},{"from":[21.103245,4.1806,9.839468],"to":[22.404167,5.649384,11.014495],"faces":{"north":{"uv":[0.25,12.75,0.5,13.0],"tintindex":0,"texture":"#0"},"east":{"uv":[5.875,12.875,6.0,13.125],"tintindex":0,"texture":"#0"},"south":{"uv":[0.5,12.75,0.75,13.0],"tintindex":0,"texture":"#0"},"west":{"uv":[12.875,5.875,13.0,6.125],"tintindex":0,"texture":"#0"},"up":{"uv":[6.25,13.0,6.0,12.875],"tintindex":0,"texture":"#0"},"down":{"uv":[6.5,12.875,6.25,13.0],"tintindex":0,"texture":"#0"}},"rotation":{"angle":22.5,"axis":"z","origin":[9.138042,4.461546,3.8456287]}},{"from":[16.60789,6.0831776,-2.5753012],"to":[18.10465,7.5519614,-1.1904478],"faces":{"north":{"uv":[0.75,12.75,1.0,13.0],"tintindex":0,"texture":"#0"},"east":{"uv":[1.0,12.75,1.25,13.0],"tintindex":0,"texture":"#0"},"south":{"uv":[1.25,12.75,1.5,13.0],"tintindex":0,"texture":"#0"},"west":{"uv":[1.5,12.75,1.75,13.0],"tintindex":0,"texture":"#0"},"up":{"uv":[13.0,1.875,12.75,1.625],"tintindex":0,"texture":"#0"},"down":{"uv":[2.0,12.75,1.75,13.0],"tintindex":0,"texture":"#0"}},"rotation":{"angle":-45.0,"axis":"y","origin":[9.138042,4.461546,3.8456287]}},{"from":[21.103245,4.1806,5.433118],"to":[22.404167,5.649384,6.6081448],"faces":{"north":{"uv":[12.75,1.875,13.0,2.125],"tintindex":0,"texture":"#0"},"east":{"uv":[12.875,6.375,13.0,6.625],"tintindex":0,"texture":"#0"},"south":{"uv":[2.0,12.75,2.25,13.0],"tintindex":0,"texture":"#0"},"west":{"uv":[6.625,12.875,6.75,13.125],"tintindex":0,"texture":"#0"},"up":{"uv":[13.125,6.75,12.875,6.625],"tintindex":0,"texture":"#0"},"down":{"uv":[7.0,12.875,6.75,13.0],"tintindex":0,"texture":"#0"}},"rotation":{"angle":22.5,"axis":"z","origin":[9.138042,4.461546,3.8456287]}},{"from":[21.303373,-3.906189,4.380353],"to":[22.800133,-3.1368256,5.079774],"faces":{"north":{"uv":[12.875,6.75,13.125,6.875],"tintindex":0,"texture":"#0"},"east":{"uv":[11.625,11.5,11.75,11.625],"tintindex":0,"texture":"#0"},"south":{"uv":[12.875,6.875,13.125,7.0],"tintindex":0,"texture":"#0"},"west":{"uv":[11.875,1.25,12.0,1.375],"tintindex":0,"texture":"#0"},"up":{"uv":[7.25,13.0,7.0,12.875],"tintindex":0,"texture":"#0"},"down":{"uv":[13.125,7.0,12.875,7.125],"tintindex":0,"texture":"#0"}},"rotation":{"angle":45.0,"axis":"z","origin":[9.138042,4.461546,3.8456287]}},{"from":[20.515892,13.689045,5.433118],"to":[22.865948,15.157829,6.6081448],"faces":{"north":{"uv":[12.5,7.125,12.875,7.375],"tintindex":0,"texture":"#0"},"east":{"uv":[12.875,7.125,13.0,7.375],"tintindex":0,"texture":"#0"},"south":{"uv":[7.75,12.5,8.125,12.75],"tintindex":0,"texture":"#0"},"west":{"uv":[7.25,12.875,7.375,13.125],"tintindex":0,"texture":"#0"},"up":{"uv":[5.625,12.875,5.25,12.75],"tintindex":0,"texture":"#0"},"down":{"uv":[6.0,12.75,5.625,12.875],"tintindex":0,"texture":"#0"}},"rotation":{"angle":-22.5,"axis":"z","origin":[9.138042,4.461546,3.8456287]}},{"from":[16.60789,6.782598,-2.5753012],"to":[19.153782,9.999933,0.20839405],"faces":{"north":{"uv":[12.25,2.75,12.625,3.25],"tintindex":0,"texture":"#0"},"east":{"uv":[12.25,3.25,12.625,3.75],"tintindex":0,"texture":"#0"},"south":{"uv":[12.25,3.75,12.625,4.25],"tintindex":0,"texture":"#0"},"west":{"uv":[4.125,12.25,4.5,12.75],"tintindex":0,"texture":"#0"},"up":{"uv":[3.0,12.75,2.625,12.375],"tintindex":0,"texture":"#0"},"down":{"uv":[3.375,12.375,3.0,12.75],"tintindex":0,"texture":"#0"}},"rotation":{"angle":-45.0,"axis":"y","origin":[9.138042,4.461546,3.8456287]}},{"from":[10.668639,6.782598,13.422114],"to":[13.214529,9.999933,16.205807],"faces":{"north":{"uv":[5.625,12.25,6.0,12.75],"tintindex":0,"texture":"#0"},"east":{"uv":[12.25,7.5,12.625,8.0],"tintindex":0,"texture":"#0"},"south":{"uv":[9.0,12.25,9.375,12.75],"tintindex":0,"texture":"#0"},"west":{"uv":[9.875,12.25,10.25,12.75],"tintindex":0,"texture":"#0"},"up":{"uv":[3.75,12.75,3.375,12.375],"tintindex":0,"texture":"#0"},"down":{"uv":[4.125,12.375,3.75,12.75],"tintindex":0,"texture":"#0"}},"rotation":{"angle":45.0,"axis":"y","origin":[9.138042,4.461546,3.8456287]}},{"from":[16.903864,6.782598,6.478615],"to":[20.848597,10.349644,9.61202],"faces":{"north":{"uv":[11.25,2.875,11.875,3.375],"tintindex":0,"texture":"#0"},"east":{"uv":[10.375,11.75,10.875,12.25],"tintindex":0,"texture":"#0"},"south":{"uv":[11.25,3.375,11.875,3.875],"tintindex":0,"texture":"#0"},"west":{"uv":[11.75,10.375,12.25,10.875],"tintindex":0,"texture":"#0"},"up":{"uv":[11.875,4.375,11.25,3.875],"tintindex":0,"texture":"#0"},"down":{"uv":[11.875,4.375,11.25,4.875],"tintindex":0,"texture":"#0"}}},{"from":[18.754343,7.2080007,5.433118],"to":[20.950523,10.075624,11.014495],"faces":{"north":{"uv":[4.5,12.375,4.875,12.75],"tintindex":0,"texture":"#0"},"east":{"uv":[11.125,0.0,12.0,0.375],"tintindex":0,"texture":"#0"},"south":{"uv":[4.875,12.375,5.25,12.75],"tintindex":0,"texture":"#0"},"west":{"uv":[11.125,1.375,12.0,1.75],"tintindex":0,"texture":"#0"},"up":{"uv":[5.25,12.0,4.875,11.125],"tintindex":0,"texture":"#0"},"down":{"uv":[5.625,11.125,5.25,12.0],"tintindex":0,"texture":"#0"}}},{"from":[17.82948,6.0831776,8.514424],"to":[20.37537,7.5519614,9.913265],"faces":{"north":{"uv":[8.125,12.5,8.5,12.75],"tintindex":0,"texture":"#0"},"east":{"uv":[12.75,2.125,13.0,2.375],"tintindex":0,"texture":"#0"},"south":{"uv":[8.5,12.5,8.875,12.75],"tintindex":0,"texture":"#0"},"west":{"uv":[2.25,12.75,2.5,13.0],"tintindex":0,"texture":"#0"},"up":{"uv":[12.875,9.125,12.5,8.875],"tintindex":0,"texture":"#0"},"down":{"uv":[9.75,12.5,9.375,12.75],"tintindex":0,"texture":"#0"}},"rotation":{"angle":22.5,"axis":"y","origin":[9.138042,4.461546,3.8456287]}},{"from":[21.061213,1.3202577,4.0306425],"to":[23.607101,2.7890415,5.429484],"faces":{"north":{"uv":[12.5,9.375,12.875,9.625],"tintindex":0,"texture":"#0"},"east":{"uv":[2.5,12.75,2.75,13.0],"tintindex":0,"texture":"#0"},"south":{"uv":[12.5,9.625,12.875,9.875],"tintindex":0,"texture":"#0"},"west":{"uv":[2.75,12.75,3.0,13.0],"tintindex":0,"texture":"#0"},"up":{"uv":[12.875,10.125,12.5,9.875],"tintindex":0,"texture":"#0"},"down":{"uv":[11.25,12.5,10.875,12.75],"tintindex":0,"texture":"#0"}},"rotation":{"angle":22.5,"axis":"z","origin":[9.138042,4.461546,3.8456287]}},{"from":[20.950523,8.606841,5.433118],"to":[23.65029,10.075624,6.6081448],"faces":{"north":{"uv":[11.25,12.5,11.625,12.75],"tintindex":0,"texture":"#0"},"east":{"uv":[7.375,12.875,7.5,13.125],"tintindex":0,"texture":"#0"},"south":{"uv":[11.625,12.5,12.0,12.75],"tintindex":0,"texture":"#0"},"west":{"uv":[12.875,7.375,13.0,7.625],"tintindex":0,"texture":"#0"},"up":{"uv":[13.125,6.25,12.75,6.125],"tintindex":0,"texture":"#0"},"down":{"uv":[13.125,6.25,12.75,6.375],"tintindex":0,"texture":"#0"}}},{"from":[20.950523,8.606841,6.901901],"to":[24.0,10.075624,8.076928],"faces":{"north":{"uv":[12.125,8.375,12.625,8.625],"tintindex":0,"texture":"#0"},"east":{"uv":[7.5,12.875,7.625,13.125],"tintindex":0,"texture":"#0"},"south":{"uv":[12.25,6.125,12.75,6.375],"tintindex":0,"texture":"#0"},"west":{"uv":[7.625,12.875,7.75,13.125],"tintindex":0,"texture":"#0"},"up":{"uv":[13.125,8.0,12.625,7.875],"tintindex":0,"texture":"#0"},"down":{"uv":[13.125,8.75,12.625,8.875],"tintindex":0,"texture":"#0"}}},{"from":[20.950523,8.606841,8.370685],"to":[23.65029,10.075624,9.5457115],"faces":{"north":{"uv":[12.5,11.875,12.875,12.125],"tintindex":0,"texture":"#0"},"east":{"uv":[12.875,7.625,13.0,7.875],"tintindex":0,"texture":"#0"},"south":{"uv":[12.5,12.125,12.875,12.375],"tintindex":0,"texture":"#0"},"west":{"uv":[7.75,12.875,7.875,13.125],"tintindex":0,"texture":"#0"},"up":{"uv":[8.0,12.875,7.625,12.75],"tintindex":0,"texture":"#0"},"down":{"uv":[8.375,12.75,8.0,12.875],"tintindex":0,"texture":"#0"}}},{"from":[20.950523,8.606841,9.839468],"to":[22.950867,10.075624,11.014495],"faces":{"north":{"uv":[3.0,12.75,3.25,13.0],"tintindex":0,"texture":"#0"},"east":{"uv":[7.875,12.875,8.0,13.125],"tintindex":0,"texture":"#0"},"south":{"uv":[3.25,12.75,3.5,13.0],"tintindex":0,"texture":"#0"},"west":{"uv":[8.0,12.875,8.125,13.125],"tintindex":0,"texture":"#0"},"up":{"uv":[8.375,13.0,8.125,12.875],"tintindex":0,"texture":"#0"},"down":{"uv":[13.125,8.25,12.875,8.375],"tintindex":0,"texture":"#0"}}},{"from":[16.913477,18.033981,10.189178],"to":[18.56411,18.803345,10.664784],"faces":{"north":{"uv":[8.375,12.875,8.625,13.0],"tintindex":0,"texture":"#0"},"east":{"uv":[4.75,11.875,4.875,12.0],"tintindex":0,"texture":"#0"},"south":{"uv":[12.875,8.375,13.125,8.5],"tintindex":0,"texture":"#0"},"west":{"uv":[11.625,12.0,11.75,12.125],"tintindex":0,"texture":"#0"},"up":{"uv":[13.125,8.625,12.875,8.5],"tintindex":0,"texture":"#0"},"down":{"uv":[8.875,12.875,8.625,13.0],"tintindex":0,"texture":"#0"}},"rotation":{"angle":-45.0,"axis":"z","origin":[9.138042,4.461546,3.8456287]}},{"from":[19.816473,13.339335,9.839468],"to":[21.816814,14.808119,11.014495],"faces":{"north":{"uv":[3.5,12.75,3.75,13.0],"tintindex":0,"texture":"#0"},"east":{"uv":[8.875,12.875,9.0,13.125],"tintindex":0,"texture":"#0"},"south":{"uv":[3.75,12.75,4.0,13.0],"tintindex":0,"texture":"#0"},"west":{"uv":[12.875,8.875,13.0,9.125],"tintindex":0,"texture":"#0"},"up":{"uv":[13.125,8.75,12.875,8.625],"tintindex":0,"texture":"#0"},"down":{"uv":[9.25,12.875,9.0,13.0],"tintindex":0,"texture":"#0"}},"rotation":{"angle":-22.5,"axis":"z","origin":[9.138042,4.461546,3.8456287]}},{"from":[17.263187,18.383692,8.720395],"to":[19.26353,19.153055,9.196001],"faces":{"north":{"uv":[12.875,9.125,13.125,9.25],"tintindex":0,"texture":"#0"},"east":{"uv":[6.0,12.25,6.125,12.375],"tintindex":0,"texture":"#0"},"south":{"uv":[9.25,12.875,9.5,13.0],"tintindex":0,"texture":"#0"},"west":{"uv":[8.25,12.375,8.375,12.5],"tintindex":0,"texture":"#0"},"up":{"uv":[13.125,9.375,12.875,9.25],"tintindex":0,"texture":"#0"},"down":{"uv":[13.125,9.375,12.875,9.5],"tintindex":0,"texture":"#0"}},"rotation":{"angle":-45.0,"axis":"z","origin":[9.138042,4.461546,3.8456287]}},{"from":[20.515892,13.689045,8.370685],"to":[22.516235,15.157829,9.5457115],"faces":{"north":{"uv":[4.0,12.75,4.25,13.0],"tintindex":0,"texture":"#0"},"east":{"uv":[9.5,12.875,9.625,13.125],"tintindex":0,"texture":"#0"},"south":{"uv":[4.25,12.75,4.5,13.0],"tintindex":0,"texture":"#0"},"west":{"uv":[12.875,9.5,13.0,9.75],"tintindex":0,"texture":"#0"},"up":{"uv":[9.875,13.0,9.625,12.875],"tintindex":0,"texture":"#0"},"down":{"uv":[13.125,9.75,12.875,9.875],"tintindex":0,"texture":"#0"}},"rotation":{"angle":-22.5,"axis":"z","origin":[9.138042,4.461546,3.8456287]}},{"from":[20.515892,13.689045,6.901901],"to":[23.565367,15.157829,8.076928],"faces":{"north":{"uv":[12.375,0.375,12.875,0.625],"tintindex":0,"texture":"#0"},"east":{"uv":[9.875,12.875,10.0,13.125],"tintindex":0,"texture":"#0"},"south":{"uv":[6.0,12.375,6.5,12.625],"tintindex":0,"texture":"#0"},"west":{"uv":[12.875,9.875,13.0,10.125],"tintindex":0,"texture":"#0"},"up":{"uv":[13.125,10.75,12.625,10.625],"tintindex":0,"texture":"#0"},"down":{"uv":[13.125,11.75,12.625,11.875],"tintindex":0,"texture":"#0"}},"rotation":{"angle":-22.5,"axis":"z","origin":[9.138042,4.461546,3.8456287]}},{"from":[18.312317,18.733402,7.251611],"to":[20.31266,19.502766,7.7272177],"faces":{"north":{"uv":[10.25,12.875,10.5,13.0],"tintindex":0,"texture":"#0"},"east":{"uv":[12.5,7.375,12.625,7.5],"tintindex":0,"texture":"#0"},"south":{"uv":[12.875,10.375,13.125,10.5],"tintindex":0,"texture":"#0"},"west":{"uv":[12.0,12.5,12.125,12.625],"tintindex":0,"texture":"#0"},"up":{"uv":[13.125,10.625,12.875,10.5],"tintindex":0,"texture":"#0"},"down":{"uv":[11.125,12.875,10.875,13.0],"tintindex":0,"texture":"#0"}},"rotation":{"angle":-45.0,"axis":"z","origin":[9.138042,4.461546,3.8456287]}},{"from":[17.612896,18.733402,5.782828],"to":[19.61324,19.502766,6.258434],"faces":{"north":{"uv":[12.875,10.875,13.125,11.0],"tintindex":0,"texture":"#0"},"east":{"uv":[0.25,12.625,0.375,12.75],"tintindex":0,"texture":"#0"},"south":{"uv":[12.875,11.0,13.125,11.125],"tintindex":0,"texture":"#0"},"west":{"uv":[7.625,12.625,7.75,12.75],"tintindex":0,"texture":"#0"},"up":{"uv":[11.375,13.0,11.125,12.875],"tintindex":0,"texture":"#0"},"down":{"uv":[13.125,11.375,12.875,11.5],"tintindex":0,"texture":"#0"}},"rotation":{"angle":-45.0,"axis":"z","origin":[9.138042,4.461546,3.8456287]}}]}