{"textures":{"0":"bm:item/center_guardian_shadowguardian","1":"bm:item/center_guardian_shadowguardian_flame","particle":"bm:item/center_guardian_shadowguardian"},"elements":[{"from":[6.6917872,3.2353296,6.056617],"to":[9.494546,5.7818804,8.603168],"faces":{"north":{"uv":[1.25,7.5,2.125,8.375],"tintindex":0,"texture":"#0"},"east":{"uv":[7.625,1.875,8.5,2.75],"tintindex":0,"texture":"#0"},"south":{"uv":[3.125,7.625,4.0,8.5],"tintindex":0,"texture":"#0"},"west":{"uv":[7.625,6.25,8.5,7.125],"tintindex":0,"texture":"#0"},"up":{"uv":[8.5,8.0,7.625,7.125],"tintindex":0,"texture":"#0"},"down":{"uv":[3.0,7.75,2.125,8.625],"tintindex":0,"texture":"#0"}},"rotation":{"angle":22.5,"axis":"x","origin":[3.550901,4.9216547,7.007579]}},{"from":[6.788836,1.9441781,5.612609],"to":[9.335386,3.8540907,7.840841],"faces":{"north":{"uv":[0.0,9.5,0.875,10.125],"tintindex":0,"texture":"#0"},"east":{"uv":[0.0,10.125,0.75,10.75],"tintindex":0,"texture":"#0"},"south":{"uv":[9.625,0.0,10.5,0.625],"tintindex":0,"texture":"#0"},"west":{"uv":[10.125,5.5,10.875,6.125],"tintindex":0,"texture":"#0"},"up":{"uv":[7.125,9.375,6.25,8.625],"tintindex":0,"texture":"#0"},"down":{"uv":[0.875,8.75,0.0,9.5],"tintindex":0,"texture":"#0"}}},{"from":[7.107155,0.7876253,4.8004265],"to":[9.017067,2.6975384,7.028658],"faces":{"north":{"uv":[10.625,4.125,11.25,4.75],"tintindex":0,"texture":"#0"},"east":{"uv":[5.875,10.125,6.625,10.75],"tintindex":0,"texture":"#0"},"south":{"uv":[10.625,4.75,11.25,5.375],"tintindex":0,"texture":"#0"},"west":{"uv":[10.125,6.125,10.875,6.75],"tintindex":0,"texture":"#0"},"up":{"uv":[10.875,1.375,10.25,0.625],"tintindex":0,"texture":"#0"},"down":{"uv":[2.125,10.25,1.5,11.0],"tintindex":0,"texture":"#0"}},"rotation":{"angle":-22.5,"axis":"x","origin":[3.550901,4.9216547,7.007579]}},{"from":[8.15916,-4.607665,1.5369053],"to":[8.15916,3.5444016,17.064651],"faces":{"east":{"uv":[5.0,16.0,12.0,0.0],"rotation":270.0,"tintindex":0,"texture":"#1"},"west":{"uv":[5.0,0.0,12.0,16.0],"rotation":270.0,"tintindex":0,"texture":"#1"}},"rotation":{"angle":45.0,"axis":"x","origin":[8.15916,-1.6296101,10.398757]}},{"from":[3.897131,-8.0,9.005891],"to":[11.27281,7.527746,9.005891],"faces":{"north":{"uv":[5.0,0.0,12.0,16.0],"tintindex":0,"texture":"#1"},"south":{"uv":[5.0,16.0,12.0,0.0],"rotation":180.0,"tintindex":0,"texture":"#1"}},"rotation":{"angle":-22.5,"axis":"x","origin":[9.071143,-1.3341055,9.005891]}}]}