{"textures":{"0":"bm:item/center_guardian_shadowguardian","1":"bm:item/center_guardian_shadowguardian_flame","particle":"bm:item/center_guardian_shadowguardian"},"elements":[{"from":[6.80404,6.3241386,-1.8458309],"to":[10.08404,12.88414,4.71417],"faces":{"north":{"uv":[4.125,11.0,4.5,11.875],"tintindex":0,"texture":"#0"},"east":{"uv":[7.375,3.125,8.25,4.0],"tintindex":0,"texture":"#0"},"south":{"uv":[4.5,11.0,4.875,11.875],"tintindex":0,"texture":"#0"},"west":{"uv":[7.375,4.0,8.25,4.875],"tintindex":0,"texture":"#0"},"up":{"uv":[3.125,12.0,2.75,11.125],"tintindex":0,"texture":"#0"},"down":{"uv":[3.5,11.125,3.125,12.0],"tintindex":0,"texture":"#0"}},"rotation":{"angle":45.0,"axis":"x","origin":[14.992371,2.836708,3.88303]}},{"from":[4.67407,8.072651,0.38266993],"to":[12.87407,10.94265,3.2526698],"faces":{"north":{"uv":[10.75,7.625,11.75,8.0],"tintindex":0,"texture":"#0"},"east":{"uv":[0.75,12.375,1.125,12.75],"tintindex":0,"texture":"#0"},"south":{"uv":[10.75,8.0,11.75,8.375],"tintindex":0,"texture":"#0"},"west":{"uv":[12.375,1.625,12.75,2.0],"tintindex":0,"texture":"#0"},"up":{"uv":[11.75,10.75,10.75,10.375],"tintindex":0,"texture":"#0"},"down":{"uv":[11.75,10.75,10.75,11.125],"tintindex":0,"texture":"#0"}},"rotation":{"angle":45.0,"axis":"x","origin":[14.992371,2.836708,3.88303]}},{"from":[13.364039,8.374138,0.6141696],"to":[16.64404,10.424141,2.6641698],"faces":{"north":{"uv":[12.5,5.875,12.875,6.125],"tintindex":0,"texture":"#0"},"east":{"uv":[12.625,8.25,12.875,8.5],"tintindex":0,"texture":"#0"},"south":{"uv":[12.5,6.375,12.875,6.625],"tintindex":0,"texture":"#0"},"west":{"uv":[12.625,8.5,12.875,8.75],"tintindex":0,"texture":"#0"},"up":{"uv":[12.875,6.875,12.5,6.625],"tintindex":0,"texture":"#0"},"down":{"uv":[12.875,6.875,12.5,7.125],"tintindex":0,"texture":"#0"}},"rotation":{"angle":45.0,"axis":"x","origin":[14.992371,2.836708,3.88303]}},{"from":[10.08404,6.161751,5.18436],"to":[19.92404,9.03175,8.87436],"faces":{"north":{"uv":[10.0,3.75,11.25,4.125],"tintindex":0,"texture":"#0"},"east":{"uv":[7.75,12.125,8.25,12.5],"tintindex":0,"texture":"#0"},"south":{"uv":[10.0,9.375,11.25,9.75],"tintindex":0,"texture":"#0"},"west":{"uv":[9.375,12.125,9.875,12.5],"tintindex":0,"texture":"#0"},"up":{"uv":[10.25,1.625,9.0,1.125],"tintindex":0,"texture":"#0"},"down":{"uv":[10.25,2.5,9.0,3.0],"tintindex":0,"texture":"#0"}}},{"from":[11.72404,8.784138,-0.61582947],"to":[15.41404,11.65414,0.6141696],"faces":{"north":{"uv":[12.125,11.5,12.625,11.875],"tintindex":0,"texture":"#0"},"east":{"uv":[6.25,8.125,6.375,8.5],"tintindex":0,"texture":"#0"},"south":{"uv":[11.625,12.125,12.125,12.5],"tintindex":0,"texture":"#0"},"west":{"uv":[3.875,8.5,4.0,8.875],"tintindex":0,"texture":"#0"},"up":{"uv":[12.75,10.875,12.25,10.75],"tintindex":0,"texture":"#0"},"down":{"uv":[12.875,11.375,12.375,11.5],"tintindex":0,"texture":"#0"}},"rotation":{"angle":45.0,"axis":"x","origin":[14.992371,2.836708,3.88303]}},{"from":[11.72404,7.1441383,-0.61582947],"to":[13.77404,8.784138,0.6141696],"faces":{"north":{"uv":[12.625,9.125,12.875,9.375],"tintindex":0,"texture":"#0"},"east":{"uv":[12.875,2.5,13.0,2.75],"tintindex":0,"texture":"#0"},"south":{"uv":[10.25,12.625,10.5,12.875],"tintindex":0,"texture":"#0"},"west":{"uv":[12.875,2.75,13.0,3.0],"tintindex":0,"texture":"#0"},"up":{"uv":[13.125,3.125,12.875,3.0],"tintindex":0,"texture":"#0"},"down":{"uv":[13.125,3.125,12.875,3.25],"tintindex":0,"texture":"#0"}},"rotation":{"angle":45.0,"axis":"x","origin":[14.992371,2.836708,3.88303]}},{"from":[11.72404,4.46558,11.47046],"to":[15.41404,6.1055794,12.70046],"faces":{"north":{"uv":[12.0,6.75,12.5,7.0],"tintindex":0,"texture":"#0"},"east":{"uv":[12.875,3.25,13.0,3.5],"tintindex":0,"texture":"#0"},"south":{"uv":[12.0,8.875,12.5,9.125],"tintindex":0,"texture":"#0"},"west":{"uv":[12.875,3.5,13.0,3.75],"tintindex":0,"texture":"#0"},"up":{"uv":[13.125,0.375,12.625,0.25],"tintindex":0,"texture":"#0"},"down":{"uv":[13.125,4.5,12.625,4.625],"tintindex":0,"texture":"#0"}},"rotation":{"angle":-45.0,"axis":"x","origin":[14.992371,2.836708,3.88303]}},{"from":[11.72404,2.8255806,11.47046],"to":[13.77404,4.46558,12.70046],"faces":{"north":{"uv":[12.625,10.375,12.875,10.625],"tintindex":0,"texture":"#0"},"east":{"uv":[12.875,3.75,13.0,4.0],"tintindex":0,"texture":"#0"},"south":{"uv":[12.625,10.875,12.875,11.125],"tintindex":0,"texture":"#0"},"west":{"uv":[12.875,4.0,13.0,4.25],"tintindex":0,"texture":"#0"},"up":{"uv":[13.125,4.375,12.875,4.25],"tintindex":0,"texture":"#0"},"down":{"uv":[13.125,4.375,12.875,4.5],"tintindex":0,"texture":"#0"}},"rotation":{"angle":-45.0,"axis":"x","origin":[14.992371,2.836708,3.88303]}}]}