{"textures":{"0":"bm:item/center_guardian_shadowguardian","1":"bm:item/center_guardian_shadowguardian_flame","particle":"bm:item/center_guardian_shadowguardian"},"elements":[{"from":[4.6603556,10.742086,4.411668],"to":[11.578191,13.843185,9.182589],"faces":{"north":{"uv":[4.625,6.5,6.125,7.125],"tintindex":0,"texture":"#0"},"east":{"uv":[2.5,9.25,3.5,9.875],"tintindex":0,"texture":"#0"},"south":{"uv":[6.125,6.5,7.625,7.125],"tintindex":0,"texture":"#0"},"west":{"uv":[0.875,9.375,1.875,10.0],"tintindex":0,"texture":"#0"},"up":{"uv":[6.75,1.0,5.25,0.0],"tintindex":0,"texture":"#0"},"down":{"uv":[6.75,2.125,5.25,3.125],"tintindex":0,"texture":"#0"}},"rotation":{"angle":22.5,"axis":"x","origin":[1.2386565,11.36116,6.3140497]}},{"from":[4.8989015,12.311796,1.4802222],"to":[11.339644,17.55981,5.774051],"faces":{"north":{"uv":[5.0,1.0,6.375,2.125],"tintindex":0,"texture":"#0"},"east":{"uv":[6.375,1.0,7.25,2.125],"tintindex":0,"texture":"#0"},"south":{"uv":[1.25,5.25,2.625,6.375],"tintindex":0,"texture":"#0"},"west":{"uv":[1.375,6.375,2.25,7.5],"tintindex":0,"texture":"#0"},"up":{"uv":[5.125,6.5,3.75,5.625],"tintindex":0,"texture":"#0"},"down":{"uv":[1.375,6.375,0.0,7.25],"tintindex":0,"texture":"#0"}},"rotation":{"angle":22.5,"axis":"x","origin":[1.2386565,11.36116,6.3140497]}},{"from":[4.0731716,15.504287,4.1724005],"to":[8.052817,18.366838,8.227683],"faces":{"north":{"uv":[9.625,1.625,10.5,2.25],"tintindex":0,"texture":"#0"},"east":{"uv":[6.625,9.625,7.5,10.25],"tintindex":0,"texture":"#0"},"south":{"uv":[3.5,9.75,4.375,10.375],"tintindex":0,"texture":"#0"},"west":{"uv":[9.75,4.25,10.625,4.875],"tintindex":0,"texture":"#0"},"up":{"uv":[7.25,8.625,6.375,7.75],"tintindex":0,"texture":"#0"},"down":{"uv":[0.875,7.875,0.0,8.75],"tintindex":0,"texture":"#0"}},"rotation":{"angle":22.5,"axis":"z","origin":[1.2386565,11.36116,6.3140497]}},{"from":[5.6003084,9.568283,4.410947],"to":[9.923228,14.100658,7.9891376],"faces":{"north":{"uv":[6.75,2.125,7.625,3.125],"tintindex":0,"texture":"#0"},"east":{"uv":[4.0,8.125,4.75,9.125],"tintindex":0,"texture":"#0"},"south":{"uv":[2.25,6.75,3.125,7.75],"tintindex":0,"texture":"#0"},"west":{"uv":[4.75,8.125,5.5,9.125],"tintindex":0,"texture":"#0"},"up":{"uv":[9.75,5.5,8.875,4.75],"tintindex":0,"texture":"#0"},"down":{"uv":[8.0,8.875,7.125,9.625],"tintindex":0,"texture":"#0"}},"rotation":{"angle":45.0,"axis":"z","origin":[1.2386565,11.36116,6.3140497]}},{"from":[0.6050725,18.657091,3.4567623],"to":[4.6603556,20.088367,8.943321],"faces":{"north":{"uv":[11.75,8.625,12.625,8.875],"tintindex":0,"texture":"#0"},"east":{"uv":[11.25,10.125,12.375,10.375],"tintindex":0,"texture":"#0"},"south":{"uv":[11.75,10.875,12.625,11.125],"tintindex":0,"texture":"#0"},"west":{"uv":[11.375,2.5,12.5,2.75],"tintindex":0,"texture":"#0"},"up":{"uv":[7.25,6.5,6.375,5.375],"tintindex":0,"texture":"#0"},"down":{"uv":[7.375,3.125,6.5,4.25],"tintindex":0,"texture":"#0"}}},{"from":[-2.2965899,19.251122,3.9066195],"to":[1.0430546,20.920946,8.677541],"faces":{"north":{"uv":[6.125,11.625,6.875,12.0],"tintindex":0,"texture":"#0"},"east":{"uv":[10.875,0.625,11.875,1.0],"tintindex":0,"texture":"#0"},"south":{"uv":[11.0,11.625,11.75,12.0],"tintindex":0,"texture":"#0"},"west":{"uv":[10.875,1.0,11.875,1.375],"tintindex":0,"texture":"#0"},"up":{"uv":[8.875,5.875,8.125,4.875],"tintindex":0,"texture":"#0"},"down":{"uv":[6.25,8.125,5.5,9.125],"tintindex":0,"texture":"#0"}},"rotation":{"angle":-22.5,"axis":"z","origin":[1.2386565,11.36116,6.3140497]}},{"from":[-1.1737013,19.91612,4.8608036],"to":[1.6888509,21.585941,7.7233562],"faces":{"north":{"uv":[7.625,2.75,8.25,3.125],"tintindex":0,"texture":"#0"},"east":{"uv":[11.75,8.0,12.375,8.375],"tintindex":0,"texture":"#0"},"south":{"uv":[4.125,11.875,4.75,12.25],"tintindex":0,"texture":"#0"},"west":{"uv":[11.875,5.375,12.5,5.75],"tintindex":0,"texture":"#0"},"up":{"uv":[11.25,7.625,10.625,7.0],"tintindex":0,"texture":"#0"},"down":{"uv":[9.0,10.625,8.375,11.25],"tintindex":0,"texture":"#0"}}},{"from":[14.78824,19.91612,4.8608036],"to":[17.650793,21.585941,7.7233562],"faces":{"north":{"uv":[11.875,5.75,12.5,6.125],"tintindex":0,"texture":"#0"},"east":{"uv":[12.0,0.0,12.625,0.375],"tintindex":0,"texture":"#0"},"south":{"uv":[12.0,1.25,12.625,1.625],"tintindex":0,"texture":"#0"},"west":{"uv":[2.625,12.0,3.25,12.375],"tintindex":0,"texture":"#0"},"up":{"uv":[11.25,10.375,10.625,9.75],"tintindex":0,"texture":"#0"},"down":{"uv":[0.625,10.75,0.0,11.375],"tintindex":0,"texture":"#0"}}},{"from":[14.368364,13.8936405,3.9066195],"to":[17.70801,15.563462,8.677541],"faces":{"north":{"uv":[11.625,11.125,12.375,11.5],"tintindex":0,"texture":"#0"},"east":{"uv":[10.875,5.375,11.875,5.75],"tintindex":0,"texture":"#0"},"south":{"uv":[11.75,6.375,12.5,6.75],"tintindex":0,"texture":"#0"},"west":{"uv":[10.875,5.75,11.875,6.125],"tintindex":0,"texture":"#0"},"up":{"uv":[8.875,9.0,8.125,8.0],"tintindex":0,"texture":"#0"},"down":{"uv":[9.0,2.75,8.25,3.75],"tintindex":0,"texture":"#0"}},"rotation":{"angle":22.5,"axis":"z","origin":[1.2386565,11.36116,6.3140497]}},{"from":[11.816736,18.657091,3.4567623],"to":[15.872019,20.088367,8.943321],"faces":{"north":{"uv":[11.875,2.0,12.75,2.25],"tintindex":0,"texture":"#0"},"east":{"uv":[11.5,9.125,12.625,9.375],"tintindex":0,"texture":"#0"},"south":{"uv":[11.875,4.625,12.75,4.875],"tintindex":0,"texture":"#0"},"west":{"uv":[11.625,2.25,12.75,2.5],"tintindex":0,"texture":"#0"},"up":{"uv":[4.625,7.625,3.75,6.5],"tintindex":0,"texture":"#0"},"down":{"uv":[7.375,4.25,6.5,5.375],"tintindex":0,"texture":"#0"}}},{"from":[7.358602,20.861769,4.1724005],"to":[11.338248,23.724323,8.227683],"faces":{"north":{"uv":[4.375,9.75,5.25,10.375],"tintindex":0,"texture":"#0"},"east":{"uv":[9.75,4.875,10.625,5.5],"tintindex":0,"texture":"#0"},"south":{"uv":[9.75,7.0,10.625,7.625],"tintindex":0,"texture":"#0"},"west":{"uv":[7.5,9.75,8.375,10.375],"tintindex":0,"texture":"#0"},"up":{"uv":[8.125,8.875,7.25,8.0],"tintindex":0,"texture":"#0"},"down":{"uv":[9.0,1.0,8.125,1.875],"tintindex":0,"texture":"#0"}},"rotation":{"angle":-22.5,"axis":"z","origin":[1.2386565,11.36116,6.3140497]}},{"from":[2.4534264,19.467625,4.410947],"to":[6.776346,24.0,7.9891376],"faces":{"north":{"uv":[4.625,7.125,5.5,8.125],"tintindex":0,"texture":"#0"},"east":{"uv":[8.25,3.75,9.0,4.75],"tintindex":0,"texture":"#0"},"south":{"uv":[5.5,7.125,6.375,8.125],"tintindex":0,"texture":"#0"},"west":{"uv":[0.875,8.375,1.625,9.375],"tintindex":0,"texture":"#0"},"up":{"uv":[9.75,8.125,8.875,7.375],"tintindex":0,"texture":"#0"},"down":{"uv":[9.75,8.125,8.875,8.875],"tintindex":0,"texture":"#0"}},"rotation":{"angle":-45.0,"axis":"z","origin":[1.2386565,11.36116,6.3140497]}}]}