{"textures":{"0":"bm:item/center_guardian_shadowguardian","1":"bm:item/center_guardian_shadowguardian_flame","particle":"bm:item/center_guardian_shadowguardian"},"elements":[{"from":[5.9159603,6.3241386,-1.8458309],"to":[9.19596,12.88414,4.71417],"faces":{"north":{"uv":[9.0,10.625,9.375,11.5],"tintindex":0,"texture":"#0"},"east":{"uv":[7.25,1.0,8.125,1.875],"tintindex":0,"texture":"#0"},"south":{"uv":[0.625,10.75,1.0,11.625],"tintindex":0,"texture":"#0"},"west":{"uv":[7.25,5.375,8.125,6.25],"tintindex":0,"texture":"#0"},"up":{"uv":[1.375,11.625,1.0,10.75],"tintindex":0,"texture":"#0"},"down":{"uv":[4.125,10.75,3.75,11.625],"tintindex":0,"texture":"#0"}},"rotation":{"angle":45.0,"axis":"x","origin":[1.0076294,2.836708,3.88303]}},{"from":[3.1259298,8.072651,0.38266993],"to":[11.32593,10.94265,3.2526698],"faces":{"north":{"uv":[2.75,4.0,3.75,4.375],"tintindex":0,"texture":"#0"},"east":{"uv":[2.25,6.375,2.625,6.75],"tintindex":0,"texture":"#0"},"south":{"uv":[2.75,10.75,3.75,11.125],"tintindex":0,"texture":"#0"},"west":{"uv":[8.125,5.875,8.5,6.25],"tintindex":0,"texture":"#0"},"up":{"uv":[6.5,11.125,5.5,10.75],"tintindex":0,"texture":"#0"},"down":{"uv":[7.5,10.75,6.5,11.125],"tintindex":0,"texture":"#0"}},"rotation":{"angle":45.0,"axis":"x","origin":[1.0076294,2.836708,3.88303]}},{"from":[-0.64403915,8.374138,0.6141696],"to":[2.6359606,10.424141,2.6641698],"faces":{"north":{"uv":[7.25,1.875,7.625,2.125],"tintindex":0,"texture":"#0"},"east":{"uv":[3.5,2.75,3.75,3.0],"tintindex":0,"texture":"#0"},"south":{"uv":[7.25,6.25,7.625,6.5],"tintindex":0,"texture":"#0"},"west":{"uv":[1.25,4.875,1.5,5.125],"tintindex":0,"texture":"#0"},"up":{"uv":[7.625,8.0,7.25,7.75],"tintindex":0,"texture":"#0"},"down":{"uv":[6.25,9.125,5.875,9.375],"tintindex":0,"texture":"#0"}},"rotation":{"angle":45.0,"axis":"x","origin":[1.0076294,2.836708,3.88303]}},{"from":[-3.9240398,6.161751,5.18436],"to":[5.9159603,9.03175,8.87436],"faces":{"north":{"uv":[10.0,3.0,11.25,3.375],"tintindex":0,"texture":"#0"},"east":{"uv":[8.5,0.625,9.0,1.0],"tintindex":0,"texture":"#0"},"south":{"uv":[10.0,3.375,11.25,3.75],"tintindex":0,"texture":"#0"},"west":{"uv":[8.875,5.5,9.375,5.875],"tintindex":0,"texture":"#0"},"up":{"uv":[10.125,9.375,8.875,8.875],"tintindex":0,"texture":"#0"},"down":{"uv":[10.25,0.625,9.0,1.125],"tintindex":0,"texture":"#0"}}},{"from":[0.5859604,8.784138,-0.61582947],"to":[4.27596,11.65414,0.6141696],"faces":{"north":{"uv":[4.75,12.0,5.25,12.375],"tintindex":0,"texture":"#0"},"east":{"uv":[2.625,5.25,2.75,5.625],"tintindex":0,"texture":"#0"},"south":{"uv":[6.125,12.0,6.625,12.375],"tintindex":0,"texture":"#0"},"west":{"uv":[8.0,4.875,8.125,5.25],"tintindex":0,"texture":"#0"},"up":{"uv":[8.75,4.875,8.25,4.75],"tintindex":0,"texture":"#0"},"down":{"uv":[8.0,9.625,7.5,9.75],"tintindex":0,"texture":"#0"}},"rotation":{"angle":45.0,"axis":"x","origin":[1.0076294,2.836708,3.88303]}},{"from":[2.2259598,7.1441383,-0.61582947],"to":[4.27596,8.784138,0.6141696],"faces":{"north":{"uv":[10.25,1.375,10.5,1.625],"tintindex":0,"texture":"#0"},"east":{"uv":[5.125,6.25,5.25,6.5],"tintindex":0,"texture":"#0"},"south":{"uv":[7.5,10.75,7.75,11.0],"tintindex":0,"texture":"#0"},"west":{"uv":[1.25,7.25,1.375,7.5],"tintindex":0,"texture":"#0"},"up":{"uv":[1.5,5.25,1.25,5.125],"tintindex":0,"texture":"#0"},"down":{"uv":[10.875,5.375,10.625,5.5],"tintindex":0,"texture":"#0"}},"rotation":{"angle":45.0,"axis":"x","origin":[1.0076294,2.836708,3.88303]}},{"from":[0.5859604,4.46558,11.47046],"to":[4.27596,6.1055794,12.70046],"faces":{"north":{"uv":[1.5,3.75,2.0,4.0],"tintindex":0,"texture":"#0"},"east":{"uv":[2.125,7.5,2.25,7.75],"tintindex":0,"texture":"#0"},"south":{"uv":[1.625,8.375,2.125,8.625],"tintindex":0,"texture":"#0"},"west":{"uv":[7.125,8.625,7.25,8.875],"tintindex":0,"texture":"#0"},"up":{"uv":[10.5,4.25,10.0,4.125],"tintindex":0,"texture":"#0"},"down":{"uv":[10.75,2.875,10.25,3.0],"tintindex":0,"texture":"#0"}},"rotation":{"angle":-45.0,"axis":"x","origin":[1.0076294,2.836708,3.88303]}},{"from":[2.2259598,2.8255806,11.47046],"to":[4.27596,4.46558,12.70046],"faces":{"north":{"uv":[0.375,11.375,0.625,11.625],"tintindex":0,"texture":"#0"},"east":{"uv":[3.875,8.875,4.0,9.125],"tintindex":0,"texture":"#0"},"south":{"uv":[1.125,11.625,1.375,11.875],"tintindex":0,"texture":"#0"},"west":{"uv":[8.75,9.0,8.875,9.25],"tintindex":0,"texture":"#0"},"up":{"uv":[6.875,12.125,6.625,12.0],"tintindex":0,"texture":"#0"},"down":{"uv":[2.125,12.125,1.875,12.25],"tintindex":0,"texture":"#0"}},"rotation":{"angle":-45.0,"axis":"x","origin":[1.0076294,2.836708,3.88303]}}]}