{"textures":{"0":"bm:item/sub_guardian_shadowguardian","1":"bm:item/sub_guardian_shadowguardian_flame","particle":"bm:item/sub_guardian_shadowguardian"},"elements":[{"from":[6.610894,2.9956417,5.1504216],"to":[9.381432,5.5129166,7.6676965],"faces":{"north":{"uv":[1.25,7.5,2.125,8.375],"tintindex":0,"texture":"#0"},"east":{"uv":[7.625,1.875,8.5,2.75],"tintindex":0,"texture":"#0"},"south":{"uv":[3.125,7.625,4.0,8.5],"tintindex":0,"texture":"#0"},"west":{"uv":[7.625,6.25,8.5,7.125],"tintindex":0,"texture":"#0"},"up":{"uv":[8.5,8.0,7.625,7.125],"tintindex":0,"texture":"#0"},"down":{"uv":[3.0,7.75,2.125,8.625],"tintindex":0,"texture":"#0"}},"rotation":{"angle":22.5,"axis":"x","origin":[7.9191556,2.5237594,7.5360384]}},{"from":[6.7068267,2.1097288,5.6400547],"to":[9.224102,3.9976854,7.8426704],"faces":{"north":{"uv":[0.0,9.5,0.875,10.125],"tintindex":0,"texture":"#0"},"east":{"uv":[0.0,10.125,0.75,10.75],"tintindex":0,"texture":"#0"},"south":{"uv":[9.625,0.0,10.5,0.625],"tintindex":0,"texture":"#0"},"west":{"uv":[10.125,5.5,10.875,6.125],"tintindex":0,"texture":"#0"},"up":{"uv":[7.125,9.375,6.25,8.625],"tintindex":0,"texture":"#0"},"down":{"uv":[0.875,8.75,0.0,9.5],"tintindex":0,"texture":"#0"}}},{"from":[7.0214863,0.9718137,5.844453],"to":[8.909443,2.8597698,8.047069],"faces":{"north":{"uv":[10.625,4.125,11.25,4.75],"tintindex":0,"texture":"#0"},"east":{"uv":[5.875,10.125,6.625,10.75],"tintindex":0,"texture":"#0"},"south":{"uv":[10.625,4.75,11.25,5.375],"tintindex":0,"texture":"#0"},"west":{"uv":[10.125,6.125,10.875,6.75],"tintindex":0,"texture":"#0"},"up":{"uv":[10.875,1.375,10.25,0.625],"tintindex":0,"texture":"#0"},"down":{"uv":[2.125,10.25,1.5,11.0],"tintindex":0,"texture":"#0"}},"rotation":{"angle":-22.5,"axis":"x","origin":[7.9191556,2.5237594,7.5360384]}},{"from":[8.061397,-1.2060823,3.571568],"to":[8.061397,6.8522677,18.920807],"faces":{"east":{"uv":[5.0,16.0,12.0,0.0],"rotation":270.0,"tintindex":0,"texture":"#1"},"west":{"uv":[5.0,0.0,12.0,16.0],"rotation":270.0,"tintindex":0,"texture":"#1"}},"rotation":{"angle":45.0,"axis":"x","origin":[7.9191556,2.5237594,7.5360384]}},{"from":[3.8483686,-8.0,7.484757],"to":[11.1392565,7.349238,7.484757],"faces":{"north":{"uv":[5.0,0.0,12.0,16.0],"tintindex":0,"texture":"#1"},"south":{"uv":[5.0,16.0,12.0,0.0],"rotation":180.0,"tintindex":0,"texture":"#1"}},"rotation":{"angle":-22.5,"axis":"x","origin":[7.9191556,2.5237594,7.5360384]}}]}