{"textures":{"0":"bm:item/sub_guardian_shadowguardian","1":"bm:item/sub_guardian_shadowguardian_flame","particle":"bm:item/sub_guardian_shadowguardian"},"elements":[{"from":[6.900034,9.90267,4.2330036],"to":[10.754155,12.930908,6.666606],"faces":{"north":{"uv":[5.0,1.0,6.375,2.125],"tintindex":0,"texture":"#0"},"east":{"uv":[5.0,1.0,6.375,2.125],"tintindex":0,"texture":"#0"},"south":{"uv":[5.0,1.0,6.375,2.125],"tintindex":0,"texture":"#0"},"west":{"uv":[5.0,1.0,6.375,2.125],"tintindex":0,"texture":"#0"},"up":{"uv":[5.0,1.0,6.375,2.125],"tintindex":0,"texture":"#0"},"down":{"uv":[5.0,1.0,6.375,2.125],"tintindex":0,"texture":"#0"}}},{"from":[7.5251064,11.732651,2.8364358],"to":[8.395037,12.586063,3.7559185],"faces":{"north":{"uv":[7.25,13.0,7.0,12.625],"rotation":270.0,"tintindex":0,"texture":"#0"},"east":{"uv":[7.25,13.0,7.0,12.625],"tintindex":0,"texture":"#0"},"south":{"uv":[7.25,13.0,7.0,12.625],"tintindex":0,"texture":"#0"},"west":{"uv":[7.25,13.0,7.0,12.625],"tintindex":0,"texture":"#0"},"up":{"uv":[7.25,13.0,7.0,12.625],"tintindex":0,"texture":"#0"},"down":{"uv":[7.25,13.0,7.0,12.625],"tintindex":0,"texture":"#0"}},"rotation":{"angle":45.0,"axis":"y","origin":[8.786967,0.018565178,4.1068306]}},{"from":[9.370195,11.732651,2.6451387],"to":[10.240126,12.586063,3.564622],"faces":{"north":{"uv":[7.25,12.625,7.0,13.0],"rotation":270.0,"tintindex":0,"texture":"#0"},"east":{"uv":[7.0,13.0,7.25,12.625],"tintindex":0,"texture":"#0"},"south":{"uv":[7.0,13.0,7.25,12.625],"tintindex":0,"texture":"#0"},"west":{"uv":[7.0,13.0,7.25,12.625],"tintindex":0,"texture":"#0"},"up":{"uv":[7.0,13.0,7.25,12.625],"tintindex":0,"texture":"#0"},"down":{"uv":[7.0,13.0,7.25,12.625],"tintindex":0,"texture":"#0"}},"rotation":{"angle":-45.0,"axis":"y","origin":[8.786967,0.018565178,4.1068306]}},{"from":[2.8736882,5.2778997,3.5321703],"to":[9.64593,10.24421,10.0786705],"faces":{"north":{"uv":[3.75,3.25,5.25,4.375],"tintindex":0,"texture":"#0"},"east":{"uv":[3.75,2.125,5.25,3.25],"tintindex":0,"texture":"#0"},"south":{"uv":[3.75,2.125,5.25,3.25],"tintindex":0,"texture":"#0"},"west":{"uv":[3.75,3.25,5.25,4.375],"tintindex":0,"texture":"#0"},"up":{"uv":[3.0,8.5,3.875,9.25],"tintindex":0,"texture":"#0"},"down":{"uv":[3.5,1.5,2.0,3.0],"tintindex":0,"texture":"#0"}},"rotation":{"angle":45.0,"axis":"y","origin":[8.786967,0.018565178,4.1068306]}},{"from":[6.2103004,9.037417,-1.5364504],"to":[11.743717,10.700196,5.01005],"faces":{"north":{"uv":[0.0,9.75,0.875,10.125],"tintindex":0,"texture":"#0"},"east":{"uv":[0.0,9.75,0.875,10.125],"tintindex":0,"texture":"#0"},"south":{"uv":[3.75,2.125,5.25,3.25],"tintindex":0,"texture":"#0"},"west":{"uv":[0.0,9.75,0.875,10.125],"tintindex":0,"texture":"#0"},"up":{"uv":[3.0,8.5,3.875,9.25],"tintindex":0,"texture":"#0"},"down":{"uv":[3.5,1.5,2.0,3.0],"tintindex":0,"texture":"#0"}},"rotation":{"angle":22.5,"axis":"x","origin":[8.786967,0.018565178,4.1068306]}},{"from":[6.2103004,8.9829,-5.7949677],"to":[11.743717,11.0586195,0.7515321],"faces":{"north":{"uv":[0.0,9.75,0.875,10.125],"tintindex":0,"texture":"#0"},"east":{"uv":[0.0,9.75,0.875,10.125],"tintindex":0,"texture":"#0"},"south":{"uv":[3.75,2.125,5.25,3.25],"tintindex":0,"texture":"#0"},"west":{"uv":[0.0,9.75,0.875,10.125],"tintindex":0,"texture":"#0"},"up":{"uv":[5.0,1.0,6.375,2.125],"rotation":180.0,"tintindex":0,"texture":"#0"},"down":{"uv":[3.5,1.5,2.0,3.0],"tintindex":0,"texture":"#0"}},"rotation":{"angle":45.0,"axis":"x","origin":[8.786967,0.018565178,4.1068306]}},{"from":[3.3251715,2.794744,4.435136],"to":[8.742965,5.2778997,9.627188],"faces":{"north":{"uv":[6.375,7.125,7.625,7.75],"tintindex":0,"texture":"#0"},"east":{"uv":[8.5,0.0,9.625,0.625],"tintindex":0,"texture":"#0"},"south":{"uv":[0.0,7.25,1.25,7.875],"tintindex":0,"texture":"#0"},"west":{"uv":[8.5,1.875,9.625,2.5],"tintindex":0,"texture":"#0"},"up":{"uv":[6.5,4.25,5.25,3.125],"tintindex":0,"texture":"#0"},"down":{"uv":[6.5,4.25,5.25,5.375],"tintindex":0,"texture":"#0"}},"rotation":{"angle":45.0,"axis":"y","origin":[8.786967,0.018565178,4.1068306]}},{"from":[2.8736882,3.9234514,3.5321703],"to":[8.742965,5.2778997,4.435136],"faces":{"north":{"uv":[10.125,9.125,11.5,9.375],"tintindex":0,"texture":"#0"},"east":{"uv":[4.5,12.75,4.75,13.0],"tintindex":0,"texture":"#0"},"south":{"uv":[10.5,2.0,11.875,2.25],"tintindex":0,"texture":"#0"},"west":{"uv":[12.75,4.625,13.0,4.875],"tintindex":0,"texture":"#0"},"up":{"uv":[12.125,8.625,10.75,8.375],"tintindex":0,"texture":"#0"},"down":{"uv":[12.25,6.125,10.875,6.375],"tintindex":0,"texture":"#0"}},"rotation":{"angle":45.0,"axis":"y","origin":[8.786967,0.018565178,4.1068306]}},{"from":[8.742965,3.9234514,4.435136],"to":[9.64593,5.2778997,10.0786705],"faces":{"north":{"uv":[4.75,12.75,5.0,13.0],"tintindex":0,"texture":"#0"},"east":{"uv":[11.25,9.625,12.5,9.875],"tintindex":0,"texture":"#0"},"south":{"uv":[5.0,12.75,5.25,13.0],"tintindex":0,"texture":"#0"},"west":{"uv":[11.25,9.875,12.5,10.125],"tintindex":0,"texture":"#0"},"up":{"uv":[3.75,12.375,3.5,11.125],"tintindex":0,"texture":"#0"},"down":{"uv":[8.625,11.25,8.375,12.5],"tintindex":0,"texture":"#0"}},"rotation":{"angle":45.0,"axis":"y","origin":[8.786967,0.018565178,4.1068306]}},{"from":[8.99106,6.4334083,6.9317474],"to":[8.99106,16.344006,24.0],"faces":{"east":{"uv":[5.0,16.0,12.0,0.0],"rotation":270.0,"tintindex":0,"texture":"#1"},"west":{"uv":[5.0,0.0,12.0,16.0],"rotation":270.0,"tintindex":0,"texture":"#1"}},"rotation":{"angle":-22.5,"axis":"x","origin":[8.786967,0.018565178,4.1068306]}},{"from":[1.7170558,7.6884875,2.3445172],"to":[1.7170558,15.947319,18.311592],"faces":{"east":{"uv":[5.0,16.0,12.0,0.0],"rotation":270.0,"tintindex":0,"texture":"#1"},"west":{"uv":[5.0,0.0,12.0,16.0],"rotation":270.0,"tintindex":0,"texture":"#1"}},"rotation":{"angle":-22.5,"axis":"z","origin":[8.786967,0.018565178,4.1068306]}},{"from":[15.9796505,7.6376343,2.3445172],"to":[15.9796505,15.896465,18.311592],"faces":{"east":{"uv":[5.0,16.0,12.0,0.0],"rotation":270.0,"tintindex":0,"texture":"#1"},"west":{"uv":[5.0,0.0,12.0,16.0],"rotation":270.0,"tintindex":0,"texture":"#1"}},"rotation":{"angle":22.5,"axis":"z","origin":[8.786967,0.018565178,4.1068306]}},{"from":[3.6343155,12.160116,1.9304857],"to":[12.994325,12.160116,21.751682],"faces":{"up":{"uv":[5.0,16.0,12.0,0.0],"rotation":180.0,"tintindex":0,"texture":"#1"},"down":{"uv":[5.0,0.0,12.0,16.0],"rotation":180.0,"tintindex":0,"texture":"#1"}}}]}