{"textures":{"0":"bm:item/sub_guardian_shadowguardian","1":"bm:item/sub_guardian_shadowguardian_flame","particle":"bm:item/sub_guardian_shadowguardian"},"elements":[{"from":[2.2600002,4.6955795,-0.58718014],"to":[14.15,10.025581,7.61282],"faces":{"north":{"uv":[4.625,6.5,6.125,7.125],"tintindex":0,"texture":"#0"},"east":{"uv":[2.5,9.25,3.5,9.875],"tintindex":0,"texture":"#0"},"south":{"uv":[6.125,6.5,7.625,7.125],"tintindex":0,"texture":"#0"},"west":{"uv":[0.875,9.375,1.875,10.0],"tintindex":0,"texture":"#0"},"up":{"uv":[6.75,1.0,5.25,0.0],"tintindex":0,"texture":"#0"},"down":{"uv":[6.75,2.125,5.25,3.125],"tintindex":0,"texture":"#0"}},"rotation":{"angle":22.5,"axis":"x","origin":[7.87932,0.18585968,6.44972]}},{"from":[2.67,7.3935204,-5.62558],"to":[13.74,16.41352,1.7544198],"faces":{"north":{"uv":[5.0,1.0,6.375,2.125],"tintindex":0,"texture":"#0"},"east":{"uv":[6.375,1.0,7.25,2.125],"tintindex":0,"texture":"#0"},"south":{"uv":[1.25,5.25,2.625,6.375],"tintindex":0,"texture":"#0"},"west":{"uv":[1.375,6.375,2.25,7.5],"tintindex":0,"texture":"#0"},"up":{"uv":[5.125,6.5,3.75,5.625],"tintindex":0,"texture":"#0"},"down":{"uv":[1.375,6.375,0.0,7.25],"tintindex":0,"texture":"#0"}},"rotation":{"angle":22.5,"axis":"x","origin":[7.87932,0.18585968,6.44972]}}]}