{"textures":{"0":"bm:item/sub_guardian_shadowguardian","1":"bm:item/sub_guardian_shadowguardian_flame","particle":"bm:item/sub_guardian_shadowguardian"},"elements":[{"from":[4.6732826,1.3974857,11.307181],"to":[8.086524,4.526291,14.15155],"faces":{"north":{"uv":[4.25,10.375,4.875,11.0],"tintindex":0,"texture":"#0"},"east":{"uv":[2.5,8.625,3.0,9.25],"tintindex":0,"texture":"#0"},"south":{"uv":[7.75,10.375,8.375,11.0],"tintindex":0,"texture":"#0"},"west":{"uv":[5.625,11.125,6.125,11.75],"tintindex":0,"texture":"#0"},"up":{"uv":[8.0,5.375,7.375,4.875],"tintindex":0,"texture":"#0"},"down":{"uv":[4.625,7.625,4.0,8.125],"tintindex":0,"texture":"#0"}},"rotation":{"angle":-45.0,"axis":"x","origin":[6.0645666,0.28357553,3.65665]}},{"from":[3.5355344,0.7941041,10.654989],"to":[5.526593,5.0606575,14.921541],"faces":{"north":{"uv":[8.625,11.25,9.0,12.0],"tintindex":0,"texture":"#0"},"east":{"uv":[8.0,9.0,8.75,9.75],"tintindex":0,"texture":"#0"},"south":{"uv":[0.0,11.375,0.375,12.125],"tintindex":0,"texture":"#0"},"west":{"uv":[9.375,5.5,10.125,6.25],"tintindex":0,"texture":"#0"},"up":{"uv":[7.75,12.125,7.375,11.375],"tintindex":0,"texture":"#0"},"down":{"uv":[8.125,11.375,7.75,12.125],"tintindex":0,"texture":"#0"}},"rotation":{"angle":-45.0,"axis":"x","origin":[6.0645666,0.28357553,3.65665]}},{"from":[1.2600408,1.0785422,10.939425],"to":[3.5355344,4.491784,14.352667],"faces":{"north":{"uv":[8.5,7.375,8.875,8.0],"tintindex":0,"texture":"#0"},"east":{"uv":[10.5,0.0,11.125,0.625],"tintindex":0,"texture":"#0"},"south":{"uv":[11.75,11.5,12.125,12.125],"tintindex":0,"texture":"#0"},"west":{"uv":[10.5,1.375,11.125,2.0],"tintindex":0,"texture":"#0"},"up":{"uv":[12.25,1.25,11.875,0.625],"tintindex":0,"texture":"#0"},"down":{"uv":[1.5,11.875,1.125,12.5],"tintindex":0,"texture":"#0"}},"rotation":{"angle":-45.0,"axis":"x","origin":[6.0645666,0.28357553,3.65665]}},{"from":[-1.0154543,1.3629789,11.223863],"to":[1.2600408,3.9229093,13.783794],"faces":{"north":{"uv":[0.875,7.875,1.25,8.375],"tintindex":0,"texture":"#0"},"east":{"uv":[6.875,11.625,7.375,12.125],"tintindex":0,"texture":"#0"},"south":{"uv":[3.5,9.25,3.875,9.75],"tintindex":0,"texture":"#0"},"west":{"uv":[9.375,11.625,9.875,12.125],"tintindex":0,"texture":"#0"},"up":{"uv":[8.75,10.25,8.375,9.75],"tintindex":0,"texture":"#0"},"down":{"uv":[3.5,9.875,3.125,10.375],"tintindex":0,"texture":"#0"}},"rotation":{"angle":-45.0,"axis":"x","origin":[6.0645666,0.28357553,3.65665]}},{"from":[7.160162,6.5011835,6.9704084],"to":[10.573404,10.767736,10.827649],"faces":{"north":{"uv":[5.25,9.75,5.875,10.5],"tintindex":0,"texture":"#0"},"east":{"uv":[3.0,8.5,3.875,9.25],"tintindex":0,"texture":"#0"},"south":{"uv":[2.5,9.875,3.125,10.625],"tintindex":0,"texture":"#0"},"west":{"uv":[8.5,5.875,9.375,6.625],"tintindex":0,"texture":"#0"},"up":{"uv":[3.75,7.625,3.125,6.75],"tintindex":0,"texture":"#0"},"down":{"uv":[2.5,9.375,1.875,10.25],"tintindex":0,"texture":"#0"}},"rotation":{"angle":-22.5,"axis":"y","origin":[6.0645666,0.28357553,3.65665]}},{"from":[-5.87068,5.00549,7.1068683],"to":[-4.8125744,6.2001247,8.062576],"faces":{"north":{"uv":[1.875,11.875,2.125,12.125],"tintindex":0,"texture":"#0"},"east":{"uv":[9.5,1.625,9.625,1.875],"tintindex":0,"texture":"#0"},"south":{"uv":[3.25,12.0,3.5,12.25],"tintindex":0,"texture":"#0"},"west":{"uv":[9.625,4.25,9.75,4.5],"tintindex":0,"texture":"#0"},"up":{"uv":[3.5,12.375,3.25,12.25],"tintindex":0,"texture":"#0"},"down":{"uv":[4.75,12.25,4.5,12.375],"tintindex":0,"texture":"#0"}},"rotation":{"angle":-22.5,"axis":"z","origin":[6.0645666,0.28357553,3.65665]}},{"from":[-5.87068,5.00549,8.301503],"to":[-4.8125744,6.2001247,9.257211],"faces":{"north":{"uv":[12.5,12.375,12.75,12.625],"tintindex":0,"texture":"#0"},"east":{"uv":[9.625,4.5,9.75,4.75],"tintindex":0,"texture":"#0"},"south":{"uv":[0.0,12.625,0.25,12.875],"tintindex":0,"texture":"#0"},"west":{"uv":[0.75,10.125,0.875,10.375],"tintindex":0,"texture":"#0"},"up":{"uv":[12.625,8.375,12.375,8.25],"tintindex":0,"texture":"#0"},"down":{"uv":[13.0,8.0,12.75,8.125],"tintindex":0,"texture":"#0"}},"rotation":{"angle":-22.5,"axis":"z","origin":[6.0645666,0.28357553,3.65665]}},{"from":[-5.87068,5.00549,9.496138],"to":[-4.8125744,6.2001247,10.451845],"faces":{"north":{"uv":[12.625,0.0,12.875,0.25],"tintindex":0,"texture":"#0"},"east":{"uv":[0.75,10.375,0.875,10.625],"tintindex":0,"texture":"#0"},"south":{"uv":[12.625,0.625,12.875,0.875],"tintindex":0,"texture":"#0"},"west":{"uv":[9.375,10.625,9.5,10.875],"tintindex":0,"texture":"#0"},"up":{"uv":[13.0,8.25,12.75,8.125],"tintindex":0,"texture":"#0"},"down":{"uv":[8.625,12.75,8.375,12.875],"tintindex":0,"texture":"#0"}},"rotation":{"angle":-22.5,"axis":"z","origin":[6.0645666,0.28357553,3.65665]}},{"from":[-1.3189411,6.6143904,-0.29248524],"to":[-0.101551056,7.809025,0.8338847],"faces":{"north":{"uv":[12.625,0.875,12.875,1.125],"tintindex":0,"texture":"#0"},"east":{"uv":[12.625,1.125,12.875,1.375],"tintindex":0,"texture":"#0"},"south":{"uv":[12.625,1.375,12.875,1.625],"tintindex":0,"texture":"#0"},"west":{"uv":[12.625,2.75,12.875,3.0],"tintindex":0,"texture":"#0"},"up":{"uv":[12.875,3.25,12.625,3.0],"tintindex":0,"texture":"#0"},"down":{"uv":[12.875,3.25,12.625,3.5],"tintindex":0,"texture":"#0"}},"rotation":{"angle":45.0,"axis":"y","origin":[6.0645666,0.28357553,3.65665]}},{"from":[-5.87068,5.00549,5.912234],"to":[-4.8125744,6.2001247,6.8679414],"faces":{"north":{"uv":[12.625,3.5,12.875,3.75],"tintindex":0,"texture":"#0"},"east":{"uv":[1.375,10.75,1.5,11.0],"tintindex":0,"texture":"#0"},"south":{"uv":[12.625,3.75,12.875,4.0],"tintindex":0,"texture":"#0"},"west":{"uv":[4.125,10.75,4.25,11.0],"tintindex":0,"texture":"#0"},"up":{"uv":[8.875,12.875,8.625,12.75],"tintindex":0,"texture":"#0"},"down":{"uv":[9.125,12.75,8.875,12.875],"tintindex":0,"texture":"#0"}},"rotation":{"angle":-22.5,"axis":"z","origin":[6.0645666,0.28357553,3.65665]}},{"from":[-8.0,-2.3869953,5.055954],"to":[-6.782611,-1.7612333,5.624828],"faces":{"north":{"uv":[9.125,12.75,9.375,12.875],"tintindex":0,"texture":"#0"},"east":{"uv":[8.0,5.25,8.125,5.375],"tintindex":0,"texture":"#0"},"south":{"uv":[9.375,12.75,9.625,12.875],"tintindex":0,"texture":"#0"},"west":{"uv":[3.0,8.375,3.125,8.5],"tintindex":0,"texture":"#0"},"up":{"uv":[9.875,12.875,9.625,12.75],"tintindex":0,"texture":"#0"},"down":{"uv":[10.125,12.75,9.875,12.875],"tintindex":0,"texture":"#0"}},"rotation":{"angle":-45.0,"axis":"z","origin":[6.0645666,0.28357553,3.65665]}},{"from":[-2.4103594,12.099052,5.912234],"to":[-0.49894428,13.293687,6.8679414],"faces":{"north":{"uv":[1.5,10.0,1.875,10.25],"tintindex":0,"texture":"#0"},"east":{"uv":[9.375,10.875,9.5,11.125],"tintindex":0,"texture":"#0"},"south":{"uv":[5.5,10.5,5.875,10.75],"tintindex":0,"texture":"#0"},"west":{"uv":[7.375,11.125,7.5,11.375],"tintindex":0,"texture":"#0"},"up":{"uv":[7.5,10.375,7.125,10.25],"tintindex":0,"texture":"#0"},"down":{"uv":[5.25,10.375,4.875,10.5],"tintindex":0,"texture":"#0"}},"rotation":{"angle":22.5,"axis":"z","origin":[6.0645666,0.28357553,3.65665]}},{"from":[-2.1722517,7.183264,-0.29248524],"to":[-0.101551056,9.800082,1.971632],"faces":{"north":{"uv":[5.25,12.0,5.625,12.5],"tintindex":0,"texture":"#0"},"east":{"uv":[8.625,12.0,9.0,12.5],"tintindex":0,"texture":"#0"},"south":{"uv":[10.875,12.0,11.25,12.5],"tintindex":0,"texture":"#0"},"west":{"uv":[11.25,12.0,11.625,12.5],"tintindex":0,"texture":"#0"},"up":{"uv":[9.75,7.375,9.375,7.0],"tintindex":0,"texture":"#0"},"down":{"uv":[2.5,10.25,2.125,10.625],"tintindex":0,"texture":"#0"}},"rotation":{"angle":45.0,"axis":"y","origin":[6.0645666,0.28357553,3.65665]}},{"from":[4.0222826,7.183264,11.536216],"to":[6.092983,9.800082,13.800333],"faces":{"north":{"uv":[0.0,12.125,0.375,12.625],"tintindex":0,"texture":"#0"},"east":{"uv":[6.625,12.125,7.0,12.625],"tintindex":0,"texture":"#0"},"south":{"uv":[7.0,12.125,7.375,12.625],"tintindex":0,"texture":"#0"},"west":{"uv":[7.375,12.125,7.75,12.625],"tintindex":0,"texture":"#0"},"up":{"uv":[12.625,4.625,12.25,4.25],"tintindex":0,"texture":"#0"},"down":{"uv":[10.625,12.25,10.25,12.625],"tintindex":0,"texture":"#0"}},"rotation":{"angle":-45.0,"axis":"y","origin":[6.0645666,0.28357553,3.65665]}},{"from":[-2.6238403,7.183264,6.762575],"to":[0.5846071,10.084518,9.311129],"faces":{"north":{"uv":[9.0,4.25,9.625,4.75],"tintindex":0,"texture":"#0"},"east":{"uv":[2.125,11.75,2.625,12.25],"tintindex":0,"texture":"#0"},"south":{"uv":[6.125,11.125,6.75,11.625],"tintindex":0,"texture":"#0"},"west":{"uv":[5.625,11.75,6.125,12.25],"tintindex":0,"texture":"#0"},"up":{"uv":[7.375,11.625,6.75,11.125],"tintindex":0,"texture":"#0"},"down":{"uv":[10.0,11.125,9.375,11.625],"tintindex":0,"texture":"#0"}}},{"from":[-2.7067432,7.5292645,5.912234],"to":[-0.9204798,9.861646,10.451845],"faces":{"north":{"uv":[12.25,10.375,12.625,10.75],"tintindex":0,"texture":"#0"},"east":{"uv":[10.875,6.375,11.75,6.75],"tintindex":0,"texture":"#0"},"south":{"uv":[0.375,12.375,0.75,12.75],"tintindex":0,"texture":"#0"},"west":{"uv":[7.5,11.0,8.375,11.375],"tintindex":0,"texture":"#0"},"up":{"uv":[1.75,11.875,1.375,11.0],"tintindex":0,"texture":"#0"},"down":{"uv":[2.125,11.0,1.75,11.875],"tintindex":0,"texture":"#0"}}},{"from":[-1.933547,6.6143904,8.024934],"to":[0.13715363,7.809025,9.162681],"faces":{"north":{"uv":[12.375,8.0,12.75,8.25],"tintindex":0,"texture":"#0"},"east":{"uv":[12.625,4.0,12.875,4.25],"tintindex":0,"texture":"#0"},"south":{"uv":[12.375,10.125,12.75,10.375],"tintindex":0,"texture":"#0"},"west":{"uv":[12.625,4.25,12.875,4.5],"tintindex":0,"texture":"#0"},"up":{"uv":[12.75,11.375,12.375,11.125],"tintindex":0,"texture":"#0"},"down":{"uv":[12.5,12.375,12.125,12.625],"tintindex":0,"texture":"#0"}},"rotation":{"angle":-22.5,"axis":"y","origin":[6.0645666,0.28357553,3.65665]}},{"from":[-6.8490868,2.6790323,4.7715173],"to":[-4.778385,3.8736668,5.9092646],"faces":{"north":{"uv":[1.125,12.5,1.5,12.75],"tintindex":0,"texture":"#0"},"east":{"uv":[6.0,12.625,6.25,12.875],"tintindex":0,"texture":"#0"},"south":{"uv":[1.5,12.5,1.875,12.75],"tintindex":0,"texture":"#0"},"west":{"uv":[6.25,12.625,6.5,12.875],"tintindex":0,"texture":"#0"},"up":{"uv":[12.875,2.75,12.5,2.5],"tintindex":0,"texture":"#0"},"down":{"uv":[12.875,4.875,12.5,5.125],"tintindex":0,"texture":"#0"}},"rotation":{"angle":-22.5,"axis":"z","origin":[6.0645666,0.28357553,3.65665]}},{"from":[-4.9025965,8.667011,5.912234],"to":[-2.7067432,9.861646,6.8679414],"faces":{"north":{"uv":[12.5,5.125,12.875,5.375],"tintindex":0,"texture":"#0"},"east":{"uv":[8.125,11.375,8.25,11.625],"tintindex":0,"texture":"#0"},"south":{"uv":[5.25,12.5,5.625,12.75],"tintindex":0,"texture":"#0"},"west":{"uv":[8.125,11.625,8.25,11.875],"tintindex":0,"texture":"#0"},"up":{"uv":[3.125,10.75,2.75,10.625],"tintindex":0,"texture":"#0"},"down":{"uv":[12.375,1.625,12.0,1.75],"tintindex":0,"texture":"#0"}}},{"from":[-5.1870327,8.667011,7.1068683],"to":[-2.7067432,9.861646,8.062576],"faces":{"north":{"uv":[8.5,2.5,9.0,2.75],"tintindex":0,"texture":"#0"},"east":{"uv":[2.625,11.75,2.75,12.0],"tintindex":0,"texture":"#0"},"south":{"uv":[9.0,1.625,9.5,1.875],"tintindex":0,"texture":"#0"},"west":{"uv":[10.875,11.75,11.0,12.0],"tintindex":0,"texture":"#0"},"up":{"uv":[7.125,10.375,6.625,10.25],"tintindex":0,"texture":"#0"},"down":{"uv":[11.25,2.875,10.75,3.0],"tintindex":0,"texture":"#0"}}},{"from":[-4.9025965,8.667011,8.301503],"to":[-2.7067432,9.861646,9.257211],"faces":{"north":{"uv":[12.5,5.375,12.875,5.625],"tintindex":0,"texture":"#0"},"east":{"uv":[8.125,11.875,8.25,12.125],"tintindex":0,"texture":"#0"},"south":{"uv":[12.5,5.625,12.875,5.875],"tintindex":0,"texture":"#0"},"west":{"uv":[8.875,12.5,9.0,12.75],"tintindex":0,"texture":"#0"},"up":{"uv":[12.625,1.25,12.25,1.125],"tintindex":0,"texture":"#0"},"down":{"uv":[13.125,2.375,12.75,2.5],"tintindex":0,"texture":"#0"}}},{"from":[-4.33372,8.667011,9.496138],"to":[-2.7067432,9.861646,10.451845],"faces":{"north":{"uv":[6.625,12.625,6.875,12.875],"tintindex":0,"texture":"#0"},"east":{"uv":[9.75,12.5,9.875,12.75],"tintindex":0,"texture":"#0"},"south":{"uv":[6.875,12.625,7.125,12.875],"tintindex":0,"texture":"#0"},"west":{"uv":[10.5,12.625,10.625,12.875],"tintindex":0,"texture":"#0"},"up":{"uv":[13.0,10.25,12.75,10.125],"tintindex":0,"texture":"#0"},"down":{"uv":[13.0,10.25,12.75,10.375],"tintindex":0,"texture":"#0"}}},{"from":[2.533194,14.27523,9.780575],"to":[3.8757358,14.900991,10.167409],"faces":{"north":{"uv":[12.75,10.75,13.0,10.875],"tintindex":0,"texture":"#0"},"east":{"uv":[6.25,8.5,6.375,8.625],"tintindex":0,"texture":"#0"},"south":{"uv":[10.875,12.75,11.125,12.875],"tintindex":0,"texture":"#0"},"west":{"uv":[8.75,4.75,8.875,4.875],"tintindex":0,"texture":"#0"},"up":{"uv":[11.375,12.875,11.125,12.75],"tintindex":0,"texture":"#0"},"down":{"uv":[13.0,11.125,12.75,11.25],"tintindex":0,"texture":"#0"}},"rotation":{"angle":45.0,"axis":"z","origin":[6.0645666,0.28357553,3.65665]}},{"from":[-1.5570498,11.814615,9.496138],"to":[0.069928646,13.009251,10.451845],"faces":{"north":{"uv":[7.125,12.625,7.375,12.875],"tintindex":0,"texture":"#0"},"east":{"uv":[10.125,12.75,10.25,13.0],"tintindex":0,"texture":"#0"},"south":{"uv":[7.375,12.625,7.625,12.875],"tintindex":0,"texture":"#0"},"west":{"uv":[11.375,12.75,11.5,13.0],"tintindex":0,"texture":"#0"},"up":{"uv":[13.0,11.375,12.75,11.25],"tintindex":0,"texture":"#0"},"down":{"uv":[11.75,12.75,11.5,12.875],"tintindex":0,"texture":"#0"}},"rotation":{"angle":22.5,"axis":"z","origin":[6.0645666,0.28357553,3.65665]}},{"from":[1.9643192,14.559668,8.585939],"to":[3.591299,15.185429,8.972774],"faces":{"north":{"uv":[11.75,12.75,12.0,12.875],"tintindex":0,"texture":"#0"},"east":{"uv":[8.0,8.875,8.125,9.0],"tintindex":0,"texture":"#0"},"south":{"uv":[12.75,12.375,13.0,12.5],"tintindex":0,"texture":"#0"},"west":{"uv":[8.75,9.25,8.875,9.375],"tintindex":0,"texture":"#0"},"up":{"uv":[13.0,12.625,12.75,12.5],"tintindex":0,"texture":"#0"},"down":{"uv":[13.0,12.625,12.75,12.75],"tintindex":0,"texture":"#0"}},"rotation":{"angle":45.0,"axis":"z","origin":[6.0645666,0.28357553,3.65665]}},{"from":[-2.1259232,12.099052,8.301503],"to":[-0.49894428,13.293687,9.257211],"faces":{"north":{"uv":[12.625,7.375,12.875,7.625],"tintindex":0,"texture":"#0"},"east":{"uv":[12.75,12.75,12.875,13.0],"tintindex":0,"texture":"#0"},"south":{"uv":[12.625,7.625,12.875,7.875],"tintindex":0,"texture":"#0"},"west":{"uv":[0.0,12.875,0.125,13.125],"tintindex":0,"texture":"#0"},"up":{"uv":[13.125,0.125,12.875,0.0],"tintindex":0,"texture":"#0"},"down":{"uv":[13.125,0.125,12.875,0.25],"tintindex":0,"texture":"#0"}},"rotation":{"angle":22.5,"axis":"z","origin":[6.0645666,0.28357553,3.65665]}},{"from":[-2.9792328,12.099052,7.1068683],"to":[-0.49894428,13.293687,8.062576],"faces":{"north":{"uv":[6.625,9.375,7.125,9.625],"tintindex":0,"texture":"#0"},"east":{"uv":[0.125,12.875,0.25,13.125],"tintindex":0,"texture":"#0"},"south":{"uv":[9.5,10.25,10.0,10.5],"tintindex":0,"texture":"#0"},"west":{"uv":[12.875,0.375,13.0,0.625],"tintindex":0,"texture":"#0"},"up":{"uv":[11.75,7.625,11.25,7.5],"tintindex":0,"texture":"#0"},"down":{"uv":[11.875,2.75,11.375,2.875],"tintindex":0,"texture":"#0"}},"rotation":{"angle":22.5,"axis":"z","origin":[6.0645666,0.28357553,3.65665]}},{"from":[1.1110091,14.844104,7.391305],"to":[2.7379875,15.469866,7.778139],"faces":{"north":{"uv":[12.875,0.625,13.125,0.75],"tintindex":0,"texture":"#0"},"east":{"uv":[10.5,4.125,10.625,4.25],"tintindex":0,"texture":"#0"},"south":{"uv":[12.875,0.75,13.125,0.875],"tintindex":0,"texture":"#0"},"west":{"uv":[0.75,10.625,0.875,10.75],"tintindex":0,"texture":"#0"},"up":{"uv":[13.125,1.0,12.875,0.875],"tintindex":0,"texture":"#0"},"down":{"uv":[13.125,1.0,12.875,1.125],"tintindex":0,"texture":"#0"}},"rotation":{"angle":45.0,"axis":"z","origin":[6.0645666,0.28357553,3.65665]}},{"from":[1.6798825,14.844104,6.1966705],"to":[3.3068624,15.469866,6.5835047],"faces":{"north":{"uv":[12.875,1.125,13.125,1.25],"tintindex":0,"texture":"#0"},"east":{"uv":[10.625,10.375,10.75,10.5],"tintindex":0,"texture":"#0"},"south":{"uv":[12.875,1.25,13.125,1.375],"tintindex":0,"texture":"#0"},"west":{"uv":[9.875,11.625,10.0,11.75],"tintindex":0,"texture":"#0"},"up":{"uv":[13.125,1.5,12.875,1.375],"tintindex":0,"texture":"#0"},"down":{"uv":[13.125,1.5,12.875,1.625],"tintindex":0,"texture":"#0"}},"rotation":{"angle":45.0,"axis":"z","origin":[6.0645666,0.28357553,3.65665]}}]}