{"textures":{"0":"bm:item/sub_guardian_shadowguardian","1":"bm:item/sub_guardian_shadowguardian_flame","particle":"bm:item/sub_guardian_shadowguardian"},"elements":[{"from":[3.55404,4.05838,-7.1495],"to":[9.83404,10.618378,-0.5894995],"faces":{"north":{"uv":[4.125,11.25,4.75,11.875],"tintindex":0,"texture":"#0"},"east":{"uv":[7.375,3.125,8.25,4.0],"tintindex":0,"texture":"#0"},"south":{"uv":[4.5,11.0,4.875,11.875],"tintindex":0,"texture":"#0"},"west":{"uv":[7.375,4.0,8.25,4.875],"tintindex":0,"texture":"#0"},"up":{"uv":[4.125,11.25,4.75,11.875],"rotation":180.0,"tintindex":0,"texture":"#0"},"down":{"uv":[4.125,11.25,4.75,11.875],"rotation":180.0,"tintindex":0,"texture":"#0"}},"rotation":{"angle":45.0,"axis":"x","origin":[12.1077795,-4.5732613,4.2679996]}},{"from":[4.42408,5.806881,-4.9209995],"to":[12.62408,8.67688,-2.0509996],"faces":{"north":{"uv":[10.75,7.625,11.75,8.0],"tintindex":0,"texture":"#0"},"east":{"uv":[0.75,12.375,1.125,12.75],"tintindex":0,"texture":"#0"},"south":{"uv":[10.75,8.0,11.75,8.375],"tintindex":0,"texture":"#0"},"west":{"uv":[12.375,1.625,12.75,2.0],"tintindex":0,"texture":"#0"},"up":{"uv":[11.75,10.75,10.75,10.375],"tintindex":0,"texture":"#0"},"down":{"uv":[11.75,10.75,10.75,11.125],"tintindex":0,"texture":"#0"}},"rotation":{"angle":45.0,"axis":"x","origin":[12.1077795,-4.5732613,4.2679996]}},{"from":[13.114039,6.1083794,-4.6895],"to":[16.39404,8.158379,-2.6394997],"faces":{"north":{"uv":[12.5,5.875,12.875,6.125],"tintindex":0,"texture":"#0"},"east":{"uv":[12.625,8.25,12.875,8.5],"tintindex":0,"texture":"#0"},"south":{"uv":[12.5,6.375,12.875,6.625],"tintindex":0,"texture":"#0"},"west":{"uv":[12.625,8.5,12.875,8.75],"tintindex":0,"texture":"#0"},"up":{"uv":[12.875,6.875,12.5,6.625],"tintindex":0,"texture":"#0"},"down":{"uv":[12.875,6.875,12.5,7.125],"tintindex":0,"texture":"#0"}},"rotation":{"angle":45.0,"axis":"x","origin":[12.1077795,-4.5732613,4.2679996]}},{"from":[9.83404,6.4117584,5.18436],"to":[19.67404,9.281761,8.87436],"faces":{"north":{"uv":[10.0,3.75,11.25,4.125],"tintindex":0,"texture":"#0"},"east":{"uv":[7.75,12.125,8.25,12.5],"tintindex":0,"texture":"#0"},"south":{"uv":[10.0,9.375,11.25,9.75],"tintindex":0,"texture":"#0"},"west":{"uv":[9.375,12.125,9.875,12.5],"tintindex":0,"texture":"#0"},"up":{"uv":[10.25,1.625,9.0,1.125],"tintindex":0,"texture":"#0"},"down":{"uv":[10.25,2.5,9.0,3.0],"tintindex":0,"texture":"#0"}}},{"from":[11.47404,6.518379,-5.9194994],"to":[15.16404,9.388378,-4.6895],"faces":{"north":{"uv":[12.125,11.5,12.625,11.875],"tintindex":0,"texture":"#0"},"east":{"uv":[6.25,8.125,6.375,8.5],"tintindex":0,"texture":"#0"},"south":{"uv":[11.625,12.125,12.125,12.5],"tintindex":0,"texture":"#0"},"west":{"uv":[3.875,8.5,4.0,8.875],"tintindex":0,"texture":"#0"},"up":{"uv":[12.75,10.875,12.25,10.75],"tintindex":0,"texture":"#0"},"down":{"uv":[12.875,11.375,12.375,11.5],"tintindex":0,"texture":"#0"}},"rotation":{"angle":45.0,"axis":"x","origin":[12.1077795,-4.5732613,4.2679996]}},{"from":[11.47404,4.87838,-5.9194994],"to":[13.52404,6.518379,-4.6895],"faces":{"north":{"uv":[12.625,9.125,12.875,9.375],"tintindex":0,"texture":"#0"},"east":{"uv":[12.875,2.5,13.0,2.75],"tintindex":0,"texture":"#0"},"south":{"uv":[10.25,12.625,10.5,12.875],"tintindex":0,"texture":"#0"},"west":{"uv":[12.875,2.75,13.0,3.0],"tintindex":0,"texture":"#0"},"up":{"uv":[13.125,3.125,12.875,3.0],"tintindex":0,"texture":"#0"},"down":{"uv":[13.125,3.125,12.875,3.25],"tintindex":0,"texture":"#0"}},"rotation":{"angle":45.0,"axis":"x","origin":[12.1077795,-4.5732613,4.2679996]}},{"from":[11.47404,2.7442188,16.999641],"to":[15.16404,4.38422,18.229641],"faces":{"north":{"uv":[12.0,6.75,12.5,7.0],"tintindex":0,"texture":"#0"},"east":{"uv":[12.875,3.25,13.0,3.5],"tintindex":0,"texture":"#0"},"south":{"uv":[12.0,8.875,12.5,9.125],"tintindex":0,"texture":"#0"},"west":{"uv":[12.875,3.5,13.0,3.75],"tintindex":0,"texture":"#0"},"up":{"uv":[13.125,0.375,12.625,0.25],"tintindex":0,"texture":"#0"},"down":{"uv":[13.125,4.5,12.625,4.625],"tintindex":0,"texture":"#0"}},"rotation":{"angle":-45.0,"axis":"x","origin":[12.1077795,-4.5732613,4.2679996]}},{"from":[11.47404,1.1042194,16.999641],"to":[13.52404,2.7442188,18.229641],"faces":{"north":{"uv":[12.625,10.375,12.875,10.625],"tintindex":0,"texture":"#0"},"east":{"uv":[12.875,3.75,13.0,4.0],"tintindex":0,"texture":"#0"},"south":{"uv":[12.625,10.875,12.875,11.125],"tintindex":0,"texture":"#0"},"west":{"uv":[12.875,4.0,13.0,4.25],"tintindex":0,"texture":"#0"},"up":{"uv":[13.125,4.375,12.875,4.25],"tintindex":0,"texture":"#0"},"down":{"uv":[13.125,4.375,12.875,4.5],"tintindex":0,"texture":"#0"}},"rotation":{"angle":-45.0,"axis":"x","origin":[12.1077795,-4.5732613,4.2679996]}}]}