{"textures":{"0":"bm:item/sub_guardian_shadowguardian","1":"bm:item/sub_guardian_shadowguardian_flame","particle":"bm:item/sub_guardian_shadowguardian"},"elements":[{"from":[7.564738,1.133595,11.61038],"to":[10.992658,4.275856,14.466982],"faces":{"north":{"uv":[4.875,10.5,5.5,11.125],"tintindex":0,"texture":"#0"},"east":{"uv":[10.0,11.125,10.5,11.75],"tintindex":0,"texture":"#0"},"south":{"uv":[9.5,10.5,10.125,11.125],"tintindex":0,"texture":"#0"},"west":{"uv":[10.5,11.125,11.0,11.75],"tintindex":0,"texture":"#0"},"up":{"uv":[11.625,11.625,11.0,11.125],"tintindex":0,"texture":"#0"},"down":{"uv":[2.75,11.25,2.125,11.75],"tintindex":0,"texture":"#0"}},"rotation":{"angle":-45.0,"axis":"x","origin":[9.4234085,-0.21618271,3.4982066]}},{"from":[10.135678,0.52761984,10.955397],"to":[12.1353,4.8125205,15.240297],"faces":{"north":{"uv":[9.0,11.5,9.375,12.25],"tintindex":0,"texture":"#0"},"east":{"uv":[5.875,9.375,6.625,10.125],"tintindex":0,"texture":"#0"},"south":{"uv":[0.375,11.625,0.75,12.375],"tintindex":0,"texture":"#0"},"west":{"uv":[9.375,6.25,10.125,7.0],"tintindex":0,"texture":"#0"},"up":{"uv":[1.125,12.375,0.75,11.625],"tintindex":0,"texture":"#0"},"down":{"uv":[4.125,11.625,3.75,12.375],"tintindex":0,"texture":"#0"}},"rotation":{"angle":-45.0,"axis":"x","origin":[9.4234085,-0.21618271,3.4982066]}},{"from":[12.1353,0.8132801,11.241057],"to":[14.420578,4.2412004,14.668978],"faces":{"north":{"uv":[1.5,11.875,1.875,12.5],"tintindex":0,"texture":"#0"},"east":{"uv":[10.125,10.5,10.75,11.125],"tintindex":0,"texture":"#0"},"south":{"uv":[11.875,2.75,12.25,3.375],"tintindex":0,"texture":"#0"},"west":{"uv":[2.125,10.625,2.75,11.25],"tintindex":0,"texture":"#0"},"up":{"uv":[12.25,4.0,11.875,3.375],"tintindex":0,"texture":"#0"},"down":{"uv":[12.25,4.0,11.875,4.625],"tintindex":0,"texture":"#0"}},"rotation":{"angle":-45.0,"axis":"x","origin":[9.4234085,-0.21618271,3.4982066]}},{"from":[14.420578,1.0989399,11.526717],"to":[16.70586,3.6698809,14.097658],"faces":{"north":{"uv":[12.125,11.875,12.5,12.375],"tintindex":0,"texture":"#0"},"east":{"uv":[11.75,7.5,12.25,8.0],"tintindex":0,"texture":"#0"},"south":{"uv":[12.25,0.625,12.625,1.125],"tintindex":0,"texture":"#0"},"west":{"uv":[9.875,11.75,10.375,12.25],"tintindex":0,"texture":"#0"},"up":{"uv":[2.25,12.75,1.875,12.25],"tintindex":0,"texture":"#0"},"down":{"uv":[2.625,12.25,2.25,12.75],"tintindex":0,"texture":"#0"}},"rotation":{"angle":-45.0,"axis":"x","origin":[9.4234085,-0.21618271,3.4982066]}},{"from":[5.000583,6.4947376,7.0211477],"to":[8.428504,10.779639,11.591708],"faces":{"north":{"uv":[0.875,10.0,1.5,10.75],"tintindex":0,"texture":"#0"},"east":{"uv":[8.5,6.625,9.375,7.375],"tintindex":0,"texture":"#0"},"south":{"uv":[10.0,9.75,10.625,10.5],"tintindex":0,"texture":"#0"},"west":{"uv":[1.625,8.625,2.5,9.375],"tintindex":0,"texture":"#0"},"up":{"uv":[9.375,10.25,8.75,9.375],"tintindex":0,"texture":"#0"},"down":{"uv":[10.0,9.375,9.375,10.25],"tintindex":0,"texture":"#0"}},"rotation":{"angle":22.5,"axis":"y","origin":[9.4234085,-0.21618271,3.4982066]}},{"from":[20.684769,4.8912797,7.1030273],"to":[21.747425,6.091052,8.062845],"faces":{"north":{"uv":[12.625,11.5,12.875,11.75],"tintindex":0,"texture":"#0"},"east":{"uv":[12.875,4.875,13.0,5.125],"tintindex":0,"texture":"#0"},"south":{"uv":[12.0,12.625,12.25,12.875],"tintindex":0,"texture":"#0"},"west":{"uv":[12.875,5.125,13.0,5.375],"tintindex":0,"texture":"#0"},"up":{"uv":[5.5,13.0,5.25,12.875],"tintindex":0,"texture":"#0"},"down":{"uv":[13.125,5.375,12.875,5.5],"tintindex":0,"texture":"#0"}},"rotation":{"angle":22.5,"axis":"z","origin":[9.4234085,-0.21618271,3.4982066]}},{"from":[20.684769,4.8912797,8.302799],"to":[21.747425,6.091052,9.262617],"faces":{"north":{"uv":[12.25,12.625,12.5,12.875],"tintindex":0,"texture":"#0"},"east":{"uv":[5.5,12.875,5.625,13.125],"tintindex":0,"texture":"#0"},"south":{"uv":[12.5,12.625,12.75,12.875],"tintindex":0,"texture":"#0"},"west":{"uv":[12.875,5.5,13.0,5.75],"tintindex":0,"texture":"#0"},"up":{"uv":[5.875,13.0,5.625,12.875],"tintindex":0,"texture":"#0"},"down":{"uv":[13.125,5.75,12.875,5.875],"tintindex":0,"texture":"#0"}},"rotation":{"angle":22.5,"axis":"z","origin":[9.4234085,-0.21618271,3.4982066]}},{"from":[20.684769,4.8912797,9.502572],"to":[21.747425,6.091052,10.46239],"faces":{"north":{"uv":[0.25,12.75,0.5,13.0],"tintindex":0,"texture":"#0"},"east":{"uv":[5.875,12.875,6.0,13.125],"tintindex":0,"texture":"#0"},"south":{"uv":[0.5,12.75,0.75,13.0],"tintindex":0,"texture":"#0"},"west":{"uv":[12.875,5.875,13.0,6.125],"tintindex":0,"texture":"#0"},"up":{"uv":[6.25,13.0,6.0,12.875],"tintindex":0,"texture":"#0"},"down":{"uv":[6.5,12.875,6.25,13.0],"tintindex":0,"texture":"#0"}},"rotation":{"angle":22.5,"axis":"z","origin":[9.4234085,-0.21618271,3.4982066]}},{"from":[15.836492,6.6084313,-0.49069405],"to":[17.059116,7.8082037,0.6405196],"faces":{"north":{"uv":[0.75,12.75,1.0,13.0],"tintindex":0,"texture":"#0"},"east":{"uv":[1.0,12.75,1.25,13.0],"tintindex":0,"texture":"#0"},"south":{"uv":[1.25,12.75,1.5,13.0],"tintindex":0,"texture":"#0"},"west":{"uv":[1.5,12.75,1.75,13.0],"tintindex":0,"texture":"#0"},"up":{"uv":[13.0,1.875,12.75,1.625],"tintindex":0,"texture":"#0"},"down":{"uv":[2.0,12.75,1.75,13.0],"tintindex":0,"texture":"#0"}},"rotation":{"angle":-45.0,"axis":"y","origin":[9.4234085,-0.21618271,3.4982066]}},{"from":[20.684769,4.8912797,5.9032555],"to":[21.747425,6.091052,6.863073],"faces":{"north":{"uv":[12.75,1.875,13.0,2.125],"tintindex":0,"texture":"#0"},"east":{"uv":[12.875,6.375,13.0,6.625],"tintindex":0,"texture":"#0"},"south":{"uv":[2.0,12.75,2.25,13.0],"tintindex":0,"texture":"#0"},"west":{"uv":[6.625,12.875,6.75,13.125],"tintindex":0,"texture":"#0"},"up":{"uv":[13.125,6.75,12.875,6.625],"tintindex":0,"texture":"#0"},"down":{"uv":[7.0,12.875,6.75,13.0],"tintindex":0,"texture":"#0"}},"rotation":{"angle":22.5,"axis":"z","origin":[9.4234085,-0.21618271,3.4982066]}},{"from":[22.777376,-2.689929,5.043293],"to":[24.0,-2.0614777,5.6146135],"faces":{"north":{"uv":[12.875,6.75,13.125,6.875],"tintindex":0,"texture":"#0"},"east":{"uv":[11.625,11.5,11.75,11.625],"tintindex":0,"texture":"#0"},"south":{"uv":[12.875,6.875,13.125,7.0],"tintindex":0,"texture":"#0"},"west":{"uv":[11.875,1.25,12.0,1.375],"tintindex":0,"texture":"#0"},"up":{"uv":[7.25,13.0,7.0,12.875],"tintindex":0,"texture":"#0"},"down":{"uv":[13.125,7.0,12.875,7.125],"tintindex":0,"texture":"#0"}},"rotation":{"angle":45.0,"axis":"z","origin":[9.4234085,-0.21618271,3.4982066]}},{"from":[15.995485,12.146975,5.9032555],"to":[17.915121,13.346746,6.863073],"faces":{"north":{"uv":[12.5,7.125,12.875,7.375],"tintindex":0,"texture":"#0"},"east":{"uv":[12.875,7.125,13.0,7.375],"tintindex":0,"texture":"#0"},"south":{"uv":[7.75,12.5,8.125,12.75],"tintindex":0,"texture":"#0"},"west":{"uv":[7.25,12.875,7.375,13.125],"tintindex":0,"texture":"#0"},"up":{"uv":[5.625,12.875,5.25,12.75],"tintindex":0,"texture":"#0"},"down":{"uv":[6.0,12.75,5.625,12.875],"tintindex":0,"texture":"#0"}},"rotation":{"angle":-22.5,"axis":"z","origin":[9.4234085,-0.21618271,3.4982066]}},{"from":[15.836492,7.1797514,-0.49069405],"to":[17.916096,9.807823,1.7831593],"faces":{"north":{"uv":[12.25,2.75,12.625,3.25],"tintindex":0,"texture":"#0"},"east":{"uv":[12.25,3.25,12.625,3.75],"tintindex":0,"texture":"#0"},"south":{"uv":[12.25,3.75,12.625,4.25],"tintindex":0,"texture":"#0"},"west":{"uv":[4.125,12.25,4.5,12.75],"tintindex":0,"texture":"#0"},"up":{"uv":[3.0,12.75,2.625,12.375],"tintindex":0,"texture":"#0"},"down":{"uv":[3.375,12.375,3.0,12.75],"tintindex":0,"texture":"#0"}},"rotation":{"angle":-45.0,"axis":"y","origin":[9.4234085,-0.21618271,3.4982066]}},{"from":[9.41764,7.1797514,11.632091],"to":[11.497246,9.807823,13.905945],"faces":{"north":{"uv":[5.625,12.25,6.0,12.75],"tintindex":0,"texture":"#0"},"east":{"uv":[12.25,7.5,12.625,8.0],"tintindex":0,"texture":"#0"},"south":{"uv":[9.0,12.25,9.375,12.75],"tintindex":0,"texture":"#0"},"west":{"uv":[9.875,12.25,10.25,12.75],"tintindex":0,"texture":"#0"},"up":{"uv":[3.75,12.75,3.375,12.375],"tintindex":0,"texture":"#0"},"down":{"uv":[4.125,12.375,3.75,12.75],"tintindex":0,"texture":"#0"}},"rotation":{"angle":45.0,"axis":"y","origin":[9.4234085,-0.21618271,3.4982066]}},{"from":[15.098917,7.1797514,6.7572536],"to":[18.321163,10.093483,9.316768],"faces":{"north":{"uv":[11.25,2.875,11.875,3.375],"tintindex":0,"texture":"#0"},"east":{"uv":[10.375,11.75,10.875,12.25],"tintindex":0,"texture":"#0"},"south":{"uv":[11.25,3.375,11.875,3.875],"tintindex":0,"texture":"#0"},"west":{"uv":[11.75,10.375,12.25,10.875],"tintindex":0,"texture":"#0"},"up":{"uv":[11.875,4.375,11.25,3.875],"tintindex":0,"texture":"#0"},"down":{"uv":[11.875,4.375,11.25,4.875],"tintindex":0,"texture":"#0"}}},{"from":[16.610477,7.5272403,5.9032555],"to":[18.404423,9.869652,10.46239],"faces":{"north":{"uv":[4.5,12.375,4.875,12.75],"tintindex":0,"texture":"#0"},"east":{"uv":[11.125,0.0,12.0,0.375],"tintindex":0,"texture":"#0"},"south":{"uv":[4.875,12.375,5.25,12.75],"tintindex":0,"texture":"#0"},"west":{"uv":[11.125,1.375,12.0,1.75],"tintindex":0,"texture":"#0"},"up":{"uv":[5.25,12.0,4.875,11.125],"tintindex":0,"texture":"#0"},"down":{"uv":[5.625,11.125,5.25,12.0],"tintindex":0,"texture":"#0"}}},{"from":[15.481714,6.6084313,8.080222],"to":[17.561321,7.8082037,9.222862],"faces":{"north":{"uv":[8.125,12.5,8.5,12.75],"tintindex":0,"texture":"#0"},"east":{"uv":[12.75,2.125,13.0,2.375],"tintindex":0,"texture":"#0"},"south":{"uv":[8.5,12.5,8.875,12.75],"tintindex":0,"texture":"#0"},"west":{"uv":[2.25,12.75,2.5,13.0],"tintindex":0,"texture":"#0"},"up":{"uv":[12.875,9.125,12.5,8.875],"tintindex":0,"texture":"#0"},"down":{"uv":[9.75,12.5,9.375,12.75],"tintindex":0,"texture":"#0"}},"rotation":{"angle":22.5,"axis":"y","origin":[9.4234085,-0.21618271,3.4982066]}},{"from":[20.650433,2.5548172,4.757633],"to":[22.73004,3.7545896,5.9002733],"faces":{"north":{"uv":[12.5,9.375,12.875,9.625],"tintindex":0,"texture":"#0"},"east":{"uv":[2.5,12.75,2.75,13.0],"tintindex":0,"texture":"#0"},"south":{"uv":[12.5,9.625,12.875,9.875],"tintindex":0,"texture":"#0"},"west":{"uv":[2.75,12.75,3.0,13.0],"tintindex":0,"texture":"#0"},"up":{"uv":[12.875,10.125,12.5,9.875],"tintindex":0,"texture":"#0"},"down":{"uv":[11.25,12.5,10.875,12.75],"tintindex":0,"texture":"#0"}},"rotation":{"angle":22.5,"axis":"z","origin":[9.4234085,-0.21618271,3.4982066]}},{"from":[18.404423,8.66988,5.9032555],"to":[20.609718,9.869652,6.863073],"faces":{"north":{"uv":[11.25,12.5,11.625,12.75],"tintindex":0,"texture":"#0"},"east":{"uv":[7.375,12.875,7.5,13.125],"tintindex":0,"texture":"#0"},"south":{"uv":[11.625,12.5,12.0,12.75],"tintindex":0,"texture":"#0"},"west":{"uv":[12.875,7.375,13.0,7.625],"tintindex":0,"texture":"#0"},"up":{"uv":[13.125,6.25,12.75,6.125],"tintindex":0,"texture":"#0"},"down":{"uv":[13.125,6.25,12.75,6.375],"tintindex":0,"texture":"#0"}}},{"from":[18.404423,8.66988,7.1030273],"to":[20.895378,9.869652,8.062845],"faces":{"north":{"uv":[12.125,8.375,12.625,8.625],"tintindex":0,"texture":"#0"},"east":{"uv":[7.5,12.875,7.625,13.125],"tintindex":0,"texture":"#0"},"south":{"uv":[12.25,6.125,12.75,6.375],"tintindex":0,"texture":"#0"},"west":{"uv":[7.625,12.875,7.75,13.125],"tintindex":0,"texture":"#0"},"up":{"uv":[13.125,8.0,12.625,7.875],"tintindex":0,"texture":"#0"},"down":{"uv":[13.125,8.75,12.625,8.875],"tintindex":0,"texture":"#0"}}},{"from":[18.404423,8.66988,8.302799],"to":[20.609718,9.869652,9.262617],"faces":{"north":{"uv":[12.5,11.875,12.875,12.125],"tintindex":0,"texture":"#0"},"east":{"uv":[12.875,7.625,13.0,7.875],"tintindex":0,"texture":"#0"},"south":{"uv":[12.5,12.125,12.875,12.375],"tintindex":0,"texture":"#0"},"west":{"uv":[7.75,12.875,7.875,13.125],"tintindex":0,"texture":"#0"},"up":{"uv":[8.0,12.875,7.625,12.75],"tintindex":0,"texture":"#0"},"down":{"uv":[8.375,12.75,8.0,12.875],"tintindex":0,"texture":"#0"}}},{"from":[18.404423,8.66988,9.502572],"to":[20.038395,9.869652,10.46239],"faces":{"north":{"uv":[3.0,12.75,3.25,13.0],"tintindex":0,"texture":"#0"},"east":{"uv":[7.875,12.875,8.0,13.125],"tintindex":0,"texture":"#0"},"south":{"uv":[3.25,12.75,3.5,13.0],"tintindex":0,"texture":"#0"},"west":{"uv":[8.0,12.875,8.125,13.125],"tintindex":0,"texture":"#0"},"up":{"uv":[8.375,13.0,8.125,12.875],"tintindex":0,"texture":"#0"},"down":{"uv":[13.125,8.25,12.875,8.375],"tintindex":0,"texture":"#0"}}},{"from":[11.413344,14.2871685,9.788232],"to":[12.761662,14.915621,10.176729],"faces":{"north":{"uv":[8.375,12.875,8.625,13.0],"tintindex":0,"texture":"#0"},"east":{"uv":[4.75,11.875,4.875,12.0],"tintindex":0,"texture":"#0"},"south":{"uv":[12.875,8.375,13.125,8.5],"tintindex":0,"texture":"#0"},"west":{"uv":[11.625,12.0,11.75,12.125],"tintindex":0,"texture":"#0"},"up":{"uv":[13.125,8.625,12.875,8.5],"tintindex":0,"texture":"#0"},"down":{"uv":[8.875,12.875,8.625,13.0],"tintindex":0,"texture":"#0"}},"rotation":{"angle":-45.0,"axis":"z","origin":[9.4234085,-0.21618271,3.4982066]}},{"from":[15.424166,11.861315,9.502572],"to":[17.05814,13.061087,10.46239],"faces":{"north":{"uv":[3.5,12.75,3.75,13.0],"tintindex":0,"texture":"#0"},"east":{"uv":[8.875,12.875,9.0,13.125],"tintindex":0,"texture":"#0"},"south":{"uv":[3.75,12.75,4.0,13.0],"tintindex":0,"texture":"#0"},"west":{"uv":[12.875,8.875,13.0,9.125],"tintindex":0,"texture":"#0"},"up":{"uv":[13.125,8.75,12.875,8.625],"tintindex":0,"texture":"#0"},"down":{"uv":[9.25,12.875,9.0,13.0],"tintindex":0,"texture":"#0"}},"rotation":{"angle":-22.5,"axis":"z","origin":[9.4234085,-0.21618271,3.4982066]}},{"from":[11.699004,14.572828,8.58846],"to":[13.332981,15.201281,8.976957],"faces":{"north":{"uv":[12.875,9.125,13.125,9.25],"tintindex":0,"texture":"#0"},"east":{"uv":[6.0,12.25,6.125,12.375],"tintindex":0,"texture":"#0"},"south":{"uv":[9.25,12.875,9.5,13.0],"tintindex":0,"texture":"#0"},"west":{"uv":[8.25,12.375,8.375,12.5],"tintindex":0,"texture":"#0"},"up":{"uv":[13.125,9.375,12.875,9.25],"tintindex":0,"texture":"#0"},"down":{"uv":[13.125,9.375,12.875,9.5],"tintindex":0,"texture":"#0"}},"rotation":{"angle":-45.0,"axis":"z","origin":[9.4234085,-0.21618271,3.4982066]}},{"from":[15.995485,12.146975,8.302799],"to":[17.629461,13.346746,9.262617],"faces":{"north":{"uv":[4.0,12.75,4.25,13.0],"tintindex":0,"texture":"#0"},"east":{"uv":[9.5,12.875,9.625,13.125],"tintindex":0,"texture":"#0"},"south":{"uv":[4.25,12.75,4.5,13.0],"tintindex":0,"texture":"#0"},"west":{"uv":[12.875,9.5,13.0,9.75],"tintindex":0,"texture":"#0"},"up":{"uv":[9.875,13.0,9.625,12.875],"tintindex":0,"texture":"#0"},"down":{"uv":[13.125,9.75,12.875,9.875],"tintindex":0,"texture":"#0"}},"rotation":{"angle":-22.5,"axis":"z","origin":[9.4234085,-0.21618271,3.4982066]}},{"from":[15.995485,12.146975,7.1030273],"to":[18.486443,13.346746,8.062845],"faces":{"north":{"uv":[12.375,0.375,12.875,0.625],"tintindex":0,"texture":"#0"},"east":{"uv":[9.875,12.875,10.0,13.125],"tintindex":0,"texture":"#0"},"south":{"uv":[6.0,12.375,6.5,12.625],"tintindex":0,"texture":"#0"},"west":{"uv":[12.875,9.875,13.0,10.125],"tintindex":0,"texture":"#0"},"up":{"uv":[13.125,10.75,12.625,10.625],"tintindex":0,"texture":"#0"},"down":{"uv":[13.125,11.75,12.625,11.875],"tintindex":0,"texture":"#0"}},"rotation":{"angle":-22.5,"axis":"z","origin":[9.4234085,-0.21618271,3.4982066]}},{"from":[12.555985,14.858488,7.3886876],"to":[14.1899605,15.48694,7.777185],"faces":{"north":{"uv":[10.25,12.875,10.5,13.0],"tintindex":0,"texture":"#0"},"east":{"uv":[12.5,7.375,12.625,7.5],"tintindex":0,"texture":"#0"},"south":{"uv":[12.875,10.375,13.125,10.5],"tintindex":0,"texture":"#0"},"west":{"uv":[12.0,12.5,12.125,12.625],"tintindex":0,"texture":"#0"},"up":{"uv":[13.125,10.625,12.875,10.5],"tintindex":0,"texture":"#0"},"down":{"uv":[11.125,12.875,10.875,13.0],"tintindex":0,"texture":"#0"}},"rotation":{"angle":-45.0,"axis":"z","origin":[9.4234085,-0.21618271,3.4982066]}},{"from":[11.984666,14.858488,6.1889153],"to":[13.618641,15.48694,6.577413],"faces":{"north":{"uv":[12.875,10.875,13.125,11.0],"tintindex":0,"texture":"#0"},"east":{"uv":[0.25,12.625,0.375,12.75],"tintindex":0,"texture":"#0"},"south":{"uv":[12.875,11.0,13.125,11.125],"tintindex":0,"texture":"#0"},"west":{"uv":[7.625,12.625,7.75,12.75],"tintindex":0,"texture":"#0"},"up":{"uv":[11.375,13.0,11.125,12.875],"tintindex":0,"texture":"#0"},"down":{"uv":[13.125,11.375,12.875,11.5],"tintindex":0,"texture":"#0"}},"rotation":{"angle":-45.0,"axis":"z","origin":[9.4234085,-0.21618271,3.4982066]}}]}