{
	"textures": {
		"0": "animated_java:item/dino_aj/texture"
	},
	"display": {
		"head": {
			"rotation": [0, 180, 0]
		}
	},
	"elements": [
		{
			"from": [5.67464, 6.58061, 7.918],
			"to": [10.32536, 10.62471, 10.34446],
			"rotation": {
				"angle": 0,
				"axis": "y",
				"origin": [1.52943, 6.93679, -6.47663]
			},
			"faces": {
				"north": {
					"uv": [0, 2.25, 0.71875, 2.875],
					"texture": "#0"
				},
				"east": {
					"uv": [1, 4.375, 1.375, 5],
					"texture": "#0"
				},
				"south": {
					"uv": [2.25, 0.75, 2.96875, 1.375],
					"texture": "#0"
				},
				"west": {
					"uv": [1.75, 4.375, 2.125, 5],
					"texture": "#0"
				},
				"up": {
					"uv": [4.71875, 0.375, 4, 0],
					"texture": "#0"
				},
				"down": {
					"uv": [2.46875, 4, 1.75, 4.375],
					"texture": "#0"
				}
			}
		},
		{
			"from": [5.67464, 6.1762, 4.48051],
			"to": [10.32536, 10.82692, 6.09815],
			"rotation": {
				"angle": 0,
				"axis": "y",
				"origin": [1.52943, 6.93679, -6.47663]
			},
			"faces": {
				"north": {
					"uv": [0, 1.5, 0.71875, 2.21875],
					"texture": "#0"
				},
				"east": {
					"uv": [0.375, 4.75, 0.625, 5.46875],
					"texture": "#0"
				},
				"south": {
					"uv": [1.625, 0, 2.34375, 0.71875],
					"texture": "#0"
				},
				"west": {
					"uv": [2.5, 4.875, 2.75, 5.59375],
					"texture": "#0"
				},
				"up": {
					"uv": [5.59375, 4.25, 4.875, 4],
					"texture": "#0"
				},
				"down": {
					"uv": [5.71875, 1.375, 5, 1.625],
					"texture": "#0"
				}
			}
		},
		{
			"from": [6.78758, 6.21826, 7.22047],
			"to": [7.39258, 7.63369, 7.82709],
			"rotation": {
				"angle": -22.5,
				"axis": "x",
				"origin": [14.26836, 6.93679, -6.47663]
			},
			"faces": {
				"north": {
					"uv": [11.59375, 12.25, 11.5, 12.46875],
					"texture": "#0"
				},
				"east": {
					"uv": [12.09375, 12.25, 12, 12.46875],
					"texture": "#0"
				},
				"south": {
					"uv": [11.96875, 12.25, 11.875, 12.46875],
					"texture": "#0"
				},
				"west": {
					"uv": [12.34375, 11.625, 12.25, 11.84375],
					"texture": "#0"
				},
				"up": {
					"uv": [13.75, 6.21875, 13.84375, 6.125],
					"texture": "#0"
				},
				"down": {
					"uv": [6.25, 13.75, 6.34375, 13.84375],
					"texture": "#0"
				}
			}
		},
		{
			"from": [6.78677, 19.86535, -1.80569],
			"to": [7.39338, 20.47196, -0.02629],
			"rotation": {
				"angle": 45,
				"axis": "x",
				"origin": [14.26836, 6.93679, -6.47663]
			},
			"faces": {
				"north": {
					"uv": [13.84375, 5.75, 13.75, 5.84375],
					"texture": "#0"
				},
				"east": {
					"uv": [12.15625, 4.5, 11.875, 4.59375],
					"texture": "#0"
				},
				"south": {
					"uv": [6.09375, 13.75, 6, 13.84375],
					"texture": "#0"
				},
				"west": {
					"uv": [12.15625, 4.375, 11.875, 4.46875],
					"texture": "#0"
				},
				"up": {
					"uv": [3.25, 12.15625, 3.34375, 11.875],
					"texture": "#0"
				},
				"down": {
					"uv": [3.375, 11.875, 3.46875, 12.15625],
					"texture": "#0"
				}
			}
		},
		{
			"from": [6.78596, 5.20723, 7.50356],
			"to": [7.39419, 6.21826, 8.51459],
			"rotation": {
				"angle": -22.5,
				"axis": "x",
				"origin": [14.26836, 6.93679, -6.47663]
			},
			"faces": {
				"north": {
					"uv": [8.34375, 12.875, 8.25, 13.03125],
					"texture": "#0"
				},
				"east": {
					"uv": [12.03125, 7.625, 11.875, 7.78125],
					"texture": "#0"
				},
				"south": {
					"uv": [12.96875, 8.25, 12.875, 8.40625],
					"texture": "#0"
				},
				"west": {
					"uv": [7.65625, 11.875, 7.5, 12.03125],
					"texture": "#0"
				},
				"up": {
					"uv": [8.375, 13.03125, 8.46875, 12.875],
					"texture": "#0"
				},
				"down": {
					"uv": [8.625, 12.875, 8.71875, 13.03125],
					"texture": "#0"
				}
			}
		},
		{
			"from": [6.78677, 15.44152, 3.61617],
			"to": [7.39338, 16.65475, 4.42499],
			"rotation": {
				"angle": 22.5,
				"axis": "x",
				"origin": [14.26836, 6.93679, -6.47663]
			},
			"faces": {
				"north": {
					"uv": [1.09375, 12.625, 1, 12.8125],
					"texture": "#0"
				},
				"east": {
					"uv": [12.25, 0.125, 12.125, 0.3125],
					"texture": "#0"
				},
				"south": {
					"uv": [1.34375, 12.625, 1.25, 12.8125],
					"texture": "#0"
				},
				"west": {
					"uv": [7, 12, 6.875, 12.1875],
					"texture": "#0"
				},
				"up": {
					"uv": [7.875, 13.375, 7.96875, 13.25],
					"texture": "#0"
				},
				"down": {
					"uv": [8.5, 13.25, 8.59375, 13.375],
					"texture": "#0"
				}
			}
		},
		{
			"from": [6.98978, 17.84329, -2.53363],
			"to": [7.59478, 18.24771, -1.72481],
			"rotation": {
				"angle": 45,
				"axis": "x",
				"origin": [14.47057, 6.93679, -6.47663]
			},
			"faces": {
				"north": {
					"uv": [10.59375, 14.125, 10.5, 14.1875],
					"texture": "#0"
				},
				"east": {
					"uv": [10.375, 13.875, 10.25, 13.9375],
					"texture": "#0"
				},
				"south": {
					"uv": [14.21875, 10.5, 14.125, 10.5625],
					"texture": "#0"
				},
				"west": {
					"uv": [14, 10.125, 13.875, 10.1875],
					"texture": "#0"
				},
				"up": {
					"uv": [9.25, 13.375, 9.34375, 13.25],
					"texture": "#0"
				},
				"down": {
					"uv": [13.25, 9.25, 13.34375, 9.375],
					"texture": "#0"
				}
			}
		},
		{
			"from": [6.98897, 15.5224, 1.39192],
			"to": [7.59559, 15.92681, 2.40294],
			"rotation": {
				"angle": 22.5,
				"axis": "x",
				"origin": [14.47057, 6.93679, -6.47663]
			},
			"faces": {
				"north": {
					"uv": [10.46875, 14.125, 10.375, 14.1875],
					"texture": "#0"
				},
				"east": {
					"uv": [13.78125, 5, 13.625, 5.0625],
					"texture": "#0"
				},
				"south": {
					"uv": [14.21875, 10.375, 14.125, 10.4375],
					"texture": "#0"
				},
				"west": {
					"uv": [5.15625, 13.625, 5, 13.6875],
					"texture": "#0"
				},
				"up": {
					"uv": [12.875, 8.15625, 12.96875, 8],
					"texture": "#0"
				},
				"down": {
					"uv": [8.125, 12.875, 8.21875, 13.03125],
					"texture": "#0"
				}
			}
		},
		{
			"from": [6.98897, 6.01605, 5.40063],
			"to": [7.59559, 6.82487, 6.00724],
			"rotation": {
				"angle": -22.5,
				"axis": "x",
				"origin": [14.47057, 6.93679, -6.47663]
			},
			"faces": {
				"north": {
					"uv": [9.09375, 13.25, 9, 13.375],
					"texture": "#0"
				},
				"east": {
					"uv": [13.34375, 9.125, 13.25, 9.25],
					"texture": "#0"
				},
				"south": {
					"uv": [9.21875, 13.25, 9.125, 13.375],
					"texture": "#0"
				},
				"west": {
					"uv": [13.34375, 9, 13.25, 9.125],
					"texture": "#0"
				},
				"up": {
					"uv": [13.75, 5.71875, 13.84375, 5.625],
					"texture": "#0"
				},
				"down": {
					"uv": [5.75, 13.75, 5.84375, 13.84375],
					"texture": "#0"
				}
			}
		},
		{
			"from": [6.98816, 18.0455, -1.72481],
			"to": [7.5964, 18.65212, -0.55202],
			"rotation": {
				"angle": 45,
				"axis": "x",
				"origin": [14.47057, 6.93679, -6.47663]
			},
			"faces": {
				"north": {
					"uv": [13.84375, 6, 13.75, 6.09375],
					"texture": "#0"
				},
				"east": {
					"uv": [12.8125, 1.125, 12.625, 1.21875],
					"texture": "#0"
				},
				"south": {
					"uv": [6.21875, 13.75, 6.125, 13.84375],
					"texture": "#0"
				},
				"west": {
					"uv": [12.8125, 0.625, 12.625, 0.71875],
					"texture": "#0"
				},
				"up": {
					"uv": [1.375, 12.8125, 1.46875, 12.625],
					"texture": "#0"
				},
				"down": {
					"uv": [1.5, 12.625, 1.59375, 12.8125],
					"texture": "#0"
				}
			}
		},
		{
			"from": [8.60742, 6.21826, 7.22047],
			"to": [9.21242, 7.63369, 7.82709],
			"rotation": {
				"angle": -22.5,
				"axis": "x",
				"origin": [1.73164, 6.93679, -6.47663]
			},
			"faces": {
				"north": {
					"uv": [11.5, 12.25, 11.59375, 12.46875],
					"texture": "#0"
				},
				"east": {
					"uv": [12.25, 11.625, 12.34375, 11.84375],
					"texture": "#0"
				},
				"south": {
					"uv": [11.875, 12.25, 11.96875, 12.46875],
					"texture": "#0"
				},
				"west": {
					"uv": [12, 12.25, 12.09375, 12.46875],
					"texture": "#0"
				},
				"up": {
					"uv": [13.84375, 6.21875, 13.75, 6.125],
					"texture": "#0"
				},
				"down": {
					"uv": [6.34375, 13.75, 6.25, 13.84375],
					"texture": "#0"
				}
			}
		},
		{
			"from": [8.60581, 5.20723, 7.50356],
			"to": [9.21404, 6.21826, 8.51459],
			"rotation": {
				"angle": -22.5,
				"axis": "x",
				"origin": [1.73164, 6.93679, -6.47663]
			},
			"faces": {
				"north": {
					"uv": [8.25, 12.875, 8.34375, 13.03125],
					"texture": "#0"
				},
				"east": {
					"uv": [7.5, 11.875, 7.65625, 12.03125],
					"texture": "#0"
				},
				"south": {
					"uv": [12.875, 8.25, 12.96875, 8.40625],
					"texture": "#0"
				},
				"west": {
					"uv": [11.875, 7.625, 12.03125, 7.78125],
					"texture": "#0"
				},
				"up": {
					"uv": [8.46875, 13.03125, 8.375, 12.875],
					"texture": "#0"
				},
				"down": {
					"uv": [8.71875, 12.875, 8.625, 13.03125],
					"texture": "#0"
				}
			}
		},
		{
			"from": [8.4036, 18.0455, -1.72481],
			"to": [9.01184, 18.65212, -0.55202],
			"rotation": {
				"angle": 45,
				"axis": "x",
				"origin": [1.52943, 6.93679, -6.47663]
			},
			"faces": {
				"north": {
					"uv": [13.75, 6, 13.84375, 6.09375],
					"texture": "#0"
				},
				"east": {
					"uv": [12.625, 0.625, 12.8125, 0.71875],
					"texture": "#0"
				},
				"south": {
					"uv": [6.125, 13.75, 6.21875, 13.84375],
					"texture": "#0"
				},
				"west": {
					"uv": [12.625, 1.125, 12.8125, 1.21875],
					"texture": "#0"
				},
				"up": {
					"uv": [1.46875, 12.8125, 1.375, 12.625],
					"texture": "#0"
				},
				"down": {
					"uv": [1.59375, 12.625, 1.5, 12.8125],
					"texture": "#0"
				}
			}
		},
		{
			"from": [8.40522, 17.84329, -2.53363],
			"to": [9.01022, 18.24771, -1.72481],
			"rotation": {
				"angle": 45,
				"axis": "x",
				"origin": [1.52943, 6.93679, -6.47663]
			},
			"faces": {
				"north": {
					"uv": [10.5, 14.125, 10.59375, 14.1875],
					"texture": "#0"
				},
				"east": {
					"uv": [13.875, 10.125, 14, 10.1875],
					"texture": "#0"
				},
				"south": {
					"uv": [14.125, 10.5, 14.21875, 10.5625],
					"texture": "#0"
				},
				"west": {
					"uv": [10.25, 13.875, 10.375, 13.9375],
					"texture": "#0"
				},
				"up": {
					"uv": [9.34375, 13.375, 9.25, 13.25],
					"texture": "#0"
				},
				"down": {
					"uv": [13.34375, 9.25, 13.25, 9.375],
					"texture": "#0"
				}
			}
		},
		{
			"from": [8.60662, 19.86535, -1.80569],
			"to": [9.21323, 20.47196, -0.02629],
			"rotation": {
				"angle": 45,
				"axis": "x",
				"origin": [1.73164, 6.93679, -6.47663]
			},
			"faces": {
				"north": {
					"uv": [13.75, 5.75, 13.84375, 5.84375],
					"texture": "#0"
				},
				"east": {
					"uv": [11.875, 4.375, 12.15625, 4.46875],
					"texture": "#0"
				},
				"south": {
					"uv": [6, 13.75, 6.09375, 13.84375],
					"texture": "#0"
				},
				"west": {
					"uv": [11.875, 4.5, 12.15625, 4.59375],
					"texture": "#0"
				},
				"up": {
					"uv": [3.34375, 12.15625, 3.25, 11.875],
					"texture": "#0"
				},
				"down": {
					"uv": [3.46875, 11.875, 3.375, 12.15625],
					"texture": "#0"
				}
			}
		},
		{
			"from": [8.40441, 6.01605, 5.40063],
			"to": [9.01103, 6.82487, 6.00724],
			"rotation": {
				"angle": -22.5,
				"axis": "x",
				"origin": [1.52943, 6.93679, -6.47663]
			},
			"faces": {
				"north": {
					"uv": [9, 13.25, 9.09375, 13.375],
					"texture": "#0"
				},
				"east": {
					"uv": [13.25, 9, 13.34375, 9.125],
					"texture": "#0"
				},
				"south": {
					"uv": [9.125, 13.25, 9.21875, 13.375],
					"texture": "#0"
				},
				"west": {
					"uv": [13.25, 9.125, 13.34375, 9.25],
					"texture": "#0"
				},
				"up": {
					"uv": [13.84375, 5.71875, 13.75, 5.625],
					"texture": "#0"
				},
				"down": {
					"uv": [5.84375, 13.75, 5.75, 13.84375],
					"texture": "#0"
				}
			}
		},
		{
			"from": [8.40441, 15.5224, 1.39192],
			"to": [9.01103, 15.92681, 2.40294],
			"rotation": {
				"angle": 22.5,
				"axis": "x",
				"origin": [1.52943, 6.93679, -6.47663]
			},
			"faces": {
				"north": {
					"uv": [10.375, 14.125, 10.46875, 14.1875],
					"texture": "#0"
				},
				"east": {
					"uv": [5, 13.625, 5.15625, 13.6875],
					"texture": "#0"
				},
				"south": {
					"uv": [14.125, 10.375, 14.21875, 10.4375],
					"texture": "#0"
				},
				"west": {
					"uv": [13.625, 5, 13.78125, 5.0625],
					"texture": "#0"
				},
				"up": {
					"uv": [12.96875, 8.15625, 12.875, 8],
					"texture": "#0"
				},
				"down": {
					"uv": [8.21875, 12.875, 8.125, 13.03125],
					"texture": "#0"
				}
			}
		},
		{
			"from": [8.60662, 15.44152, 3.61617],
			"to": [9.21323, 16.65475, 4.42499],
			"rotation": {
				"angle": 22.5,
				"axis": "x",
				"origin": [1.73164, 6.93679, -6.47663]
			},
			"faces": {
				"north": {
					"uv": [1, 12.625, 1.09375, 12.8125],
					"texture": "#0"
				},
				"east": {
					"uv": [6.875, 12, 7, 12.1875],
					"texture": "#0"
				},
				"south": {
					"uv": [1.25, 12.625, 1.34375, 12.8125],
					"texture": "#0"
				},
				"west": {
					"uv": [12.125, 0.125, 12.25, 0.3125],
					"texture": "#0"
				},
				"up": {
					"uv": [7.96875, 13.375, 7.875, 13.25],
					"texture": "#0"
				},
				"down": {
					"uv": [8.59375, 13.25, 8.5, 13.375],
					"texture": "#0"
				}
			}
		},
		{
			"from": [4.46222, 10.56405, 7.45293],
			"to": [6.48265, 11.57508, 8.0191],
			"rotation": {
				"angle": 0,
				"axis": "y",
				"origin": [14.47057, 6.93679, -6.47663]
			},
			"faces": {
				"north": {
					"uv": [10.0625, 5.75, 9.75, 5.90625],
					"texture": "#0"
				},
				"east": {
					"uv": [8.09375, 12.875, 8, 13.03125],
					"texture": "#0"
				},
				"south": {
					"uv": [10.0625, 9.625, 9.75, 9.78125],
					"texture": "#0"
				},
				"west": {
					"uv": [12.96875, 7.75, 12.875, 7.90625],
					"texture": "#0"
				},
				"up": {
					"uv": [11.625, 5.96875, 11.9375, 5.875],
					"texture": "#0"
				},
				"down": {
					"uv": [11.625, 6.25, 11.9375, 6.34375],
					"texture": "#0"
				}
			}
		},
		{
			"from": [4.76552, 13.50035, 1.59412],
			"to": [6.17934, 15.32019, 2.20074],
			"rotation": {
				"angle": 22.5,
				"axis": "x",
				"origin": [14.47057, 6.93679, -6.47663]
			},
			"faces": {
				"north": {
					"uv": [9.09375, 4, 8.875, 4.28125],
					"texture": "#0"
				},
				"east": {
					"uv": [2.84375, 11.875, 2.75, 12.15625],
					"texture": "#0"
				},
				"south": {
					"uv": [5.09375, 8.875, 4.875, 9.15625],
					"texture": "#0"
				},
				"west": {
					"uv": [2.71875, 11.875, 2.625, 12.15625],
					"texture": "#0"
				},
				"up": {
					"uv": [12.25, 9.21875, 12.46875, 9.125],
					"texture": "#0"
				},
				"down": {
					"uv": [12.25, 9.25, 12.46875, 9.34375],
					"texture": "#0"
				}
			}
		},
		{
			"from": [4.86663, 18.65212, -5.36451],
			"to": [6.07824, 19.05653, -3.34245],
			"rotation": {
				"angle": 45,
				"axis": "x",
				"origin": [14.47057, 6.93679, -6.47663]
			},
			"faces": {
				"north": {
					"uv": [13.4375, 8.75, 13.25, 8.8125],
					"texture": "#0"
				},
				"east": {
					"uv": [12.6875, 11.25, 12.375, 11.3125],
					"texture": "#0"
				},
				"south": {
					"uv": [13.4375, 8.875, 13.25, 8.9375],
					"texture": "#0"
				},
				"west": {
					"uv": [12.6875, 11.125, 12.375, 11.1875],
					"texture": "#0"
				},
				"up": {
					"uv": [8.75, 9.4375, 8.9375, 9.125],
					"texture": "#0"
				},
				"down": {
					"uv": [9.125, 8.875, 9.3125, 9.1875],
					"texture": "#0"
				}
			}
		},
		{
			"from": [4.86501, 19.05653, -7.58876],
			"to": [6.07986, 20.06755, -3.34245],
			"rotation": {
				"angle": 45,
				"axis": "x",
				"origin": [14.47057, 6.93679, -6.47663]
			},
			"faces": {
				"north": {
					"uv": [7.1875, 11.625, 7, 11.78125],
					"texture": "#0"
				},
				"east": {
					"uv": [3.53125, 7, 2.875, 7.15625],
					"texture": "#0"
				},
				"south": {
					"uv": [11.8125, 7.125, 11.625, 7.28125],
					"texture": "#0"
				},
				"west": {
					"uv": [7.03125, 6.875, 6.375, 7.03125],
					"texture": "#0"
				},
				"up": {
					"uv": [3, 6.90625, 3.1875, 6.25],
					"texture": "#0"
				},
				"down": {
					"uv": [4.125, 6.25, 4.3125, 6.90625],
					"texture": "#0"
				}
			}
		},
		{
			"from": [4.86582, 9.25134, 4.1874],
			"to": [6.07905, 12.68882, 5.19842],
			"rotation": {
				"angle": -22.5,
				"axis": "x",
				"origin": [14.47057, 6.93679, -6.47663]
			},
			"faces": {
				"north": {
					"uv": [7.3125, 0.25, 7.125, 0.78125],
					"texture": "#0"
				},
				"east": {
					"uv": [2.28125, 7.75, 2.125, 8.28125],
					"texture": "#0"
				},
				"south": {
					"uv": [0.8125, 7.125, 0.625, 7.65625],
					"texture": "#0"
				},
				"west": {
					"uv": [2.03125, 7.75, 1.875, 8.28125],
					"texture": "#0"
				},
				"up": {
					"uv": [6.375, 11.78125, 6.5625, 11.625],
					"texture": "#0"
				},
				"down": {
					"uv": [6.625, 11.625, 6.8125, 11.78125],
					"texture": "#0"
				}
			}
		},
		{
			"from": [4.76391, 17.64109, -4.55568],
			"to": [6.18096, 18.12638, -2.73584],
			"rotation": {
				"angle": 45,
				"axis": "x",
				"origin": [14.47057, 6.93679, -6.47663]
			},
			"faces": {
				"north": {
					"uv": [13.34375, 0.875, 13.125, 0.9375],
					"texture": "#0"
				},
				"east": {
					"uv": [0.90625, 12.625, 0.625, 12.6875],
					"texture": "#0"
				},
				"south": {
					"uv": [13.34375, 1, 13.125, 1.0625],
					"texture": "#0"
				},
				"west": {
					"uv": [12.90625, 0.5, 12.625, 0.5625],
					"texture": "#0"
				},
				"up": {
					"uv": [8.25, 9.15625, 8.46875, 8.875],
					"texture": "#0"
				},
				"down": {
					"uv": [8.5, 8.875, 8.71875, 9.15625],
					"texture": "#0"
				}
			}
		},
		{
			"from": [4.76472, 8.44251, 4.59181],
			"to": [6.18015, 9.45354, 6.20945],
			"rotation": {
				"angle": -22.5,
				"axis": "x",
				"origin": [14.47057, 6.93679, -6.47663]
			},
			"faces": {
				"north": {
					"uv": [7.96875, 11.25, 7.75, 11.40625],
					"texture": "#0"
				},
				"east": {
					"uv": [11.125, 4, 10.875, 4.15625],
					"texture": "#0"
				},
				"south": {
					"uv": [8.21875, 11.25, 8, 11.40625],
					"texture": "#0"
				},
				"west": {
					"uv": [11.125, 3.75, 10.875, 3.90625],
					"texture": "#0"
				},
				"up": {
					"uv": [5.625, 9.625, 5.84375, 9.375],
					"texture": "#0"
				},
				"down": {
					"uv": [5.875, 9.375, 6.09375, 9.625],
					"texture": "#0"
				}
			}
		},
		{
			"from": [4.76472, 6.62267, 4.79401],
			"to": [6.18015, 8.44251, 6.81606],
			"rotation": {
				"angle": -22.5,
				"axis": "x",
				"origin": [14.47057, 6.93679, -6.47663]
			},
			"faces": {
				"north": {
					"uv": [9.09375, 6.375, 8.875, 6.65625],
					"texture": "#0"
				},
				"east": {
					"uv": [7.8125, 5.375, 7.5, 5.65625],
					"texture": "#0"
				},
				"south": {
					"uv": [7.46875, 8.875, 7.25, 9.15625],
					"texture": "#0"
				},
				"west": {
					"uv": [7.8125, 3.75, 7.5, 4.03125],
					"texture": "#0"
				},
				"up": {
					"uv": [4.125, 8.6875, 4.34375, 8.375],
					"texture": "#0"
				},
				"down": {
					"uv": [5.25, 8.375, 5.46875, 8.6875],
					"texture": "#0"
				}
			}
		},
		{
			"from": [4.76391, 16.85695, 0.5831],
			"to": [6.18096, 18.27239, 2.40294],
			"rotation": {
				"angle": 22.5,
				"axis": "x",
				"origin": [14.47057, 6.93679, -6.47663]
			},
			"faces": {
				"north": {
					"uv": [9.71875, 9.875, 9.5, 10.09375],
					"texture": "#0"
				},
				"east": {
					"uv": [9.15625, 7.625, 8.875, 7.84375],
					"texture": "#0"
				},
				"south": {
					"uv": [9.96875, 9.875, 9.75, 10.09375],
					"texture": "#0"
				},
				"west": {
					"uv": [9.15625, 4.625, 8.875, 4.84375],
					"texture": "#0"
				},
				"up": {
					"uv": [7.75, 9.15625, 7.96875, 8.875],
					"texture": "#0"
				},
				"down": {
					"uv": [8, 8.875, 8.21875, 9.15625],
					"texture": "#0"
				}
			}
		},
		{
			"from": [4.66361, 7.63369, 7.01827],
			"to": [6.28126, 9.04913, 7.62488],
			"rotation": {
				"angle": -22.5,
				"axis": "x",
				"origin": [14.47057, 6.93679, -6.47663]
			},
			"faces": {
				"north": {
					"uv": [4.75, 9.375, 4.5, 9.59375],
					"texture": "#0"
				},
				"east": {
					"uv": [11.46875, 12.25, 11.375, 12.46875],
					"texture": "#0"
				},
				"south": {
					"uv": [5.375, 9.375, 5.125, 9.59375],
					"texture": "#0"
				},
				"west": {
					"uv": [12.34375, 11.125, 12.25, 11.34375],
					"texture": "#0"
				},
				"up": {
					"uv": [0, 12.21875, 0.25, 12.125],
					"texture": "#0"
				},
				"down": {
					"uv": [12.125, 0, 12.375, 0.09375],
					"texture": "#0"
				}
			}
		},
		{
			"from": [4.66369, 6.86531, 7.42268],
			"to": [6.28117, 7.87634, 8.2315],
			"rotation": {
				"angle": -22.5,
				"axis": "x",
				"origin": [14.47057, 6.93679, -6.47663]
			},
			"faces": {
				"north": {
					"uv": [11.125, 3.25, 10.875, 3.40625],
					"texture": "#0"
				},
				"east": {
					"uv": [11.25, 12.375, 11.125, 12.53125],
					"texture": "#0"
				},
				"south": {
					"uv": [11.125, 3.5, 10.875, 3.65625],
					"texture": "#0"
				},
				"west": {
					"uv": [12.5, 10.75, 12.375, 10.90625],
					"texture": "#0"
				},
				"up": {
					"uv": [11.5, 5.75, 11.75, 5.625],
					"texture": "#0"
				},
				"down": {
					"uv": [11.5, 5.75, 11.75, 5.875],
					"texture": "#0"
				}
			}
		},
		{
			"from": [4.6628, 20.26976, -3.14025],
			"to": [6.28206, 20.87637, -1.72481],
			"rotation": {
				"angle": 45,
				"axis": "x",
				"origin": [14.47057, 6.93679, -6.47663]
			},
			"faces": {
				"north": {
					"uv": [12.25, 11.75, 12, 11.84375],
					"texture": "#0"
				},
				"east": {
					"uv": [12.46875, 11, 12.25, 11.09375],
					"texture": "#0"
				},
				"south": {
					"uv": [12.25, 12, 12, 12.09375],
					"texture": "#0"
				},
				"west": {
					"uv": [10.96875, 12.25, 10.75, 12.34375],
					"texture": "#0"
				},
				"up": {
					"uv": [3, 9.59375, 3.25, 9.375],
					"texture": "#0"
				},
				"down": {
					"uv": [3.25, 9.375, 3.5, 9.59375],
					"texture": "#0"
				}
			}
		},
		{
			"from": [4.66361, 5.49032, 5.38041],
			"to": [6.28126, 7.10796, 6.79584],
			"rotation": {
				"angle": -22.5,
				"axis": "x",
				"origin": [14.47057, 6.93679, -6.47663]
			},
			"faces": {
				"north": {
					"uv": [8.625, 8.625, 8.375, 8.875],
					"texture": "#0"
				},
				"east": {
					"uv": [3.71875, 9.375, 3.5, 9.625],
					"texture": "#0"
				},
				"south": {
					"uv": [8.875, 8.625, 8.625, 8.875],
					"texture": "#0"
				},
				"west": {
					"uv": [9.59375, 3.375, 9.375, 3.625],
					"texture": "#0"
				},
				"up": {
					"uv": [3.75, 9.59375, 4, 9.375],
					"texture": "#0"
				},
				"down": {
					"uv": [9.375, 3.875, 9.625, 4.09375],
					"texture": "#0"
				}
			}
		},
		{
			"from": [4.6628, 15.44152, 2.40294],
			"to": [6.28206, 17.26136, 4.02058],
			"rotation": {
				"angle": 22.5,
				"axis": "x",
				"origin": [14.47057, 6.93679, -6.47663]
			},
			"faces": {
				"north": {
					"uv": [3.625, 8.25, 3.375, 8.53125],
					"texture": "#0"
				},
				"east": {
					"uv": [8.5, 4.5, 8.25, 4.78125],
					"texture": "#0"
				},
				"south": {
					"uv": [4.125, 8.25, 3.875, 8.53125],
					"texture": "#0"
				},
				"west": {
					"uv": [3.875, 8.25, 3.625, 8.53125],
					"texture": "#0"
				},
				"up": {
					"uv": [2.25, 9, 2.5, 8.75],
					"texture": "#0"
				},
				"down": {
					"uv": [8.75, 2.875, 9, 3.125],
					"texture": "#0"
				}
			}
		},
		{
			"from": [4.6628, 13.82388, 1.79633],
			"to": [6.28206, 15.44152, 2.80735],
			"rotation": {
				"angle": 22.5,
				"axis": "x",
				"origin": [14.47057, 6.93679, -6.47663]
			},
			"faces": {
				"north": {
					"uv": [0.25, 8.75, 0, 9],
					"texture": "#0"
				},
				"east": {
					"uv": [2.78125, 10.875, 2.625, 11.125],
					"texture": "#0"
				},
				"south": {
					"uv": [9, 1.375, 8.75, 1.625],
					"texture": "#0"
				},
				"west": {
					"uv": [11.03125, 2.375, 10.875, 2.625],
					"texture": "#0"
				},
				"up": {
					"uv": [10.875, 2.78125, 11.125, 2.625],
					"texture": "#0"
				},
				"down": {
					"uv": [2.875, 10.875, 3.125, 11.03125],
					"texture": "#0"
				}
			}
		},
		{
			"from": [4.66361, 16.02345, -1.80569],
			"to": [6.28126, 17.43888, -0.18805],
			"rotation": {
				"angle": 45,
				"axis": "x",
				"origin": [14.47057, 6.93679, -6.47663]
			},
			"faces": {
				"north": {
					"uv": [4.25, 9.375, 4, 9.59375],
					"texture": "#0"
				},
				"east": {
					"uv": [9.625, 4.375, 9.375, 4.59375],
					"texture": "#0"
				},
				"south": {
					"uv": [4.5, 9.375, 4.25, 9.59375],
					"texture": "#0"
				},
				"west": {
					"uv": [9.625, 4.125, 9.375, 4.34375],
					"texture": "#0"
				},
				"up": {
					"uv": [1.75, 9, 2, 8.75],
					"texture": "#0"
				},
				"down": {
					"uv": [2, 8.75, 2.25, 9],
					"texture": "#0"
				}
			}
		},
		{
			"from": [4.56251, 4.58039, 5.80504],
			"to": [6.38236, 5.79363, 7.01827],
			"rotation": {
				"angle": -22.5,
				"axis": "x",
				"origin": [14.47057, 6.93679, -6.47663]
			},
			"faces": {
				"north": {
					"uv": [6.65625, 9.625, 6.375, 9.8125],
					"texture": "#0"
				},
				"east": {
					"uv": [2.6875, 11.125, 2.5, 11.3125],
					"texture": "#0"
				},
				"south": {
					"uv": [9.90625, 6.5, 9.625, 6.6875],
					"texture": "#0"
				},
				"west": {
					"uv": [11.3125, 2.25, 11.125, 2.4375],
					"texture": "#0"
				},
				"up": {
					"uv": [6.75, 9.8125, 7.03125, 9.625],
					"texture": "#0"
				},
				"down": {
					"uv": [7.125, 9.625, 7.40625, 9.8125],
					"texture": "#0"
				}
			}
		},
		{
			"from": [4.5617, 17.03447, -0.71378],
			"to": [6.38317, 17.84329, 0.29724],
			"rotation": {
				"angle": 45,
				"axis": "x",
				"origin": [14.47057, 6.93679, -6.47663]
			},
			"faces": {
				"north": {
					"uv": [11.40625, 2.5, 11.125, 2.625],
					"texture": "#0"
				},
				"east": {
					"uv": [12.53125, 10.5, 12.375, 10.625],
					"texture": "#0"
				},
				"south": {
					"uv": [11.40625, 2.625, 11.125, 2.75],
					"texture": "#0"
				},
				"west": {
					"uv": [10.65625, 12.375, 10.5, 12.5],
					"texture": "#0"
				},
				"up": {
					"uv": [10.25, 6.53125, 10.53125, 6.375],
					"texture": "#0"
				},
				"down": {
					"uv": [10.25, 9.125, 10.53125, 9.28125],
					"texture": "#0"
				}
			}
		},
		{
			"from": [4.5617, 17.84329, -0.30937],
			"to": [6.38317, 19.86535, 1.30827],
			"rotation": {
				"angle": 45,
				"axis": "x",
				"origin": [14.47057, 6.93679, -6.47663]
			},
			"faces": {
				"north": {
					"uv": [7.53125, 7.375, 7.25, 7.6875],
					"texture": "#0"
				},
				"east": {
					"uv": [6.875, 7.875, 6.625, 8.1875],
					"texture": "#0"
				},
				"south": {
					"uv": [7.78125, 1.5, 7.5, 1.8125],
					"texture": "#0"
				},
				"west": {
					"uv": [6.625, 7.875, 6.375, 8.1875],
					"texture": "#0"
				},
				"up": {
					"uv": [3, 8.5, 3.28125, 8.25],
					"texture": "#0"
				},
				"down": {
					"uv": [8.25, 3.125, 8.53125, 3.375],
					"texture": "#0"
				}
			}
		},
		{
			"from": [4.56251, 4.1962, 7.82709],
			"to": [6.38236, 7.02708, 8.43371],
			"rotation": {
				"angle": -22.5,
				"axis": "x",
				"origin": [14.47057, 6.93679, -6.47663]
			},
			"faces": {
				"north": {
					"uv": [5.90625, 6.125, 5.625, 6.5625],
					"texture": "#0"
				},
				"east": {
					"uv": [7.21875, 10.625, 7.125, 11.0625],
					"texture": "#0"
				},
				"south": {
					"uv": [0.53125, 6.25, 0.25, 6.6875],
					"texture": "#0"
				},
				"west": {
					"uv": [2.59375, 10.625, 2.5, 11.0625],
					"texture": "#0"
				},
				"up": {
					"uv": [11.875, 3.21875, 12.15625, 3.125],
					"texture": "#0"
				},
				"down": {
					"uv": [11.875, 3.25, 12.15625, 3.34375],
					"texture": "#0"
				}
			}
		},
		{
			"from": [4.56332, 11.23133, 6.70477],
			"to": [6.38155, 12.485, 7.31139],
			"rotation": {
				"angle": 0,
				"axis": "y",
				"origin": [14.47057, 6.93679, -6.47663]
			},
			"faces": {
				"north": {
					"uv": [9.90625, 7.125, 9.625, 7.3125],
					"texture": "#0"
				},
				"east": {
					"uv": [0.34375, 12.625, 0.25, 12.8125],
					"texture": "#0"
				},
				"south": {
					"uv": [9.90625, 7.375, 9.625, 7.5625],
					"texture": "#0"
				},
				"west": {
					"uv": [0.21875, 12.625, 0.125, 12.8125],
					"texture": "#0"
				},
				"up": {
					"uv": [11.875, 3.84375, 12.15625, 3.75],
					"texture": "#0"
				},
				"down": {
					"uv": [11.875, 3.875, 12.15625, 3.96875],
					"texture": "#0"
				}
			}
		},
		{
			"from": [4.46141, 20.06755, 0.09504],
			"to": [6.48346, 20.47196, 1.71268],
			"rotation": {
				"angle": 45,
				"axis": "x",
				"origin": [14.47057, 6.93679, -6.47663]
			},
			"faces": {
				"north": {
					"uv": [12.6875, 10.625, 12.375, 10.6875],
					"texture": "#0"
				},
				"east": {
					"uv": [13, 6.5, 12.75, 6.5625],
					"texture": "#0"
				},
				"south": {
					"uv": [11.0625, 12.375, 10.75, 12.4375],
					"texture": "#0"
				},
				"west": {
					"uv": [6.75, 12.75, 6.5, 12.8125],
					"texture": "#0"
				},
				"up": {
					"uv": [7.875, 4.75, 8.1875, 4.5],
					"texture": "#0"
				},
				"down": {
					"uv": [7.875, 6.625, 8.1875, 6.875],
					"texture": "#0"
				}
			}
		},
		{
			"from": [4.46222, 9.91699, 7.51359],
			"to": [6.48265, 10.72582, 8.92984],
			"rotation": {
				"angle": 0,
				"axis": "y",
				"origin": [14.47057, 6.93679, -6.47663]
			},
			"faces": {
				"north": {
					"uv": [11.1875, 1.125, 10.875, 1.25],
					"texture": "#0"
				},
				"east": {
					"uv": [11.96875, 3.375, 11.75, 3.5],
					"texture": "#0"
				},
				"south": {
					"uv": [1.8125, 10.875, 1.5, 11],
					"texture": "#0"
				},
				"west": {
					"uv": [2.84375, 11.75, 2.625, 11.875],
					"texture": "#0"
				},
				"up": {
					"uv": [8.375, 1.59375, 8.6875, 1.375],
					"texture": "#0"
				},
				"down": {
					"uv": [8.375, 2.875, 8.6875, 3.09375],
					"texture": "#0"
				}
			}
		},
		{
			"from": [4.46141, 18.44991, 0.70165],
			"to": [6.48346, 20.06755, 1.71268],
			"rotation": {
				"angle": 45,
				"axis": "x",
				"origin": [14.47057, 6.93679, -6.47663]
			},
			"faces": {
				"north": {
					"uv": [7.1875, 7.875, 6.875, 8.125],
					"texture": "#0"
				},
				"east": {
					"uv": [2.28125, 10.875, 2.125, 11.125],
					"texture": "#0"
				},
				"south": {
					"uv": [8.1875, 6.875, 7.875, 7.125],
					"texture": "#0"
				},
				"west": {
					"uv": [2.03125, 10.875, 1.875, 11.125],
					"texture": "#0"
				},
				"up": {
					"uv": [0.75, 10.03125, 1.0625, 9.875],
					"texture": "#0"
				},
				"down": {
					"uv": [1.125, 9.875, 1.4375, 10.03125],
					"texture": "#0"
				}
			}
		},
		{
			"from": [4.03425, 5.26924, 7.51359],
			"to": [5.6519, 6.28027, 8.92903],
			"rotation": {
				"angle": -22.5,
				"axis": "z",
				"origin": [14.47057, 6.93679, -6.47663]
			},
			"faces": {
				"north": {
					"uv": [1.25, 10.875, 1, 11.03125],
					"texture": "#0"
				},
				"east": {
					"uv": [7.21875, 11.25, 7, 11.40625],
					"texture": "#0"
				},
				"south": {
					"uv": [1.5, 10.875, 1.25, 11.03125],
					"texture": "#0"
				},
				"west": {
					"uv": [11.46875, 6.875, 11.25, 7.03125],
					"texture": "#0"
				},
				"up": {
					"uv": [2.5, 9.59375, 2.75, 9.375],
					"texture": "#0"
				},
				"down": {
					"uv": [2.75, 9.375, 3, 9.59375],
					"texture": "#0"
				}
			}
		},
		{
			"from": [5.44839, 1.19798, 7.51359],
			"to": [8.07706, 2.209, 8.92903],
			"rotation": {
				"angle": -45,
				"axis": "z",
				"origin": [14.47057, 6.93679, -6.47663]
			},
			"faces": {
				"north": {
					"uv": [9.03125, 6.875, 8.625, 7.03125],
					"texture": "#0"
				},
				"east": {
					"uv": [6.59375, 11.25, 6.375, 11.40625],
					"texture": "#0"
				},
				"south": {
					"uv": [9.03125, 7.875, 8.625, 8.03125],
					"texture": "#0"
				},
				"west": {
					"uv": [6.34375, 11.25, 6.125, 11.40625],
					"texture": "#0"
				},
				"up": {
					"uv": [7.375, 0.46875, 7.78125, 0.25],
					"texture": "#0"
				},
				"down": {
					"uv": [7.375, 0.5, 7.78125, 0.71875],
					"texture": "#0"
				}
			}
		},
		{
			"from": [5.52927, 1.3193, 4.27831],
			"to": [8.15794, 2.73474, 7.51359],
			"rotation": {
				"angle": -45,
				"axis": "z",
				"origin": [14.47057, 6.93679, -6.47663]
			},
			"faces": {
				"north": {
					"uv": [7.78125, 0.75, 7.375, 0.96875],
					"texture": "#0"
				},
				"east": {
					"uv": [2.5, 6.5, 2, 6.71875],
					"texture": "#0"
				},
				"south": {
					"uv": [7.78125, 1.875, 7.375, 2.09375],
					"texture": "#0"
				},
				"west": {
					"uv": [2, 6.5, 1.5, 6.71875],
					"texture": "#0"
				},
				"up": {
					"uv": [4.625, 0.875, 5.03125, 0.375],
					"texture": "#0"
				},
				"down": {
					"uv": [4.625, 2.25, 5.03125, 2.75],
					"texture": "#0"
				}
			}
		},
		{
			"from": [9.92176, 18.65212, -5.36451],
			"to": [11.13337, 19.05653, -3.34245],
			"rotation": {
				"angle": 45,
				"axis": "x",
				"origin": [1.52943, 6.93679, -6.47663]
			},
			"faces": {
				"north": {
					"uv": [13.25, 8.75, 13.4375, 8.8125],
					"texture": "#0"
				},
				"east": {
					"uv": [12.375, 11.125, 12.6875, 11.1875],
					"texture": "#0"
				},
				"south": {
					"uv": [13.25, 8.875, 13.4375, 8.9375],
					"texture": "#0"
				},
				"west": {
					"uv": [12.375, 11.25, 12.6875, 11.3125],
					"texture": "#0"
				},
				"up": {
					"uv": [8.9375, 9.4375, 8.75, 9.125],
					"texture": "#0"
				},
				"down": {
					"uv": [9.3125, 8.875, 9.125, 9.1875],
					"texture": "#0"
				}
			}
		},
		{
			"from": [9.92014, 19.05653, -7.58876],
			"to": [11.13499, 20.06755, -3.34245],
			"rotation": {
				"angle": 45,
				"axis": "x",
				"origin": [1.52943, 6.93679, -6.47663]
			},
			"faces": {
				"north": {
					"uv": [7, 11.625, 7.1875, 11.78125],
					"texture": "#0"
				},
				"east": {
					"uv": [6.375, 6.875, 7.03125, 7.03125],
					"texture": "#0"
				},
				"south": {
					"uv": [11.625, 7.125, 11.8125, 7.28125],
					"texture": "#0"
				},
				"west": {
					"uv": [2.875, 7, 3.53125, 7.15625],
					"texture": "#0"
				},
				"up": {
					"uv": [3.1875, 6.90625, 3, 6.25],
					"texture": "#0"
				},
				"down": {
					"uv": [4.3125, 6.25, 4.125, 6.90625],
					"texture": "#0"
				}
			}
		},
		{
			"from": [9.92095, 9.25134, 4.1874],
			"to": [11.13418, 12.68882, 5.19842],
			"rotation": {
				"angle": -22.5,
				"axis": "x",
				"origin": [1.52943, 6.93679, -6.47663]
			},
			"faces": {
				"north": {
					"uv": [7.125, 0.25, 7.3125, 0.78125],
					"texture": "#0"
				},
				"east": {
					"uv": [1.875, 7.75, 2.03125, 8.28125],
					"texture": "#0"
				},
				"south": {
					"uv": [0.625, 7.125, 0.8125, 7.65625],
					"texture": "#0"
				},
				"west": {
					"uv": [2.125, 7.75, 2.28125, 8.28125],
					"texture": "#0"
				},
				"up": {
					"uv": [6.5625, 11.78125, 6.375, 11.625],
					"texture": "#0"
				},
				"down": {
					"uv": [6.8125, 11.625, 6.625, 11.78125],
					"texture": "#0"
				}
			}
		},
		{
			"from": [9.81985, 8.44251, 4.59181],
			"to": [11.23528, 9.45354, 6.20945],
			"rotation": {
				"angle": -22.5,
				"axis": "x",
				"origin": [1.52943, 6.93679, -6.47663]
			},
			"faces": {
				"north": {
					"uv": [7.75, 11.25, 7.96875, 11.40625],
					"texture": "#0"
				},
				"east": {
					"uv": [10.875, 3.75, 11.125, 3.90625],
					"texture": "#0"
				},
				"south": {
					"uv": [8, 11.25, 8.21875, 11.40625],
					"texture": "#0"
				},
				"west": {
					"uv": [10.875, 4, 11.125, 4.15625],
					"texture": "#0"
				},
				"up": {
					"uv": [5.84375, 9.625, 5.625, 9.375],
					"texture": "#0"
				},
				"down": {
					"uv": [6.09375, 9.375, 5.875, 9.625],
					"texture": "#0"
				}
			}
		},
		{
			"from": [9.81904, 17.64109, -4.55568],
			"to": [11.23609, 18.12638, -2.73584],
			"rotation": {
				"angle": 45,
				"axis": "x",
				"origin": [1.52943, 6.93679, -6.47663]
			},
			"faces": {
				"north": {
					"uv": [13.125, 0.875, 13.34375, 0.9375],
					"texture": "#0"
				},
				"east": {
					"uv": [12.625, 0.5, 12.90625, 0.5625],
					"texture": "#0"
				},
				"south": {
					"uv": [13.125, 1, 13.34375, 1.0625],
					"texture": "#0"
				},
				"west": {
					"uv": [0.625, 12.625, 0.90625, 12.6875],
					"texture": "#0"
				},
				"up": {
					"uv": [8.46875, 9.15625, 8.25, 8.875],
					"texture": "#0"
				},
				"down": {
					"uv": [8.71875, 8.875, 8.5, 9.15625],
					"texture": "#0"
				}
			}
		},
		{
			"from": [9.71794, 15.44152, 2.40294],
			"to": [11.3372, 17.26136, 4.02058],
			"rotation": {
				"angle": 22.5,
				"axis": "x",
				"origin": [1.52943, 6.93679, -6.47663]
			},
			"faces": {
				"north": {
					"uv": [3.375, 8.25, 3.625, 8.53125],
					"texture": "#0"
				},
				"east": {
					"uv": [3.625, 8.25, 3.875, 8.53125],
					"texture": "#0"
				},
				"south": {
					"uv": [3.875, 8.25, 4.125, 8.53125],
					"texture": "#0"
				},
				"west": {
					"uv": [8.25, 4.5, 8.5, 4.78125],
					"texture": "#0"
				},
				"up": {
					"uv": [2.5, 9, 2.25, 8.75],
					"texture": "#0"
				},
				"down": {
					"uv": [9, 2.875, 8.75, 3.125],
					"texture": "#0"
				}
			}
		},
		{
			"from": [9.71883, 6.86531, 7.42268],
			"to": [11.33631, 7.87634, 8.2315],
			"rotation": {
				"angle": -22.5,
				"axis": "x",
				"origin": [1.52943, 6.93679, -6.47663]
			},
			"faces": {
				"north": {
					"uv": [10.875, 3.25, 11.125, 3.40625],
					"texture": "#0"
				},
				"east": {
					"uv": [12.375, 10.75, 12.5, 10.90625],
					"texture": "#0"
				},
				"south": {
					"uv": [10.875, 3.5, 11.125, 3.65625],
					"texture": "#0"
				},
				"west": {
					"uv": [11.125, 12.375, 11.25, 12.53125],
					"texture": "#0"
				},
				"up": {
					"uv": [11.75, 5.75, 11.5, 5.625],
					"texture": "#0"
				},
				"down": {
					"uv": [11.75, 5.75, 11.5, 5.875],
					"texture": "#0"
				}
			}
		},
		{
			"from": [9.71874, 7.63369, 7.01827],
			"to": [11.33639, 9.04913, 7.62488],
			"rotation": {
				"angle": -22.5,
				"axis": "x",
				"origin": [1.52943, 6.93679, -6.47663]
			},
			"faces": {
				"north": {
					"uv": [4.5, 9.375, 4.75, 9.59375],
					"texture": "#0"
				},
				"east": {
					"uv": [12.25, 11.125, 12.34375, 11.34375],
					"texture": "#0"
				},
				"south": {
					"uv": [5.125, 9.375, 5.375, 9.59375],
					"texture": "#0"
				},
				"west": {
					"uv": [11.375, 12.25, 11.46875, 12.46875],
					"texture": "#0"
				},
				"up": {
					"uv": [0.25, 12.21875, 0, 12.125],
					"texture": "#0"
				},
				"down": {
					"uv": [12.375, 0, 12.125, 0.09375],
					"texture": "#0"
				}
			}
		},
		{
			"from": [9.71874, 16.02345, -1.80569],
			"to": [11.33639, 17.43888, -0.18805],
			"rotation": {
				"angle": 45,
				"axis": "x",
				"origin": [1.52943, 6.93679, -6.47663]
			},
			"faces": {
				"north": {
					"uv": [4, 9.375, 4.25, 9.59375],
					"texture": "#0"
				},
				"east": {
					"uv": [9.375, 4.125, 9.625, 4.34375],
					"texture": "#0"
				},
				"south": {
					"uv": [4.25, 9.375, 4.5, 9.59375],
					"texture": "#0"
				},
				"west": {
					"uv": [9.375, 4.375, 9.625, 4.59375],
					"texture": "#0"
				},
				"up": {
					"uv": [2, 9, 1.75, 8.75],
					"texture": "#0"
				},
				"down": {
					"uv": [2.25, 8.75, 2, 9],
					"texture": "#0"
				}
			}
		},
		{
			"from": [9.71794, 13.82388, 1.79633],
			"to": [11.3372, 15.44152, 2.80735],
			"rotation": {
				"angle": 22.5,
				"axis": "x",
				"origin": [1.52943, 6.93679, -6.47663]
			},
			"faces": {
				"north": {
					"uv": [0, 8.75, 0.25, 9],
					"texture": "#0"
				},
				"east": {
					"uv": [10.875, 2.375, 11.03125, 2.625],
					"texture": "#0"
				},
				"south": {
					"uv": [8.75, 1.375, 9, 1.625],
					"texture": "#0"
				},
				"west": {
					"uv": [2.625, 10.875, 2.78125, 11.125],
					"texture": "#0"
				},
				"up": {
					"uv": [11.125, 2.78125, 10.875, 2.625],
					"texture": "#0"
				},
				"down": {
					"uv": [3.125, 10.875, 2.875, 11.03125],
					"texture": "#0"
				}
			}
		},
		{
			"from": [9.71874, 5.49032, 5.38041],
			"to": [11.33639, 7.10796, 6.79584],
			"rotation": {
				"angle": -22.5,
				"axis": "x",
				"origin": [1.52943, 6.93679, -6.47663]
			},
			"faces": {
				"north": {
					"uv": [8.375, 8.625, 8.625, 8.875],
					"texture": "#0"
				},
				"east": {
					"uv": [9.375, 3.375, 9.59375, 3.625],
					"texture": "#0"
				},
				"south": {
					"uv": [8.625, 8.625, 8.875, 8.875],
					"texture": "#0"
				},
				"west": {
					"uv": [3.5, 9.375, 3.71875, 9.625],
					"texture": "#0"
				},
				"up": {
					"uv": [4, 9.59375, 3.75, 9.375],
					"texture": "#0"
				},
				"down": {
					"uv": [9.625, 3.875, 9.375, 4.09375],
					"texture": "#0"
				}
			}
		},
		{
			"from": [9.71794, 20.26976, -3.14025],
			"to": [11.3372, 20.87637, -1.72481],
			"rotation": {
				"angle": 45,
				"axis": "x",
				"origin": [1.52943, 6.93679, -6.47663]
			},
			"faces": {
				"north": {
					"uv": [12, 11.75, 12.25, 11.84375],
					"texture": "#0"
				},
				"east": {
					"uv": [10.75, 12.25, 10.96875, 12.34375],
					"texture": "#0"
				},
				"south": {
					"uv": [12, 12, 12.25, 12.09375],
					"texture": "#0"
				},
				"west": {
					"uv": [12.25, 11, 12.46875, 11.09375],
					"texture": "#0"
				},
				"up": {
					"uv": [3.25, 9.59375, 3, 9.375],
					"texture": "#0"
				},
				"down": {
					"uv": [3.5, 9.375, 3.25, 9.59375],
					"texture": "#0"
				}
			}
		},
		{
			"from": [9.81904, 16.85695, 0.5831],
			"to": [11.23609, 18.27239, 2.40294],
			"rotation": {
				"angle": 22.5,
				"axis": "x",
				"origin": [1.52943, 6.93679, -6.47663]
			},
			"faces": {
				"north": {
					"uv": [9.5, 9.875, 9.71875, 10.09375],
					"texture": "#0"
				},
				"east": {
					"uv": [8.875, 4.625, 9.15625, 4.84375],
					"texture": "#0"
				},
				"south": {
					"uv": [9.75, 9.875, 9.96875, 10.09375],
					"texture": "#0"
				},
				"west": {
					"uv": [8.875, 7.625, 9.15625, 7.84375],
					"texture": "#0"
				},
				"up": {
					"uv": [7.96875, 9.15625, 7.75, 8.875],
					"texture": "#0"
				},
				"down": {
					"uv": [8.21875, 8.875, 8, 9.15625],
					"texture": "#0"
				}
			}
		},
		{
			"from": [9.81985, 6.62267, 4.79401],
			"to": [11.23528, 8.44251, 6.81606],
			"rotation": {
				"angle": -22.5,
				"axis": "x",
				"origin": [1.52943, 6.93679, -6.47663]
			},
			"faces": {
				"north": {
					"uv": [8.875, 6.375, 9.09375, 6.65625],
					"texture": "#0"
				},
				"east": {
					"uv": [7.5, 3.75, 7.8125, 4.03125],
					"texture": "#0"
				},
				"south": {
					"uv": [7.25, 8.875, 7.46875, 9.15625],
					"texture": "#0"
				},
				"west": {
					"uv": [7.5, 5.375, 7.8125, 5.65625],
					"texture": "#0"
				},
				"up": {
					"uv": [4.34375, 8.6875, 4.125, 8.375],
					"texture": "#0"
				},
				"down": {
					"uv": [5.46875, 8.375, 5.25, 8.6875],
					"texture": "#0"
				}
			}
		},
		{
			"from": [9.51654, 18.44991, 0.70165],
			"to": [11.53859, 20.06755, 1.71268],
			"rotation": {
				"angle": 45,
				"axis": "x",
				"origin": [1.52943, 6.93679, -6.47663]
			},
			"faces": {
				"north": {
					"uv": [6.875, 7.875, 7.1875, 8.125],
					"texture": "#0"
				},
				"east": {
					"uv": [1.875, 10.875, 2.03125, 11.125],
					"texture": "#0"
				},
				"south": {
					"uv": [7.875, 6.875, 8.1875, 7.125],
					"texture": "#0"
				},
				"west": {
					"uv": [2.125, 10.875, 2.28125, 11.125],
					"texture": "#0"
				},
				"up": {
					"uv": [1.0625, 10.03125, 0.75, 9.875],
					"texture": "#0"
				},
				"down": {
					"uv": [1.4375, 9.875, 1.125, 10.03125],
					"texture": "#0"
				}
			}
		},
		{
			"from": [9.51735, 9.91699, 7.51359],
			"to": [11.53778, 10.72582, 8.92984],
			"rotation": {
				"angle": 0,
				"axis": "y",
				"origin": [1.52943, 6.93679, -6.47663]
			},
			"faces": {
				"north": {
					"uv": [10.875, 1.125, 11.1875, 1.25],
					"texture": "#0"
				},
				"east": {
					"uv": [2.625, 11.75, 2.84375, 11.875],
					"texture": "#0"
				},
				"south": {
					"uv": [1.5, 10.875, 1.8125, 11],
					"texture": "#0"
				},
				"west": {
					"uv": [11.75, 3.375, 11.96875, 3.5],
					"texture": "#0"
				},
				"up": {
					"uv": [8.6875, 1.59375, 8.375, 1.375],
					"texture": "#0"
				},
				"down": {
					"uv": [8.6875, 2.875, 8.375, 3.09375],
					"texture": "#0"
				}
			}
		},
		{
			"from": [9.51735, 10.56405, 7.45293],
			"to": [11.53778, 11.57508, 8.0191],
			"rotation": {
				"angle": 0,
				"axis": "y",
				"origin": [1.52943, 6.93679, -6.47663]
			},
			"faces": {
				"north": {
					"uv": [9.75, 5.75, 10.0625, 5.90625],
					"texture": "#0"
				},
				"east": {
					"uv": [12.875, 7.75, 12.96875, 7.90625],
					"texture": "#0"
				},
				"south": {
					"uv": [9.75, 9.625, 10.0625, 9.78125],
					"texture": "#0"
				},
				"west": {
					"uv": [8, 12.875, 8.09375, 13.03125],
					"texture": "#0"
				},
				"up": {
					"uv": [11.9375, 5.96875, 11.625, 5.875],
					"texture": "#0"
				},
				"down": {
					"uv": [11.9375, 6.25, 11.625, 6.34375],
					"texture": "#0"
				}
			}
		},
		{
			"from": [9.51654, 20.06755, 0.09504],
			"to": [11.53859, 20.47196, 1.71268],
			"rotation": {
				"angle": 45,
				"axis": "x",
				"origin": [1.52943, 6.93679, -6.47663]
			},
			"faces": {
				"north": {
					"uv": [12.375, 10.625, 12.6875, 10.6875],
					"texture": "#0"
				},
				"east": {
					"uv": [6.5, 12.75, 6.75, 12.8125],
					"texture": "#0"
				},
				"south": {
					"uv": [10.75, 12.375, 11.0625, 12.4375],
					"texture": "#0"
				},
				"west": {
					"uv": [12.75, 6.5, 13, 6.5625],
					"texture": "#0"
				},
				"up": {
					"uv": [8.1875, 4.75, 7.875, 4.5],
					"texture": "#0"
				},
				"down": {
					"uv": [8.1875, 6.625, 7.875, 6.875],
					"texture": "#0"
				}
			}
		},
		{
			"from": [9.61683, 17.84329, -0.30937],
			"to": [11.4383, 19.86535, 1.30827],
			"rotation": {
				"angle": 45,
				"axis": "x",
				"origin": [1.52943, 6.93679, -6.47663]
			},
			"faces": {
				"north": {
					"uv": [7.25, 7.375, 7.53125, 7.6875],
					"texture": "#0"
				},
				"east": {
					"uv": [6.375, 7.875, 6.625, 8.1875],
					"texture": "#0"
				},
				"south": {
					"uv": [7.5, 1.5, 7.78125, 1.8125],
					"texture": "#0"
				},
				"west": {
					"uv": [6.625, 7.875, 6.875, 8.1875],
					"texture": "#0"
				},
				"up": {
					"uv": [3.28125, 8.5, 3, 8.25],
					"texture": "#0"
				},
				"down": {
					"uv": [8.53125, 3.125, 8.25, 3.375],
					"texture": "#0"
				}
			}
		},
		{
			"from": [9.61845, 11.23133, 6.70477],
			"to": [11.43668, 12.485, 7.31139],
			"rotation": {
				"angle": 0,
				"axis": "y",
				"origin": [1.52943, 6.93679, -6.47663]
			},
			"faces": {
				"north": {
					"uv": [9.625, 7.125, 9.90625, 7.3125],
					"texture": "#0"
				},
				"east": {
					"uv": [0.125, 12.625, 0.21875, 12.8125],
					"texture": "#0"
				},
				"south": {
					"uv": [9.625, 7.375, 9.90625, 7.5625],
					"texture": "#0"
				},
				"west": {
					"uv": [0.25, 12.625, 0.34375, 12.8125],
					"texture": "#0"
				},
				"up": {
					"uv": [12.15625, 3.84375, 11.875, 3.75],
					"texture": "#0"
				},
				"down": {
					"uv": [12.15625, 3.875, 11.875, 3.96875],
					"texture": "#0"
				}
			}
		},
		{
			"from": [9.61683, 17.03447, -0.71378],
			"to": [11.4383, 17.84329, 0.29724],
			"rotation": {
				"angle": 45,
				"axis": "x",
				"origin": [1.52943, 6.93679, -6.47663]
			},
			"faces": {
				"north": {
					"uv": [11.125, 2.5, 11.40625, 2.625],
					"texture": "#0"
				},
				"east": {
					"uv": [10.5, 12.375, 10.65625, 12.5],
					"texture": "#0"
				},
				"south": {
					"uv": [11.125, 2.625, 11.40625, 2.75],
					"texture": "#0"
				},
				"west": {
					"uv": [12.375, 10.5, 12.53125, 10.625],
					"texture": "#0"
				},
				"up": {
					"uv": [10.53125, 6.53125, 10.25, 6.375],
					"texture": "#0"
				},
				"down": {
					"uv": [10.53125, 9.125, 10.25, 9.28125],
					"texture": "#0"
				}
			}
		},
		{
			"from": [9.61764, 4.58039, 5.80504],
			"to": [11.43749, 5.79363, 7.01827],
			"rotation": {
				"angle": -22.5,
				"axis": "x",
				"origin": [1.52943, 6.93679, -6.47663]
			},
			"faces": {
				"north": {
					"uv": [6.375, 9.625, 6.65625, 9.8125],
					"texture": "#0"
				},
				"east": {
					"uv": [11.125, 2.25, 11.3125, 2.4375],
					"texture": "#0"
				},
				"south": {
					"uv": [9.625, 6.5, 9.90625, 6.6875],
					"texture": "#0"
				},
				"west": {
					"uv": [2.5, 11.125, 2.6875, 11.3125],
					"texture": "#0"
				},
				"up": {
					"uv": [7.03125, 9.8125, 6.75, 9.625],
					"texture": "#0"
				},
				"down": {
					"uv": [7.40625, 9.625, 7.125, 9.8125],
					"texture": "#0"
				}
			}
		},
		{
			"from": [9.61764, 4.1962, 7.82709],
			"to": [11.43749, 7.02708, 8.43371],
			"rotation": {
				"angle": -22.5,
				"axis": "x",
				"origin": [1.52943, 6.93679, -6.47663]
			},
			"faces": {
				"north": {
					"uv": [5.625, 6.125, 5.90625, 6.5625],
					"texture": "#0"
				},
				"east": {
					"uv": [2.5, 10.625, 2.59375, 11.0625],
					"texture": "#0"
				},
				"south": {
					"uv": [0.25, 6.25, 0.53125, 6.6875],
					"texture": "#0"
				},
				"west": {
					"uv": [7.125, 10.625, 7.21875, 11.0625],
					"texture": "#0"
				},
				"up": {
					"uv": [12.15625, 3.21875, 11.875, 3.125],
					"texture": "#0"
				},
				"down": {
					"uv": [12.15625, 3.25, 11.875, 3.34375],
					"texture": "#0"
				}
			}
		},
		{
			"from": [7.45657, 10.20305, 9.94005],
			"to": [9.68083, 11.01187, 11.7599],
			"rotation": {
				"angle": 22.5,
				"axis": "z",
				"origin": [8, 6.93679, -6.47663]
			},
			"faces": {
				"north": {
					"uv": [10.5, 7.125, 10.84375, 7.25],
					"texture": "#0"
				},
				"east": {
					"uv": [1.125, 11.125, 1.40625, 11.25],
					"texture": "#0"
				},
				"south": {
					"uv": [10.5, 8.375, 10.84375, 8.5],
					"texture": "#0"
				},
				"west": {
					"uv": [1.875, 11.125, 2.15625, 11.25],
					"texture": "#0"
				},
				"up": {
					"uv": [7.46875, 6.53125, 7.125, 6.25],
					"texture": "#0"
				},
				"down": {
					"uv": [6.84375, 7.125, 6.5, 7.40625],
					"texture": "#0"
				}
			}
		},
		{
			"from": [7.11282, 10.52658, 7.91719],
			"to": [9.82237, 11.3354, 9.94005],
			"rotation": {
				"angle": 22.5,
				"axis": "z",
				"origin": [8, 6.93679, -5.46561]
			},
			"faces": {
				"north": {
					"uv": [9.625, 6.75, 10.03125, 6.875],
					"texture": "#0"
				},
				"east": {
					"uv": [10.75, 9, 11.0625, 9.125],
					"texture": "#0"
				},
				"south": {
					"uv": [9.625, 9.5, 10.03125, 9.625],
					"texture": "#0"
				},
				"west": {
					"uv": [10.875, 0.625, 11.1875, 0.75],
					"texture": "#0"
				},
				"up": {
					"uv": [1.03125, 6.3125, 0.625, 6],
					"texture": "#0"
				},
				"down": {
					"uv": [1.53125, 6, 1.125, 6.3125],
					"texture": "#0"
				}
			}
		},
		{
			"from": [6.35961, 10.16261, 4.4797],
			"to": [7.57285, 10.89055, 6.09815],
			"rotation": {
				"angle": -22.5,
				"axis": "z",
				"origin": [8, 6.93679, -7.89207]
			},
			"faces": {
				"north": {
					"uv": [12, 11.625, 12.1875, 11.75],
					"texture": "#0"
				},
				"east": {
					"uv": [11.5, 4.125, 11.75, 4.25],
					"texture": "#0"
				},
				"south": {
					"uv": [11.75, 12, 11.9375, 12.125],
					"texture": "#0"
				},
				"west": {
					"uv": [5.5, 11.5, 5.75, 11.625],
					"texture": "#0"
				},
				"up": {
					"uv": [2.6875, 10.375, 2.5, 10.125],
					"texture": "#0"
				},
				"down": {
					"uv": [3.4375, 10.125, 3.25, 10.375],
					"texture": "#0"
				}
			}
		},
		{
			"from": [8.42715, 10.16261, 4.4797],
			"to": [9.64039, 10.89055, 6.09815],
			"rotation": {
				"angle": 22.5,
				"axis": "z",
				"origin": [8, 6.93679, -7.89207]
			},
			"faces": {
				"north": {
					"uv": [11.25, 12, 11.4375, 12.125],
					"texture": "#0"
				},
				"east": {
					"uv": [9, 1.5, 9.25, 1.625],
					"texture": "#0"
				},
				"south": {
					"uv": [11.5, 12, 11.6875, 12.125],
					"texture": "#0"
				},
				"west": {
					"uv": [11.125, 9.5, 11.375, 9.625],
					"texture": "#0"
				},
				"up": {
					"uv": [10.3125, 2.375, 10.125, 2.125],
					"texture": "#0"
				},
				"down": {
					"uv": [2.4375, 10.125, 2.25, 10.375],
					"texture": "#0"
				}
			}
		},
		{
			"from": [6.25851, 10.40526, 6.09735],
			"to": [7.47174, 11.13319, 7.918],
			"rotation": {
				"angle": -22.5,
				"axis": "z",
				"origin": [8, 6.93679, -6.07222]
			},
			"faces": {
				"north": {
					"uv": [11, 12, 11.1875, 12.125],
					"texture": "#0"
				},
				"east": {
					"uv": [11.125, 0.875, 11.40625, 1],
					"texture": "#0"
				},
				"south": {
					"uv": [12, 11, 12.1875, 11.125],
					"texture": "#0"
				},
				"west": {
					"uv": [11.125, 1, 11.40625, 1.125],
					"texture": "#0"
				},
				"up": {
					"uv": [6.3125, 9.90625, 6.125, 9.625],
					"texture": "#0"
				},
				"down": {
					"uv": [9.8125, 6.125, 9.625, 6.40625],
					"texture": "#0"
				}
			}
		},
		{
			"from": [8.52826, 10.40526, 6.09735],
			"to": [9.74149, 11.13319, 7.918],
			"rotation": {
				"angle": 22.5,
				"axis": "z",
				"origin": [8, 6.93679, -6.07222]
			},
			"faces": {
				"north": {
					"uv": [10.5, 12, 10.6875, 12.125],
					"texture": "#0"
				},
				"east": {
					"uv": [0.75, 11.125, 1.03125, 11.25],
					"texture": "#0"
				},
				"south": {
					"uv": [10.75, 12, 10.9375, 12.125],
					"texture": "#0"
				},
				"west": {
					"uv": [11.125, 0.75, 11.40625, 0.875],
					"texture": "#0"
				},
				"up": {
					"uv": [5.8125, 9.90625, 5.625, 9.625],
					"texture": "#0"
				},
				"down": {
					"uv": [6.0625, 9.625, 5.875, 9.90625],
					"texture": "#0"
				}
			}
		},
		{
			"from": [6.17763, 10.52658, 7.91719],
			"to": [8.88718, 11.3354, 9.94005],
			"rotation": {
				"angle": -22.5,
				"axis": "z",
				"origin": [8, 6.93679, -5.46561]
			},
			"faces": {
				"north": {
					"uv": [8.875, 0.5, 9.28125, 0.625],
					"texture": "#0"
				},
				"east": {
					"uv": [10.75, 4.5, 11.0625, 4.625],
					"texture": "#0"
				},
				"south": {
					"uv": [9.625, 4.75, 10.03125, 4.875],
					"texture": "#0"
				},
				"west": {
					"uv": [10.75, 8.25, 11.0625, 8.375],
					"texture": "#0"
				},
				"up": {
					"uv": [6.28125, 5.0625, 5.875, 4.75],
					"texture": "#0"
				},
				"down": {
					"uv": [6.28125, 5.125, 5.875, 5.4375],
					"texture": "#0"
				}
			}
		},
		{
			"from": [6.31917, 10.20305, 9.94005],
			"to": [8.54343, 11.01187, 11.7599],
			"rotation": {
				"angle": -22.5,
				"axis": "z",
				"origin": [8, 6.93679, -6.47663]
			},
			"faces": {
				"north": {
					"uv": [10.5, 6.875, 10.84375, 7],
					"texture": "#0"
				},
				"east": {
					"uv": [0, 11.125, 0.28125, 11.25],
					"texture": "#0"
				},
				"south": {
					"uv": [10.5, 7, 10.84375, 7.125],
					"texture": "#0"
				},
				"west": {
					"uv": [11.125, 0.125, 11.40625, 0.25],
					"texture": "#0"
				},
				"up": {
					"uv": [7.46875, 6.15625, 7.125, 5.875],
					"texture": "#0"
				},
				"down": {
					"uv": [6.46875, 7.125, 6.125, 7.40625],
					"texture": "#0"
				}
			}
		},
		{
			"from": [5.37133, 18.27239, 5.23382],
			"to": [6.38236, 18.83857, 6.24484],
			"rotation": {
				"angle": 22.5,
				"axis": "x",
				"origin": [14.47057, 6.93679, -6.47663]
			},
			"faces": {
				"north": {
					"uv": [7.28125, 12.875, 7.125, 12.96875],
					"texture": "#0"
				},
				"east": {
					"uv": [7.53125, 12.875, 7.375, 12.96875],
					"texture": "#0"
				},
				"south": {
					"uv": [13.03125, 7.25, 12.875, 7.34375],
					"texture": "#0"
				},
				"west": {
					"uv": [13.03125, 7.125, 12.875, 7.21875],
					"texture": "#0"
				},
				"up": {
					"uv": [7.25, 12.03125, 7.40625, 11.875],
					"texture": "#0"
				},
				"down": {
					"uv": [11.875, 7.375, 12.03125, 7.53125],
					"texture": "#0"
				}
			}
		},
		{
			"from": [5.37052, 21.8874, -1.92702],
			"to": [6.38317, 22.49402, 1.30827],
			"rotation": {
				"angle": 45,
				"axis": "x",
				"origin": [14.47057, 6.93679, -6.47663]
			},
			"faces": {
				"north": {
					"uv": [7.78125, 12.875, 7.625, 12.96875],
					"texture": "#0"
				},
				"east": {
					"uv": [10.5, 6.625, 10, 6.71875],
					"texture": "#0"
				},
				"south": {
					"uv": [13.03125, 7.625, 12.875, 7.71875],
					"texture": "#0"
				},
				"west": {
					"uv": [10.5, 5.625, 10, 5.71875],
					"texture": "#0"
				},
				"up": {
					"uv": [6.125, 8.375, 6.28125, 7.875],
					"texture": "#0"
				},
				"down": {
					"uv": [7.875, 6.125, 8.03125, 6.625],
					"texture": "#0"
				}
			}
		},
		{
			"from": [5.37133, 6.66311, 8.93922],
			"to": [6.38236, 8.48296, 9.7076],
			"rotation": {
				"angle": -22.5,
				"axis": "x",
				"origin": [14.47057, 6.93679, -6.47663]
			},
			"faces": {
				"north": {
					"uv": [7.65625, 10.25, 7.5, 10.53125],
					"texture": "#0"
				},
				"east": {
					"uv": [4.5, 11, 4.375, 11.28125],
					"texture": "#0"
				},
				"south": {
					"uv": [7.90625, 10.25, 7.75, 10.53125],
					"texture": "#0"
				},
				"west": {
					"uv": [1.875, 11, 1.75, 11.28125],
					"texture": "#0"
				},
				"up": {
					"uv": [12.375, 10.25, 12.53125, 10.125],
					"texture": "#0"
				},
				"down": {
					"uv": [10.25, 12.375, 10.40625, 12.5],
					"texture": "#0"
				}
			}
		},
		{
			"from": [5.37133, 10.82692, 8.52462],
			"to": [6.38236, 12.24236, 9.73785],
			"rotation": {
				"angle": 0,
				"axis": "y",
				"origin": [14.47057, 6.93679, -6.47663]
			},
			"faces": {
				"north": {
					"uv": [7.40625, 11.25, 7.25, 11.46875],
					"texture": "#0"
				},
				"east": {
					"uv": [7.0625, 10.625, 6.875, 10.84375],
					"texture": "#0"
				},
				"south": {
					"uv": [7.65625, 11.25, 7.5, 11.46875],
					"texture": "#0"
				},
				"west": {
					"uv": [6.8125, 10.625, 6.625, 10.84375],
					"texture": "#0"
				},
				"up": {
					"uv": [5.625, 11.8125, 5.78125, 11.625],
					"texture": "#0"
				},
				"down": {
					"uv": [6.125, 11.625, 6.28125, 11.8125],
					"texture": "#0"
				}
			}
		},
		{
			"from": [5.37052, 21.07858, -0.30937],
			"to": [6.38317, 21.8874, 1.51047],
			"rotation": {
				"angle": 45,
				"axis": "x",
				"origin": [14.47057, 6.93679, -6.47663]
			},
			"faces": {
				"north": {
					"uv": [12.53125, 10.25, 12.375, 10.375],
					"texture": "#0"
				},
				"east": {
					"uv": [10.03125, 11, 9.75, 11.125],
					"texture": "#0"
				},
				"south": {
					"uv": [12.53125, 10.375, 12.375, 10.5],
					"texture": "#0"
				},
				"west": {
					"uv": [11.28125, 9.625, 11, 9.75],
					"texture": "#0"
				},
				"up": {
					"uv": [10.25, 8.65625, 10.40625, 8.375],
					"texture": "#0"
				},
				"down": {
					"uv": [10.25, 8.75, 10.40625, 9.03125],
					"texture": "#0"
				}
			}
		},
		{
			"from": [5.27023, 5.40944, 10.77929],
			"to": [6.48346, 6.01605, 11.1837],
			"rotation": {
				"angle": -22.5,
				"axis": "x",
				"origin": [14.47057, 6.93679, -6.47663]
			},
			"faces": {
				"north": {
					"uv": [12.6875, 12.5, 12.5, 12.59375],
					"texture": "#0"
				},
				"east": {
					"uv": [14.1875, 10.25, 14.125, 10.34375],
					"texture": "#0"
				},
				"south": {
					"uv": [12.8125, 0, 12.625, 0.09375],
					"texture": "#0"
				},
				"west": {
					"uv": [10.3125, 14.125, 10.25, 14.21875],
					"texture": "#0"
				},
				"up": {
					"uv": [13.25, 8.6875, 13.4375, 8.625],
					"texture": "#0"
				},
				"down": {
					"uv": [8.75, 13.25, 8.9375, 13.3125],
					"texture": "#0"
				}
			}
		},
		{
			"from": [5.27023, 11.83794, 9.33344],
			"to": [6.48346, 12.84897, 9.94005],
			"rotation": {
				"angle": 0,
				"axis": "y",
				"origin": [14.47057, 6.93679, -6.47663]
			},
			"faces": {
				"north": {
					"uv": [11.8125, 5.25, 11.625, 5.40625],
					"texture": "#0"
				},
				"east": {
					"uv": [7.09375, 12.875, 7, 13.03125],
					"texture": "#0"
				},
				"south": {
					"uv": [5.5625, 11.625, 5.375, 11.78125],
					"texture": "#0"
				},
				"west": {
					"uv": [6.96875, 12.875, 6.875, 13.03125],
					"texture": "#0"
				},
				"up": {
					"uv": [11.875, 12.59375, 12.0625, 12.5],
					"texture": "#0"
				},
				"down": {
					"uv": [12.5, 12, 12.6875, 12.09375],
					"texture": "#0"
				}
			}
		},
		{
			"from": [5.26942, 22.29181, 0.51967],
			"to": [6.48427, 22.89843, 1.12628],
			"rotation": {
				"angle": 45,
				"axis": "x",
				"origin": [14.47057, 6.93679, -6.47663]
			},
			"faces": {
				"north": {
					"uv": [12.3125, 12.5, 12.125, 12.59375],
					"texture": "#0"
				},
				"east": {
					"uv": [5.71875, 13.75, 5.625, 13.84375],
					"texture": "#0"
				},
				"south": {
					"uv": [12.6875, 12.125, 12.5, 12.21875],
					"texture": "#0"
				},
				"west": {
					"uv": [13.84375, 5.375, 13.75, 5.46875],
					"texture": "#0"
				},
				"up": {
					"uv": [12.5, 12.34375, 12.6875, 12.25],
					"texture": "#0"
				},
				"down": {
					"uv": [12.5, 12.375, 12.6875, 12.46875],
					"texture": "#0"
				}
			}
		},
		{
			"from": [5.26942, 20.26976, 1.12628],
			"to": [6.48427, 22.49402, 1.9351],
			"rotation": {
				"angle": 45,
				"axis": "x",
				"origin": [14.47057, 6.93679, -6.47663]
			},
			"faces": {
				"north": {
					"uv": [8.8125, 2.125, 8.625, 2.46875],
					"texture": "#0"
				},
				"east": {
					"uv": [1.875, 8, 1.75, 8.34375],
					"texture": "#0"
				},
				"south": {
					"uv": [8.8125, 2.5, 8.625, 2.84375],
					"texture": "#0"
				},
				"west": {
					"uv": [5.75, 5.75, 5.625, 6.09375],
					"texture": "#0"
				},
				"up": {
					"uv": [12, 7.125, 12.1875, 7],
					"texture": "#0"
				},
				"down": {
					"uv": [12, 9.625, 12.1875, 9.75],
					"texture": "#0"
				}
			}
		},
		{
			"from": [5.16913, 2.78077, 8.55503],
			"to": [6.58456, 4.80282, 10.77929],
			"rotation": {
				"angle": -22.5,
				"axis": "x",
				"origin": [14.47057, 6.93679, -6.47663]
			},
			"faces": {
				"north": {
					"uv": [2.46875, 8.375, 2.25, 8.6875],
					"texture": "#0"
				},
				"east": {
					"uv": [0.59375, 6.75, 0.25, 7.0625],
					"texture": "#0"
				},
				"south": {
					"uv": [8.59375, 2.5, 8.375, 2.8125],
					"texture": "#0"
				},
				"west": {
					"uv": [5.84375, 6.625, 5.5, 6.9375],
					"texture": "#0"
				},
				"up": {
					"uv": [7.875, 8.46875, 8.09375, 8.125],
					"texture": "#0"
				},
				"down": {
					"uv": [8.125, 7.875, 8.34375, 8.21875],
					"texture": "#0"
				}
			}
		},
		{
			"from": [5.16994, 16.95806, 6.68969],
			"to": [6.58375, 18.17129, 7.29631],
			"rotation": {
				"angle": 22.5,
				"axis": "x",
				"origin": [14.47057, 6.93679, -6.47663]
			},
			"faces": {
				"north": {
					"uv": [10.84375, 6.25, 10.625, 6.4375],
					"texture": "#0"
				},
				"east": {
					"uv": [12.59375, 11.75, 12.5, 11.9375],
					"texture": "#0"
				},
				"south": {
					"uv": [6.59375, 10.625, 6.375, 10.8125],
					"texture": "#0"
				},
				"west": {
					"uv": [11.09375, 12.5, 11, 12.6875],
					"texture": "#0"
				},
				"up": {
					"uv": [10.25, 12.34375, 10.46875, 12.25],
					"texture": "#0"
				},
				"down": {
					"uv": [10.5, 12.25, 10.71875, 12.34375],
					"texture": "#0"
				}
			}
		},
		{
			"from": [5.16913, 2.57856, 10.77929],
			"to": [6.58456, 5.5712, 11.3859],
			"rotation": {
				"angle": -22.5,
				"axis": "x",
				"origin": [14.47057, 6.93679, -6.47663]
			},
			"faces": {
				"north": {
					"uv": [4.09375, 6.375, 3.875, 6.84375],
					"texture": "#0"
				},
				"east": {
					"uv": [10.34375, 7.25, 10.25, 7.71875],
					"texture": "#0"
				},
				"south": {
					"uv": [1.09375, 6.875, 0.875, 7.34375],
					"texture": "#0"
				},
				"west": {
					"uv": [6.21875, 10.25, 6.125, 10.71875],
					"texture": "#0"
				},
				"up": {
					"uv": [12.25, 9.96875, 12.46875, 9.875],
					"texture": "#0"
				},
				"down": {
					"uv": [10, 12.25, 10.21875, 12.34375],
					"texture": "#0"
				}
			}
		},
		{
			"from": [4.80263, 5.10748, 10.34446],
			"to": [6.01587, 6.92733, 11.7599],
			"rotation": {
				"angle": -22.5,
				"axis": "z",
				"origin": [14.47057, 6.93679, -6.47663]
			},
			"faces": {
				"north": {
					"uv": [5.3125, 9.625, 5.125, 9.90625],
					"texture": "#0"
				},
				"east": {
					"uv": [9.09375, 6, 8.875, 6.28125],
					"texture": "#0"
				},
				"south": {
					"uv": [5.5625, 9.625, 5.375, 9.90625],
					"texture": "#0"
				},
				"west": {
					"uv": [5.71875, 8.875, 5.5, 9.15625],
					"texture": "#0"
				},
				"up": {
					"uv": [5.25, 10.84375, 5.4375, 10.625],
					"texture": "#0"
				},
				"down": {
					"uv": [5.5, 10.625, 5.6875, 10.84375],
					"texture": "#0"
				}
			}
		},
		{
			"from": [5.97412, 1.1171, 10.34446],
			"to": [9.0072, 2.33033, 11.75909],
			"rotation": {
				"angle": -45,
				"axis": "z",
				"origin": [14.47057, 6.93679, -6.47663]
			},
			"faces": {
				"north": {
					"uv": [7.84375, 3.125, 7.375, 3.3125],
					"texture": "#0"
				},
				"east": {
					"uv": [10.84375, 6, 10.625, 6.1875],
					"texture": "#0"
				},
				"south": {
					"uv": [7.84375, 4.5, 7.375, 4.6875],
					"texture": "#0"
				},
				"west": {
					"uv": [5.96875, 10.625, 5.75, 10.8125],
					"texture": "#0"
				},
				"up": {
					"uv": [6.875, 3.46875, 7.34375, 3.25],
					"texture": "#0"
				},
				"down": {
					"uv": [5.875, 6.875, 6.34375, 7.09375],
					"texture": "#0"
				}
			}
		},
		{
			"from": [5.65059, 1.03621, 8.92903],
			"to": [8.07706, 2.04724, 10.34446],
			"rotation": {
				"angle": -45,
				"axis": "z",
				"origin": [14.47057, 6.93679, -6.47663]
			},
			"faces": {
				"north": {
					"uv": [7.125, 9.125, 6.75, 9.28125],
					"texture": "#0"
				},
				"east": {
					"uv": [11.46875, 5.625, 11.25, 5.78125],
					"texture": "#0"
				},
				"south": {
					"uv": [9.5, 6.875, 9.125, 7.03125],
					"texture": "#0"
				},
				"west": {
					"uv": [5.71875, 11.25, 5.5, 11.40625],
					"texture": "#0"
				},
				"up": {
					"uv": [4.375, 7.96875, 4.75, 7.75],
					"texture": "#0"
				},
				"down": {
					"uv": [7.25, 7.75, 7.625, 7.96875],
					"texture": "#0"
				}
			}
		},
		{
			"from": [4.39822, 5.47145, 8.72682],
			"to": [5.61145, 7.08909, 10.34527],
			"rotation": {
				"angle": -22.5,
				"axis": "z",
				"origin": [14.47057, 6.93679, -6.47663]
			},
			"faces": {
				"north": {
					"uv": [0.9375, 10.125, 0.75, 10.375],
					"texture": "#0"
				},
				"east": {
					"uv": [7.625, 4.75, 7.375, 5],
					"texture": "#0"
				},
				"south": {
					"uv": [1.1875, 10.125, 1, 10.375],
					"texture": "#0"
				},
				"west": {
					"uv": [2.25, 6, 2, 6.25],
					"texture": "#0"
				},
				"up": {
					"uv": [1.25, 10.375, 1.4375, 10.125],
					"texture": "#0"
				},
				"down": {
					"uv": [10.125, 1.375, 10.3125, 1.625],
					"texture": "#0"
				}
			}
		},
		{
			"from": [9.61683, 21.07858, -0.30937],
			"to": [10.62948, 21.8874, 1.51047],
			"rotation": {
				"angle": 45,
				"axis": "x",
				"origin": [1.52943, 6.93679, -6.47663]
			},
			"faces": {
				"north": {
					"uv": [12.375, 10.25, 12.53125, 10.375],
					"texture": "#0"
				},
				"east": {
					"uv": [11, 9.625, 11.28125, 9.75],
					"texture": "#0"
				},
				"south": {
					"uv": [12.375, 10.375, 12.53125, 10.5],
					"texture": "#0"
				},
				"west": {
					"uv": [9.75, 11, 10.03125, 11.125],
					"texture": "#0"
				},
				"up": {
					"uv": [10.40625, 8.65625, 10.25, 8.375],
					"texture": "#0"
				},
				"down": {
					"uv": [10.40625, 8.75, 10.25, 9.03125],
					"texture": "#0"
				}
			}
		},
		{
			"from": [9.61683, 21.8874, -1.92702],
			"to": [10.62948, 22.49402, 1.30827],
			"rotation": {
				"angle": 45,
				"axis": "x",
				"origin": [1.52943, 6.93679, -6.47663]
			},
			"faces": {
				"north": {
					"uv": [7.625, 12.875, 7.78125, 12.96875],
					"texture": "#0"
				},
				"east": {
					"uv": [10, 5.625, 10.5, 5.71875],
					"texture": "#0"
				},
				"south": {
					"uv": [12.875, 7.625, 13.03125, 7.71875],
					"texture": "#0"
				},
				"west": {
					"uv": [10, 6.625, 10.5, 6.71875],
					"texture": "#0"
				},
				"up": {
					"uv": [6.28125, 8.375, 6.125, 7.875],
					"texture": "#0"
				},
				"down": {
					"uv": [8.03125, 6.125, 7.875, 6.625],
					"texture": "#0"
				}
			}
		},
		{
			"from": [9.61764, 18.27239, 5.23382],
			"to": [10.62867, 18.83857, 6.24484],
			"rotation": {
				"angle": 22.5,
				"axis": "x",
				"origin": [1.52943, 6.93679, -6.47663]
			},
			"faces": {
				"north": {
					"uv": [7.125, 12.875, 7.28125, 12.96875],
					"texture": "#0"
				},
				"east": {
					"uv": [12.875, 7.125, 13.03125, 7.21875],
					"texture": "#0"
				},
				"south": {
					"uv": [12.875, 7.25, 13.03125, 7.34375],
					"texture": "#0"
				},
				"west": {
					"uv": [7.375, 12.875, 7.53125, 12.96875],
					"texture": "#0"
				},
				"up": {
					"uv": [7.40625, 12.03125, 7.25, 11.875],
					"texture": "#0"
				},
				"down": {
					"uv": [12.03125, 7.375, 11.875, 7.53125],
					"texture": "#0"
				}
			}
		},
		{
			"from": [9.61764, 10.82692, 8.52462],
			"to": [10.62867, 12.24236, 9.73785],
			"rotation": {
				"angle": 0,
				"axis": "y",
				"origin": [1.52943, 6.93679, -6.47663]
			},
			"faces": {
				"north": {
					"uv": [7.25, 11.25, 7.40625, 11.46875],
					"texture": "#0"
				},
				"east": {
					"uv": [6.625, 10.625, 6.8125, 10.84375],
					"texture": "#0"
				},
				"south": {
					"uv": [7.5, 11.25, 7.65625, 11.46875],
					"texture": "#0"
				},
				"west": {
					"uv": [6.875, 10.625, 7.0625, 10.84375],
					"texture": "#0"
				},
				"up": {
					"uv": [5.78125, 11.8125, 5.625, 11.625],
					"texture": "#0"
				},
				"down": {
					"uv": [6.28125, 11.625, 6.125, 11.8125],
					"texture": "#0"
				}
			}
		},
		{
			"from": [9.61764, 6.66311, 8.93922],
			"to": [10.62867, 8.48296, 9.7076],
			"rotation": {
				"angle": -22.5,
				"axis": "x",
				"origin": [1.52943, 6.93679, -6.47663]
			},
			"faces": {
				"north": {
					"uv": [7.5, 10.25, 7.65625, 10.53125],
					"texture": "#0"
				},
				"east": {
					"uv": [1.75, 11, 1.875, 11.28125],
					"texture": "#0"
				},
				"south": {
					"uv": [7.75, 10.25, 7.90625, 10.53125],
					"texture": "#0"
				},
				"west": {
					"uv": [4.375, 11, 4.5, 11.28125],
					"texture": "#0"
				},
				"up": {
					"uv": [12.53125, 10.25, 12.375, 10.125],
					"texture": "#0"
				},
				"down": {
					"uv": [10.40625, 12.375, 10.25, 12.5],
					"texture": "#0"
				}
			}
		},
		{
			"from": [9.51654, 5.40944, 10.77929],
			"to": [10.72977, 6.01605, 11.1837],
			"rotation": {
				"angle": -22.5,
				"axis": "x",
				"origin": [1.52943, 6.93679, -6.47663]
			},
			"faces": {
				"north": {
					"uv": [12.5, 12.5, 12.6875, 12.59375],
					"texture": "#0"
				},
				"east": {
					"uv": [10.25, 14.125, 10.3125, 14.21875],
					"texture": "#0"
				},
				"south": {
					"uv": [12.625, 0, 12.8125, 0.09375],
					"texture": "#0"
				},
				"west": {
					"uv": [14.125, 10.25, 14.1875, 10.34375],
					"texture": "#0"
				},
				"up": {
					"uv": [13.4375, 8.6875, 13.25, 8.625],
					"texture": "#0"
				},
				"down": {
					"uv": [8.9375, 13.25, 8.75, 13.3125],
					"texture": "#0"
				}
			}
		},
		{
			"from": [9.51573, 22.29181, 0.51967],
			"to": [10.73058, 22.89843, 1.12628],
			"rotation": {
				"angle": 45,
				"axis": "x",
				"origin": [1.52943, 6.93679, -6.47663]
			},
			"faces": {
				"north": {
					"uv": [12.125, 12.5, 12.3125, 12.59375],
					"texture": "#0"
				},
				"east": {
					"uv": [13.75, 5.375, 13.84375, 5.46875],
					"texture": "#0"
				},
				"south": {
					"uv": [12.5, 12.125, 12.6875, 12.21875],
					"texture": "#0"
				},
				"west": {
					"uv": [5.625, 13.75, 5.71875, 13.84375],
					"texture": "#0"
				},
				"up": {
					"uv": [12.6875, 12.34375, 12.5, 12.25],
					"texture": "#0"
				},
				"down": {
					"uv": [12.6875, 12.375, 12.5, 12.46875],
					"texture": "#0"
				}
			}
		},
		{
			"from": [9.51654, 11.83794, 9.33344],
			"to": [10.72977, 12.84897, 9.94005],
			"rotation": {
				"angle": 0,
				"axis": "y",
				"origin": [1.52943, 6.93679, -6.47663]
			},
			"faces": {
				"north": {
					"uv": [11.625, 5.25, 11.8125, 5.40625],
					"texture": "#0"
				},
				"east": {
					"uv": [6.875, 12.875, 6.96875, 13.03125],
					"texture": "#0"
				},
				"south": {
					"uv": [5.375, 11.625, 5.5625, 11.78125],
					"texture": "#0"
				},
				"west": {
					"uv": [7, 12.875, 7.09375, 13.03125],
					"texture": "#0"
				},
				"up": {
					"uv": [12.0625, 12.59375, 11.875, 12.5],
					"texture": "#0"
				},
				"down": {
					"uv": [12.6875, 12, 12.5, 12.09375],
					"texture": "#0"
				}
			}
		},
		{
			"from": [9.51573, 20.26976, 1.12628],
			"to": [10.73058, 22.49402, 1.9351],
			"rotation": {
				"angle": 45,
				"axis": "x",
				"origin": [1.52943, 6.93679, -6.47663]
			},
			"faces": {
				"north": {
					"uv": [8.625, 2.125, 8.8125, 2.46875],
					"texture": "#0"
				},
				"east": {
					"uv": [5.625, 5.75, 5.75, 6.09375],
					"texture": "#0"
				},
				"south": {
					"uv": [8.625, 2.5, 8.8125, 2.84375],
					"texture": "#0"
				},
				"west": {
					"uv": [1.75, 8, 1.875, 8.34375],
					"texture": "#0"
				},
				"up": {
					"uv": [12.1875, 7.125, 12, 7],
					"texture": "#0"
				},
				"down": {
					"uv": [12.1875, 9.625, 12, 9.75],
					"texture": "#0"
				}
			}
		},
		{
			"from": [9.41625, 16.95806, 6.68969],
			"to": [10.83006, 18.17129, 7.29631],
			"rotation": {
				"angle": 22.5,
				"axis": "x",
				"origin": [1.52943, 6.93679, -6.47663]
			},
			"faces": {
				"north": {
					"uv": [10.625, 6.25, 10.84375, 6.4375],
					"texture": "#0"
				},
				"east": {
					"uv": [11, 12.5, 11.09375, 12.6875],
					"texture": "#0"
				},
				"south": {
					"uv": [6.375, 10.625, 6.59375, 10.8125],
					"texture": "#0"
				},
				"west": {
					"uv": [12.5, 11.75, 12.59375, 11.9375],
					"texture": "#0"
				},
				"up": {
					"uv": [10.46875, 12.34375, 10.25, 12.25],
					"texture": "#0"
				},
				"down": {
					"uv": [10.71875, 12.25, 10.5, 12.34375],
					"texture": "#0"
				}
			}
		},
		{
			"from": [9.41544, 2.78077, 8.55503],
			"to": [10.83087, 4.80282, 10.77929],
			"rotation": {
				"angle": -22.5,
				"axis": "x",
				"origin": [1.52943, 6.93679, -6.47663]
			},
			"faces": {
				"north": {
					"uv": [2.25, 8.375, 2.46875, 8.6875],
					"texture": "#0"
				},
				"east": {
					"uv": [5.5, 6.625, 5.84375, 6.9375],
					"texture": "#0"
				},
				"south": {
					"uv": [8.375, 2.5, 8.59375, 2.8125],
					"texture": "#0"
				},
				"west": {
					"uv": [0.25, 6.75, 0.59375, 7.0625],
					"texture": "#0"
				},
				"up": {
					"uv": [8.09375, 8.46875, 7.875, 8.125],
					"texture": "#0"
				},
				"down": {
					"uv": [8.34375, 7.875, 8.125, 8.21875],
					"texture": "#0"
				}
			}
		},
		{
			"from": [9.41544, 2.57856, 10.77929],
			"to": [10.83087, 5.5712, 11.3859],
			"rotation": {
				"angle": -22.5,
				"axis": "x",
				"origin": [1.52943, 6.93679, -6.47663]
			},
			"faces": {
				"north": {
					"uv": [3.875, 6.375, 4.09375, 6.84375],
					"texture": "#0"
				},
				"east": {
					"uv": [6.125, 10.25, 6.21875, 10.71875],
					"texture": "#0"
				},
				"south": {
					"uv": [0.875, 6.875, 1.09375, 7.34375],
					"texture": "#0"
				},
				"west": {
					"uv": [10.25, 7.25, 10.34375, 7.71875],
					"texture": "#0"
				},
				"up": {
					"uv": [12.46875, 9.96875, 12.25, 9.875],
					"texture": "#0"
				},
				"down": {
					"uv": [10.21875, 12.25, 10, 12.34375],
					"texture": "#0"
				}
			}
		},
		{
			"from": [6.28126, 5.36738, 8.92903],
			"to": [9.71874, 5.97399, 10.34446],
			"rotation": {
				"angle": 0,
				"axis": "y",
				"origin": [1.52943, 6.93679, -6.47663]
			},
			"faces": {
				"north": {
					"uv": [9.75, 5.125, 10.28125, 5.21875],
					"texture": "#0"
				},
				"east": {
					"uv": [12.25, 9.625, 12.46875, 9.71875],
					"texture": "#0"
				},
				"south": {
					"uv": [9.75, 5.25, 10.28125, 5.34375],
					"texture": "#0"
				},
				"west": {
					"uv": [12.25, 9.75, 12.46875, 9.84375],
					"texture": "#0"
				},
				"up": {
					"uv": [6.90625, 5.34375, 6.375, 5.125],
					"texture": "#0"
				},
				"down": {
					"uv": [6.90625, 5.375, 6.375, 5.59375],
					"texture": "#0"
				}
			}
		},
		{
			"from": [6.18015, 5.97399, 8.72682],
			"to": [9.81985, 6.78281, 11.7599],
			"rotation": {
				"angle": 0,
				"axis": "y",
				"origin": [1.52943, 6.93679, -6.47663]
			},
			"faces": {
				"north": {
					"uv": [2.375, 0.625, 2.9375, 0.75],
					"texture": "#0"
				},
				"east": {
					"uv": [5.375, 5.125, 5.84375, 5.25],
					"texture": "#0"
				},
				"south": {
					"uv": [4, 0.375, 4.5625, 0.5],
					"texture": "#0"
				},
				"west": {
					"uv": [5.75, 1.5, 6.21875, 1.625],
					"texture": "#0"
				},
				"up": {
					"uv": [4.8125, 1.46875, 4.25, 1],
					"texture": "#0"
				},
				"down": {
					"uv": [4.5625, 4.25, 4, 4.71875],
					"texture": "#0"
				}
			}
		},
		{
			"from": [10.3481, 5.26924, 7.51359],
			"to": [11.96575, 6.28027, 8.92903],
			"rotation": {
				"angle": 22.5,
				"axis": "z",
				"origin": [1.52943, 6.93679, -6.47663]
			},
			"faces": {
				"north": {
					"uv": [1, 10.875, 1.25, 11.03125],
					"texture": "#0"
				},
				"east": {
					"uv": [11.25, 6.875, 11.46875, 7.03125],
					"texture": "#0"
				},
				"south": {
					"uv": [1.25, 10.875, 1.5, 11.03125],
					"texture": "#0"
				},
				"west": {
					"uv": [7, 11.25, 7.21875, 11.40625],
					"texture": "#0"
				},
				"up": {
					"uv": [2.75, 9.59375, 2.5, 9.375],
					"texture": "#0"
				},
				"down": {
					"uv": [3, 9.375, 2.75, 9.59375],
					"texture": "#0"
				}
			}
		},
		{
			"from": [6.9928, 1.1171, 10.34446],
			"to": [10.02588, 2.33033, 11.75909],
			"rotation": {
				"angle": 45,
				"axis": "z",
				"origin": [1.52943, 6.93679, -6.47663]
			},
			"faces": {
				"north": {
					"uv": [7.375, 3.125, 7.84375, 3.3125],
					"texture": "#0"
				},
				"east": {
					"uv": [5.75, 10.625, 5.96875, 10.8125],
					"texture": "#0"
				},
				"south": {
					"uv": [7.375, 4.5, 7.84375, 4.6875],
					"texture": "#0"
				},
				"west": {
					"uv": [10.625, 6, 10.84375, 6.1875],
					"texture": "#0"
				},
				"up": {
					"uv": [7.34375, 3.46875, 6.875, 3.25],
					"texture": "#0"
				},
				"down": {
					"uv": [6.34375, 6.875, 5.875, 7.09375],
					"texture": "#0"
				}
			}
		},
		{
			"from": [7.84206, 1.3193, 4.27831],
			"to": [10.47073, 2.73474, 7.51359],
			"rotation": {
				"angle": 45,
				"axis": "z",
				"origin": [1.52943, 6.93679, -6.47663]
			},
			"faces": {
				"north": {
					"uv": [7.375, 0.75, 7.78125, 0.96875],
					"texture": "#0"
				},
				"east": {
					"uv": [1.5, 6.5, 2, 6.71875],
					"texture": "#0"
				},
				"south": {
					"uv": [7.375, 1.875, 7.78125, 2.09375],
					"texture": "#0"
				},
				"west": {
					"uv": [2, 6.5, 2.5, 6.71875],
					"texture": "#0"
				},
				"up": {
					"uv": [5.03125, 0.875, 4.625, 0.375],
					"texture": "#0"
				},
				"down": {
					"uv": [5.03125, 2.25, 4.625, 2.75],
					"texture": "#0"
				}
			}
		},
		{
			"from": [7.92294, 1.19798, 7.51359],
			"to": [10.55161, 2.209, 8.92903],
			"rotation": {
				"angle": 45,
				"axis": "z",
				"origin": [1.52943, 6.93679, -6.47663]
			},
			"faces": {
				"north": {
					"uv": [8.625, 6.875, 9.03125, 7.03125],
					"texture": "#0"
				},
				"east": {
					"uv": [6.125, 11.25, 6.34375, 11.40625],
					"texture": "#0"
				},
				"south": {
					"uv": [8.625, 7.875, 9.03125, 8.03125],
					"texture": "#0"
				},
				"west": {
					"uv": [6.375, 11.25, 6.59375, 11.40625],
					"texture": "#0"
				},
				"up": {
					"uv": [7.78125, 0.46875, 7.375, 0.25],
					"texture": "#0"
				},
				"down": {
					"uv": [7.78125, 0.5, 7.375, 0.71875],
					"texture": "#0"
				}
			}
		},
		{
			"from": [7.92294, 1.03621, 8.92903],
			"to": [10.34941, 2.04724, 10.34446],
			"rotation": {
				"angle": 45,
				"axis": "z",
				"origin": [1.52943, 6.93679, -6.47663]
			},
			"faces": {
				"north": {
					"uv": [6.75, 9.125, 7.125, 9.28125],
					"texture": "#0"
				},
				"east": {
					"uv": [5.5, 11.25, 5.71875, 11.40625],
					"texture": "#0"
				},
				"south": {
					"uv": [9.125, 6.875, 9.5, 7.03125],
					"texture": "#0"
				},
				"west": {
					"uv": [11.25, 5.625, 11.46875, 5.78125],
					"texture": "#0"
				},
				"up": {
					"uv": [4.75, 7.96875, 4.375, 7.75],
					"texture": "#0"
				},
				"down": {
					"uv": [7.625, 7.75, 7.25, 7.96875],
					"texture": "#0"
				}
			}
		},
		{
			"from": [10.38855, 5.47145, 8.72682],
			"to": [11.60178, 7.08909, 10.34527],
			"rotation": {
				"angle": 22.5,
				"axis": "z",
				"origin": [1.52943, 6.93679, -6.47663]
			},
			"faces": {
				"north": {
					"uv": [0.75, 10.125, 0.9375, 10.375],
					"texture": "#0"
				},
				"east": {
					"uv": [2, 6, 2.25, 6.25],
					"texture": "#0"
				},
				"south": {
					"uv": [1, 10.125, 1.1875, 10.375],
					"texture": "#0"
				},
				"west": {
					"uv": [7.375, 4.75, 7.625, 5],
					"texture": "#0"
				},
				"up": {
					"uv": [1.4375, 10.375, 1.25, 10.125],
					"texture": "#0"
				},
				"down": {
					"uv": [10.3125, 1.375, 10.125, 1.625],
					"texture": "#0"
				}
			}
		},
		{
			"from": [9.98413, 5.10748, 10.34446],
			"to": [11.19737, 6.92733, 11.7599],
			"rotation": {
				"angle": 22.5,
				"axis": "z",
				"origin": [1.52943, 6.93679, -6.47663]
			},
			"faces": {
				"north": {
					"uv": [5.125, 9.625, 5.3125, 9.90625],
					"texture": "#0"
				},
				"east": {
					"uv": [5.5, 8.875, 5.71875, 9.15625],
					"texture": "#0"
				},
				"south": {
					"uv": [5.375, 9.625, 5.5625, 9.90625],
					"texture": "#0"
				},
				"west": {
					"uv": [8.875, 6, 9.09375, 6.28125],
					"texture": "#0"
				},
				"up": {
					"uv": [5.4375, 10.84375, 5.25, 10.625],
					"texture": "#0"
				},
				"down": {
					"uv": [5.6875, 10.625, 5.5, 10.84375],
					"texture": "#0"
				}
			}
		},
		{
			"from": [6.88868, 17.58043, 6.42406],
			"to": [9.11132, 18.79366, 7.23288],
			"rotation": {
				"angle": 45,
				"axis": "x",
				"origin": [1.52943, 6.93679, -6.47663]
			},
			"faces": {
				"north": {
					"uv": [8.625, 1.125, 8.96875, 1.3125],
					"texture": "#0"
				},
				"east": {
					"uv": [4.25, 12, 4.375, 12.1875],
					"texture": "#0"
				},
				"south": {
					"uv": [8.625, 1.875, 8.96875, 2.0625],
					"texture": "#0"
				},
				"west": {
					"uv": [5.625, 12, 5.75, 12.1875],
					"texture": "#0"
				},
				"up": {
					"uv": [10.84375, 5.75, 10.5, 5.625],
					"texture": "#0"
				},
				"down": {
					"uv": [10.84375, 6.625, 10.5, 6.75],
					"texture": "#0"
				}
			}
		},
		{
			"from": [6.88868, -1.10157, 6.20945],
			"to": [9.11132, -0.49496, 7.42268],
			"rotation": {
				"angle": -22.5,
				"axis": "x",
				"origin": [1.52943, 6.93679, -6.47663]
			},
			"faces": {
				"north": {
					"uv": [11.5, 0.375, 11.84375, 0.46875],
					"texture": "#0"
				},
				"east": {
					"uv": [12.5, 11.5, 12.6875, 11.59375],
					"texture": "#0"
				},
				"south": {
					"uv": [1.75, 11.5, 2.09375, 11.59375],
					"texture": "#0"
				},
				"west": {
					"uv": [11.625, 12.5, 11.8125, 12.59375],
					"texture": "#0"
				},
				"up": {
					"uv": [0.84375, 8.8125, 0.5, 8.625],
					"texture": "#0"
				},
				"down": {
					"uv": [8.96875, 0.875, 8.625, 1.0625],
					"texture": "#0"
				}
			}
		},
		{
			"from": [6.88787, 4.76076, 9.13123],
			"to": [9.11213, 5.36738, 10.74888],
			"rotation": {
				"angle": 0,
				"axis": "y",
				"origin": [1.52943, 6.93679, -6.47663]
			},
			"faces": {
				"north": {
					"uv": [11.375, 7.375, 11.71875, 7.46875],
					"texture": "#0"
				},
				"east": {
					"uv": [12, 6.5, 12.25, 6.59375],
					"texture": "#0"
				},
				"south": {
					"uv": [11.375, 9.625, 11.71875, 9.71875],
					"texture": "#0"
				},
				"west": {
					"uv": [12, 6.625, 12.25, 6.71875],
					"texture": "#0"
				},
				"up": {
					"uv": [5.21875, 7.875, 4.875, 7.625],
					"texture": "#0"
				},
				"down": {
					"uv": [7.96875, 5.125, 7.625, 5.375],
					"texture": "#0"
				}
			}
		},
		{
			"from": [6.78677, 5.56958, 9.53564],
			"to": [9.21323, 5.97399, 11.7599],
			"rotation": {
				"angle": 0,
				"axis": "y",
				"origin": [1.52943, 6.93679, -6.47663]
			},
			"faces": {
				"north": {
					"uv": [12, 6.25, 12.375, 6.3125],
					"texture": "#0"
				},
				"east": {
					"uv": [12.25, 5.5, 12.59375, 5.5625],
					"texture": "#0"
				},
				"south": {
					"uv": [12, 6.375, 12.375, 6.4375],
					"texture": "#0"
				},
				"west": {
					"uv": [5.625, 12.25, 5.96875, 12.3125],
					"texture": "#0"
				},
				"up": {
					"uv": [6.25, 3.46875, 5.875, 3.125],
					"texture": "#0"
				},
				"down": {
					"uv": [4.5, 5.875, 4.125, 6.21875],
					"texture": "#0"
				}
			}
		},
		{
			"from": [5.55332, 10.42251, 10.34446],
			"to": [10.44668, 10.62471, 11.76071],
			"rotation": {
				"angle": 0,
				"axis": "y",
				"origin": [1.52943, 6.93679, -6.47663]
			},
			"faces": {
				"north": {
					"uv": [12, 6, 12.75, 6.03125],
					"texture": "#0"
				},
				"east": {
					"uv": [14, 7.375, 14.21875, 7.40625],
					"texture": "#0"
				},
				"south": {
					"uv": [12, 6.125, 12.75, 6.15625],
					"texture": "#0"
				},
				"west": {
					"uv": [14, 7.5, 14.21875, 7.53125],
					"texture": "#0"
				},
				"up": {
					"uv": [5.875, 0.46875, 5.125, 0.25],
					"texture": "#0"
				},
				"down": {
					"uv": [5.875, 0.5, 5.125, 0.71875],
					"texture": "#0"
				}
			}
		},
		{
			"from": [5.87684, 6.78281, 10.34446],
			"to": [10.12316, 10.42251, 11.76071],
			"rotation": {
				"angle": 0,
				"axis": "y",
				"origin": [1.52943, 6.93679, -6.47663]
			},
			"faces": {
				"north": {
					"uv": [2.625, 1.375, 3.28125, 1.9375],
					"texture": "#0"
				},
				"east": {
					"uv": [3.375, 5.875, 3.59375, 6.4375],
					"texture": "#0"
				},
				"south": {
					"uv": [2.625, 2, 3.28125, 2.5625],
					"texture": "#0"
				},
				"west": {
					"uv": [4.875, 6, 5.09375, 6.5625],
					"texture": "#0"
				},
				"up": {
					"uv": [5.65625, 5.71875, 5, 5.5],
					"texture": "#0"
				},
				"down": {
					"uv": [6.28125, 0, 5.625, 0.21875],
					"texture": "#0"
				}
			}
		},
		{
			"from": [6.28206, 17.72197, 5.91855],
			"to": [9.71794, 18.733, 6.52516],
			"rotation": {
				"angle": 45,
				"axis": "x",
				"origin": [1.52943, 6.93679, -6.47663]
			},
			"faces": {
				"north": {
					"uv": [0.625, 7.75, 1.15625, 7.90625],
					"texture": "#0"
				},
				"east": {
					"uv": [6, 12.875, 6.09375, 13.03125],
					"texture": "#0"
				},
				"south": {
					"uv": [1.25, 7.75, 1.78125, 7.90625],
					"texture": "#0"
				},
				"west": {
					"uv": [6.75, 12.875, 6.84375, 13.03125],
					"texture": "#0"
				},
				"up": {
					"uv": [10.28125, 4.96875, 9.75, 4.875],
					"texture": "#0"
				},
				"down": {
					"uv": [10.28125, 5, 9.75, 5.09375],
					"texture": "#0"
				}
			}
		},
		{
			"from": [5.67545, 0.17232, 6.29033],
			"to": [10.32455, 1.18335, 8.919],
			"rotation": {
				"angle": -22.5,
				"axis": "x",
				"origin": [1.52943, 6.93679, -6.47663]
			},
			"faces": {
				"north": {
					"uv": [6.375, 6.125, 7.09375, 6.28125],
					"texture": "#0"
				},
				"east": {
					"uv": [8.625, 3.125, 9.03125, 3.28125],
					"texture": "#0"
				},
				"south": {
					"uv": [6.375, 6.375, 7.09375, 6.53125],
					"texture": "#0"
				},
				"west": {
					"uv": [8.625, 4.875, 9.03125, 5.03125],
					"texture": "#0"
				},
				"up": {
					"uv": [1.34375, 3.78125, 0.625, 3.375],
					"texture": "#0"
				},
				"down": {
					"uv": [4.09375, 1.875, 3.375, 2.28125],
					"texture": "#0"
				}
			}
		},
		{
			"from": [6.28206, -0.49496, 6.24989],
			"to": [9.71794, 1.12268, 7.46312],
			"rotation": {
				"angle": -22.5,
				"axis": "x",
				"origin": [1.52943, 6.93679, -6.47663]
			},
			"faces": {
				"north": {
					"uv": [5.75, 4.25, 6.28125, 4.5],
					"texture": "#0"
				},
				"east": {
					"uv": [10.125, 0.25, 10.3125, 0.5],
					"texture": "#0"
				},
				"south": {
					"uv": [4.5, 5.75, 5.03125, 6],
					"texture": "#0"
				},
				"west": {
					"uv": [10.125, 0.5, 10.3125, 0.75],
					"texture": "#0"
				},
				"up": {
					"uv": [5.65625, 7.1875, 5.125, 7],
					"texture": "#0"
				},
				"down": {
					"uv": [0.53125, 7.125, 0, 7.3125],
					"texture": "#0"
				}
			}
		},
		{
			"from": [6.88787, 4.96297, 4.48051],
			"to": [9.11213, 5.56958, 5.49154],
			"rotation": {
				"angle": 0,
				"axis": "y",
				"origin": [1.52943, 6.93679, -6.47663]
			},
			"faces": {
				"north": {
					"uv": [11.375, 2.375, 11.71875, 2.46875],
					"texture": "#0"
				},
				"east": {
					"uv": [12.875, 6.375, 13.03125, 6.46875],
					"texture": "#0"
				},
				"south": {
					"uv": [11.375, 5.5, 11.71875, 5.59375],
					"texture": "#0"
				},
				"west": {
					"uv": [6.5, 12.875, 6.65625, 12.96875],
					"texture": "#0"
				},
				"up": {
					"uv": [9.84375, 7.03125, 9.5, 6.875],
					"texture": "#0"
				},
				"down": {
					"uv": [9.84375, 7.875, 9.5, 8.03125],
					"texture": "#0"
				}
			}
		},
		{
			"from": [6.88787, 4.35635, 6.09815],
			"to": [9.11213, 5.16517, 8.32241],
			"rotation": {
				"angle": 0,
				"axis": "y",
				"origin": [1.52943, 6.93679, -6.47663]
			},
			"faces": {
				"north": {
					"uv": [5.25, 10.5, 5.59375, 10.625],
					"texture": "#0"
				},
				"east": {
					"uv": [10.5, 5.375, 10.84375, 5.5],
					"texture": "#0"
				},
				"south": {
					"uv": [10.5, 5.5, 10.84375, 5.625],
					"texture": "#0"
				},
				"west": {
					"uv": [5.625, 10.5, 5.96875, 10.625],
					"texture": "#0"
				},
				"up": {
					"uv": [6.71875, 5.09375, 6.375, 4.75],
					"texture": "#0"
				},
				"down": {
					"uv": [5.46875, 6.375, 5.125, 6.71875],
					"texture": "#0"
				}
			}
		},
		{
			"from": [6.88868, 9.37536, 4.50588],
			"to": [9.11132, 10.18418, 6.12352],
			"rotation": {
				"angle": 22.5,
				"axis": "x",
				"origin": [1.52943, 6.93679, -6.47663]
			},
			"faces": {
				"north": {
					"uv": [10.5, 1.125, 10.84375, 1.25],
					"texture": "#0"
				},
				"east": {
					"uv": [8.875, 4.375, 9.125, 4.5],
					"texture": "#0"
				},
				"south": {
					"uv": [10.5, 4.75, 10.84375, 4.875],
					"texture": "#0"
				},
				"west": {
					"uv": [8.875, 6.75, 9.125, 6.875],
					"texture": "#0"
				},
				"up": {
					"uv": [7.96875, 1.25, 7.625, 1],
					"texture": "#0"
				},
				"down": {
					"uv": [7.96875, 2.5, 7.625, 2.75],
					"texture": "#0"
				}
			}
		},
		{
			"from": [5.67545, 10.48749, 4.04081],
			"to": [10.32455, 11.49851, 5.65845],
			"rotation": {
				"angle": 22.5,
				"axis": "x",
				"origin": [1.52943, 6.93679, -6.47663]
			},
			"faces": {
				"north": {
					"uv": [6.375, 5.625, 7.09375, 5.78125],
					"texture": "#0"
				},
				"east": {
					"uv": [0.75, 10.875, 1, 11.03125],
					"texture": "#0"
				},
				"south": {
					"uv": [6.375, 5.875, 7.09375, 6.03125],
					"texture": "#0"
				},
				"west": {
					"uv": [10.875, 0.875, 11.125, 1.03125],
					"texture": "#0"
				},
				"up": {
					"uv": [5.59375, 1.375, 4.875, 1.125],
					"texture": "#0"
				},
				"down": {
					"uv": [5.59375, 3.75, 4.875, 4],
					"texture": "#0"
				}
			}
		},
		{
			"from": [6.28206, 9.94153, 4.28345],
			"to": [9.71794, 10.75036, 5.90109],
			"rotation": {
				"angle": 22.5,
				"axis": "x",
				"origin": [1.52943, 6.93679, -6.47663]
			},
			"faces": {
				"north": {
					"uv": [8.25, 5.125, 8.78125, 5.25],
					"texture": "#0"
				},
				"east": {
					"uv": [7.875, 4.125, 8.125, 4.25],
					"texture": "#0"
				},
				"south": {
					"uv": [8.5, 4.5, 9.03125, 4.625],
					"texture": "#0"
				},
				"west": {
					"uv": [8.625, 4.25, 8.875, 4.375],
					"texture": "#0"
				},
				"up": {
					"uv": [6.28125, 2.75, 5.75, 2.5],
					"texture": "#0"
				},
				"down": {
					"uv": [6.28125, 3.5, 5.75, 3.75],
					"texture": "#0"
				}
			}
		},
		{
			"from": [5.67464, 5.56958, 6.09815],
			"to": [10.32536, 11.02912, 7.918],
			"rotation": {
				"angle": 0,
				"axis": "y",
				"origin": [1.52943, 6.93679, -6.47663]
			},
			"faces": {
				"north": {
					"uv": [0.875, 0, 1.59375, 0.84375],
					"texture": "#0"
				},
				"east": {
					"uv": [2.5, 4, 2.78125, 4.84375],
					"texture": "#0"
				},
				"south": {
					"uv": [0.875, 0.875, 1.59375, 1.71875],
					"texture": "#0"
				},
				"west": {
					"uv": [0.625, 4.375, 0.90625, 5.21875],
					"texture": "#0"
				},
				"up": {
					"uv": [5.34375, 4.53125, 4.625, 4.25],
					"texture": "#0"
				},
				"down": {
					"uv": [5.34375, 4.625, 4.625, 4.90625],
					"texture": "#0"
				}
			}
		},
		{
			"from": [6.28126, 4.96297, 6.09815],
			"to": [9.71874, 5.56958, 8.12021],
			"rotation": {
				"angle": 0,
				"axis": "y",
				"origin": [1.52943, 6.93679, -6.47663]
			},
			"faces": {
				"north": {
					"uv": [9.75, 2, 10.28125, 2.09375],
					"texture": "#0"
				},
				"east": {
					"uv": [5, 11.625, 5.3125, 11.71875],
					"texture": "#0"
				},
				"south": {
					"uv": [4.25, 9.75, 4.78125, 9.84375],
					"texture": "#0"
				},
				"west": {
					"uv": [11.625, 5.125, 11.9375, 5.21875],
					"texture": "#0"
				},
				"up": {
					"uv": [3.90625, 5.3125, 3.375, 5],
					"texture": "#0"
				},
				"down": {
					"uv": [4.53125, 5, 4, 5.3125],
					"texture": "#0"
				}
			}
		},
		{
			"from": [6.28126, 5.56958, 4.48051],
			"to": [9.71874, 6.1762, 5.89595],
			"rotation": {
				"angle": 0,
				"axis": "y",
				"origin": [1.52943, 6.93679, -6.47663]
			},
			"faces": {
				"north": {
					"uv": [9.75, 0.875, 10.28125, 0.96875],
					"texture": "#0"
				},
				"east": {
					"uv": [12.25, 9.375, 12.46875, 9.46875],
					"texture": "#0"
				},
				"south": {
					"uv": [9.75, 1.875, 10.28125, 1.96875],
					"texture": "#0"
				},
				"west": {
					"uv": [12.25, 9.5, 12.46875, 9.59375],
					"texture": "#0"
				},
				"up": {
					"uv": [6.90625, 3.71875, 6.375, 3.5],
					"texture": "#0"
				},
				"down": {
					"uv": [6.90625, 4.25, 6.375, 4.46875],
					"texture": "#0"
				}
			}
		},
		{
			"from": [9.82066, 13.50035, 1.59412],
			"to": [11.23448, 15.32019, 2.20074],
			"rotation": {
				"angle": 22.5,
				"axis": "x",
				"origin": [1.52943, 6.93679, -6.47663]
			},
			"faces": {
				"north": {
					"uv": [8.875, 4, 9.09375, 4.28125],
					"texture": "#0"
				},
				"east": {
					"uv": [2.625, 11.875, 2.71875, 12.15625],
					"texture": "#0"
				},
				"south": {
					"uv": [4.875, 8.875, 5.09375, 9.15625],
					"texture": "#0"
				},
				"west": {
					"uv": [2.75, 11.875, 2.84375, 12.15625],
					"texture": "#0"
				},
				"up": {
					"uv": [12.46875, 9.21875, 12.25, 9.125],
					"texture": "#0"
				},
				"down": {
					"uv": [12.46875, 9.25, 12.25, 9.34375],
					"texture": "#0"
				}
			}
		}
	]
}