{
	"textures": {
		"0": "animated_java:item/dino_aj/texture"
	},
	"display": {
		"head": {
			"rotation": [0, 180, 0]
		}
	},
	"elements": [
		{
			"from": [6.06715, 10.88641, 6.31058],
			"to": [7.56715, 11.63641, 8.05958],
			"rotation": {
				"angle": -22.5,
				"axis": "z",
				"origin": [8, 6.97205, -6.0369]
			},
			"faces": {
				"north": {
					"uv": [11.375, 12.5, 11.5625, 12.59375],
					"texture": "#0"
				},
				"east": {
					"uv": [8.875, 12.25, 9.09375, 12.34375],
					"texture": "#0"
				},
				"south": {
					"uv": [12.5, 11.375, 12.6875, 11.46875],
					"texture": "#0"
				},
				"west": {
					"uv": [9.125, 12.25, 9.34375, 12.34375],
					"texture": "#0"
				},
				"up": {
					"uv": [4.6875, 10.84375, 4.5, 10.625],
					"texture": "#0"
				},
				"down": {
					"uv": [10.8125, 4.875, 10.625, 5.09375],
					"texture": "#0"
				}
			}
		},
		{
			"from": [8.43285, 10.88641, 6.31058],
			"to": [9.93285, 11.63641, 8.05958],
			"rotation": {
				"angle": 22.5,
				"axis": "z",
				"origin": [8, 6.97205, -6.0369]
			},
			"faces": {
				"north": {
					"uv": [12.5, 10.875, 12.6875, 10.96875],
					"texture": "#0"
				},
				"east": {
					"uv": [8.375, 12.25, 8.59375, 12.34375],
					"texture": "#0"
				},
				"south": {
					"uv": [12.5, 11, 12.6875, 11.09375],
					"texture": "#0"
				},
				"west": {
					"uv": [8.625, 12.25, 8.84375, 12.34375],
					"texture": "#0"
				},
				"up": {
					"uv": [1.4375, 10.84375, 1.25, 10.625],
					"texture": "#0"
				},
				"down": {
					"uv": [2.4375, 10.625, 2.25, 10.84375],
					"texture": "#0"
				}
			}
		},
		{
			"from": [6.01715, 11.26141, 4.56058],
			"to": [7.26715, 11.76141, 6.31058],
			"rotation": {
				"angle": -22.5,
				"axis": "z",
				"origin": [8, 6.97205, -6.0369]
			},
			"faces": {
				"north": {
					"uv": [13.625, 4.5, 13.78125, 4.5625],
					"texture": "#0"
				},
				"east": {
					"uv": [13.125, 0.625, 13.34375, 0.6875],
					"texture": "#0"
				},
				"south": {
					"uv": [13.625, 4.625, 13.78125, 4.6875],
					"texture": "#0"
				},
				"west": {
					"uv": [13.125, 0.75, 13.34375, 0.8125],
					"texture": "#0"
				},
				"up": {
					"uv": [3.65625, 11.46875, 3.5, 11.25],
					"texture": "#0"
				},
				"down": {
					"uv": [3.90625, 11.25, 3.75, 11.46875],
					"texture": "#0"
				}
			}
		},
		{
			"from": [8.73285, 11.26141, 4.56058],
			"to": [9.98285, 11.76141, 6.31058],
			"rotation": {
				"angle": 22.5,
				"axis": "z",
				"origin": [8, 6.97205, -6.0369]
			},
			"faces": {
				"north": {
					"uv": [13.625, 4.25, 13.78125, 4.3125],
					"texture": "#0"
				},
				"east": {
					"uv": [13.125, 0.375, 13.34375, 0.4375],
					"texture": "#0"
				},
				"south": {
					"uv": [13.625, 4.375, 13.78125, 4.4375],
					"texture": "#0"
				},
				"west": {
					"uv": [13.125, 0.5, 13.34375, 0.5625],
					"texture": "#0"
				},
				"up": {
					"uv": [3.15625, 11.46875, 3, 11.25],
					"texture": "#0"
				},
				"down": {
					"uv": [3.40625, 11.25, 3.25, 11.46875],
					"texture": "#0"
				}
			}
		},
		{
			"from": [5, 5.22871, 1.81058],
			"to": [11, 8.97871, 6.31058],
			"rotation": {
				"angle": 0,
				"axis": "y",
				"origin": [0, 6.97205, -5.7869]
			},
			"faces": {
				"north": {
					"uv": [2.125, 2.625, 2.875, 3.09375],
					"texture": "#0"
				},
				"east": {
					"uv": [0.75, 3.875, 1.3125, 4.34375],
					"texture": "#0"
				},
				"south": {
					"uv": [0, 2.875, 0.75, 3.34375],
					"texture": "#0"
				},
				"west": {
					"uv": [0, 4.25, 0.5625, 4.71875],
					"texture": "#0"
				},
				"up": {
					"uv": [3.125, 0.5625, 2.375, 0],
					"texture": "#0"
				},
				"down": {
					"uv": [2.125, 2.625, 1.375, 3.1875],
					"texture": "#0"
				}
			}
		},
		{
			"from": [7.78285, 12.26141, 0.31158],
			"to": [8.03285, 13.01141, 0.81158],
			"rotation": {
				"angle": 22.5,
				"axis": "z",
				"origin": [16, 6.97205, -5.7869]
			},
			"faces": {
				"north": {
					"uv": [14.65625, 7.75, 14.625, 7.84375],
					"texture": "#0"
				},
				"east": {
					"uv": [14.1875, 10.125, 14.125, 10.21875],
					"texture": "#0"
				},
				"south": {
					"uv": [7.90625, 14.625, 7.875, 14.71875],
					"texture": "#0"
				},
				"west": {
					"uv": [10.1875, 14.125, 10.125, 14.21875],
					"texture": "#0"
				},
				"up": {
					"uv": [9.625, 14.8125, 9.65625, 14.75],
					"texture": "#0"
				},
				"down": {
					"uv": [14.75, 9.625, 14.78125, 9.6875],
					"texture": "#0"
				}
			}
		},
		{
			"from": [7.96715, 12.26141, 0.31158],
			"to": [8.21715, 13.01141, 0.81158],
			"rotation": {
				"angle": -22.5,
				"axis": "z",
				"origin": [0, 6.97205, -5.7869]
			},
			"faces": {
				"north": {
					"uv": [14.625, 7.75, 14.65625, 7.84375],
					"texture": "#0"
				},
				"east": {
					"uv": [10.125, 14.125, 10.1875, 14.21875],
					"texture": "#0"
				},
				"south": {
					"uv": [7.875, 14.625, 7.90625, 14.71875],
					"texture": "#0"
				},
				"west": {
					"uv": [14.125, 10.125, 14.1875, 10.21875],
					"texture": "#0"
				},
				"up": {
					"uv": [9.65625, 14.8125, 9.625, 14.75],
					"texture": "#0"
				},
				"down": {
					"uv": [14.78125, 9.625, 14.75, 9.6875],
					"texture": "#0"
				}
			}
		},
		{
			"from": [6.375, 5.97871, 0.31058],
			"to": [9.625, 9.97871, 0.56058],
			"rotation": {
				"angle": 0,
				"axis": "y",
				"origin": [0, 6.97205, -5.7869]
			},
			"faces": {
				"north": {
					"uv": [4.5, 2.75, 4.90625, 3.25],
					"texture": "#0"
				},
				"east": {
					"uv": [4.5, 12.75, 4.53125, 13.25],
					"texture": "#0"
				},
				"south": {
					"uv": [4.5, 3.25, 4.90625, 3.75],
					"texture": "#0"
				},
				"west": {
					"uv": [12.75, 6, 12.78125, 6.5],
					"texture": "#0"
				},
				"up": {
					"uv": [7.28125, 13.15625, 6.875, 13.125],
					"texture": "#0"
				},
				"down": {
					"uv": [13.53125, 6.875, 13.125, 6.90625],
					"texture": "#0"
				}
			}
		},
		{
			"from": [6.125, 8.22871, 0.56058],
			"to": [9.875, 9.97871, 2.31058],
			"rotation": {
				"angle": 0,
				"axis": "y",
				"origin": [0, 6.97205, -5.7869]
			},
			"faces": {
				"north": {
					"uv": [5, 6.75, 5.46875, 6.96875],
					"texture": "#0"
				},
				"east": {
					"uv": [8.625, 9.875, 8.84375, 10.09375],
					"texture": "#0"
				},
				"south": {
					"uv": [1.875, 6.875, 2.34375, 7.09375],
					"texture": "#0"
				},
				"west": {
					"uv": [9.25, 9.875, 9.46875, 10.09375],
					"texture": "#0"
				},
				"up": {
					"uv": [2.84375, 7.09375, 2.375, 6.875],
					"texture": "#0"
				},
				"down": {
					"uv": [7.34375, 3, 6.875, 3.21875],
					"texture": "#0"
				}
			}
		},
		{
			"from": [5.751, 9.29478, 3.43004],
			"to": [6.999, 11.99478, 4.43004],
			"rotation": {
				"angle": -22.5,
				"axis": "x",
				"origin": [15.5, 6.97205, -5.7869]
			},
			"faces": {
				"north": {
					"uv": [9.65625, 5.625, 9.5, 5.96875],
					"texture": "#0"
				},
				"east": {
					"uv": [4.625, 5.375, 4.5, 5.71875],
					"texture": "#0"
				},
				"south": {
					"uv": [8.40625, 9.5, 8.25, 9.84375],
					"texture": "#0"
				},
				"west": {
					"uv": [2.125, 3.25, 2, 3.59375],
					"texture": "#0"
				},
				"up": {
					"uv": [10, 12.5, 10.15625, 12.375],
					"texture": "#0"
				},
				"down": {
					"uv": [12.375, 10, 12.53125, 10.125],
					"texture": "#0"
				}
			}
		},
		{
			"from": [5.749, 17.38147, -6.91202],
			"to": [7.001, 18.38147, -3.91202],
			"rotation": {
				"angle": 45,
				"axis": "x",
				"origin": [16, 6.97205, -5.7869]
			},
			"faces": {
				"north": {
					"uv": [9.65625, 12.375, 9.5, 12.5],
					"texture": "#0"
				},
				"east": {
					"uv": [7.75, 3.375, 7.375, 3.5],
					"texture": "#0"
				},
				"south": {
					"uv": [9.90625, 12.375, 9.75, 12.5],
					"texture": "#0"
				},
				"west": {
					"uv": [3.625, 6.875, 3.25, 7],
					"texture": "#0"
				},
				"up": {
					"uv": [9.125, 6.5, 9.28125, 6.125],
					"texture": "#0"
				},
				"down": {
					"uv": [9.125, 6.5, 9.28125, 6.875],
					"texture": "#0"
				}
			}
		},
		{
			"from": [5.75, 16.38147, -4.41202],
			"to": [7, 18.13147, -3.16202],
			"rotation": {
				"angle": 45,
				"axis": "x",
				"origin": [16, 6.97205, -5.7869]
			},
			"faces": {
				"north": {
					"uv": [11.40625, 0.25, 11.25, 0.46875],
					"texture": "#0"
				},
				"east": {
					"uv": [1.15625, 11.25, 1, 11.46875],
					"texture": "#0"
				},
				"south": {
					"uv": [0.90625, 11.25, 0.75, 11.46875],
					"texture": "#0"
				},
				"west": {
					"uv": [0.65625, 11.25, 0.5, 11.46875],
					"texture": "#0"
				},
				"up": {
					"uv": [6.625, 12.03125, 6.78125, 11.875],
					"texture": "#0"
				},
				"down": {
					"uv": [11.875, 6.75, 12.03125, 6.90625],
					"texture": "#0"
				}
			}
		},
		{
			"from": [5.5, 10.35371, 2.23558],
			"to": [7.25, 11.60371, 3.48558],
			"rotation": {
				"angle": 0,
				"axis": "y",
				"origin": [16, 6.97205, -5.7869]
			},
			"faces": {
				"north": {
					"uv": [11.46875, 1.625, 11.25, 1.78125],
					"texture": "#0"
				},
				"east": {
					"uv": [12.03125, 7.125, 11.875, 7.28125],
					"texture": "#0"
				},
				"south": {
					"uv": [2.09375, 11.25, 1.875, 11.40625],
					"texture": "#0"
				},
				"west": {
					"uv": [7.15625, 11.875, 7, 12.03125],
					"texture": "#0"
				},
				"up": {
					"uv": [11.25, 2.03125, 11.46875, 1.875],
					"texture": "#0"
				},
				"down": {
					"uv": [11.25, 2.875, 11.46875, 3.03125],
					"texture": "#0"
				}
			}
		},
		{
			"from": [5.626, 8.16978, 3.55504],
			"to": [7.124, 8.66978, 4.55504],
			"rotation": {
				"angle": -22.5,
				"axis": "x",
				"origin": [16, 6.97205, -5.7869]
			},
			"faces": {
				"north": {
					"uv": [13.4375, 8.375, 13.25, 8.4375],
					"texture": "#0"
				},
				"east": {
					"uv": [14, 10, 13.875, 10.0625],
					"texture": "#0"
				},
				"south": {
					"uv": [13.4375, 8.5, 13.25, 8.5625],
					"texture": "#0"
				},
				"west": {
					"uv": [9.875, 13.875, 9.75, 13.9375],
					"texture": "#0"
				},
				"up": {
					"uv": [5.875, 12.125, 6.0625, 12],
					"texture": "#0"
				},
				"down": {
					"uv": [12, 5.875, 12.1875, 6],
					"texture": "#0"
				}
			}
		},
		{
			"from": [5.626, 12.87871, 3.21058],
			"to": [7.124, 13.62871, 3.71058],
			"rotation": {
				"angle": 0,
				"axis": "y",
				"origin": [16, 6.97205, -5.7869]
			},
			"faces": {
				"north": {
					"uv": [10.9375, 12.5, 10.75, 12.59375],
					"texture": "#0"
				},
				"east": {
					"uv": [10.0625, 14.125, 10, 14.21875],
					"texture": "#0"
				},
				"south": {
					"uv": [12.6875, 10.75, 12.5, 10.84375],
					"texture": "#0"
				},
				"west": {
					"uv": [14.1875, 9.875, 14.125, 9.96875],
					"texture": "#0"
				},
				"up": {
					"uv": [13.25, 8.1875, 13.4375, 8.125],
					"texture": "#0"
				},
				"down": {
					"uv": [13.25, 8.25, 13.4375, 8.3125],
					"texture": "#0"
				}
			}
		},
		{
			"from": [5.625, 16.38147, -3.66202],
			"to": [7.125, 18.63147, -2.41202],
			"rotation": {
				"angle": 45,
				"axis": "x",
				"origin": [16, 6.97205, -5.7869]
			},
			"faces": {
				"north": {
					"uv": [9.8125, 4.375, 9.625, 4.65625],
					"texture": "#0"
				},
				"east": {
					"uv": [7.40625, 10.25, 7.25, 10.53125],
					"texture": "#0"
				},
				"south": {
					"uv": [5.0625, 9.625, 4.875, 9.90625],
					"texture": "#0"
				},
				"west": {
					"uv": [10.40625, 6.875, 10.25, 7.15625],
					"texture": "#0"
				},
				"up": {
					"uv": [4.75, 11.78125, 4.9375, 11.625],
					"texture": "#0"
				},
				"down": {
					"uv": [11.625, 4.875, 11.8125, 5.03125],
					"texture": "#0"
				}
			}
		},
		{
			"from": [5.624, 16.55304, -0.01066],
			"to": [7.126, 17.05304, 1.98934],
			"rotation": {
				"angle": 22.5,
				"axis": "x",
				"origin": [16, 6.97205, -5.7869]
			},
			"faces": {
				"north": {
					"uv": [13.4375, 7.875, 13.25, 7.9375],
					"texture": "#0"
				},
				"east": {
					"uv": [13, 5.875, 12.75, 5.9375],
					"texture": "#0"
				},
				"south": {
					"uv": [13.4375, 8, 13.25, 8.0625],
					"texture": "#0"
				},
				"west": {
					"uv": [5.375, 12.75, 5.125, 12.8125],
					"texture": "#0"
				},
				"up": {
					"uv": [10, 10.125, 10.1875, 9.875],
					"texture": "#0"
				},
				"down": {
					"uv": [10.125, 0, 10.3125, 0.25],
					"texture": "#0"
				}
			}
		},
		{
			"from": [5.5, 14.70304, 1.28934],
			"to": [7.25, 16.45304, 2.53934],
			"rotation": {
				"angle": 22.5,
				"axis": "x",
				"origin": [15.5, 6.97205, -5.7869]
			},
			"faces": {
				"north": {
					"uv": [10.09375, 8.125, 9.875, 8.34375],
					"texture": "#0"
				},
				"east": {
					"uv": [1.40625, 11.25, 1.25, 11.46875],
					"texture": "#0"
				},
				"south": {
					"uv": [8.59375, 9.875, 8.375, 10.09375],
					"texture": "#0"
				},
				"west": {
					"uv": [11.40625, 1.125, 11.25, 1.34375],
					"texture": "#0"
				},
				"up": {
					"uv": [11.25, 1.53125, 11.46875, 1.375],
					"texture": "#0"
				},
				"down": {
					"uv": [1.5, 11.25, 1.71875, 11.40625],
					"texture": "#0"
				}
			}
		},
		{
			"from": [5.499, 6.16978, 5.90504],
			"to": [7.251, 8.66978, 6.90504],
			"rotation": {
				"angle": -22.5,
				"axis": "x",
				"origin": [15.5, 6.97205, -5.7869]
			},
			"faces": {
				"north": {
					"uv": [2.21875, 8.375, 2, 8.6875],
					"texture": "#0"
				},
				"east": {
					"uv": [11, 0.25, 10.875, 0.5625],
					"texture": "#0"
				},
				"south": {
					"uv": [8.59375, 2.125, 8.375, 2.4375],
					"texture": "#0"
				},
				"west": {
					"uv": [10.625, 10.75, 10.5, 11.0625],
					"texture": "#0"
				},
				"up": {
					"uv": [2.375, 11.875, 2.59375, 11.75],
					"texture": "#0"
				},
				"down": {
					"uv": [11.75, 2.375, 11.96875, 2.5],
					"texture": "#0"
				}
			}
		},
		{
			"from": [5.5, 14.30304, 2.73934],
			"to": [7.25, 16.30304, 5.23934],
			"rotation": {
				"angle": 22.5,
				"axis": "x",
				"origin": [16, 6.97205, -5.7869]
			},
			"faces": {
				"north": {
					"uv": [1.96875, 9.375, 1.75, 9.625],
					"texture": "#0"
				},
				"east": {
					"uv": [8.1875, 3.125, 7.875, 3.375],
					"texture": "#0"
				},
				"south": {
					"uv": [2.46875, 9.375, 2.25, 9.625],
					"texture": "#0"
				},
				"west": {
					"uv": [8.1875, 1.875, 7.875, 2.125],
					"texture": "#0"
				},
				"up": {
					"uv": [8.375, 1.3125, 8.59375, 1],
					"texture": "#0"
				},
				"down": {
					"uv": [1.75, 8.375, 1.96875, 8.6875],
					"texture": "#0"
				}
			}
		},
		{
			"from": [5.499, 6.41978, 3.40504],
			"to": [7.251, 8.16978, 5.65504],
			"rotation": {
				"angle": -22.5,
				"axis": "x",
				"origin": [15.5, 6.97205, -5.7869]
			},
			"faces": {
				"north": {
					"uv": [10.09375, 7.875, 9.875, 8.09375],
					"texture": "#0"
				},
				"east": {
					"uv": [2.78125, 8.875, 2.5, 9.09375],
					"texture": "#0"
				},
				"south": {
					"uv": [8.34375, 9.875, 8.125, 10.09375],
					"texture": "#0"
				},
				"west": {
					"uv": [9.15625, 1.625, 8.875, 1.84375],
					"texture": "#0"
				},
				"up": {
					"uv": [8.875, 2.78125, 9.09375, 2.5],
					"texture": "#0"
				},
				"down": {
					"uv": [8.875, 3.625, 9.09375, 3.90625],
					"texture": "#0"
				}
			}
		},
		{
			"from": [8.75, 10.35371, 2.23558],
			"to": [10.5, 11.60371, 3.48558],
			"rotation": {
				"angle": 0,
				"axis": "y",
				"origin": [0, 6.97205, -5.7869]
			},
			"faces": {
				"north": {
					"uv": [11.25, 1.625, 11.46875, 1.78125],
					"texture": "#0"
				},
				"east": {
					"uv": [7, 11.875, 7.15625, 12.03125],
					"texture": "#0"
				},
				"south": {
					"uv": [1.875, 11.25, 2.09375, 11.40625],
					"texture": "#0"
				},
				"west": {
					"uv": [11.875, 7.125, 12.03125, 7.28125],
					"texture": "#0"
				},
				"up": {
					"uv": [11.46875, 2.03125, 11.25, 1.875],
					"texture": "#0"
				},
				"down": {
					"uv": [11.46875, 2.875, 11.25, 3.03125],
					"texture": "#0"
				}
			}
		},
		{
			"from": [8.749, 6.16978, 5.90504],
			"to": [10.501, 8.66978, 6.90504],
			"rotation": {
				"angle": -22.5,
				"axis": "x",
				"origin": [0.5, 6.97205, -5.7869]
			},
			"faces": {
				"north": {
					"uv": [2, 8.375, 2.21875, 8.6875],
					"texture": "#0"
				},
				"east": {
					"uv": [10.5, 10.75, 10.625, 11.0625],
					"texture": "#0"
				},
				"south": {
					"uv": [8.375, 2.125, 8.59375, 2.4375],
					"texture": "#0"
				},
				"west": {
					"uv": [10.875, 0.25, 11, 0.5625],
					"texture": "#0"
				},
				"up": {
					"uv": [2.59375, 11.875, 2.375, 11.75],
					"texture": "#0"
				},
				"down": {
					"uv": [11.96875, 2.375, 11.75, 2.5],
					"texture": "#0"
				}
			}
		},
		{
			"from": [8.75, 14.70304, 1.28934],
			"to": [10.5, 16.45304, 2.53934],
			"rotation": {
				"angle": 22.5,
				"axis": "x",
				"origin": [0.5, 6.97205, -5.7869]
			},
			"faces": {
				"north": {
					"uv": [9.875, 8.125, 10.09375, 8.34375],
					"texture": "#0"
				},
				"east": {
					"uv": [11.25, 1.125, 11.40625, 1.34375],
					"texture": "#0"
				},
				"south": {
					"uv": [8.375, 9.875, 8.59375, 10.09375],
					"texture": "#0"
				},
				"west": {
					"uv": [1.25, 11.25, 1.40625, 11.46875],
					"texture": "#0"
				},
				"up": {
					"uv": [11.46875, 1.53125, 11.25, 1.375],
					"texture": "#0"
				},
				"down": {
					"uv": [1.71875, 11.25, 1.5, 11.40625],
					"texture": "#0"
				}
			}
		},
		{
			"from": [8.749, 6.41978, 3.40504],
			"to": [10.501, 8.16978, 5.65504],
			"rotation": {
				"angle": -22.5,
				"axis": "x",
				"origin": [0.5, 6.97205, -5.7869]
			},
			"faces": {
				"north": {
					"uv": [9.875, 7.875, 10.09375, 8.09375],
					"texture": "#0"
				},
				"east": {
					"uv": [8.875, 1.625, 9.15625, 1.84375],
					"texture": "#0"
				},
				"south": {
					"uv": [8.125, 9.875, 8.34375, 10.09375],
					"texture": "#0"
				},
				"west": {
					"uv": [2.5, 8.875, 2.78125, 9.09375],
					"texture": "#0"
				},
				"up": {
					"uv": [9.09375, 2.78125, 8.875, 2.5],
					"texture": "#0"
				},
				"down": {
					"uv": [9.09375, 3.625, 8.875, 3.90625],
					"texture": "#0"
				}
			}
		},
		{
			"from": [9.001, 9.29478, 3.43004],
			"to": [10.249, 11.99478, 4.43004],
			"rotation": {
				"angle": -22.5,
				"axis": "x",
				"origin": [0.5, 6.97205, -5.7869]
			},
			"faces": {
				"north": {
					"uv": [9.5, 5.625, 9.65625, 5.96875],
					"texture": "#0"
				},
				"east": {
					"uv": [2, 3.25, 2.125, 3.59375],
					"texture": "#0"
				},
				"south": {
					"uv": [8.25, 9.5, 8.40625, 9.84375],
					"texture": "#0"
				},
				"west": {
					"uv": [4.5, 5.375, 4.625, 5.71875],
					"texture": "#0"
				},
				"up": {
					"uv": [10.15625, 12.5, 10, 12.375],
					"texture": "#0"
				},
				"down": {
					"uv": [12.53125, 10, 12.375, 10.125],
					"texture": "#0"
				}
			}
		},
		{
			"from": [8.999, 17.38147, -6.91202],
			"to": [10.251, 18.38147, -3.91202],
			"rotation": {
				"angle": 45,
				"axis": "x",
				"origin": [0, 6.97205, -5.7869]
			},
			"faces": {
				"north": {
					"uv": [9.5, 12.375, 9.65625, 12.5],
					"texture": "#0"
				},
				"east": {
					"uv": [3.25, 6.875, 3.625, 7],
					"texture": "#0"
				},
				"south": {
					"uv": [9.75, 12.375, 9.90625, 12.5],
					"texture": "#0"
				},
				"west": {
					"uv": [7.375, 3.375, 7.75, 3.5],
					"texture": "#0"
				},
				"up": {
					"uv": [9.28125, 6.5, 9.125, 6.125],
					"texture": "#0"
				},
				"down": {
					"uv": [9.28125, 6.5, 9.125, 6.875],
					"texture": "#0"
				}
			}
		},
		{
			"from": [9, 16.38147, -4.41202],
			"to": [10.25, 18.13147, -3.16202],
			"rotation": {
				"angle": 45,
				"axis": "x",
				"origin": [0, 6.97205, -5.7869]
			},
			"faces": {
				"north": {
					"uv": [11.25, 0.25, 11.40625, 0.46875],
					"texture": "#0"
				},
				"east": {
					"uv": [0.5, 11.25, 0.65625, 11.46875],
					"texture": "#0"
				},
				"south": {
					"uv": [0.75, 11.25, 0.90625, 11.46875],
					"texture": "#0"
				},
				"west": {
					"uv": [1, 11.25, 1.15625, 11.46875],
					"texture": "#0"
				},
				"up": {
					"uv": [6.78125, 12.03125, 6.625, 11.875],
					"texture": "#0"
				},
				"down": {
					"uv": [12.03125, 6.75, 11.875, 6.90625],
					"texture": "#0"
				}
			}
		},
		{
			"from": [8.876, 8.16978, 3.55504],
			"to": [10.374, 8.66978, 4.55504],
			"rotation": {
				"angle": -22.5,
				"axis": "x",
				"origin": [0, 6.97205, -5.7869]
			},
			"faces": {
				"north": {
					"uv": [13.25, 8.375, 13.4375, 8.4375],
					"texture": "#0"
				},
				"east": {
					"uv": [9.75, 13.875, 9.875, 13.9375],
					"texture": "#0"
				},
				"south": {
					"uv": [13.25, 8.5, 13.4375, 8.5625],
					"texture": "#0"
				},
				"west": {
					"uv": [13.875, 10, 14, 10.0625],
					"texture": "#0"
				},
				"up": {
					"uv": [6.0625, 12.125, 5.875, 12],
					"texture": "#0"
				},
				"down": {
					"uv": [12.1875, 5.875, 12, 6],
					"texture": "#0"
				}
			}
		},
		{
			"from": [8.875, 16.38147, -3.66202],
			"to": [10.375, 18.63147, -2.41202],
			"rotation": {
				"angle": 45,
				"axis": "x",
				"origin": [0, 6.97205, -5.7869]
			},
			"faces": {
				"north": {
					"uv": [9.625, 4.375, 9.8125, 4.65625],
					"texture": "#0"
				},
				"east": {
					"uv": [10.25, 6.875, 10.40625, 7.15625],
					"texture": "#0"
				},
				"south": {
					"uv": [4.875, 9.625, 5.0625, 9.90625],
					"texture": "#0"
				},
				"west": {
					"uv": [7.25, 10.25, 7.40625, 10.53125],
					"texture": "#0"
				},
				"up": {
					"uv": [4.9375, 11.78125, 4.75, 11.625],
					"texture": "#0"
				},
				"down": {
					"uv": [11.8125, 4.875, 11.625, 5.03125],
					"texture": "#0"
				}
			}
		},
		{
			"from": [8.876, 12.87871, 3.21058],
			"to": [10.374, 13.62871, 3.71058],
			"rotation": {
				"angle": 0,
				"axis": "y",
				"origin": [0, 6.97205, -5.7869]
			},
			"faces": {
				"north": {
					"uv": [10.75, 12.5, 10.9375, 12.59375],
					"texture": "#0"
				},
				"east": {
					"uv": [14.125, 9.875, 14.1875, 9.96875],
					"texture": "#0"
				},
				"south": {
					"uv": [12.5, 10.75, 12.6875, 10.84375],
					"texture": "#0"
				},
				"west": {
					"uv": [10, 14.125, 10.0625, 14.21875],
					"texture": "#0"
				},
				"up": {
					"uv": [13.4375, 8.1875, 13.25, 8.125],
					"texture": "#0"
				},
				"down": {
					"uv": [13.4375, 8.25, 13.25, 8.3125],
					"texture": "#0"
				}
			}
		},
		{
			"from": [8.874, 16.55304, -0.01066],
			"to": [10.376, 17.05304, 1.98934],
			"rotation": {
				"angle": 22.5,
				"axis": "x",
				"origin": [0, 6.97205, -5.7869]
			},
			"faces": {
				"north": {
					"uv": [13.25, 7.875, 13.4375, 7.9375],
					"texture": "#0"
				},
				"east": {
					"uv": [5.125, 12.75, 5.375, 12.8125],
					"texture": "#0"
				},
				"south": {
					"uv": [13.25, 8, 13.4375, 8.0625],
					"texture": "#0"
				},
				"west": {
					"uv": [12.75, 5.875, 13, 5.9375],
					"texture": "#0"
				},
				"up": {
					"uv": [10.1875, 10.125, 10, 9.875],
					"texture": "#0"
				},
				"down": {
					"uv": [10.3125, 0, 10.125, 0.25],
					"texture": "#0"
				}
			}
		},
		{
			"from": [8.75, 14.30304, 2.73934],
			"to": [10.5, 16.30304, 5.23934],
			"rotation": {
				"angle": 22.5,
				"axis": "x",
				"origin": [0, 6.97205, -5.7869]
			},
			"faces": {
				"north": {
					"uv": [1.75, 9.375, 1.96875, 9.625],
					"texture": "#0"
				},
				"east": {
					"uv": [7.875, 1.875, 8.1875, 2.125],
					"texture": "#0"
				},
				"south": {
					"uv": [2.25, 9.375, 2.46875, 9.625],
					"texture": "#0"
				},
				"west": {
					"uv": [7.875, 3.125, 8.1875, 3.375],
					"texture": "#0"
				},
				"up": {
					"uv": [8.59375, 1.3125, 8.375, 1],
					"texture": "#0"
				},
				"down": {
					"uv": [1.96875, 8.375, 1.75, 8.6875],
					"texture": "#0"
				}
			}
		},
		{
			"from": [6, 11.22871, 6.06058],
			"to": [10, 11.47871, 8.06058],
			"rotation": {
				"angle": 0,
				"axis": "y",
				"origin": [0, 6.97205, -5.7869]
			},
			"faces": {
				"north": {
					"uv": [12.75, 4.75, 13.25, 4.78125],
					"texture": "#0"
				},
				"east": {
					"uv": [13.875, 9.75, 14.125, 9.78125],
					"texture": "#0"
				},
				"south": {
					"uv": [12.75, 4.875, 13.25, 4.90625],
					"texture": "#0"
				},
				"west": {
					"uv": [13.875, 9.875, 14.125, 9.90625],
					"texture": "#0"
				},
				"up": {
					"uv": [6.75, 1, 6.25, 0.75],
					"texture": "#0"
				},
				"down": {
					"uv": [6.75, 1, 6.25, 1.25],
					"texture": "#0"
				}
			}
		},
		{
			"from": [9.751, 12.75647, -5.28702],
			"to": [10.749, 13.25647, -3.53702],
			"rotation": {
				"angle": 45,
				"axis": "x",
				"origin": [0.125, 6.97205, -5.7869]
			},
			"faces": {
				"north": {
					"uv": [9.5, 13.875, 9.625, 13.9375],
					"texture": "#0"
				},
				"east": {
					"uv": [13.125, 0.25, 13.34375, 0.3125],
					"texture": "#0"
				},
				"south": {
					"uv": [13.875, 9.5, 14, 9.5625],
					"texture": "#0"
				},
				"west": {
					"uv": [0.375, 13.125, 0.59375, 13.1875],
					"texture": "#0"
				},
				"up": {
					"uv": [2.125, 11.96875, 2, 11.75],
					"texture": "#0"
				},
				"down": {
					"uv": [2.25, 11.75, 2.125, 11.96875],
					"texture": "#0"
				}
			}
		},
		{
			"from": [9.75, 11.95304, -2.01066],
			"to": [10.75, 12.20304, -1.51066],
			"rotation": {
				"angle": 22.5,
				"axis": "x",
				"origin": [0.125, 6.97205, -5.7869]
			},
			"faces": {
				"north": {
					"uv": [1.625, 14.5, 1.75, 14.53125],
					"texture": "#0"
				},
				"east": {
					"uv": [9.5, 14.75, 9.5625, 14.78125],
					"texture": "#0"
				},
				"south": {
					"uv": [14.5, 1.625, 14.625, 1.65625],
					"texture": "#0"
				},
				"west": {
					"uv": [14.75, 9.5, 14.8125, 9.53125],
					"texture": "#0"
				},
				"up": {
					"uv": [9.75, 13.9375, 9.625, 13.875],
					"texture": "#0"
				},
				"down": {
					"uv": [14, 9.625, 13.875, 9.6875],
					"texture": "#0"
				}
			}
		},
		{
			"from": [9.75, 12.20304, -3.01066],
			"to": [10.75, 12.70304, -0.76066],
			"rotation": {
				"angle": 22.5,
				"axis": "x",
				"origin": [0.125, 6.97205, -5.7869]
			},
			"faces": {
				"north": {
					"uv": [9.375, 13.875, 9.5, 13.9375],
					"texture": "#0"
				},
				"east": {
					"uv": [10, 12.5, 10.28125, 12.5625],
					"texture": "#0"
				},
				"south": {
					"uv": [13.875, 9.375, 14, 9.4375],
					"texture": "#0"
				},
				"west": {
					"uv": [10.375, 12.5, 10.65625, 12.5625],
					"texture": "#0"
				},
				"up": {
					"uv": [7.125, 11.15625, 7, 10.875],
					"texture": "#0"
				},
				"down": {
					"uv": [0.5, 11, 0.375, 11.28125],
					"texture": "#0"
				}
			}
		},
		{
			"from": [9.75, 11.45304, -1.51066],
			"to": [10.75, 12.20304, -0.76066],
			"rotation": {
				"angle": 22.5,
				"axis": "x",
				"origin": [0.125, 6.97205, -5.7869]
			},
			"faces": {
				"north": {
					"uv": [7.25, 13.25, 7.375, 13.34375],
					"texture": "#0"
				},
				"east": {
					"uv": [13.75, 5.25, 13.84375, 5.34375],
					"texture": "#0"
				},
				"south": {
					"uv": [13.25, 7.25, 13.375, 7.34375],
					"texture": "#0"
				},
				"west": {
					"uv": [5.375, 13.75, 5.46875, 13.84375],
					"texture": "#0"
				},
				"up": {
					"uv": [13.375, 7.46875, 13.25, 7.375],
					"texture": "#0"
				},
				"down": {
					"uv": [13.375, 7.5, 13.25, 7.59375],
					"texture": "#0"
				}
			}
		},
		{
			"from": [9.625, 11.35304, -0.91066],
			"to": [10.875, 12.35304, 0.08934],
			"rotation": {
				"angle": 22.5,
				"axis": "x",
				"origin": [0.125, 6.97205, -5.7869]
			},
			"faces": {
				"north": {
					"uv": [12.375, 8.875, 12.53125, 9],
					"texture": "#0"
				},
				"east": {
					"uv": [2.5, 8.375, 2.625, 8.5],
					"texture": "#0"
				},
				"south": {
					"uv": [9, 12.375, 9.15625, 12.5],
					"texture": "#0"
				},
				"west": {
					"uv": [3.25, 8.5, 3.375, 8.625],
					"texture": "#0"
				},
				"up": {
					"uv": [12.53125, 9.125, 12.375, 9],
					"texture": "#0"
				},
				"down": {
					"uv": [9.40625, 12.375, 9.25, 12.5],
					"texture": "#0"
				}
			}
		},
		{
			"from": [9.624, 9.82871, 0.66058],
			"to": [10.876, 10.57871, 1.76058],
			"rotation": {
				"angle": 0,
				"axis": "y",
				"origin": [0.125, 6.97205, -5.7869]
			},
			"faces": {
				"north": {
					"uv": [6.25, 12.875, 6.40625, 12.96875],
					"texture": "#0"
				},
				"east": {
					"uv": [13.25, 7.625, 13.375, 7.71875],
					"texture": "#0"
				},
				"south": {
					"uv": [12.875, 6.25, 13.03125, 6.34375],
					"texture": "#0"
				},
				"west": {
					"uv": [13.25, 7.75, 13.375, 7.84375],
					"texture": "#0"
				},
				"up": {
					"uv": [8.90625, 12.5, 8.75, 12.375],
					"texture": "#0"
				},
				"down": {
					"uv": [12.53125, 8.75, 12.375, 8.875],
					"texture": "#0"
				}
			}
		},
		{
			"from": [9.5, 12.88147, -2.66202],
			"to": [11, 13.88147, -1.91202],
			"rotation": {
				"angle": 45,
				"axis": "x",
				"origin": [0, 6.97205, -5.7869]
			},
			"faces": {
				"north": {
					"uv": [12, 3, 12.1875, 3.125],
					"texture": "#0"
				},
				"east": {
					"uv": [6.625, 13.25, 6.71875, 13.375],
					"texture": "#0"
				},
				"south": {
					"uv": [12, 3.625, 12.1875, 3.75],
					"texture": "#0"
				},
				"west": {
					"uv": [13.25, 7, 13.34375, 7.125],
					"texture": "#0"
				},
				"up": {
					"uv": [9.4375, 12.59375, 9.25, 12.5],
					"texture": "#0"
				},
				"down": {
					"uv": [12.6875, 9.375, 12.5, 9.46875],
					"texture": "#0"
				}
			}
		},
		{
			"from": [9.499, 11.80304, -0.26066],
			"to": [11.001, 13.30304, 1.73934],
			"rotation": {
				"angle": 22.5,
				"axis": "x",
				"origin": [0, 6.97205, -5.7869]
			},
			"faces": {
				"north": {
					"uv": [8.625, 11, 8.8125, 11.1875],
					"texture": "#0"
				},
				"east": {
					"uv": [10, 8.375, 10.25, 8.5625],
					"texture": "#0"
				},
				"south": {
					"uv": [11, 8.75, 11.1875, 8.9375],
					"texture": "#0"
				},
				"west": {
					"uv": [10, 8.625, 10.25, 8.8125],
					"texture": "#0"
				},
				"up": {
					"uv": [10.1875, 9.125, 10, 8.875],
					"texture": "#0"
				},
				"down": {
					"uv": [10.1875, 9.125, 10, 9.375],
					"texture": "#0"
				}
			}
		},
		{
			"from": [5.125, 11.35304, -0.91066],
			"to": [6.375, 12.35304, 0.08934],
			"rotation": {
				"angle": 22.5,
				"axis": "x",
				"origin": [15.875, 6.97205, -5.7869]
			},
			"faces": {
				"north": {
					"uv": [12.53125, 8.875, 12.375, 9],
					"texture": "#0"
				},
				"east": {
					"uv": [3.375, 8.5, 3.25, 8.625],
					"texture": "#0"
				},
				"south": {
					"uv": [9.15625, 12.375, 9, 12.5],
					"texture": "#0"
				},
				"west": {
					"uv": [2.625, 8.375, 2.5, 8.5],
					"texture": "#0"
				},
				"up": {
					"uv": [12.375, 9.125, 12.53125, 9],
					"texture": "#0"
				},
				"down": {
					"uv": [9.25, 12.375, 9.40625, 12.5],
					"texture": "#0"
				}
			}
		},
		{
			"from": [5.124, 9.82871, 0.66058],
			"to": [6.376, 10.57871, 1.76058],
			"rotation": {
				"angle": 0,
				"axis": "y",
				"origin": [15.875, 6.97205, -5.7869]
			},
			"faces": {
				"north": {
					"uv": [6.40625, 12.875, 6.25, 12.96875],
					"texture": "#0"
				},
				"east": {
					"uv": [13.375, 7.75, 13.25, 7.84375],
					"texture": "#0"
				},
				"south": {
					"uv": [13.03125, 6.25, 12.875, 6.34375],
					"texture": "#0"
				},
				"west": {
					"uv": [13.375, 7.625, 13.25, 7.71875],
					"texture": "#0"
				},
				"up": {
					"uv": [8.75, 12.5, 8.90625, 12.375],
					"texture": "#0"
				},
				"down": {
					"uv": [12.375, 8.75, 12.53125, 8.875],
					"texture": "#0"
				}
			}
		},
		{
			"from": [5.25, 11.95304, -2.01066],
			"to": [6.25, 12.20304, -1.51066],
			"rotation": {
				"angle": 22.5,
				"axis": "x",
				"origin": [15.875, 6.97205, -5.7869]
			},
			"faces": {
				"north": {
					"uv": [1.75, 14.5, 1.625, 14.53125],
					"texture": "#0"
				},
				"east": {
					"uv": [14.8125, 9.5, 14.75, 9.53125],
					"texture": "#0"
				},
				"south": {
					"uv": [14.625, 1.625, 14.5, 1.65625],
					"texture": "#0"
				},
				"west": {
					"uv": [9.5625, 14.75, 9.5, 14.78125],
					"texture": "#0"
				},
				"up": {
					"uv": [9.625, 13.9375, 9.75, 13.875],
					"texture": "#0"
				},
				"down": {
					"uv": [13.875, 9.625, 14, 9.6875],
					"texture": "#0"
				}
			}
		},
		{
			"from": [5.25, 11.45304, -1.51066],
			"to": [6.25, 12.20304, -0.76066],
			"rotation": {
				"angle": 22.5,
				"axis": "x",
				"origin": [15.875, 6.97205, -5.7869]
			},
			"faces": {
				"north": {
					"uv": [7.375, 13.25, 7.25, 13.34375],
					"texture": "#0"
				},
				"east": {
					"uv": [5.46875, 13.75, 5.375, 13.84375],
					"texture": "#0"
				},
				"south": {
					"uv": [13.375, 7.25, 13.25, 7.34375],
					"texture": "#0"
				},
				"west": {
					"uv": [13.84375, 5.25, 13.75, 5.34375],
					"texture": "#0"
				},
				"up": {
					"uv": [13.25, 7.46875, 13.375, 7.375],
					"texture": "#0"
				},
				"down": {
					"uv": [13.25, 7.5, 13.375, 7.59375],
					"texture": "#0"
				}
			}
		},
		{
			"from": [5.251, 12.75647, -5.28702],
			"to": [6.249, 13.25647, -3.53702],
			"rotation": {
				"angle": 45,
				"axis": "x",
				"origin": [15.875, 6.97205, -5.7869]
			},
			"faces": {
				"north": {
					"uv": [9.625, 13.875, 9.5, 13.9375],
					"texture": "#0"
				},
				"east": {
					"uv": [0.59375, 13.125, 0.375, 13.1875],
					"texture": "#0"
				},
				"south": {
					"uv": [14, 9.5, 13.875, 9.5625],
					"texture": "#0"
				},
				"west": {
					"uv": [13.34375, 0.25, 13.125, 0.3125],
					"texture": "#0"
				},
				"up": {
					"uv": [2, 11.96875, 2.125, 11.75],
					"texture": "#0"
				},
				"down": {
					"uv": [2.125, 11.75, 2.25, 11.96875],
					"texture": "#0"
				}
			}
		},
		{
			"from": [5.25, 12.20304, -3.01066],
			"to": [6.25, 12.70304, -0.76066],
			"rotation": {
				"angle": 22.5,
				"axis": "x",
				"origin": [15.875, 6.97205, -5.7869]
			},
			"faces": {
				"north": {
					"uv": [9.5, 13.875, 9.375, 13.9375],
					"texture": "#0"
				},
				"east": {
					"uv": [10.65625, 12.5, 10.375, 12.5625],
					"texture": "#0"
				},
				"south": {
					"uv": [14, 9.375, 13.875, 9.4375],
					"texture": "#0"
				},
				"west": {
					"uv": [10.28125, 12.5, 10, 12.5625],
					"texture": "#0"
				},
				"up": {
					"uv": [7, 11.15625, 7.125, 10.875],
					"texture": "#0"
				},
				"down": {
					"uv": [0.375, 11, 0.5, 11.28125],
					"texture": "#0"
				}
			}
		},
		{
			"from": [4.876, 11.13147, 0.11298],
			"to": [6.126, 11.80647, 2.61298],
			"rotation": {
				"angle": 45,
				"axis": "x",
				"origin": [16.125, 6.97205, -5.7869]
			},
			"faces": {
				"north": {
					"uv": [5.40625, 12.875, 5.25, 12.96875],
					"texture": "#0"
				},
				"east": {
					"uv": [4.6875, 11.625, 4.375, 11.71875],
					"texture": "#0"
				},
				"south": {
					"uv": [13.03125, 5.25, 12.875, 5.34375],
					"texture": "#0"
				},
				"west": {
					"uv": [11.9375, 4.25, 11.625, 4.34375],
					"texture": "#0"
				},
				"up": {
					"uv": [9.75, 5.6875, 9.90625, 5.375],
					"texture": "#0"
				},
				"down": {
					"uv": [9, 9.75, 9.15625, 10.0625],
					"texture": "#0"
				}
			}
		},
		{
			"from": [6.05, 0.21978, -1.39496],
			"to": [6.375, 0.71978, -0.89496],
			"rotation": {
				"angle": -22.5,
				"axis": "x",
				"origin": [16.375, 6.97205, -5.7869]
			},
			"faces": {
				"north": {
					"uv": [8.53125, 14.75, 8.5, 14.8125],
					"texture": "#0"
				},
				"east": {
					"uv": [14.5625, 1.125, 14.5, 1.1875],
					"texture": "#0"
				},
				"south": {
					"uv": [14.78125, 8.5, 14.75, 8.5625],
					"texture": "#0"
				},
				"west": {
					"uv": [1.1875, 14.5, 1.125, 14.5625],
					"texture": "#0"
				},
				"up": {
					"uv": [8.625, 14.8125, 8.65625, 14.75],
					"texture": "#0"
				},
				"down": {
					"uv": [14.75, 8.625, 14.78125, 8.6875],
					"texture": "#0"
				}
			}
		},
		{
			"from": [6.1, -0.13022, -1.29496],
			"to": [6.325, 0.21978, -0.89496],
			"rotation": {
				"angle": -22.5,
				"axis": "x",
				"origin": [16.375, 6.97205, -5.7869]
			},
			"faces": {
				"north": {
					"uv": [14.90625, 7, 14.875, 7.03125],
					"texture": "#0"
				},
				"east": {
					"uv": [14.8125, 8.75, 14.75, 8.78125],
					"texture": "#0"
				},
				"south": {
					"uv": [7.15625, 14.875, 7.125, 14.90625],
					"texture": "#0"
				},
				"west": {
					"uv": [8.8125, 14.75, 8.75, 14.78125],
					"texture": "#0"
				},
				"up": {
					"uv": [8.875, 14.8125, 8.90625, 14.75],
					"texture": "#0"
				},
				"down": {
					"uv": [14.75, 8.875, 14.78125, 8.9375],
					"texture": "#0"
				}
			}
		},
		{
			"from": [5.4999, 2.62871, 0.66058],
			"to": [6.0001, 2.87871, 1.28558],
			"rotation": {
				"angle": 0,
				"axis": "y",
				"origin": [16.375, 6.97205, -5.7869]
			},
			"faces": {
				"north": {
					"uv": [8.0625, 14.75, 8, 14.78125],
					"texture": "#0"
				},
				"east": {
					"uv": [7.84375, 14.625, 7.75, 14.65625],
					"texture": "#0"
				},
				"south": {
					"uv": [14.8125, 8, 14.75, 8.03125],
					"texture": "#0"
				},
				"west": {
					"uv": [14.71875, 7.625, 14.625, 7.65625],
					"texture": "#0"
				},
				"up": {
					"uv": [14.125, 9.84375, 14.1875, 9.75],
					"texture": "#0"
				},
				"down": {
					"uv": [9.875, 14.125, 9.9375, 14.21875],
					"texture": "#0"
				}
			}
		},
		{
			"from": [5.5, -1.92783, -4.27748],
			"to": [6, -0.67783, -3.77748],
			"rotation": {
				"angle": -45,
				"axis": "x",
				"origin": [16.375, 6.97205, -5.7869]
			},
			"faces": {
				"north": {
					"uv": [2.3125, 13.625, 2.25, 13.78125],
					"texture": "#0"
				},
				"east": {
					"uv": [13.6875, 4, 13.625, 4.15625],
					"texture": "#0"
				},
				"south": {
					"uv": [13.6875, 3.75, 13.625, 3.90625],
					"texture": "#0"
				},
				"west": {
					"uv": [13.6875, 3.5, 13.625, 3.65625],
					"texture": "#0"
				},
				"up": {
					"uv": [1.5, 14.5625, 1.5625, 14.5],
					"texture": "#0"
				},
				"down": {
					"uv": [14.5, 1.5, 14.5625, 1.5625],
					"texture": "#0"
				}
			}
		},
		{
			"from": [5.5, 1.75371, 1.56058],
			"to": [6, 2.25371, 2.06058],
			"rotation": {
				"angle": 0,
				"axis": "y",
				"origin": [16.375, 6.97205, -5.7869]
			},
			"faces": {
				"north": {
					"uv": [0.5625, 14.5, 0.5, 14.5625],
					"texture": "#0"
				},
				"east": {
					"uv": [14.5625, 0.625, 14.5, 0.6875],
					"texture": "#0"
				},
				"south": {
					"uv": [0.6875, 14.5, 0.625, 14.5625],
					"texture": "#0"
				},
				"west": {
					"uv": [14.5625, 0.5, 14.5, 0.5625],
					"texture": "#0"
				},
				"up": {
					"uv": [0.75, 14.5625, 0.8125, 14.5],
					"texture": "#0"
				},
				"down": {
					"uv": [14.5, 0.75, 14.5625, 0.8125],
					"texture": "#0"
				}
			}
		},
		{
			"from": [5.6, 1.80371, 2.06058],
			"to": [5.9, 2.25371, 2.56058],
			"rotation": {
				"angle": 0,
				"axis": "y",
				"origin": [16.375, 6.97205, -5.7869]
			},
			"faces": {
				"north": {
					"uv": [8.15625, 14.75, 8.125, 14.8125],
					"texture": "#0"
				},
				"east": {
					"uv": [14.5625, 0.875, 14.5, 0.9375],
					"texture": "#0"
				},
				"south": {
					"uv": [14.78125, 8.125, 14.75, 8.1875],
					"texture": "#0"
				},
				"west": {
					"uv": [0.9375, 14.5, 0.875, 14.5625],
					"texture": "#0"
				},
				"up": {
					"uv": [8.25, 14.8125, 8.28125, 14.75],
					"texture": "#0"
				},
				"down": {
					"uv": [14.75, 8.25, 14.78125, 8.3125],
					"texture": "#0"
				}
			}
		},
		{
			"from": [5.175, 2.27871, 1.86058],
			"to": [5.4, 2.67871, 2.36058],
			"rotation": {
				"angle": 0,
				"axis": "y",
				"origin": [16.375, 6.97205, -5.7869]
			},
			"faces": {
				"north": {
					"uv": [9.28125, 14.75, 9.25, 14.8125],
					"texture": "#0"
				},
				"east": {
					"uv": [14.5625, 1.375, 14.5, 1.4375],
					"texture": "#0"
				},
				"south": {
					"uv": [14.78125, 9.25, 14.75, 9.3125],
					"texture": "#0"
				},
				"west": {
					"uv": [1.4375, 14.5, 1.375, 14.5625],
					"texture": "#0"
				},
				"up": {
					"uv": [9.375, 14.8125, 9.40625, 14.75],
					"texture": "#0"
				},
				"down": {
					"uv": [14.75, 9.375, 14.78125, 9.4375],
					"texture": "#0"
				}
			}
		},
		{
			"from": [5.125, 2.17871, 1.36058],
			"to": [5.45, 2.67871, 1.86058],
			"rotation": {
				"angle": 0,
				"axis": "y",
				"origin": [16.375, 6.97205, -5.7869]
			},
			"faces": {
				"north": {
					"uv": [9.03125, 14.75, 9, 14.8125],
					"texture": "#0"
				},
				"east": {
					"uv": [14.5625, 1.25, 14.5, 1.3125],
					"texture": "#0"
				},
				"south": {
					"uv": [14.78125, 9, 14.75, 9.0625],
					"texture": "#0"
				},
				"west": {
					"uv": [1.3125, 14.5, 1.25, 14.5625],
					"texture": "#0"
				},
				"up": {
					"uv": [9.125, 14.8125, 9.15625, 14.75],
					"texture": "#0"
				},
				"down": {
					"uv": [14.75, 9.125, 14.78125, 9.1875],
					"texture": "#0"
				}
			}
		},
		{
			"from": [5.125, -1.47783, -4.12748],
			"to": [5.45, -0.47783, -3.62748],
			"rotation": {
				"angle": -45,
				"axis": "x",
				"origin": [16.375, 6.97205, -5.7869]
			},
			"faces": {
				"north": {
					"uv": [1.03125, 14.5, 1, 14.625],
					"texture": "#0"
				},
				"east": {
					"uv": [13.9375, 9.25, 13.875, 9.375],
					"texture": "#0"
				},
				"south": {
					"uv": [14.53125, 1, 14.5, 1.125],
					"texture": "#0"
				},
				"west": {
					"uv": [9.3125, 13.875, 9.25, 14],
					"texture": "#0"
				},
				"up": {
					"uv": [8.375, 14.8125, 8.40625, 14.75],
					"texture": "#0"
				},
				"down": {
					"uv": [14.75, 8.375, 14.78125, 8.4375],
					"texture": "#0"
				}
			}
		},
		{
			"from": [5.126, 3.27871, 1.43558],
			"to": [6.374, 3.77871, 2.43558],
			"rotation": {
				"angle": 0,
				"axis": "y",
				"origin": [16.375, 6.97205, -5.7869]
			},
			"faces": {
				"north": {
					"uv": [13.78125, 3.25, 13.625, 3.3125],
					"texture": "#0"
				},
				"east": {
					"uv": [14, 9.125, 13.875, 9.1875],
					"texture": "#0"
				},
				"south": {
					"uv": [13.78125, 3.375, 13.625, 3.4375],
					"texture": "#0"
				},
				"west": {
					"uv": [9.25, 13.875, 9.125, 13.9375],
					"texture": "#0"
				},
				"up": {
					"uv": [12.375, 8.625, 12.53125, 8.5],
					"texture": "#0"
				},
				"down": {
					"uv": [12.375, 8.625, 12.53125, 8.75],
					"texture": "#0"
				}
			}
		},
		{
			"from": [4.877, 7.55304, 0.83934],
			"to": [6.127, 8.30304, 3.58934],
			"rotation": {
				"angle": 22.5,
				"axis": "x",
				"origin": [16.125, 6.97205, -5.7869]
			},
			"faces": {
				"north": {
					"uv": [13.03125, 5.375, 12.875, 5.46875],
					"texture": "#0"
				},
				"east": {
					"uv": [11.59375, 6.625, 11.25, 6.71875],
					"texture": "#0"
				},
				"south": {
					"uv": [5.65625, 12.875, 5.5, 12.96875],
					"texture": "#0"
				},
				"west": {
					"uv": [11.59375, 5.875, 11.25, 5.96875],
					"texture": "#0"
				},
				"up": {
					"uv": [9.5, 5.21875, 9.65625, 4.875],
					"texture": "#0"
				},
				"down": {
					"uv": [9.5, 5.25, 9.65625, 5.59375],
					"texture": "#0"
				}
			}
		},
		{
			"from": [5.125, 0.41978, 0.40504],
			"to": [6.375, 1.41978, 1.65504],
			"rotation": {
				"angle": -22.5,
				"axis": "x",
				"origin": [16.375, 6.97205, -5.7869]
			},
			"faces": {
				"north": {
					"uv": [12.53125, 8.125, 12.375, 8.25],
					"texture": "#0"
				},
				"east": {
					"uv": [8.65625, 12.375, 8.5, 12.5],
					"texture": "#0"
				},
				"south": {
					"uv": [12.53125, 8.375, 12.375, 8.5],
					"texture": "#0"
				},
				"west": {
					"uv": [12.53125, 8.25, 12.375, 8.375],
					"texture": "#0"
				},
				"up": {
					"uv": [6.125, 12.03125, 6.28125, 11.875],
					"texture": "#0"
				},
				"down": {
					"uv": [6.375, 11.875, 6.53125, 12.03125],
					"texture": "#0"
				}
			}
		},
		{
			"from": [5.125, 0.66978, -1.09496],
			"to": [6.375, 1.41978, 0.40504],
			"rotation": {
				"angle": -22.5,
				"axis": "x",
				"origin": [16.375, 6.97205, -5.7869]
			},
			"faces": {
				"north": {
					"uv": [13.03125, 6, 12.875, 6.09375],
					"texture": "#0"
				},
				"east": {
					"uv": [12.6875, 9.875, 12.5, 9.96875],
					"texture": "#0"
				},
				"south": {
					"uv": [13.03125, 6.125, 12.875, 6.21875],
					"texture": "#0"
				},
				"west": {
					"uv": [12.6875, 9.75, 12.5, 9.84375],
					"texture": "#0"
				},
				"up": {
					"uv": [11.625, 4.5625, 11.78125, 4.375],
					"texture": "#0"
				},
				"down": {
					"uv": [11.625, 4.625, 11.78125, 4.8125],
					"texture": "#0"
				}
			}
		},
		{
			"from": [5.124, 2.87871, 0.66058],
			"to": [6.376, 3.62871, 1.28558],
			"rotation": {
				"angle": 0,
				"axis": "y",
				"origin": [16.375, 6.97205, -5.7869]
			},
			"faces": {
				"north": {
					"uv": [13.03125, 5.5, 12.875, 5.59375],
					"texture": "#0"
				},
				"east": {
					"uv": [5.34375, 13.75, 5.25, 13.84375],
					"texture": "#0"
				},
				"south": {
					"uv": [13.03125, 5.625, 12.875, 5.71875],
					"texture": "#0"
				},
				"west": {
					"uv": [13.84375, 4.875, 13.75, 4.96875],
					"texture": "#0"
				},
				"up": {
					"uv": [5.75, 12.96875, 5.90625, 12.875],
					"texture": "#0"
				},
				"down": {
					"uv": [12.875, 5.75, 13.03125, 5.84375],
					"texture": "#0"
				}
			}
		},
		{
			"from": [10, -1.92783, -4.27748],
			"to": [10.5, -0.67783, -3.77748],
			"rotation": {
				"angle": -45,
				"axis": "x",
				"origin": [-0.375, 6.97205, -5.7869]
			},
			"faces": {
				"north": {
					"uv": [2.25, 13.625, 2.3125, 13.78125],
					"texture": "#0"
				},
				"east": {
					"uv": [13.625, 3.5, 13.6875, 3.65625],
					"texture": "#0"
				},
				"south": {
					"uv": [13.625, 3.75, 13.6875, 3.90625],
					"texture": "#0"
				},
				"west": {
					"uv": [13.625, 4, 13.6875, 4.15625],
					"texture": "#0"
				},
				"up": {
					"uv": [1.5625, 14.5625, 1.5, 14.5],
					"texture": "#0"
				},
				"down": {
					"uv": [14.5625, 1.5, 14.5, 1.5625],
					"texture": "#0"
				}
			}
		},
		{
			"from": [10.6, 2.27871, 1.86058],
			"to": [10.825, 2.67871, 2.36058],
			"rotation": {
				"angle": 0,
				"axis": "y",
				"origin": [-0.375, 6.97205, -5.7869]
			},
			"faces": {
				"north": {
					"uv": [9.25, 14.75, 9.28125, 14.8125],
					"texture": "#0"
				},
				"east": {
					"uv": [1.375, 14.5, 1.4375, 14.5625],
					"texture": "#0"
				},
				"south": {
					"uv": [14.75, 9.25, 14.78125, 9.3125],
					"texture": "#0"
				},
				"west": {
					"uv": [14.5, 1.375, 14.5625, 1.4375],
					"texture": "#0"
				},
				"up": {
					"uv": [9.40625, 14.8125, 9.375, 14.75],
					"texture": "#0"
				},
				"down": {
					"uv": [14.78125, 9.375, 14.75, 9.4375],
					"texture": "#0"
				}
			}
		},
		{
			"from": [10.55, 2.17871, 1.36058],
			"to": [10.875, 2.67871, 1.86058],
			"rotation": {
				"angle": 0,
				"axis": "y",
				"origin": [-0.375, 6.97205, -5.7869]
			},
			"faces": {
				"north": {
					"uv": [9, 14.75, 9.03125, 14.8125],
					"texture": "#0"
				},
				"east": {
					"uv": [1.25, 14.5, 1.3125, 14.5625],
					"texture": "#0"
				},
				"south": {
					"uv": [14.75, 9, 14.78125, 9.0625],
					"texture": "#0"
				},
				"west": {
					"uv": [14.5, 1.25, 14.5625, 1.3125],
					"texture": "#0"
				},
				"up": {
					"uv": [9.15625, 14.8125, 9.125, 14.75],
					"texture": "#0"
				},
				"down": {
					"uv": [14.78125, 9.125, 14.75, 9.1875],
					"texture": "#0"
				}
			}
		},
		{
			"from": [9.675, -0.13022, -1.29496],
			"to": [9.9, 0.21978, -0.89496],
			"rotation": {
				"angle": -22.5,
				"axis": "x",
				"origin": [-0.375, 6.97205, -5.7869]
			},
			"faces": {
				"north": {
					"uv": [14.875, 7, 14.90625, 7.03125],
					"texture": "#0"
				},
				"east": {
					"uv": [8.75, 14.75, 8.8125, 14.78125],
					"texture": "#0"
				},
				"south": {
					"uv": [7.125, 14.875, 7.15625, 14.90625],
					"texture": "#0"
				},
				"west": {
					"uv": [14.75, 8.75, 14.8125, 8.78125],
					"texture": "#0"
				},
				"up": {
					"uv": [8.90625, 14.8125, 8.875, 14.75],
					"texture": "#0"
				},
				"down": {
					"uv": [14.78125, 8.875, 14.75, 8.9375],
					"texture": "#0"
				}
			}
		},
		{
			"from": [9.625, 0.21978, -1.39496],
			"to": [9.95, 0.71978, -0.89496],
			"rotation": {
				"angle": -22.5,
				"axis": "x",
				"origin": [-0.375, 6.97205, -5.7869]
			},
			"faces": {
				"north": {
					"uv": [8.5, 14.75, 8.53125, 14.8125],
					"texture": "#0"
				},
				"east": {
					"uv": [1.125, 14.5, 1.1875, 14.5625],
					"texture": "#0"
				},
				"south": {
					"uv": [14.75, 8.5, 14.78125, 8.5625],
					"texture": "#0"
				},
				"west": {
					"uv": [14.5, 1.125, 14.5625, 1.1875],
					"texture": "#0"
				},
				"up": {
					"uv": [8.65625, 14.8125, 8.625, 14.75],
					"texture": "#0"
				},
				"down": {
					"uv": [14.78125, 8.625, 14.75, 8.6875],
					"texture": "#0"
				}
			}
		},
		{
			"from": [10.55, -1.47783, -4.12748],
			"to": [10.875, -0.47783, -3.62748],
			"rotation": {
				"angle": -45,
				"axis": "x",
				"origin": [-0.375, 6.97205, -5.7869]
			},
			"faces": {
				"north": {
					"uv": [1, 14.5, 1.03125, 14.625],
					"texture": "#0"
				},
				"east": {
					"uv": [9.25, 13.875, 9.3125, 14],
					"texture": "#0"
				},
				"south": {
					"uv": [14.5, 1, 14.53125, 1.125],
					"texture": "#0"
				},
				"west": {
					"uv": [13.875, 9.25, 13.9375, 9.375],
					"texture": "#0"
				},
				"up": {
					"uv": [8.40625, 14.8125, 8.375, 14.75],
					"texture": "#0"
				},
				"down": {
					"uv": [14.78125, 8.375, 14.75, 8.4375],
					"texture": "#0"
				}
			}
		},
		{
			"from": [10.1, 1.80371, 2.06058],
			"to": [10.4, 2.25371, 2.56058],
			"rotation": {
				"angle": 0,
				"axis": "y",
				"origin": [-0.375, 6.97205, -5.7869]
			},
			"faces": {
				"north": {
					"uv": [8.125, 14.75, 8.15625, 14.8125],
					"texture": "#0"
				},
				"east": {
					"uv": [0.875, 14.5, 0.9375, 14.5625],
					"texture": "#0"
				},
				"south": {
					"uv": [14.75, 8.125, 14.78125, 8.1875],
					"texture": "#0"
				},
				"west": {
					"uv": [14.5, 0.875, 14.5625, 0.9375],
					"texture": "#0"
				},
				"up": {
					"uv": [8.28125, 14.8125, 8.25, 14.75],
					"texture": "#0"
				},
				"down": {
					"uv": [14.78125, 8.25, 14.75, 8.3125],
					"texture": "#0"
				}
			}
		},
		{
			"from": [10, 1.75371, 1.56058],
			"to": [10.5, 2.25371, 2.06058],
			"rotation": {
				"angle": 0,
				"axis": "y",
				"origin": [-0.375, 6.97205, -5.7869]
			},
			"faces": {
				"north": {
					"uv": [0.5, 14.5, 0.5625, 14.5625],
					"texture": "#0"
				},
				"east": {
					"uv": [14.5, 0.5, 14.5625, 0.5625],
					"texture": "#0"
				},
				"south": {
					"uv": [0.625, 14.5, 0.6875, 14.5625],
					"texture": "#0"
				},
				"west": {
					"uv": [14.5, 0.625, 14.5625, 0.6875],
					"texture": "#0"
				},
				"up": {
					"uv": [0.8125, 14.5625, 0.75, 14.5],
					"texture": "#0"
				},
				"down": {
					"uv": [14.5625, 0.75, 14.5, 0.8125],
					"texture": "#0"
				}
			}
		},
		{
			"from": [9.625, 0.66978, -1.09496],
			"to": [10.875, 1.41978, 0.40504],
			"rotation": {
				"angle": -22.5,
				"axis": "x",
				"origin": [-0.375, 6.97205, -5.7869]
			},
			"faces": {
				"north": {
					"uv": [12.875, 6, 13.03125, 6.09375],
					"texture": "#0"
				},
				"east": {
					"uv": [12.5, 9.75, 12.6875, 9.84375],
					"texture": "#0"
				},
				"south": {
					"uv": [12.875, 6.125, 13.03125, 6.21875],
					"texture": "#0"
				},
				"west": {
					"uv": [12.5, 9.875, 12.6875, 9.96875],
					"texture": "#0"
				},
				"up": {
					"uv": [11.78125, 4.5625, 11.625, 4.375],
					"texture": "#0"
				},
				"down": {
					"uv": [11.78125, 4.625, 11.625, 4.8125],
					"texture": "#0"
				}
			}
		},
		{
			"from": [9.626, 3.27871, 1.43558],
			"to": [10.874, 3.77871, 2.43558],
			"rotation": {
				"angle": 0,
				"axis": "y",
				"origin": [-0.375, 6.97205, -5.7869]
			},
			"faces": {
				"north": {
					"uv": [13.625, 3.25, 13.78125, 3.3125],
					"texture": "#0"
				},
				"east": {
					"uv": [9.125, 13.875, 9.25, 13.9375],
					"texture": "#0"
				},
				"south": {
					"uv": [13.625, 3.375, 13.78125, 3.4375],
					"texture": "#0"
				},
				"west": {
					"uv": [13.875, 9.125, 14, 9.1875],
					"texture": "#0"
				},
				"up": {
					"uv": [12.53125, 8.625, 12.375, 8.5],
					"texture": "#0"
				},
				"down": {
					"uv": [12.53125, 8.625, 12.375, 8.75],
					"texture": "#0"
				}
			}
		},
		{
			"from": [9.9999, 2.62871, 0.66058],
			"to": [10.5001, 2.87871, 1.28558],
			"rotation": {
				"angle": 0,
				"axis": "y",
				"origin": [-0.375, 6.97205, -5.7869]
			},
			"faces": {
				"north": {
					"uv": [8, 14.75, 8.0625, 14.78125],
					"texture": "#0"
				},
				"east": {
					"uv": [14.625, 7.625, 14.71875, 7.65625],
					"texture": "#0"
				},
				"south": {
					"uv": [14.75, 8, 14.8125, 8.03125],
					"texture": "#0"
				},
				"west": {
					"uv": [7.75, 14.625, 7.84375, 14.65625],
					"texture": "#0"
				},
				"up": {
					"uv": [14.1875, 9.84375, 14.125, 9.75],
					"texture": "#0"
				},
				"down": {
					"uv": [9.9375, 14.125, 9.875, 14.21875],
					"texture": "#0"
				}
			}
		},
		{
			"from": [9.624, 2.87871, 0.66058],
			"to": [10.876, 3.62871, 1.28558],
			"rotation": {
				"angle": 0,
				"axis": "y",
				"origin": [-0.375, 6.97205, -5.7869]
			},
			"faces": {
				"north": {
					"uv": [12.875, 5.5, 13.03125, 5.59375],
					"texture": "#0"
				},
				"east": {
					"uv": [13.75, 4.875, 13.84375, 4.96875],
					"texture": "#0"
				},
				"south": {
					"uv": [12.875, 5.625, 13.03125, 5.71875],
					"texture": "#0"
				},
				"west": {
					"uv": [5.25, 13.75, 5.34375, 13.84375],
					"texture": "#0"
				},
				"up": {
					"uv": [5.90625, 12.96875, 5.75, 12.875],
					"texture": "#0"
				},
				"down": {
					"uv": [13.03125, 5.75, 12.875, 5.84375],
					"texture": "#0"
				}
			}
		},
		{
			"from": [9.625, 0.41978, 0.40504],
			"to": [10.875, 1.41978, 1.65504],
			"rotation": {
				"angle": -22.5,
				"axis": "x",
				"origin": [-0.375, 6.97205, -5.7869]
			},
			"faces": {
				"north": {
					"uv": [12.375, 8.125, 12.53125, 8.25],
					"texture": "#0"
				},
				"east": {
					"uv": [12.375, 8.25, 12.53125, 8.375],
					"texture": "#0"
				},
				"south": {
					"uv": [12.375, 8.375, 12.53125, 8.5],
					"texture": "#0"
				},
				"west": {
					"uv": [8.5, 12.375, 8.65625, 12.5],
					"texture": "#0"
				},
				"up": {
					"uv": [6.28125, 12.03125, 6.125, 11.875],
					"texture": "#0"
				},
				"down": {
					"uv": [6.53125, 11.875, 6.375, 12.03125],
					"texture": "#0"
				}
			}
		},
		{
			"from": [9.873, 7.55304, 0.83934],
			"to": [11.123, 8.30304, 3.58934],
			"rotation": {
				"angle": 22.5,
				"axis": "x",
				"origin": [-0.125, 6.97205, -5.7869]
			},
			"faces": {
				"north": {
					"uv": [12.875, 5.375, 13.03125, 5.46875],
					"texture": "#0"
				},
				"east": {
					"uv": [11.25, 5.875, 11.59375, 5.96875],
					"texture": "#0"
				},
				"south": {
					"uv": [5.5, 12.875, 5.65625, 12.96875],
					"texture": "#0"
				},
				"west": {
					"uv": [11.25, 6.625, 11.59375, 6.71875],
					"texture": "#0"
				},
				"up": {
					"uv": [9.65625, 5.21875, 9.5, 4.875],
					"texture": "#0"
				},
				"down": {
					"uv": [9.65625, 5.25, 9.5, 5.59375],
					"texture": "#0"
				}
			}
		},
		{
			"from": [9.874, 11.13147, 0.11298],
			"to": [11.124, 11.80647, 2.61298],
			"rotation": {
				"angle": 45,
				"axis": "x",
				"origin": [-0.125, 6.97205, -5.7869]
			},
			"faces": {
				"north": {
					"uv": [5.25, 12.875, 5.40625, 12.96875],
					"texture": "#0"
				},
				"east": {
					"uv": [11.625, 4.25, 11.9375, 4.34375],
					"texture": "#0"
				},
				"south": {
					"uv": [12.875, 5.25, 13.03125, 5.34375],
					"texture": "#0"
				},
				"west": {
					"uv": [4.375, 11.625, 4.6875, 11.71875],
					"texture": "#0"
				},
				"up": {
					"uv": [9.90625, 5.6875, 9.75, 5.375],
					"texture": "#0"
				},
				"down": {
					"uv": [9.15625, 9.75, 9, 10.0625],
					"texture": "#0"
				}
			}
		},
		{
			"from": [6.5, 4.97871, 0.31058],
			"to": [9.5, 5.97871, 2.31058],
			"rotation": {
				"angle": 0,
				"axis": "y",
				"origin": [0, 6.97205, -5.7869]
			},
			"faces": {
				"north": {
					"uv": [4.5, 3.75, 4.875, 3.875],
					"texture": "#0"
				},
				"east": {
					"uv": [7.25, 5.375, 7.5, 5.5],
					"texture": "#0"
				},
				"south": {
					"uv": [4.75, 0.25, 5.125, 0.375],
					"texture": "#0"
				},
				"west": {
					"uv": [4.875, 7.5, 5.125, 7.625],
					"texture": "#0"
				},
				"up": {
					"uv": [3.375, 1.375, 3, 1.125],
					"texture": "#0"
				},
				"down": {
					"uv": [3.75, 2.375, 3.375, 2.625],
					"texture": "#0"
				}
			}
		},
		{
			"from": [6.501, -0.60522, 4.70504],
			"to": [9.499, -0.10522, 6.00504],
			"rotation": {
				"angle": -22.5,
				"axis": "x",
				"origin": [0, 6.97205, -5.7869]
			},
			"faces": {
				"north": {
					"uv": [12, 5.625, 12.375, 5.6875],
					"texture": "#0"
				},
				"east": {
					"uv": [3.125, 13.625, 3.28125, 13.6875],
					"texture": "#0"
				},
				"south": {
					"uv": [12, 5.75, 12.375, 5.8125],
					"texture": "#0"
				},
				"west": {
					"uv": [13.625, 3.125, 13.78125, 3.1875],
					"texture": "#0"
				},
				"up": {
					"uv": [9.5, 5.03125, 9.125, 4.875],
					"texture": "#0"
				},
				"down": {
					"uv": [9.5, 5.875, 9.125, 6.03125],
					"texture": "#0"
				}
			}
		},
		{
			"from": [5.751, 0.04478, 4.43004],
			"to": [10.249, 0.79478, 6.33004],
			"rotation": {
				"angle": -22.5,
				"axis": "x",
				"origin": [0, 6.97205, -5.7869]
			},
			"faces": {
				"north": {
					"uv": [4.25, 9.625, 4.8125, 9.71875],
					"texture": "#0"
				},
				"east": {
					"uv": [4.875, 12, 5.125, 12.09375],
					"texture": "#0"
				},
				"south": {
					"uv": [9.625, 4.25, 10.1875, 4.34375],
					"texture": "#0"
				},
				"west": {
					"uv": [12, 5.5, 12.25, 5.59375],
					"texture": "#0"
				},
				"up": {
					"uv": [6.1875, 1.875, 5.625, 1.625],
					"texture": "#0"
				},
				"down": {
					"uv": [2.9375, 5.625, 2.375, 5.875],
					"texture": "#0"
				}
			}
		},
		{
			"from": [6.5, 3.97871, 2.81058],
			"to": [9.5, 4.47871, 6.81058],
			"rotation": {
				"angle": 0,
				"axis": "y",
				"origin": [0, 6.97205, -5.7869]
			},
			"faces": {
				"north": {
					"uv": [12, 5.125, 12.375, 5.1875],
					"texture": "#0"
				},
				"east": {
					"uv": [11.5, 3, 12, 3.0625],
					"texture": "#0"
				},
				"south": {
					"uv": [5.25, 12, 5.625, 12.0625],
					"texture": "#0"
				},
				"west": {
					"uv": [3.375, 11.5, 3.875, 11.5625],
					"texture": "#0"
				},
				"up": {
					"uv": [1.75, 5.25, 1.375, 4.75],
					"texture": "#0"
				},
				"down": {
					"uv": [2.5, 4.875, 2.125, 5.375],
					"texture": "#0"
				}
			}
		},
		{
			"from": [6.5, 4.47871, 6.31058],
			"to": [9.5, 5.22871, 8.06058],
			"rotation": {
				"angle": 0,
				"axis": "y",
				"origin": [0, 6.97205, -5.7869]
			},
			"faces": {
				"north": {
					"uv": [9, 11, 9.375, 11.09375],
					"texture": "#0"
				},
				"east": {
					"uv": [12.25, 7.75, 12.46875, 7.84375],
					"texture": "#0"
				},
				"south": {
					"uv": [9.375, 11, 9.75, 11.09375],
					"texture": "#0"
				},
				"west": {
					"uv": [8.125, 12.25, 8.34375, 12.34375],
					"texture": "#0"
				},
				"up": {
					"uv": [8.125, 1.46875, 7.75, 1.25],
					"texture": "#0"
				},
				"down": {
					"uv": [8.125, 4.25, 7.75, 4.46875],
					"texture": "#0"
				}
			}
		},
		{
			"from": [6.5001, 7.47804, 0.61434],
			"to": [9.4999, 8.47804, 3.36434],
			"rotation": {
				"angle": 22.5,
				"axis": "x",
				"origin": [0, 6.97205, -5.7869]
			},
			"faces": {
				"north": {
					"uv": [3.25, 3.75, 3.625, 3.875],
					"texture": "#0"
				},
				"east": {
					"uv": [10.375, 8.25, 10.71875, 8.375],
					"texture": "#0"
				},
				"south": {
					"uv": [3.875, 1, 4.25, 1.125],
					"texture": "#0"
				},
				"west": {
					"uv": [10.375, 9.75, 10.71875, 9.875],
					"texture": "#0"
				},
				"up": {
					"uv": [6.25, 3.09375, 5.875, 2.75],
					"texture": "#0"
				},
				"down": {
					"uv": [3.375, 5.875, 3, 6.21875],
					"texture": "#0"
				}
			}
		},
		{
			"from": [5.001, 0.74478, 4.70504],
			"to": [10.999, 1.49478, 6.63004],
			"rotation": {
				"angle": -22.5,
				"axis": "x",
				"origin": [0, 6.97205, -5.7869]
			},
			"faces": {
				"north": {
					"uv": [8, 5.25, 8.75, 5.34375],
					"texture": "#0"
				},
				"east": {
					"uv": [12, 4.25, 12.25, 4.34375],
					"texture": "#0"
				},
				"south": {
					"uv": [8.125, 4.375, 8.875, 4.46875],
					"texture": "#0"
				},
				"west": {
					"uv": [4.625, 12, 4.875, 12.09375],
					"texture": "#0"
				},
				"up": {
					"uv": [4.5, 5, 3.75, 4.75],
					"texture": "#0"
				},
				"down": {
					"uv": [5.625, 0.875, 4.875, 1.125],
					"texture": "#0"
				}
			}
		},
		{
			"from": [5.75, 5.22871, 6.06058],
			"to": [10.25, 5.97871, 8.06058],
			"rotation": {
				"angle": 0,
				"axis": "y",
				"origin": [0, 6.97205, -5.7869]
			},
			"faces": {
				"north": {
					"uv": [9.625, 4, 10.1875, 4.09375],
					"texture": "#0"
				},
				"east": {
					"uv": [12, 4, 12.25, 4.09375],
					"texture": "#0"
				},
				"south": {
					"uv": [9.625, 4.125, 10.1875, 4.21875],
					"texture": "#0"
				},
				"west": {
					"uv": [12, 4.125, 12.25, 4.21875],
					"texture": "#0"
				},
				"up": {
					"uv": [6.1875, 1, 5.625, 0.75],
					"texture": "#0"
				},
				"down": {
					"uv": [6.1875, 1, 5.625, 1.25],
					"texture": "#0"
				}
			}
		},
		{
			"from": [5.75, 7.75304, 1.18934],
			"to": [10.25, 8.50304, 2.68934],
			"rotation": {
				"angle": 22.5,
				"axis": "x",
				"origin": [0, 6.97205, -5.7869]
			},
			"faces": {
				"north": {
					"uv": [9.625, 3.5, 10.1875, 3.59375],
					"texture": "#0"
				},
				"east": {
					"uv": [12.5, 9.625, 12.6875, 9.71875],
					"texture": "#0"
				},
				"south": {
					"uv": [9.625, 3.875, 10.1875, 3.96875],
					"texture": "#0"
				},
				"west": {
					"uv": [9.75, 12.5, 9.9375, 12.59375],
					"texture": "#0"
				},
				"up": {
					"uv": [4.9375, 6.9375, 4.375, 6.75],
					"texture": "#0"
				},
				"down": {
					"uv": [7.3125, 4.75, 6.75, 4.9375],
					"texture": "#0"
				}
			}
		},
		{
			"from": [5.75, 4.47871, 2.31058],
			"to": [10.25, 5.22871, 3.81058],
			"rotation": {
				"angle": 0,
				"axis": "y",
				"origin": [0, 6.97205, -5.7869]
			},
			"faces": {
				"north": {
					"uv": [9.5, 6, 10.0625, 6.09375],
					"texture": "#0"
				},
				"east": {
					"uv": [9.5, 12.5, 9.6875, 12.59375],
					"texture": "#0"
				},
				"south": {
					"uv": [9.625, 1.75, 10.1875, 1.84375],
					"texture": "#0"
				},
				"west": {
					"uv": [12.5, 9.5, 12.6875, 9.59375],
					"texture": "#0"
				},
				"up": {
					"uv": [7.3125, 2.0625, 6.75, 1.875],
					"texture": "#0"
				},
				"down": {
					"uv": [7.3125, 2.75, 6.75, 2.9375],
					"texture": "#0"
				}
			}
		},
		{
			"from": [4.877, 8.80304, 0.73934],
			"to": [11.123, 11.80304, 1.98934],
			"rotation": {
				"angle": 22.5,
				"axis": "x",
				"origin": [0, 6.97205, -5.7869]
			},
			"faces": {
				"north": {
					"uv": [3.375, 1.125, 4.15625, 1.5],
					"texture": "#0"
				},
				"east": {
					"uv": [9.125, 3.875, 9.28125, 4.25],
					"texture": "#0"
				},
				"south": {
					"uv": [3.375, 1.5, 4.15625, 1.875],
					"texture": "#0"
				},
				"west": {
					"uv": [9.125, 4.25, 9.28125, 4.625],
					"texture": "#0"
				},
				"up": {
					"uv": [7.15625, 2.28125, 6.375, 2.125],
					"texture": "#0"
				},
				"down": {
					"uv": [7.15625, 2.375, 6.375, 2.53125],
					"texture": "#0"
				}
			}
		},
		{
			"from": [5.1249, 3.41978, -0.34496],
			"to": [5.8749, 5.41978, 0.65504],
			"rotation": {
				"angle": -22.5,
				"axis": "x",
				"origin": [16, 6.97205, -5.7869]
			},
			"faces": {
				"north": {
					"uv": [3.59375, 12, 3.5, 12.25],
					"texture": "#0"
				},
				"east": {
					"uv": [8.75, 9.25, 8.625, 9.5],
					"texture": "#0"
				},
				"south": {
					"uv": [3.96875, 12, 3.875, 12.25],
					"texture": "#0"
				},
				"west": {
					"uv": [2.875, 9.125, 2.75, 9.375],
					"texture": "#0"
				},
				"up": {
					"uv": [7.125, 13.375, 7.21875, 13.25],
					"texture": "#0"
				},
				"down": {
					"uv": [13.25, 7.125, 13.34375, 7.25],
					"texture": "#0"
				}
			}
		},
		{
			"from": [10.1251, 3.41978, -0.34496],
			"to": [10.8751, 5.41978, 0.65504],
			"rotation": {
				"angle": -22.5,
				"axis": "x",
				"origin": [0, 6.97205, -5.7869]
			},
			"faces": {
				"north": {
					"uv": [3.5, 12, 3.59375, 12.25],
					"texture": "#0"
				},
				"east": {
					"uv": [2.75, 9.125, 2.875, 9.375],
					"texture": "#0"
				},
				"south": {
					"uv": [3.875, 12, 3.96875, 12.25],
					"texture": "#0"
				},
				"west": {
					"uv": [8.625, 9.25, 8.75, 9.5],
					"texture": "#0"
				},
				"up": {
					"uv": [7.21875, 13.375, 7.125, 13.25],
					"texture": "#0"
				},
				"down": {
					"uv": [13.34375, 7.125, 13.25, 7.25],
					"texture": "#0"
				}
			}
		},
		{
			"from": [4.875, 4.97871, 0.56058],
			"to": [11.125, 8.22871, 1.81058],
			"rotation": {
				"angle": 0,
				"axis": "y",
				"origin": [0, 6.97205, -5.7869]
			},
			"faces": {
				"north": {
					"uv": [3.125, 0, 3.90625, 0.40625],
					"texture": "#0"
				},
				"east": {
					"uv": [6.75, 8.625, 6.90625, 9.03125],
					"texture": "#0"
				},
				"south": {
					"uv": [2.125, 3.125, 2.90625, 3.53125],
					"texture": "#0"
				},
				"west": {
					"uv": [7, 8.625, 7.15625, 9.03125],
					"texture": "#0"
				},
				"up": {
					"uv": [7.15625, 0.15625, 6.375, 0],
					"texture": "#0"
				},
				"down": {
					"uv": [7.15625, 1.25, 6.375, 1.40625],
					"texture": "#0"
				}
			}
		},
		{
			"from": [5, 12.88147, -2.66202],
			"to": [6.5, 13.88147, -1.91202],
			"rotation": {
				"angle": 45,
				"axis": "x",
				"origin": [16, 6.97205, -5.7869]
			},
			"faces": {
				"north": {
					"uv": [12.1875, 3, 12, 3.125],
					"texture": "#0"
				},
				"east": {
					"uv": [13.34375, 7, 13.25, 7.125],
					"texture": "#0"
				},
				"south": {
					"uv": [12.1875, 3.625, 12, 3.75],
					"texture": "#0"
				},
				"west": {
					"uv": [6.71875, 13.25, 6.625, 13.375],
					"texture": "#0"
				},
				"up": {
					"uv": [9.25, 12.59375, 9.4375, 12.5],
					"texture": "#0"
				},
				"down": {
					"uv": [12.5, 9.375, 12.6875, 9.46875],
					"texture": "#0"
				}
			}
		},
		{
			"from": [4.999, 11.80304, -0.26066],
			"to": [6.501, 13.30304, 1.73934],
			"rotation": {
				"angle": 22.5,
				"axis": "x",
				"origin": [16, 6.97205, -5.7869]
			},
			"faces": {
				"north": {
					"uv": [8.8125, 11, 8.625, 11.1875],
					"texture": "#0"
				},
				"east": {
					"uv": [10.25, 8.625, 10, 8.8125],
					"texture": "#0"
				},
				"south": {
					"uv": [11.1875, 8.75, 11, 8.9375],
					"texture": "#0"
				},
				"west": {
					"uv": [10.25, 8.375, 10, 8.5625],
					"texture": "#0"
				},
				"up": {
					"uv": [10, 9.125, 10.1875, 8.875],
					"texture": "#0"
				},
				"down": {
					"uv": [10, 9.125, 10.1875, 9.375],
					"texture": "#0"
				}
			}
		},
		{
			"from": [0.48337, 9.22971, 1.97219],
			"to": [0.73337, 10.47771, 2.72219],
			"rotation": {
				"angle": 22.5,
				"axis": "y",
				"origin": [16, 6.97205, -5.7869]
			},
			"faces": {
				"north": {
					"uv": [14.28125, 14.125, 14.25, 14.28125],
					"texture": "#0"
				},
				"east": {
					"uv": [5.21875, 12.875, 5.125, 13.03125],
					"texture": "#0"
				},
				"south": {
					"uv": [0.03125, 14.375, 0, 14.53125],
					"texture": "#0"
				},
				"west": {
					"uv": [12.96875, 5, 12.875, 5.15625],
					"texture": "#0"
				},
				"up": {
					"uv": [14.625, 7.59375, 14.65625, 7.5],
					"texture": "#0"
				},
				"down": {
					"uv": [7.625, 14.625, 7.65625, 14.71875],
					"texture": "#0"
				}
			}
		},
		{
			"from": [15.26663, 9.22971, 1.97219],
			"to": [15.51663, 10.47771, 2.72219],
			"rotation": {
				"angle": -22.5,
				"axis": "y",
				"origin": [0, 6.97205, -5.7869]
			},
			"faces": {
				"north": {
					"uv": [14.25, 14.125, 14.28125, 14.28125],
					"texture": "#0"
				},
				"east": {
					"uv": [12.875, 5, 12.96875, 5.15625],
					"texture": "#0"
				},
				"south": {
					"uv": [0, 14.375, 0.03125, 14.53125],
					"texture": "#0"
				},
				"west": {
					"uv": [5.125, 12.875, 5.21875, 13.03125],
					"texture": "#0"
				},
				"up": {
					"uv": [14.65625, 7.59375, 14.625, 7.5],
					"texture": "#0"
				},
				"down": {
					"uv": [7.65625, 14.625, 7.625, 14.71875],
					"texture": "#0"
				}
			}
		},
		{
			"from": [4.625, 9.22871, 4.56058],
			"to": [11.375, 10.47871, 7.31058],
			"rotation": {
				"angle": 0,
				"axis": "y",
				"origin": [0, 6.97205, -5.7869]
			},
			"faces": {
				"north": {
					"uv": [5.875, 0.5, 6.71875, 0.65625],
					"texture": "#0"
				},
				"east": {
					"uv": [9.5, 3, 9.84375, 3.15625],
					"texture": "#0"
				},
				"south": {
					"uv": [5.875, 1.875, 6.71875, 2.03125],
					"texture": "#0"
				},
				"west": {
					"uv": [9.5, 3.625, 9.84375, 3.78125],
					"texture": "#0"
				},
				"up": {
					"uv": [4.46875, 3.84375, 3.625, 3.5],
					"texture": "#0"
				},
				"down": {
					"uv": [4.59375, 2.375, 3.75, 2.71875],
					"texture": "#0"
				}
			}
		},
		{
			"from": [4.876, 8.97871, 4.56058],
			"to": [11.124, 10.72871, 8.06058],
			"rotation": {
				"angle": 0,
				"axis": "y",
				"origin": [0, 6.97205, -5.7869]
			},
			"faces": {
				"north": {
					"uv": [5, 3, 5.78125, 3.21875],
					"texture": "#0"
				},
				"east": {
					"uv": [7.25, 0, 7.6875, 0.21875],
					"texture": "#0"
				},
				"south": {
					"uv": [5, 3.25, 5.78125, 3.46875],
					"texture": "#0"
				},
				"west": {
					"uv": [7.25, 1.25, 7.6875, 1.46875],
					"texture": "#0"
				},
				"up": {
					"uv": [3.65625, 3.0625, 2.875, 2.625],
					"texture": "#0"
				},
				"down": {
					"uv": [3.78125, 0.625, 3, 1.0625],
					"texture": "#0"
				}
			}
		},
		{
			"from": [4.624, 4.99478, 2.38004],
			"to": [11.376, 6.24478, 5.13004],
			"rotation": {
				"angle": -22.5,
				"axis": "x",
				"origin": [0, 6.97205, -5.7869]
			},
			"faces": {
				"north": {
					"uv": [5.75, 4.5, 6.59375, 4.65625],
					"texture": "#0"
				},
				"east": {
					"uv": [9.5, 2.375, 9.84375, 2.53125],
					"texture": "#0"
				},
				"south": {
					"uv": [5.875, 0.25, 6.71875, 0.40625],
					"texture": "#0"
				},
				"west": {
					"uv": [9.5, 2.625, 9.84375, 2.78125],
					"texture": "#0"
				},
				"up": {
					"uv": [2.84375, 3.96875, 2, 3.625],
					"texture": "#0"
				},
				"down": {
					"uv": [4.46875, 3.125, 3.625, 3.46875],
					"texture": "#0"
				}
			}
		},
		{
			"from": [4.875, 4.74478, 2.45504],
			"to": [11.125, 6.49478, 5.20504],
			"rotation": {
				"angle": -22.5,
				"axis": "x",
				"origin": [0, 6.97205, -5.7869]
			},
			"faces": {
				"north": {
					"uv": [5, 2, 5.78125, 2.21875],
					"texture": "#0"
				},
				"east": {
					"uv": [6.875, 8.125, 7.21875, 8.34375],
					"texture": "#0"
				},
				"south": {
					"uv": [5, 2.75, 5.78125, 2.96875],
					"texture": "#0"
				},
				"west": {
					"uv": [8.125, 7.625, 8.46875, 7.84375],
					"texture": "#0"
				},
				"up": {
					"uv": [4.78125, 4.21875, 4, 3.875],
					"texture": "#0"
				},
				"down": {
					"uv": [4.90625, 1.875, 4.125, 2.21875],
					"texture": "#0"
				}
			}
		},
		{
			"from": [4.625, 11.35304, 0.51434],
			"to": [11.375, 12.22804, 1.38934],
			"rotation": {
				"angle": 22.5,
				"axis": "x",
				"origin": [0, 6.97205, -5.7869]
			},
			"faces": {
				"north": {
					"uv": [6.375, 2.625, 7.21875, 2.75],
					"texture": "#0"
				},
				"east": {
					"uv": [0.5, 8.125, 0.625, 8.25],
					"texture": "#0"
				},
				"south": {
					"uv": [6.75, 1, 7.59375, 1.125],
					"texture": "#0"
				},
				"west": {
					"uv": [6, 8.25, 6.125, 8.375],
					"texture": "#0"
				},
				"up": {
					"uv": [7.59375, 1.25, 6.75, 1.125],
					"texture": "#0"
				},
				"down": {
					"uv": [2.71875, 6.75, 1.875, 6.875],
					"texture": "#0"
				}
			}
		},
		{
			"from": [4.874, 1.87217, -0.40248],
			"to": [11.126, 3.37217, 1.64752],
			"rotation": {
				"angle": -45,
				"axis": "x",
				"origin": [0, 6.97205, -5.7869]
			},
			"faces": {
				"north": {
					"uv": [5, 5.25, 5.78125, 5.4375],
					"texture": "#0"
				},
				"east": {
					"uv": [10, 7.625, 10.25, 7.8125],
					"texture": "#0"
				},
				"south": {
					"uv": [2.75, 5.375, 3.53125, 5.5625],
					"texture": "#0"
				},
				"west": {
					"uv": [7.75, 10, 8, 10.1875],
					"texture": "#0"
				},
				"up": {
					"uv": [5.53125, 0.25, 4.75, 0],
					"texture": "#0"
				},
				"down": {
					"uv": [3.65625, 4.75, 2.875, 5],
					"texture": "#0"
				}
			}
		},
		{
			"from": [6.5, 6.66978, 0.90504],
			"to": [9.5, 7.41978, 4.90504],
			"rotation": {
				"angle": -22.5,
				"axis": "x",
				"origin": [0, 6.97205, -5.7869]
			},
			"faces": {
				"north": {
					"uv": [11, 7.375, 11.375, 7.46875],
					"texture": "#0"
				},
				"east": {
					"uv": [9.875, 2.75, 10.375, 2.84375],
					"texture": "#0"
				},
				"south": {
					"uv": [8.25, 11, 8.625, 11.09375],
					"texture": "#0"
				},
				"west": {
					"uv": [9.875, 4.625, 10.375, 4.71875],
					"texture": "#0"
				},
				"up": {
					"uv": [2.5, 4.875, 2.125, 4.375],
					"texture": "#0"
				},
				"down": {
					"uv": [0.375, 4.75, 0, 5.25],
					"texture": "#0"
				}
			}
		},
		{
			"from": [6.75, 7.41978, 1.15504],
			"to": [9.25, 7.66978, 4.90504],
			"rotation": {
				"angle": -22.5,
				"axis": "x",
				"origin": [0, 6.97205, -5.7869]
			},
			"faces": {
				"north": {
					"uv": [13.625, 2.875, 13.9375, 2.90625],
					"texture": "#0"
				},
				"east": {
					"uv": [12.875, 4.375, 13.34375, 4.40625],
					"texture": "#0"
				},
				"south": {
					"uv": [13.625, 3, 13.9375, 3.03125],
					"texture": "#0"
				},
				"west": {
					"uv": [4.625, 12.875, 5.09375, 12.90625],
					"texture": "#0"
				},
				"up": {
					"uv": [0.3125, 5.71875, 0, 5.25],
					"texture": "#0"
				},
				"down": {
					"uv": [4.9375, 5.25, 4.625, 5.71875],
					"texture": "#0"
				}
			}
		},
		{
			"from": [7.626, 14.43147, -3.66202],
			"to": [8.374, 14.93147, -3.16202],
			"rotation": {
				"angle": 45,
				"axis": "x",
				"origin": [0, 6.97205, -5.7869]
			},
			"faces": {
				"north": {
					"uv": [14.125, 9.5, 14.21875, 9.5625],
					"texture": "#0"
				},
				"east": {
					"uv": [0.25, 14.5, 0.3125, 14.5625],
					"texture": "#0"
				},
				"south": {
					"uv": [9.625, 14.125, 9.71875, 14.1875],
					"texture": "#0"
				},
				"west": {
					"uv": [0.375, 14.5, 0.4375, 14.5625],
					"texture": "#0"
				},
				"up": {
					"uv": [14.21875, 9.6875, 14.125, 9.625],
					"texture": "#0"
				},
				"down": {
					"uv": [9.84375, 14.125, 9.75, 14.1875],
					"texture": "#0"
				}
			}
		},
		{
			"from": [7.625, 13.93147, -4.91202],
			"to": [8.375, 14.43147, -3.41202],
			"rotation": {
				"angle": 45,
				"axis": "x",
				"origin": [0, 6.97205, -5.7869]
			},
			"faces": {
				"north": {
					"uv": [14.125, 9.25, 14.21875, 9.3125],
					"texture": "#0"
				},
				"east": {
					"uv": [13.25, 6.75, 13.4375, 6.8125],
					"texture": "#0"
				},
				"south": {
					"uv": [14.125, 9.375, 14.21875, 9.4375],
					"texture": "#0"
				},
				"west": {
					"uv": [6.875, 13.25, 7.0625, 13.3125],
					"texture": "#0"
				},
				"up": {
					"uv": [9.21875, 12.6875, 9.125, 12.5],
					"texture": "#0"
				},
				"down": {
					"uv": [12.59375, 9.125, 12.5, 9.3125],
					"texture": "#0"
				}
			}
		},
		{
			"from": [7.6249, 16.08147, -3.66202],
			"to": [8.3751, 16.58147, -2.41202],
			"rotation": {
				"angle": 45,
				"axis": "x",
				"origin": [0, 6.97205, -5.7869]
			},
			"faces": {
				"north": {
					"uv": [14.125, 9.125, 14.21875, 9.1875],
					"texture": "#0"
				},
				"east": {
					"uv": [13.625, 2.75, 13.78125, 2.8125],
					"texture": "#0"
				},
				"south": {
					"uv": [9.25, 14.125, 9.34375, 14.1875],
					"texture": "#0"
				},
				"west": {
					"uv": [2.875, 13.625, 3.03125, 13.6875],
					"texture": "#0"
				},
				"up": {
					"uv": [4.34375, 13.03125, 4.25, 12.875],
					"texture": "#0"
				},
				"down": {
					"uv": [4.46875, 12.875, 4.375, 13.03125],
					"texture": "#0"
				}
			}
		},
		{
			"from": [7.6249, 14.55304, -0.26066],
			"to": [8.3751, 15.05304, 1.48934],
			"rotation": {
				"angle": 22.5,
				"axis": "x",
				"origin": [0, 6.97205, -5.7869]
			},
			"faces": {
				"north": {
					"uv": [14.125, 9, 14.21875, 9.0625],
					"texture": "#0"
				},
				"east": {
					"uv": [0.125, 13.125, 0.34375, 13.1875],
					"texture": "#0"
				},
				"south": {
					"uv": [9.125, 14.125, 9.21875, 14.1875],
					"texture": "#0"
				},
				"west": {
					"uv": [13.125, 0.125, 13.34375, 0.1875],
					"texture": "#0"
				},
				"up": {
					"uv": [7.96875, 12.46875, 7.875, 12.25],
					"texture": "#0"
				},
				"down": {
					"uv": [8.09375, 12.25, 8, 12.46875],
					"texture": "#0"
				}
			}
		},
		{
			"from": [7.625, 10.72871, 0.81058],
			"to": [8.375, 11.22871, 2.81058],
			"rotation": {
				"angle": 0,
				"axis": "y",
				"origin": [0, 6.97205, -5.7869]
			},
			"faces": {
				"north": {
					"uv": [14.125, 8.875, 14.21875, 8.9375],
					"texture": "#0"
				},
				"east": {
					"uv": [12.75, 4.5, 13, 4.5625],
					"texture": "#0"
				},
				"south": {
					"uv": [9, 14.125, 9.09375, 14.1875],
					"texture": "#0"
				},
				"west": {
					"uv": [12.75, 4.625, 13, 4.6875],
					"texture": "#0"
				},
				"up": {
					"uv": [3.21875, 12.25, 3.125, 12],
					"texture": "#0"
				},
				"down": {
					"uv": [12.09375, 3.375, 12, 3.625],
					"texture": "#0"
				}
			}
		},
		{
			"from": [7.624, 13.05304, -2.26066],
			"to": [8.376, 13.55304, -1.01066],
			"rotation": {
				"angle": 22.5,
				"axis": "x",
				"origin": [0, 6.97205, -5.7869]
			},
			"faces": {
				"north": {
					"uv": [14.125, 8.75, 14.21875, 8.8125],
					"texture": "#0"
				},
				"east": {
					"uv": [13.625, 2.5, 13.78125, 2.5625],
					"texture": "#0"
				},
				"south": {
					"uv": [8.875, 14.125, 8.96875, 14.1875],
					"texture": "#0"
				},
				"west": {
					"uv": [13.625, 2.625, 13.78125, 2.6875],
					"texture": "#0"
				},
				"up": {
					"uv": [12.96875, 4.03125, 12.875, 3.875],
					"texture": "#0"
				},
				"down": {
					"uv": [12.96875, 4.125, 12.875, 4.28125],
					"texture": "#0"
				}
			}
		},
		{
			"from": [5.75, 4.47871, 3.81058],
			"to": [10.25, 11.72871, 6.31058],
			"rotation": {
				"angle": 0,
				"axis": "y",
				"origin": [0, 6.97205, -5.7869]
			},
			"faces": {
				"north": {
					"uv": [1.625, 0.75, 2.1875, 1.65625],
					"texture": "#0"
				},
				"east": {
					"uv": [1.375, 3.75, 1.6875, 4.65625],
					"texture": "#0"
				},
				"south": {
					"uv": [0.75, 1.75, 1.3125, 2.65625],
					"texture": "#0"
				},
				"west": {
					"uv": [2.875, 3.75, 3.1875, 4.65625],
					"texture": "#0"
				},
				"up": {
					"uv": [5.5625, 1.9375, 5, 1.625],
					"texture": "#0"
				},
				"down": {
					"uv": [3.3125, 5, 2.75, 5.3125],
					"texture": "#0"
				}
			}
		},
		{
			"from": [5.251, 14.52804, 2.26434],
			"to": [10.749, 15.27804, 3.51434],
			"rotation": {
				"angle": 22.5,
				"axis": "x",
				"origin": [0, 6.97205, -5.7869]
			},
			"faces": {
				"north": {
					"uv": [8.625, 0.625, 9.3125, 0.71875],
					"texture": "#0"
				},
				"east": {
					"uv": [12.875, 2.125, 13.03125, 2.21875],
					"texture": "#0"
				},
				"south": {
					"uv": [8.625, 0.75, 9.3125, 0.84375],
					"texture": "#0"
				},
				"west": {
					"uv": [3.75, 12.875, 3.90625, 12.96875],
					"texture": "#0"
				},
				"up": {
					"uv": [7.3125, 4.65625, 6.625, 4.5],
					"texture": "#0"
				},
				"down": {
					"uv": [7.0625, 6.625, 6.375, 6.78125],
					"texture": "#0"
				}
			}
		},
		{
			"from": [5.25, 6.16978, 2.53004],
			"to": [10.75, 7.16978, 5.78004],
			"rotation": {
				"angle": -22.5,
				"axis": "x",
				"origin": [0, 6.97205, -5.7869]
			},
			"faces": {
				"north": {
					"uv": [3.125, 0.5, 3.8125, 0.625],
					"texture": "#0"
				},
				"east": {
					"uv": [5.875, 2.125, 6.28125, 2.25],
					"texture": "#0"
				},
				"south": {
					"uv": [7.125, 4.125, 7.8125, 4.25],
					"texture": "#0"
				},
				"west": {
					"uv": [6.25, 1.75, 6.65625, 1.875],
					"texture": "#0"
				},
				"up": {
					"uv": [4.5625, 0.90625, 3.875, 0.5],
					"texture": "#0"
				},
				"down": {
					"uv": [3.9375, 3.875, 3.25, 4.28125],
					"texture": "#0"
				}
			}
		},
		{
			"from": [5.25, 10.72871, 5.56058],
			"to": [10.75, 11.22871, 8.06158],
			"rotation": {
				"angle": 0,
				"axis": "y",
				"origin": [0, 6.97205, -5.7869]
			},
			"faces": {
				"north": {
					"uv": [10.375, 4.625, 11.0625, 4.6875],
					"texture": "#0"
				},
				"east": {
					"uv": [12.375, 8, 12.6875, 8.0625],
					"texture": "#0"
				},
				"south": {
					"uv": [10.375, 5.25, 11.0625, 5.3125],
					"texture": "#0"
				},
				"west": {
					"uv": [8.125, 12.375, 8.4375, 12.4375],
					"texture": "#0"
				},
				"up": {
					"uv": [4.9375, 1.8125, 4.25, 1.5],
					"texture": "#0"
				},
				"down": {
					"uv": [3.9375, 4.375, 3.25, 4.6875],
					"texture": "#0"
				}
			}
		},
		{
			"from": [5, 5.97871, 6.31058],
			"to": [11, 8.97871, 8.06058],
			"rotation": {
				"angle": 0,
				"axis": "y",
				"origin": [0, 6.97205, -5.7869]
			},
			"faces": {
				"north": {
					"uv": [3.75, 2.75, 4.5, 3.125],
					"texture": "#0"
				},
				"east": {
					"uv": [7.75, 2.75, 7.96875, 3.125],
					"texture": "#0"
				},
				"south": {
					"uv": [0, 3.875, 0.75, 4.25],
					"texture": "#0"
				},
				"west": {
					"uv": [7.75, 3.375, 7.96875, 3.75],
					"texture": "#0"
				},
				"up": {
					"uv": [5.75, 3.71875, 5, 3.5],
					"texture": "#0"
				},
				"down": {
					"uv": [5.375, 5, 4.625, 5.21875],
					"texture": "#0"
				}
			}
		}
	]
}