{
	"format_version": "1.21.6",
	"credit": "Made with Blockbench",
	"texture_size": [64, 64],
	"textures": {
		"1": "item/weapon/wraith/sword_stealth",
		"particle": "item/weapon/wraith/sword_stealth"
	},
	"elements": [
		{
			"from": [7.8, 0, 7.25],
			"to": [8.3, 22, 8.75],
			"rotation": {"angle": 0, "axis": "y", "origin": [8, -4, 8]},
			"faces": {
				"north": {"uv": [0, 1.5, 0.25, 12.5], "texture": "#1"},
				"east": {"uv": [0.75, 1.5, 0, 12.5], "texture": "#1"},
				"south": {"uv": [0.5, 1.5, 0.75, 12.5], "texture": "#1"},
				"west": {"uv": [0, 1.5, 0.75, 12.5], "texture": "#1"},
				"up": {"uv": [0.75, 1.5, 0, 1.75], "rotation": 270, "texture": "#1"},
				"down": {"uv": [2, 0, 1, 0], "rotation": 90, "texture": "#1"}
			}
		},
		{
			"from": [7.5, 0, 7],
			"to": [8.5, 22, 9],
			"rotation": {"angle": 0, "axis": "y", "origin": [0, -5.5, 16]},
			"faces": {
				"north": {"uv": [11.5, 0, 11.75, 12.5], "texture": "#1"},
				"east": {"uv": [11.25, 0, 10.25, 12.5], "texture": "#1"},
				"south": {"uv": [11.25, 0, 11.5, 12.5], "texture": "#1"},
				"west": {"uv": [10.25, 0, 11.25, 12.5], "texture": "#1"},
				"up": {"uv": [8.375, 0.25, 9.125, 0.5], "rotation": 270, "texture": "#1"},
				"down": {"uv": [8.375, 0, 9.125, 0.25], "rotation": 90, "texture": "#1"}
			}
		},
		{
			"from": [7.8, 22, 7.75],
			"to": [8.3, 24, 8.75],
			"rotation": {"angle": 0, "axis": "y", "origin": [8, -4, 8]},
			"faces": {
				"north": {"uv": [0.25, 0.5, 0.5, 1.5], "texture": "#1"},
				"east": {"uv": [0.75, 0.5, 0.25, 1.5], "texture": "#1"},
				"south": {"uv": [0.5, 0.5, 0.75, 1.5], "texture": "#1"},
				"west": {"uv": [0.25, 0.5, 0.75, 1.5], "texture": "#1"},
				"up": {"uv": [0.75, 0.5, 0.25, 0.75], "rotation": 270, "texture": "#1"},
				"down": {"uv": [2, 0, 1, 0], "rotation": 90, "texture": "#1"}
			}
		},
		{
			"from": [7.8, 24, 8.25],
			"to": [8.3, 25, 8.75],
			"rotation": {"angle": 0, "axis": "y", "origin": [8, -4, 8]},
			"faces": {
				"north": {"uv": [0.5, 0, 0.75, 0.5], "texture": "#1"},
				"east": {"uv": [0.75, 0, 0.5, 0.5], "texture": "#1"},
				"south": {"uv": [0.5, 0, 0.75, 0.5], "texture": "#1"},
				"west": {"uv": [0.5, 0, 0.75, 0.5], "texture": "#1"},
				"up": {"uv": [0.75, 0, 0.5, 0.25], "rotation": 270, "texture": "#1"},
				"down": {"uv": [0.5, 0.25, 0.75, 0.5], "rotation": 90, "texture": "#1"}
			}
		},
		{
			"from": [7.5, -9.5, 7],
			"to": [8.5, -0.5, 9],
			"rotation": {"angle": 0, "axis": "y", "origin": [8, -8.5, 8]},
			"faces": {
				"north": {"uv": [2.5, 0.5, 2, 5], "texture": "#1"},
				"east": {"uv": [3.5, 0.5, 2.5, 5], "texture": "#1"},
				"south": {"uv": [4, 0.5, 3.5, 5], "texture": "#1"},
				"west": {"uv": [5, 0.5, 4, 5], "texture": "#1"},
				"up": {"uv": [3.5, 0, 2.5, 0.5], "rotation": 270, "texture": "#1"},
				"down": {"uv": [4.5, 0.5, 3.5, 0], "rotation": 90, "texture": "#1"}
			}
		},
		{
			"from": [7.25, -1.5, 6.5],
			"to": [8.75, -0.5, 9.5],
			"rotation": {"angle": 0, "axis": "y", "origin": [8, -8.5, 8]},
			"faces": {
				"north": {"uv": [6.25, 0.75, 6, 1.25], "texture": "#1"},
				"east": {"uv": [6, 0.75, 5, 1.25], "texture": "#1"},
				"south": {"uv": [6.25, 0.75, 6, 1.25], "texture": "#1"},
				"west": {"uv": [6, 0.75, 5, 1.25], "texture": "#1"},
				"up": {"uv": [6, 1.25, 5, 1.75], "rotation": 270, "texture": "#1"},
				"down": {"uv": [6, 2.25, 5, 1.75], "rotation": 90, "texture": "#1"}
			}
		},
		{
			"from": [7.25, -9.5, 6.75],
			"to": [8.75, -8.5, 9.25],
			"rotation": {"angle": 0, "axis": "y", "origin": [8, -8.5, 8]},
			"faces": {
				"north": {"uv": [2.75, 7.25, 2, 7.75], "texture": "#1"},
				"east": {"uv": [4, 7.25, 2.75, 7.75], "texture": "#1"},
				"south": {"uv": [4.75, 7.25, 4, 7.75], "texture": "#1"},
				"west": {"uv": [6, 7.25, 4.75, 7.75], "texture": "#1"},
				"up": {"uv": [4, 6.5, 2.75, 7.25], "rotation": 270, "texture": "#1"},
				"down": {"uv": [5.25, 7.25, 4, 6.5], "rotation": 90, "texture": "#1"}
			}
		},
		{
			"from": [7.25, -0.5, 5.75],
			"to": [8.75, 0, 10.25],
			"rotation": {"angle": 0, "axis": "y", "origin": [8, -8.5, 8]},
			"faces": {
				"north": {"uv": [8.5, 8, 7.75, 8.25], "texture": "#1"},
				"east": {"uv": [9, 7.75, 7, 8], "texture": "#1"},
				"south": {"uv": [8.5, 8, 7.75, 8.25], "texture": "#1"},
				"west": {"uv": [9, 7.75, 7, 8], "texture": "#1"},
				"up": {"uv": [9, 8.25, 7, 9], "rotation": 270, "texture": "#1"},
				"down": {"uv": [9, 9, 7, 8.25], "rotation": 90, "texture": "#1"}
			}
		},
		{
			"from": [7.5, -10, 7],
			"to": [8.5, -9.5, 9],
			"rotation": {"angle": 0, "axis": "y", "origin": [0, -5.5, 16]},
			"faces": {
				"north": {"uv": [5, 8.25, 5.25, 8.5], "texture": "#1"},
				"east": {"uv": [4.25, 8.25, 5, 8.5], "texture": "#1"},
				"south": {"uv": [5, 8.25, 5.25, 8.5], "texture": "#1"},
				"west": {"uv": [4.25, 8.25, 5, 8.5], "texture": "#1"},
				"up": {"uv": [4.25, 8.5, 5, 8.75], "rotation": 270, "texture": "#1"},
				"down": {"uv": [4.25, 8.5, 5, 8.75], "rotation": 90, "texture": "#1"}
			}
		}
	],
	"display": {
		"thirdperson_righthand": {
			"scale": [0, 0, 0]
		},
		"thirdperson_lefthand": {
			"scale": [0, 0, 0]
		},
		"firstperson_righthand": {
			"rotation": [-45, -120, 0],
			"translation": [0, 6, 4.5],
			"scale": [0.65, 0.65, 0.65]
		},
		"firstperson_lefthand": {
			"rotation": [-45, -120, 0],
			"translation": [0, 6, 4.5],
			"scale": [0.65, 0.65, 0.65]
		},
		"gui": {
			"rotation": [-90, -70, 90],
			"scale": [0.55, 0.55, 0.55]
		}
	}
}