{
	"format_version": "1.21.6",
	"credit": "Made with Blockbench",
	"texture_size": [21, 14],
	"textures": {
		"0": "item/weapon/savior/wing2",
		"particle": "item/weapon/savior/wing2"
	},
	"elements": [
		{
			"from": [10, 1, 4],
			"to": [10, 15, 25],
			"rotation": {"angle": 45, "axis": "y", "origin": [10, 1, 4]},
			"faces": {
				"east": {"uv": [0, 0, 16, 16], "texture": "#0"},
				"west": {"uv": [16, 0, 0, 16], "texture": "#0"}
			}
		},
		{
			"from": [6, 1, 4],
			"to": [6, 15, 25],
			"rotation": {"angle": -45, "axis": "y", "origin": [6, 1, 4]},
			"faces": {
				"east": {"uv": [0, 0, 16, 16], "texture": "#0"},
				"west": {"uv": [16, 0, 0, 16], "texture": "#0"}
			}
		}
	],
	"display": {
		"thirdperson_righthand": {
			"rotation": [70, 0, 0],
			"translation": [-6, -10, 10],
			"scale": [1.5, 1.5, 1.5]
		},
		"thirdperson_lefthand": {
			"rotation": [70, 0, 0],
			"translation": [-6, -10, 10],
			"scale": [1.5, 1.5, 1.5]
		},
		"firstperson_righthand": {
			"scale": [0, 0, 0]
		},
		"firstperson_lefthand": {
			"scale": [0, 0, 0]
		},
		"gui": {
			"scale": [0, 0, 0]
		}
	}
}