{
	"format_version": "1.21.6",
	"credit": "Made with Blockbench",
	"texture_size": [12, 15],
	"textures": {
		"0": "item/weapon/savior/wing1",
		"particle": "item/weapon/savior/wing1"
	},
	"elements": [
		{
			"from": [10, 0, 4],
			"to": [10, 15, 16],
			"rotation": {"angle": 22.5, "axis": "y", "origin": [10, 0, 4]},
			"faces": {
				"east": {"uv": [0, 0, 16, 16], "texture": "#0"},
				"west": {"uv": [16, 0, 0, 16], "texture": "#0"}
			}
		},
		{
			"from": [6, 0, 4],
			"to": [6, 15, 16],
			"rotation": {"angle": -22.5, "axis": "y", "origin": [6, 0, 4]},
			"faces": {
				"east": {"uv": [0, 0, 16, 16], "texture": "#0"},
				"west": {"uv": [16, 0, 0, 16], "texture": "#0"}
			}
		}
	],
	"display": {
		"thirdperson_righthand": {
			"rotation": [70, 0, 0],
			"translation": [-6, -10, 10],
			"scale": [1.25, 1.25, 1.25]
		},
		"thirdperson_lefthand": {
			"rotation": [70, 0, 0],
			"translation": [-6, -10, 10],
			"scale": [1.25, 1.25, 1.25]
		},
		"firstperson_righthand": {
			"scale": [0, 0, 0]
		},
		"firstperson_lefthand": {
			"scale": [0, 0, 0]
		},
		"gui": {
			"scale": [0, 0, 0]
		}
	}
}