{
    "providers": [
        {
            "type":"space",
            "advances": {
                " ": 4,
                "\uF801":-1,
                "\uF802":1,
                "\uF804":4,
                "\uF811":-50,
                "\uF812":-90,
                "\uF813":-80,
                "\uF814":-60,
                "\uF821":40,
                "\uF888":10,
                "\uF889":16,
                "\uF997":-28,
                "\uF998":-2,
                "\uF999":-10
            }
        }
    ]
}