{
	"textures": {
		"2": "minecraft:block/anvil",
		"3": "minecraft:block/bone_block_side",
		"4": "animated_java:item/nikuyaki_sub/cooked_beef"
	},
	"display": {
		"head": {
			"rotation": [0, 180, 0]
		}
	},
	"elements": [
		{
			"from": [7.2124, 10.57152, 0.73472],
			"to": [9.7876, 11.21532, 1.37852],
			"rotation": {
				"angle": 0,
				"axis": "y",
				"origin": [8.5, 12.83694, 3.20015]
			},
			"faces": {
				"north": {
					"uv": [11, 12, 12, 13],
					"texture": "#4"
				},
				"east": {
					"uv": [11, 12, 12, 13],
					"texture": "#4"
				},
				"south": {
					"uv": [11, 12, 12, 13],
					"texture": "#4"
				},
				"west": {
					"uv": [12, 12, 11, 13],
					"texture": "#4"
				},
				"up": {
					"uv": [11, 12, 12, 13],
					"rotation": 270,
					"texture": "#4"
				},
				"down": {
					"uv": [11, 12, 12, 13],
					"rotation": 90,
					"texture": "#4"
				}
			}
		},
		{
			"from": [7.2124, 9.92772, 1.37852],
			"to": [9.7876, 11.21532, 2.66612],
			"rotation": {
				"angle": 0,
				"axis": "y",
				"origin": [8.5, 12.83694, 3.20015]
			},
			"faces": {
				"north": {
					"uv": [10, 12, 11, 14],
					"texture": "#4"
				},
				"east": {
					"uv": [9, 12, 11, 14],
					"texture": "#4"
				},
				"south": {
					"uv": [9, 12, 10, 14],
					"texture": "#4"
				},
				"west": {
					"uv": [11, 12, 9, 14],
					"texture": "#4"
				},
				"up": {
					"uv": [9, 12, 11, 13],
					"rotation": 270,
					"texture": "#4"
				},
				"down": {
					"uv": [9, 13, 11, 14],
					"rotation": 90,
					"texture": "#4"
				}
			}
		},
		{
			"from": [7.2124, 10.57152, 6.52892],
			"to": [9.7876, 12.50292, 7.17272],
			"rotation": {
				"angle": 0,
				"axis": "y",
				"origin": [8.5, 12.83694, 3.20015]
			},
			"faces": {
				"north": {
					"uv": [2, 10, 3, 13],
					"texture": "#4"
				},
				"east": {
					"uv": [2, 10, 3, 13],
					"texture": "#4"
				},
				"south": {
					"uv": [2, 10, 3, 13],
					"texture": "#4"
				},
				"west": {
					"uv": [3, 10, 2, 13],
					"texture": "#4"
				},
				"up": {
					"uv": [2, 10, 3, 11],
					"rotation": 270,
					"texture": "#4"
				},
				"down": {
					"uv": [2, 12, 3, 13],
					"rotation": 90,
					"texture": "#4"
				}
			}
		},
		{
			"from": [7.2124, 9.92772, 5.88512],
			"to": [9.7876, 13.79052, 6.52892],
			"rotation": {
				"angle": 0,
				"axis": "y",
				"origin": [8.5, 12.83694, 3.20015]
			},
			"faces": {
				"north": {
					"uv": [3, 8, 4, 14],
					"texture": "#4"
				},
				"east": {
					"uv": [3, 8, 4, 14],
					"texture": "#4"
				},
				"south": {
					"uv": [3, 8, 4, 14],
					"texture": "#4"
				},
				"west": {
					"uv": [4, 8, 3, 14],
					"texture": "#4"
				},
				"up": {
					"uv": [3, 8, 4, 9],
					"rotation": 270,
					"texture": "#4"
				},
				"down": {
					"uv": [3, 13, 4, 14],
					"rotation": 90,
					"texture": "#4"
				}
			}
		},
		{
			"from": [7.2124, 9.28392, 4.59752],
			"to": [9.7876, 14.43432, 5.88512],
			"rotation": {
				"angle": 0,
				"axis": "y",
				"origin": [8.5, 12.83694, 3.20015]
			},
			"faces": {
				"north": {
					"uv": [5, 7, 6, 15],
					"texture": "#4"
				},
				"east": {
					"uv": [4, 7, 6, 15],
					"texture": "#4"
				},
				"south": {
					"uv": [4, 7, 5, 15],
					"texture": "#4"
				},
				"west": {
					"uv": [6, 7, 4, 15],
					"texture": "#4"
				},
				"up": {
					"uv": [4, 7, 6, 8],
					"rotation": 270,
					"texture": "#4"
				},
				"down": {
					"uv": [4, 14, 6, 15],
					"rotation": 90,
					"texture": "#4"
				}
			}
		},
		{
			"from": [7.2124, 9.28392, 3.95372],
			"to": [9.7876, 15.07812, 4.59752],
			"rotation": {
				"angle": 0,
				"axis": "y",
				"origin": [8.5, 12.83694, 3.20015]
			},
			"faces": {
				"north": {
					"uv": [6, 6, 7, 15],
					"texture": "#4"
				},
				"east": {
					"uv": [6, 6, 7, 15],
					"texture": "#4"
				},
				"south": {
					"uv": [6, 6, 7, 15],
					"texture": "#4"
				},
				"west": {
					"uv": [7, 6, 6, 15],
					"texture": "#4"
				},
				"up": {
					"uv": [6, 6, 7, 7],
					"rotation": 270,
					"texture": "#4"
				},
				"down": {
					"uv": [6, 14, 7, 15],
					"rotation": 90,
					"texture": "#4"
				}
			}
		},
		{
			"from": [7.2124, 12.50292, -1.19668],
			"to": [9.7876, 15.72192, -0.55288],
			"rotation": {
				"angle": 0,
				"axis": "y",
				"origin": [8.5, 12.83694, 3.20015]
			},
			"faces": {
				"north": {
					"uv": [14, 5, 15, 10],
					"texture": "#4"
				},
				"east": {
					"uv": [14, 5, 15, 10],
					"texture": "#4"
				},
				"south": {
					"uv": [14, 5, 15, 10],
					"texture": "#4"
				},
				"west": {
					"uv": [15, 5, 14, 10],
					"texture": "#4"
				},
				"up": {
					"uv": [14, 5, 15, 6],
					"rotation": 270,
					"texture": "#4"
				},
				"down": {
					"uv": [14, 9, 15, 10],
					"rotation": 90,
					"texture": "#4"
				}
			}
		},
		{
			"from": [7.2124, 9.28392, 3.30992],
			"to": [9.7876, 15.72192, 3.95372],
			"rotation": {
				"angle": 0,
				"axis": "y",
				"origin": [8.5, 12.83694, 3.20015]
			},
			"faces": {
				"north": {
					"uv": [7, 5, 8, 15],
					"texture": "#4"
				},
				"east": {
					"uv": [7, 5, 8, 15],
					"texture": "#4"
				},
				"south": {
					"uv": [7, 5, 8, 15],
					"texture": "#4"
				},
				"west": {
					"uv": [8, 5, 7, 15],
					"texture": "#4"
				},
				"up": {
					"uv": [7, 5, 8, 6],
					"rotation": 270,
					"texture": "#4"
				},
				"down": {
					"uv": [7, 14, 8, 15],
					"rotation": 90,
					"texture": "#4"
				}
			}
		},
		{
			"from": [7.2124, 11.85912, -0.55288],
			"to": [9.7876, 16.36572, 0.09092],
			"rotation": {
				"angle": 0,
				"axis": "y",
				"origin": [8.5, 12.83694, 3.20015]
			},
			"faces": {
				"north": {
					"uv": [13, 4, 14, 11],
					"texture": "#4"
				},
				"east": {
					"uv": [13, 4, 14, 11],
					"texture": "#4"
				},
				"south": {
					"uv": [13, 4, 14, 11],
					"texture": "#4"
				},
				"west": {
					"uv": [14, 4, 13, 11],
					"texture": "#4"
				},
				"up": {
					"uv": [13, 4, 14, 5],
					"rotation": 270,
					"texture": "#4"
				},
				"down": {
					"uv": [13, 10, 14, 11],
					"rotation": 90,
					"texture": "#4"
				}
			}
		},
		{
			"from": [7.2124, 9.28392, 2.66612],
			"to": [9.7876, 16.36572, 3.30992],
			"rotation": {
				"angle": 0,
				"axis": "y",
				"origin": [8.5, 12.83694, 3.20015]
			},
			"faces": {
				"north": {
					"uv": [8, 4, 9, 15],
					"texture": "#4"
				},
				"east": {
					"uv": [8, 4, 9, 15],
					"texture": "#4"
				},
				"south": {
					"uv": [8, 4, 9, 15],
					"texture": "#4"
				},
				"west": {
					"uv": [9, 4, 8, 15],
					"texture": "#4"
				},
				"up": {
					"uv": [8, 4, 9, 5],
					"rotation": 270,
					"texture": "#4"
				},
				"down": {
					"uv": [8, 14, 9, 15],
					"rotation": 90,
					"texture": "#4"
				}
			}
		},
		{
			"from": [7.2124, 11.21532, 0.09092],
			"to": [9.7876, 17.00952, 2.66612],
			"rotation": {
				"angle": 0,
				"axis": "y",
				"origin": [8.5, 12.83694, 3.20015]
			},
			"faces": {
				"north": {
					"uv": [12, 3, 13, 12],
					"texture": "#4"
				},
				"east": {
					"uv": [9, 3, 13, 12],
					"texture": "#4"
				},
				"south": {
					"uv": [9, 3, 10, 12],
					"texture": "#4"
				},
				"west": {
					"uv": [13, 3, 9, 12],
					"texture": "#4"
				},
				"up": {
					"uv": [9, 3, 13, 4],
					"rotation": 270,
					"texture": "#4"
				},
				"down": {
					"uv": [9, 11, 13, 12],
					"rotation": 90,
					"texture": "#4"
				}
			}
		},
		{
			"from": [6.5, 11.72739, 7.2564],
			"to": [9.5, 14.72739, 8.2564],
			"rotation": {
				"angle": 45,
				"axis": "x",
				"origin": [8, 10.22739, 1.5064]
			},
			"faces": {
				"north": {
					"uv": [4, 1, 1, 4],
					"texture": "#2"
				},
				"east": {
					"uv": [5, 1, 4, 4],
					"texture": "#2"
				},
				"south": {
					"uv": [8, 1, 5, 4],
					"texture": "#2"
				},
				"west": {
					"uv": [1, 1, 0, 4],
					"texture": "#2"
				},
				"up": {
					"uv": [1, 1, 4, 0],
					"texture": "#2"
				},
				"down": {
					"uv": [4, 0, 7, 1],
					"texture": "#2"
				}
			}
		},
		{
			"from": [7.5, 6.72739, 7.2564],
			"to": [8.5, 11.72739, 8.2564],
			"rotation": {
				"angle": 45,
				"axis": "x",
				"origin": [8, 10.22739, 1.5064]
			},
			"faces": {
				"north": {
					"uv": [8, 5, 7, 11],
					"texture": "#2"
				},
				"east": {
					"uv": [9, 5, 8, 11],
					"texture": "#2"
				},
				"south": {
					"uv": [10, 5, 9, 11],
					"texture": "#2"
				},
				"west": {
					"uv": [7, 5, 6, 11],
					"texture": "#2"
				},
				"up": {
					"uv": [7, 5, 8, 4],
					"texture": "#2"
				},
				"down": {
					"uv": [8, 4, 9, 5],
					"texture": "#2"
				}
			}
		},
		{
			"from": [7.5, 6.72739, 8.2564],
			"to": [8.5, 7.72739, 14.2564],
			"rotation": {
				"angle": 45,
				"axis": "x",
				"origin": [8, 10.22739, 1.5064]
			},
			"faces": {
				"north": {
					"uv": [7, 5, 8, 4],
					"rotation": 180,
					"texture": "#2"
				},
				"east": {
					"uv": [9, 5, 8, 11],
					"rotation": 90,
					"texture": "#2"
				},
				"south": {
					"uv": [8, 4, 9, 5],
					"texture": "#2"
				},
				"west": {
					"uv": [7, 5, 6, 11],
					"rotation": 270,
					"texture": "#2"
				},
				"up": {
					"uv": [10, 5, 9, 11],
					"texture": "#2"
				},
				"down": {
					"uv": [8, 5, 7, 11],
					"rotation": 180,
					"texture": "#2"
				}
			}
		},
		{
			"from": [7.5, 12.72739, -6.7436],
			"to": [8.5, 13.72739, 8.2564],
			"rotation": {
				"angle": 45,
				"axis": "x",
				"origin": [8, 10.22739, 1.5064]
			},
			"faces": {
				"north": {
					"uv": [1, 0, 0, 1],
					"texture": "#3"
				},
				"east": {
					"uv": [12, 16, 13, 0],
					"rotation": 90,
					"texture": "#3"
				},
				"south": {
					"uv": [2, 0, 1, 1],
					"texture": "#3"
				},
				"west": {
					"uv": [14, 16, 15, 0],
					"rotation": 90,
					"texture": "#3"
				},
				"up": {
					"uv": [13, 16, 14, 0],
					"texture": "#3"
				},
				"down": {
					"uv": [15, 0, 16, 16],
					"texture": "#3"
				}
			}
		},
		{
			"from": [7.5, 12.22739, 8.2564],
			"to": [8.5, 14.22739, 9.2564],
			"rotation": {
				"angle": 45,
				"axis": "x",
				"origin": [8, 10.22739, 1.5064]
			},
			"faces": {
				"north": {
					"uv": [1, 0, 0, 1],
					"texture": "#3"
				},
				"east": {
					"uv": [12, 16, 13, 0],
					"rotation": 90,
					"texture": "#3"
				},
				"south": {
					"uv": [2, 0, 1, 1],
					"texture": "#3"
				},
				"west": {
					"uv": [14, 16, 15, 0],
					"rotation": 90,
					"texture": "#3"
				},
				"up": {
					"uv": [13, 16, 14, 0],
					"texture": "#3"
				},
				"down": {
					"uv": [15, 0, 16, 16],
					"texture": "#3"
				}
			}
		},
		{
			"from": [7.5, 12.22739, -7.7436],
			"to": [8.5, 14.22739, -6.7436],
			"rotation": {
				"angle": 45,
				"axis": "x",
				"origin": [8, 10.22739, 1.5064]
			},
			"faces": {
				"north": {
					"uv": [1, 0, 0, 1],
					"texture": "#3"
				},
				"east": {
					"uv": [12, 16, 13, 0],
					"rotation": 90,
					"texture": "#3"
				},
				"south": {
					"uv": [2, 0, 1, 1],
					"texture": "#3"
				},
				"west": {
					"uv": [14, 16, 15, 0],
					"rotation": 90,
					"texture": "#3"
				},
				"up": {
					"uv": [13, 16, 14, 0],
					"texture": "#3"
				},
				"down": {
					"uv": [15, 0, 16, 16],
					"texture": "#3"
				}
			}
		}
	]
}