{
  "parent": "minecraft:item/handheld",
  "textures": {
    "layer0": "minecraft:item/ender_eye"
  },
  "overrides": [
    {"predicate": {"custom_model_data": 1},"model": "item/general/empty"},

    {"predicate": {"custom_model_data": 100},"model": "item/weapons/bow/0_iron/0_default"},
    {"predicate": {"custom_model_data": 101},"model": "item/weapons/bow/0_iron/1_drawing"},
    {"predicate": {"custom_model_data": 103},"model": "item/weapons/bow/0_iron/3_pulling_0"},
    {"predicate": {"custom_model_data": 104},"model": "item/weapons/bow/0_iron/4_pulling_1"},
    {"predicate": {"custom_model_data": 105},"model": "item/weapons/bow/0_iron/5_pulling_2"},
    {"predicate": {"custom_model_data": 106},"model": "item/weapons/bow/0_iron/6_pulling_3"},
    {"predicate": {"custom_model_data": 107},"model": "item/weapons/bow/0_iron/7_shot_0"},
    {"predicate": {"custom_model_data": 108},"model": "item/weapons/bow/0_iron/8_shot_1"},
    {"predicate": {"custom_model_data": 109},"model": "item/weapons/bow/0_iron/9_shot_2"},
    {"predicate": {"custom_model_data": 110},"model": "item/weapons/bow/0_iron/10_shot_3"},
    {"predicate": {"custom_model_data": 111},"model": "item/weapons/bow/0_iron/11_shot_max_0"},
    {"predicate": {"custom_model_data": 112},"model": "item/weapons/bow/0_iron/12_shot_max_1"},
    {"predicate": {"custom_model_data": 113},"model": "item/weapons/bow/0_iron/13_shot_max_2"},
    {"predicate": {"custom_model_data": 114},"model": "item/weapons/bow/0_iron/14_shot_max_3"},
    {"predicate": {"custom_model_data": 115},"model": "item/weapons/bow/0_iron/15_cs_0"},
    {"predicate": {"custom_model_data": 116},"model": "item/weapons/bow/0_iron/16_cs_1"},
    {"predicate": {"custom_model_data": 117},"model": "item/weapons/bow/0_iron/17_cs_2"},
    {"predicate": {"custom_model_data": 118},"model": "item/weapons/bow/0_iron/18_shot_power_0"},
    {"predicate": {"custom_model_data": 119},"model": "item/weapons/bow/0_iron/19_shot_power_1"},
    {"predicate": {"custom_model_data": 120},"model": "item/weapons/bow/0_iron/20_shot_power_2"},
    {"predicate": {"custom_model_data": 121},"model": "item/weapons/bow/0_iron/21_shot_power_3"},
    {"predicate": {"custom_model_data": 122},"model": "item/weapons/bow/0_iron/22_shot_horming_0"},
    {"predicate": {"custom_model_data": 123},"model": "item/weapons/bow/0_iron/23_shot_horming_1"},
    {"predicate": {"custom_model_data": 124},"model": "item/weapons/bow/0_iron/24_shot_horming_2"},
    {"predicate": {"custom_model_data": 125},"model": "item/weapons/bow/0_iron/25_equip_0"},
    {"predicate": {"custom_model_data": 126},"model": "item/weapons/bow/0_iron/26_pulling_shower"},
    
    {"predicate": {"custom_model_data": 200},"model": "item/weapons/great_sword/0_iron/0_default"},
    {"predicate": {"custom_model_data": 201},"model": "item/weapons/great_sword/0_iron/1_drawing"},
    {"predicate": {"custom_model_data": 202},"model": "item/weapons/great_sword/0_iron/2_whetstone"},
    {"predicate": {"custom_model_data": 203},"model": "item/weapons/great_sword/0_iron/3_charge_0"},
    {"predicate": {"custom_model_data": 204},"model": "item/weapons/great_sword/0_iron/4_charge_1"},
    {"predicate": {"custom_model_data": 205},"model": "item/weapons/great_sword/0_iron/5_charge_2"},
    {"predicate": {"custom_model_data": 206},"model": "item/weapons/great_sword/0_iron/6_chargeslash_0"},
    {"predicate": {"custom_model_data": 207},"model": "item/weapons/great_sword/0_iron/7_chargeslash_1"},
    {"predicate": {"custom_model_data": 208},"model": "item/weapons/great_sword/0_iron/8_chargeslash_2"},
    {"predicate": {"custom_model_data": 209},"model": "item/weapons/great_sword/0_iron/9_chargeslash_3"},
    {"predicate": {"custom_model_data": 210},"model": "item/weapons/great_sword/0_iron/10_tackle_0"},
    {"predicate": {"custom_model_data": 211},"model": "item/weapons/great_sword/0_iron/11_guard_0"},
    {"predicate": {"custom_model_data": 212},"model": "item/weapons/great_sword/0_iron/12_guard_1"},
    {"predicate": {"custom_model_data": 213},"model": "item/weapons/great_sword/0_iron/13_charge_high_0"},
    {"predicate": {"custom_model_data": 214},"model": "item/weapons/great_sword/0_iron/14_charge_high_1"},
    {"predicate": {"custom_model_data": 215},"model": "item/weapons/great_sword/0_iron/15_charge_high_2"},
    {"predicate": {"custom_model_data": 216},"model": "item/weapons/great_sword/0_iron/16_charge_high_3"},
    {"predicate": {"custom_model_data": 217},"model": "item/weapons/great_sword/0_iron/17_chargeslash_high_0"},
    {"predicate": {"custom_model_data": 218},"model": "item/weapons/great_sword/0_iron/18_chargeslash_high_1"},
    {"predicate": {"custom_model_data": 219},"model": "item/weapons/great_sword/0_iron/19_chargeslash_high_2"},
    {"predicate": {"custom_model_data": 220},"model": "item/weapons/great_sword/0_iron/20_chargeslash_high_3"},
    {"predicate": {"custom_model_data": 221},"model": "item/weapons/great_sword/0_iron/21_chargeslash_super_0"},
    {"predicate": {"custom_model_data": 222},"model": "item/weapons/great_sword/0_iron/22_chargeslash_super_1"},
    {"predicate": {"custom_model_data": 223},"model": "item/weapons/great_sword/0_iron/23_chargeslash_super_2"},
    {"predicate": {"custom_model_data": 224},"model": "item/weapons/great_sword/0_iron/24_chargeslash_super_3"},
    {"predicate": {"custom_model_data": 225},"model": "item/weapons/great_sword/0_iron/25_chargeslash_super_4"},
    {"predicate": {"custom_model_data": 226},"model": "item/weapons/great_sword/0_iron/26_chargeslash_super_5"},
    {"predicate": {"custom_model_data": 227},"model": "item/weapons/great_sword/0_iron/27_chargeslash_super_6"},
    {"predicate": {"custom_model_data": 228},"model": "item/weapons/great_sword/0_iron/28_chargeslash_super_0"},
    {"predicate": {"custom_model_data": 229},"model": "item/weapons/great_sword/0_iron/29_chargeslash_super_1"},
    {"predicate": {"custom_model_data": 230},"model": "item/weapons/great_sword/0_iron/30_upper_0"},
    {"predicate": {"custom_model_data": 231},"model": "item/weapons/great_sword/0_iron/31_upper_1"},
    {"predicate": {"custom_model_data": 232},"model": "item/weapons/great_sword/0_iron/32_upper_2"},
    {"predicate": {"custom_model_data": 233},"model": "item/weapons/great_sword/0_iron/33_upper_3"},
    {"predicate": {"custom_model_data": 234},"model": "item/weapons/great_sword/0_iron/34_upper_4"},
    {"predicate": {"custom_model_data": 235},"model": "item/weapons/great_sword/0_iron/35_upper_5"},
    {"predicate": {"custom_model_data": 236},"model": "item/weapons/great_sword/0_iron/36_upper_charge_0"},
    {"predicate": {"custom_model_data": 237},"model": "item/weapons/great_sword/0_iron/37_upper_charge_1"},
    {"predicate": {"custom_model_data": 238},"model": "item/weapons/great_sword/0_iron/38_upper_charge_2"},
    {"predicate": {"custom_model_data": 239},"model": "item/weapons/great_sword/0_iron/39_upper_charge_3"},
    {"predicate": {"custom_model_data": 240},"model": "item/weapons/great_sword/0_iron/40_cross_0"},
    {"predicate": {"custom_model_data": 241},"model": "item/weapons/great_sword/0_iron/41_cross_1"},
    {"predicate": {"custom_model_data": 242},"model": "item/weapons/great_sword/0_iron/42_cross_2"},
    {"predicate": {"custom_model_data": 243},"model": "item/weapons/great_sword/0_iron/43_cross_3"},
    {"predicate": {"custom_model_data": 244},"model": "item/weapons/great_sword/0_iron/44_cross_wait"},

    {"predicate": {"custom_model_data": 300},"model": "item/weapons/short_sword/0_iron/0_default"},
    {"predicate": {"custom_model_data": 301},"model": "item/weapons/short_sword/0_iron/1_drawing"},
    {"predicate": {"custom_model_data": 302},"model": "item/weapons/short_sword/0_iron/2_whetstone"},
    {"predicate": {"custom_model_data": 303},"model": "item/weapons/short_sword/0_iron/3_drawing_sub"},
    {"predicate": {"custom_model_data": 304},"model": "item/weapons/short_sword/0_iron/4_normal_1_1"},
    {"predicate": {"custom_model_data": 305},"model": "item/weapons/short_sword/0_iron/5_normal_1_2"},
    {"predicate": {"custom_model_data": 306},"model": "item/weapons/short_sword/0_iron/6_normal_1_3"},
    {"predicate": {"custom_model_data": 307},"model": "item/weapons/short_sword/0_iron/7_normal_1_4"},
    {"predicate": {"custom_model_data": 308},"model": "item/weapons/short_sword/0_iron/8_normal_1_sub"},
    {"predicate": {"custom_model_data": 309},"model": "item/weapons/short_sword/0_iron/9_normal_2_1"},
    {"predicate": {"custom_model_data": 310},"model": "item/weapons/short_sword/0_iron/10_normal_2_2"},
    {"predicate": {"custom_model_data": 311},"model": "item/weapons/short_sword/0_iron/11_normal_2_3"},
    {"predicate": {"custom_model_data": 312},"model": "item/weapons/short_sword/0_iron/12_normal_2_4"},
    {"predicate": {"custom_model_data": 313},"model": "item/weapons/short_sword/0_iron/13_normal_3_1_sub"},
    {"predicate": {"custom_model_data": 314},"model": "item/weapons/short_sword/0_iron/14_normal_3_2_sub"},
    {"predicate": {"custom_model_data": 315},"model": "item/weapons/short_sword/0_iron/15_normal_3_3_sub"},
    {"predicate": {"custom_model_data": 316},"model": "item/weapons/short_sword/0_iron/16_normal_3_4_sub"},
    {"predicate": {"custom_model_data": 317},"model": "item/weapons/short_sword/0_iron/17_horizon_1_1"},
    {"predicate": {"custom_model_data": 318},"model": "item/weapons/short_sword/0_iron/18_horizon_1_2"},
    {"predicate": {"custom_model_data": 319},"model": "item/weapons/short_sword/0_iron/19_horizon_1_3"},
    {"predicate": {"custom_model_data": 320},"model": "item/weapons/short_sword/0_iron/20_horizon_1_4"},
    {"predicate": {"custom_model_data": 321},"model": "item/weapons/short_sword/0_iron/21_horizon_2_1"},
    {"predicate": {"custom_model_data": 322},"model": "item/weapons/short_sword/0_iron/22_horizon_2_2"},
    {"predicate": {"custom_model_data": 323},"model": "item/weapons/short_sword/0_iron/23_horizon_2_3"},
    {"predicate": {"custom_model_data": 324},"model": "item/weapons/short_sword/0_iron/24_horizon_2_4"},
    {"predicate": {"custom_model_data": 325},"model": "item/weapons/short_sword/0_iron/25_horizon_3_1"},
    {"predicate": {"custom_model_data": 326},"model": "item/weapons/short_sword/0_iron/26_horizon_3_2"},
    {"predicate": {"custom_model_data": 327},"model": "item/weapons/short_sword/0_iron/27_horizon_3_3"},
    {"predicate": {"custom_model_data": 328},"model": "item/weapons/short_sword/0_iron/28_horizon_3_4"},
    {"predicate": {"custom_model_data": 329},"model": "item/weapons/short_sword/0_iron/29_bash_1_1_sub"},
    {"predicate": {"custom_model_data": 330},"model": "item/weapons/short_sword/0_iron/30_bash_1_2_sub"},
    {"predicate": {"custom_model_data": 331},"model": "item/weapons/short_sword/0_iron/31_bash_1_3_sub"},
    {"predicate": {"custom_model_data": 332},"model": "item/weapons/short_sword/0_iron/32_bash_1_4_sub"},
    {"predicate": {"custom_model_data": 333},"model": "item/weapons/short_sword/0_iron/33_bash_1_5_sub"},
    {"predicate": {"custom_model_data": 334},"model": "item/weapons/short_sword/0_iron/34_bash_2_1_sub"},
    {"predicate": {"custom_model_data": 335},"model": "item/weapons/short_sword/0_iron/35_bash_2_2_sub"},
    {"predicate": {"custom_model_data": 336},"model": "item/weapons/short_sword/0_iron/36_bash_2_3_sub"},
    {"predicate": {"custom_model_data": 337},"model": "item/weapons/short_sword/0_iron/37_bash_2_4_sub"},
    {"predicate": {"custom_model_data": 338},"model": "item/weapons/short_sword/0_iron/38_bash_3_1_sub"},
    {"predicate": {"custom_model_data": 339},"model": "item/weapons/short_sword/0_iron/39_bash_3_2_sub"},
    {"predicate": {"custom_model_data": 340},"model": "item/weapons/short_sword/0_iron/40_bash_3_3_sub"},
    {"predicate": {"custom_model_data": 341},"model": "item/weapons/short_sword/0_iron/41_bash_3_4_sub"},
    {"predicate": {"custom_model_data": 342},"model": "item/weapons/short_sword/0_iron/42_spin_1"},
    {"predicate": {"custom_model_data": 343},"model": "item/weapons/short_sword/0_iron/43_backstep_1"},
    {"predicate": {"custom_model_data": 344},"model": "item/weapons/short_sword/0_iron/44_backstep_2"},
    {"predicate": {"custom_model_data": 345},"model": "item/weapons/short_sword/0_iron/45_backstep_3_sub"},
    {"predicate": {"custom_model_data": 346},"model": "item/weapons/short_sword/0_iron/46_backstep_4_sub"},
    {"predicate": {"custom_model_data": 347},"model": "item/weapons/short_sword/0_iron/47_spin_2_sub"},
    {"predicate": {"custom_model_data": 348},"model": "item/weapons/short_sword/0_iron/48_spin_3_sub"},
    {"predicate": {"custom_model_data": 349},"model": "item/weapons/short_sword/0_iron/49_just_1_1"},
    {"predicate": {"custom_model_data": 350},"model": "item/weapons/short_sword/0_iron/50_just_1_2_sub"},
    {"predicate": {"custom_model_data": 351},"model": "item/weapons/short_sword/0_iron/51_just_1_3_sub"},
    {"predicate": {"custom_model_data": 352},"model": "item/weapons/short_sword/0_iron/52_just_2_1"},
    {"predicate": {"custom_model_data": 353},"model": "item/weapons/short_sword/0_iron/53_just_2_2"},
    {"predicate": {"custom_model_data": 354},"model": "item/weapons/short_sword/0_iron/54_just_2_3"},
    {"predicate": {"custom_model_data": 355},"model": "item/weapons/short_sword/0_iron/55_just_2_4"},
    {"predicate": {"custom_model_data": 356},"model": "item/weapons/short_sword/0_iron/56_just_2_5"},
    {"predicate": {"custom_model_data": 357},"model": "item/weapons/short_sword/0_iron/57_just_3_1"},
    {"predicate": {"custom_model_data": 358},"model": "item/weapons/short_sword/0_iron/58_just_3_2"},
    {"predicate": {"custom_model_data": 359},"model": "item/weapons/short_sword/0_iron/59_just_3_3"},
    {"predicate": {"custom_model_data": 360},"model": "item/weapons/short_sword/0_iron/60_just_3_4"},
    {"predicate": {"custom_model_data": 361},"model": "item/weapons/short_sword/0_iron/61_just_4_1"},
    {"predicate": {"custom_model_data": 362},"model": "item/weapons/short_sword/0_iron/62_just_4_2"},
    {"predicate": {"custom_model_data": 363},"model": "item/weapons/short_sword/0_iron/63_just_4_3"},
    {"predicate": {"custom_model_data": 364},"model": "item/weapons/short_sword/0_iron/64_just_4_4"},
    {"predicate": {"custom_model_data": 365},"model": "item/weapons/short_sword/0_iron/65_fall_1_sub"},
    {"predicate": {"custom_model_data": 366},"model": "item/weapons/short_sword/0_iron/66_fall_2_sub"},
    {"predicate": {"custom_model_data": 367},"model": "item/weapons/short_sword/0_iron/67_guard"},

    {"predicate": {"custom_model_data": 600},"model": "item/weapons/great_sword/1_reus/0_default"},
    {"predicate": {"custom_model_data": 601},"model": "item/weapons/great_sword/1_reus/1_drawing"},
    {"predicate": {"custom_model_data": 602},"model": "item/weapons/great_sword/1_reus/2_whetstone"},
    {"predicate": {"custom_model_data": 603},"model": "item/weapons/great_sword/1_reus/3_charge_0"},
    {"predicate": {"custom_model_data": 604},"model": "item/weapons/great_sword/1_reus/4_charge_1"},
    {"predicate": {"custom_model_data": 605},"model": "item/weapons/great_sword/1_reus/5_charge_2"},
    {"predicate": {"custom_model_data": 606},"model": "item/weapons/great_sword/1_reus/6_chargeslash_0"},
    {"predicate": {"custom_model_data": 607},"model": "item/weapons/great_sword/1_reus/7_chargeslash_1"},
    {"predicate": {"custom_model_data": 608},"model": "item/weapons/great_sword/1_reus/8_chargeslash_2"},
    {"predicate": {"custom_model_data": 609},"model": "item/weapons/great_sword/1_reus/9_chargeslash_3"},
    {"predicate": {"custom_model_data": 610},"model": "item/weapons/great_sword/1_reus/10_tackle_0"},
    {"predicate": {"custom_model_data": 611},"model": "item/weapons/great_sword/1_reus/11_guard_0"},
    {"predicate": {"custom_model_data": 612},"model": "item/weapons/great_sword/1_reus/12_guard_1"},
    {"predicate": {"custom_model_data": 613},"model": "item/weapons/great_sword/1_reus/13_charge_high_0"},
    {"predicate": {"custom_model_data": 614},"model": "item/weapons/great_sword/1_reus/14_charge_high_1"},
    {"predicate": {"custom_model_data": 615},"model": "item/weapons/great_sword/1_reus/15_charge_high_2"},
    {"predicate": {"custom_model_data": 616},"model": "item/weapons/great_sword/1_reus/16_charge_high_3"},
    {"predicate": {"custom_model_data": 617},"model": "item/weapons/great_sword/1_reus/17_chargeslash_high_0"},
    {"predicate": {"custom_model_data": 618},"model": "item/weapons/great_sword/1_reus/18_chargeslash_high_1"},
    {"predicate": {"custom_model_data": 619},"model": "item/weapons/great_sword/1_reus/19_chargeslash_high_2"},
    {"predicate": {"custom_model_data": 620},"model": "item/weapons/great_sword/1_reus/20_chargeslash_high_3"},
    {"predicate": {"custom_model_data": 621},"model": "item/weapons/great_sword/1_reus/21_chargeslash_super_0"},
    {"predicate": {"custom_model_data": 622},"model": "item/weapons/great_sword/1_reus/22_chargeslash_super_1"},
    {"predicate": {"custom_model_data": 623},"model": "item/weapons/great_sword/1_reus/23_chargeslash_super_2"},
    {"predicate": {"custom_model_data": 624},"model": "item/weapons/great_sword/1_reus/24_chargeslash_super_3"},
    {"predicate": {"custom_model_data": 625},"model": "item/weapons/great_sword/1_reus/25_chargeslash_super_4"},
    {"predicate": {"custom_model_data": 626},"model": "item/weapons/great_sword/1_reus/26_chargeslash_super_5"},
    {"predicate": {"custom_model_data": 627},"model": "item/weapons/great_sword/1_reus/27_chargeslash_super_6"},
    {"predicate": {"custom_model_data": 628},"model": "item/weapons/great_sword/1_reus/28_chargeslash_super_0"},
    {"predicate": {"custom_model_data": 629},"model": "item/weapons/great_sword/1_reus/29_chargeslash_super_1"}
  ]
}