{
	"parent": "item/generated",
	"textures": {
		"layer0": "minecraft:item/paper"
	},
	"overrides": [
		{
			"predicate": {
				"custom_model_data": 1
			},
			"model": "item/consume_items/potion"
		},
		{
			"predicate": {
				"custom_model_data": 2
			},
			"model": "item/consume_items/demondrug"
		},
		{
			"predicate": {
				"custom_model_data": 3
			},
			"model": "item/consume_items/armorskin"
		},
		{
			"predicate": {
				"custom_model_data": 53
			},
			"model": "item/consume_items/max_potion"
		},
		{
			"predicate": {
				"custom_model_data": 54
			},
			"model": "item/consume_items/half_cooked_meat"
		},
		{
			"predicate": {
				"custom_model_data": 55
			},
			"model": "item/consume_items/burnt_meat"
		},
		{
			"predicate": {
				"custom_model_data": 56
			},
			"model": "item/consume_items/cooked_meat"
		},
		{
			"predicate": {
				"custom_model_data": 57
			},
			"model": "item/consume_items/raw_meat"
		},
		{
			"predicate": {
				"custom_model_data": 10000
			},
			"model": "item/weapons/bow/arrow"
		},
		{
			"predicate": {
				"custom_model_data": 10001
			},
			"model": "item/weapons/bow/arrow_shower"
		}
	]
}