{
	"parent": "item/generated",
	"textures": {
		"layer0": "minecraft:item/red_dye"
	},
	"overrides": [
		{
			"predicate": {
				"custom_model_data": 1001
			},
			"model": "item/icons/ranposu"
		},
		{
			"predicate": {
				"custom_model_data": 1002
			},
			"model": "item/icons/reus"
		},
		{
			"predicate": {
				"custom_model_data": 1003
			},
			"model": "item/icons/dino"
		},
		{
			"predicate": {
				"custom_model_data": 1004
			},
			"model": "item/icons/valk"
		}
	]
}