{
	"credit": "Made with Blockbench",
	"textures": {
		"3": "animated_java:item/valk_aj/main",
		"4": "animated_java:item/valk_aj/texture"
	},
	"elements": [
		{
			"from": [8, 7.1, 5.225],
			"to": [8.75, 8.6, 5.975],
			"rotation": {"angle": -22.5, "axis": "y", "origin": [7.85, 6.65, 8.475]},
			"faces": {
				"north": {"uv": [6.75, 13.5, 6.84375, 13.6875], "texture": "#3"},
				"east": {"uv": [13.5, 6.875, 13.59375, 7.0625], "texture": "#3"},
				"south": {"uv": [7, 13.5, 7.09375, 13.6875], "texture": "#3"},
				"west": {"uv": [7.125, 13.5, 7.21875, 13.6875], "texture": "#3"},
				"up": {"uv": [14.09375, 10.84375, 14, 10.75], "texture": "#3"},
				"down": {"uv": [14.09375, 10.875, 14, 10.96875], "texture": "#3"}
			}
		},
		{
			"from": [8.125, 6.65, 4.225],
			"to": [8.625, 8.4, 5.225],
			"rotation": {"angle": -22.5, "axis": "y", "origin": [7.85, 6.65, 8.475]},
			"faces": {
				"north": {"uv": [7.875, 13.75, 7.9375, 13.96875], "texture": "#3"},
				"east": {"uv": [12.75, 9, 12.875, 9.21875], "texture": "#3"},
				"south": {"uv": [8, 13.75, 8.0625, 13.96875], "texture": "#3"},
				"west": {"uv": [9.75, 12.75, 9.875, 12.96875], "texture": "#3"},
				"up": {"uv": [3.6875, 14.25, 3.625, 14.125], "texture": "#3"},
				"down": {"uv": [14.1875, 3.75, 14.125, 3.875], "texture": "#3"}
			}
		},
		{
			"from": [7.75, 6.65, 5.975],
			"to": [9, 8.9, 7.975],
			"rotation": {"angle": -22.5, "axis": "y", "origin": [7.85, 6.65, 8.475]},
			"faces": {
				"north": {"uv": [0, 12, 0.15625, 12.28125], "texture": "#3"},
				"east": {"uv": [0.5, 10.875, 0.75, 11.15625], "texture": "#3"},
				"south": {"uv": [0.25, 12, 0.40625, 12.28125], "texture": "#3"},
				"west": {"uv": [1.375, 10.875, 1.625, 11.15625], "texture": "#3"},
				"up": {"uv": [12.40625, 2.5, 12.25, 2.25], "texture": "#3"},
				"down": {"uv": [12.40625, 2.5, 12.25, 2.75], "texture": "#3"}
			}
		},
		{
			"from": [6.7, 6.65, 5.975],
			"to": [7.95, 8.9, 7.975],
			"rotation": {"angle": 22.5, "axis": "y", "origin": [7.85, 6.65, 8.475]},
			"faces": {
				"north": {"uv": [11.125, 11.875, 11.28125, 12.15625], "texture": "#3"},
				"east": {"uv": [0, 10.875, 0.25, 11.15625], "texture": "#3"},
				"south": {"uv": [11.5, 11.875, 11.65625, 12.15625], "texture": "#3"},
				"west": {"uv": [0.25, 10.875, 0.5, 11.15625], "texture": "#3"},
				"up": {"uv": [12.40625, 2, 12.25, 1.75], "texture": "#3"},
				"down": {"uv": [12.40625, 2, 12.25, 2.25], "texture": "#3"}
			}
		},
		{
			"from": [7.225, 6.65, 5.475],
			"to": [8.475, 9.15, 8.225],
			"rotation": {"angle": 0, "axis": "y", "origin": [9.85, 19.65, 4.725]},
			"faces": {
				"north": {"uv": [6.75, 11.625, 6.90625, 11.9375], "texture": "#3"},
				"east": {"uv": [9.625, 6.75, 9.96875, 7.0625], "texture": "#3"},
				"south": {"uv": [11.625, 7, 11.78125, 7.3125], "texture": "#3"},
				"west": {"uv": [9.625, 7.125, 9.96875, 7.4375], "texture": "#3"},
				"up": {"uv": [8.90625, 11.84375, 8.75, 11.5], "texture": "#3"},
				"down": {"uv": [9.15625, 11.5, 9, 11.84375], "texture": "#3"}
			}
		},
		{
			"from": [6.95, 7.1, 5.225],
			"to": [7.7, 8.6, 5.975],
			"rotation": {"angle": 22.5, "axis": "y", "origin": [7.85, 6.65, 8.475]},
			"faces": {
				"north": {"uv": [3.125, 9.5, 3.21875, 9.6875], "texture": "#4"},
				"east": {"uv": [3.25, 9.5, 3.34375, 9.6875], "texture": "#4"},
				"south": {"uv": [3.5, 9.5, 3.59375, 9.6875], "texture": "#4"},
				"west": {"uv": [3.625, 9.5, 3.71875, 9.6875], "texture": "#4"},
				"up": {"uv": [4.34375, 9.96875, 4.25, 9.875], "texture": "#4"},
				"down": {"uv": [9.96875, 4.25, 9.875, 4.34375], "texture": "#4"}
			}
		},
		{
			"from": [7.475, 7.1, 4.475],
			"to": [8.225, 8.85, 5.475],
			"rotation": {"angle": 0, "axis": "y", "origin": [9.85, 19.65, 4.725]},
			"faces": {
				"north": {"uv": [2.875, 9.25, 2.96875, 9.46875], "texture": "#4"},
				"east": {"uv": [4.625, 6.625, 4.75, 6.84375], "texture": "#4"},
				"south": {"uv": [3, 9.25, 3.09375, 9.46875], "texture": "#4"},
				"west": {"uv": [6.75, 0.75, 6.875, 0.96875], "texture": "#4"},
				"up": {"uv": [9.84375, 3.875, 9.75, 3.75], "texture": "#4"},
				"down": {"uv": [4.09375, 9.75, 4, 9.875], "texture": "#4"}
			}
		}
	],
	"display": {
		"head": {
			"rotation": [0, 180, 0]
		}
	}
}