{
	"credit": "Made with Blockbench",
	"textures": {
		"3": "animated_java:item/valk_aj/main",
		"5": "animated_java:item/valk_aj/chest"
	},
	"elements": [
		{
			"from": [5.999, 10.90563, 1.61058],
			"to": [10.001, 13.90563, 7.11058],
			"rotation": {"angle": 22.5, "axis": "x", "origin": [8.001, 7.28063, -0.41442]},
			"faces": {
				"north": {"uv": [7.25, 2.875, 7.75, 3.25], "texture": "#3"},
				"east": {"uv": [2.5, 5.75, 3.1875, 6.125], "texture": "#3"},
				"south": {"uv": [7.25, 4.875, 7.75, 5.25], "texture": "#3"},
				"west": {"uv": [5.875, 1.375, 6.5625, 1.75], "texture": "#3"},
				"up": {"uv": [1.5, 4.4375, 1, 3.75], "texture": "#3"},
				"down": {"uv": [2.875, 3.75, 2.375, 4.4375], "texture": "#3"}
			}
		},
		{
			"from": [6.75, 13.76398, 0.77409],
			"to": [9.25, 14.51398, 6.77409],
			"rotation": {"angle": 22.5, "axis": "x", "origin": [8.751, 7.13898, -0.10091]},
			"faces": {
				"north": {"uv": [12.5, 11, 12.8125, 11.09375], "texture": "#3"},
				"east": {"uv": [10.625, 6.25, 11.375, 6.34375], "texture": "#3"},
				"south": {"uv": [12.625, 4.375, 12.9375, 4.46875], "texture": "#3"},
				"west": {"uv": [10.625, 7.25, 11.375, 7.34375], "texture": "#3"},
				"up": {"uv": [1.1875, 6.875, 0.875, 6.125], "texture": "#3"},
				"down": {"uv": [2.6875, 6.125, 2.375, 6.875], "texture": "#3"}
			}
		},
		{
			"from": [5.499, 10.07621, 0.07353],
			"to": [10.501, 13.07621, 5.82353],
			"rotation": {"angle": 22.5, "axis": "x", "origin": [8.001, 7.27621, -0.35147]},
			"faces": {
				"north": {"uv": [6.125, 1, 6.75, 1.375], "texture": "#3"},
				"east": {"uv": [1.5, 4.125, 2.21875, 4.5], "texture": "#3"},
				"south": {"uv": [6.125, 2.25, 6.75, 2.625], "texture": "#3"},
				"west": {"uv": [5.25, 4.25, 5.96875, 4.625], "texture": "#3"},
				"up": {"uv": [1.625, 3.71875, 1, 3], "texture": "#3"},
				"down": {"uv": [3.625, 2.5, 3, 3.21875], "texture": "#3"}
			}
		},
		{
			"from": [5.5, 7.5, 4.675],
			"to": [10.5, 9.25, 6.425],
			"rotation": {"angle": 0, "axis": "y", "origin": [8, 7.25, -0.325]},
			"faces": {
				"north": {"uv": [8.5, 5.75, 9.125, 5.96875], "texture": "#3"},
				"east": {"uv": [3.875, 11.75, 4.09375, 11.96875], "texture": "#3"},
				"south": {"uv": [8.625, 8.125, 9.25, 8.34375], "texture": "#3"},
				"west": {"uv": [4.125, 11.75, 4.34375, 11.96875], "texture": "#3"},
				"up": {"uv": [9.25, 8.59375, 8.625, 8.375], "texture": "#3"},
				"down": {"uv": [9.25, 8.625, 8.625, 8.84375], "texture": "#3"}
			}
		},
		{
			"from": [6, 7.75, 6.425],
			"to": [10, 9.25, 7.925],
			"rotation": {"angle": 0, "axis": "y", "origin": [8, 7.25, -0.325]},
			"faces": {
				"north": {"uv": [10, 8.125, 10.5, 8.3125], "texture": "#3"},
				"east": {"uv": [3, 12.375, 3.1875, 12.5625], "texture": "#3"},
				"south": {"uv": [10, 8.375, 10.5, 8.5625], "texture": "#3"},
				"west": {"uv": [12.375, 3, 12.5625, 3.1875], "texture": "#3"},
				"up": {"uv": [10.625, 0.1875, 10.125, 0], "texture": "#3"},
				"down": {"uv": [10.625, 0.25, 10.125, 0.4375], "texture": "#3"}
			}
		},
		{
			"from": [6.39987, 5.64198, 4.675],
			"to": [9.93541, 9.17751, 6.425],
			"rotation": {"angle": 45, "axis": "z", "origin": [7.97487, 7.25251, -0.325]},
			"faces": {
				"north": {"uv": [4.75, 6.875, 5.1875, 7.3125], "texture": "#3"},
				"east": {"uv": [6.5, 10, 6.71875, 10.4375], "texture": "#3"},
				"south": {"uv": [5.25, 6.875, 5.6875, 7.3125], "texture": "#3"},
				"west": {"uv": [0, 8, 7, 11.5], "rotation": 270, "texture": "#5"},
				"up": {"uv": [10.4375, 7.71875, 10, 7.5], "texture": "#3"},
				"down": {"uv": [0, 11.5, 7, 8], "texture": "#5"}
			}
		},
		{
			"from": [6.97662, 6.21967, 6.425],
			"to": [9.80646, 9.04951, 7.925],
			"rotation": {"angle": 45, "axis": "z", "origin": [8.05646, 7.21967, -0.325]},
			"faces": {
				"north": {"uv": [9.125, 1.625, 9.46875, 1.96875], "texture": "#3"},
				"east": {"uv": [9.875, 11, 10.0625, 11.34375], "texture": "#3"},
				"south": {"uv": [9.125, 2, 9.46875, 2.34375], "texture": "#3"},
				"west": {"uv": [2.375, 11.125, 2.5625, 11.46875], "texture": "#3"},
				"up": {"uv": [11.46875, 2.5625, 11.125, 2.375], "texture": "#3"},
				"down": {"uv": [3.46875, 11.125, 3.125, 11.3125], "texture": "#3"}
			}
		},
		{
			"from": [6.69454, 5.9948, -0.324],
			"to": [9.52297, 8.82322, 0.676],
			"rotation": {"angle": 45, "axis": "z", "origin": [7.94454, 7.32322, -0.325]},
			"faces": {
				"north": {"uv": [9, 8.875, 9.34375, 9.21875], "texture": "#3"},
				"east": {"uv": [12, 3.625, 12.125, 3.96875], "texture": "#3"},
				"south": {"uv": [1.5, 9.125, 1.84375, 9.46875], "texture": "#3"},
				"west": {"uv": [3.875, 12, 4, 12.34375], "texture": "#3"},
				"up": {"uv": [12.21875, 9.625, 11.875, 9.5], "texture": "#3"},
				"down": {"uv": [12.34375, 1.25, 12, 1.375], "texture": "#3"}
			}
		},
		{
			"from": [6.5256, 8.88031, -0.324],
			"to": [7.7756, 11.63031, 0.676],
			"rotation": {"angle": 22.5, "axis": "z", "origin": [7.9756, 7.35531, -0.325]},
			"faces": {
				"north": {"uv": [7.875, 11.5, 8.03125, 11.84375], "texture": "#3"},
				"east": {"uv": [3.5, 12, 3.625, 12.34375], "texture": "#3"},
				"south": {"uv": [8.5, 11.5, 8.65625, 11.84375], "texture": "#3"},
				"west": {"uv": [3.625, 12, 3.75, 12.34375], "texture": "#3"},
				"up": {"uv": [13.53125, 0.25, 13.375, 0.125], "texture": "#3"},
				"down": {"uv": [13.53125, 0.25, 13.375, 0.375], "texture": "#3"}
			}
		},
		{
			"from": [4.501, 12.62799, -0.29342],
			"to": [6.251, 15.12799, 1.20658],
			"rotation": {"angle": 22.5, "axis": "x", "origin": [8, 7.37799, -0.54342]},
			"faces": {
				"north": {"uv": [9, 10.875, 9.21875, 11.1875], "texture": "#3"},
				"east": {"uv": [1.375, 11.25, 1.5625, 11.5625], "texture": "#3"},
				"south": {"uv": [10.125, 10.875, 10.34375, 11.1875], "texture": "#3"},
				"west": {"uv": [1.625, 11.25, 1.8125, 11.5625], "texture": "#3"},
				"up": {"uv": [12.21875, 11.4375, 12, 11.25], "texture": "#3"},
				"down": {"uv": [12.21875, 11.5, 12, 11.6875], "texture": "#3"}
			}
		},
		{
			"from": [10.5, 10.61836, 1.28917],
			"to": [11.5, 12.11836, 4.03917],
			"rotation": {"angle": 0, "axis": "y", "origin": [7.5, 7.61836, 0.28917]},
			"faces": {
				"north": {"uv": [7, 13, 6.875, 13.1875], "texture": "#3"},
				"east": {"uv": [11.46875, 2.125, 11.125, 2.3125], "texture": "#3"},
				"south": {"uv": [7.5, 13, 7.375, 13.1875], "texture": "#3"},
				"west": {"uv": [11.46875, 1.875, 11.125, 2.0625], "texture": "#3"},
				"up": {"uv": [3.125, 12.34375, 3.25, 12], "texture": "#3"},
				"down": {"uv": [3.25, 12, 3.375, 12.34375], "texture": "#3"}
			}
		},
		{
			"from": [10.501, 9.48307, 1.66715],
			"to": [11.501, 10.98307, 5.18492],
			"rotation": {"angle": -22.5, "axis": "x", "origin": [8, 7.23307, -0.33285]},
			"faces": {
				"north": {"uv": [8.125, 13, 8, 13.1875], "texture": "#3"},
				"east": {"uv": [10.8125, 3.875, 10.375, 4.0625], "texture": "#3"},
				"south": {"uv": [8.375, 13, 8.25, 13.1875], "texture": "#3"},
				"west": {"uv": [10.8125, 3.625, 10.375, 3.8125], "texture": "#3"},
				"up": {"uv": [3.375, 11.8125, 3.5, 11.375], "texture": "#3"},
				"down": {"uv": [3.75, 11.375, 3.875, 11.8125], "texture": "#3"}
			}
		},
		{
			"from": [10.5, 12.11836, 3.03917],
			"to": [11.5, 13.86836, 4.03917],
			"rotation": {"angle": 0, "axis": "y", "origin": [8, 7.36836, -0.46083]},
			"faces": {
				"north": {"uv": [7.75, 10.375, 7.625, 10.59375], "texture": "#3"},
				"east": {"uv": [7, 12.75, 6.875, 12.96875], "texture": "#3"},
				"south": {"uv": [12.875, 6.5, 12.75, 6.71875], "texture": "#3"},
				"west": {"uv": [6.375, 10.625, 6.25, 10.84375], "texture": "#3"},
				"up": {"uv": [5.75, 8.125, 5.875, 8], "texture": "#3"},
				"down": {"uv": [8.25, 1.25, 8.375, 1.375], "texture": "#3"}
			}
		},
		{
			"from": [9.751, 10.98852, 3.42677],
			"to": [11.501, 12.75629, 5.17677],
			"rotation": {"angle": -22.5, "axis": "x", "origin": [8, 7.25629, -0.32323]},
			"faces": {
				"north": {"uv": [11.96875, 0.75, 11.75, 0.96875], "texture": "#3"},
				"east": {"uv": [11.96875, 1.25, 11.75, 1.46875], "texture": "#3"},
				"south": {"uv": [11.96875, 1, 11.75, 1.21875], "texture": "#3"},
				"west": {"uv": [1.09375, 11.75, 0.875, 11.96875], "texture": "#3"},
				"up": {"uv": [3.125, 11.96875, 3.34375, 11.75], "texture": "#3"},
				"down": {"uv": [3.5, 11.75, 3.71875, 11.96875], "texture": "#3"}
			}
		},
		{
			"from": [9.75, 11.28912, -1.54603],
			"to": [11.5, 13.78912, -0.29603],
			"rotation": {"angle": 22.5, "axis": "x", "origin": [8, 7.28912, -0.29603]},
			"faces": {
				"north": {"uv": [8.71875, 10.875, 8.5, 11.1875], "texture": "#3"},
				"east": {"uv": [5.53125, 11.625, 5.375, 11.9375], "texture": "#3"},
				"south": {"uv": [8.96875, 10.875, 8.75, 11.1875], "texture": "#3"},
				"west": {"uv": [5.03125, 11.625, 4.875, 11.9375], "texture": "#3"},
				"up": {"uv": [12.5, 1.90625, 12.71875, 1.75], "texture": "#3"},
				"down": {"uv": [2, 12.5, 2.21875, 12.65625], "texture": "#3"}
			}
		},
		{
			"from": [8.5, 11.89615, 1.10761],
			"to": [9, 16.64615, 3.10761],
			"rotation": {"angle": 22.5, "axis": "x", "origin": [10.75, 7.14615, -0.14239]},
			"faces": {
				"north": {"uv": [12.1875, 12.25, 12.125, 12.84375], "texture": "#3"},
				"east": {"uv": [0.5, 8.25, 0.25, 8.84375], "texture": "#3"},
				"south": {"uv": [12.3125, 12.25, 12.25, 12.84375], "texture": "#3"},
				"west": {"uv": [0.25, 8.25, 0, 8.84375], "texture": "#3"},
				"up": {"uv": [13.625, 5.875, 13.6875, 5.625], "texture": "#3"},
				"down": {"uv": [13.625, 5.875, 13.6875, 6.125], "texture": "#3"}
			}
		},
		{
			"from": [9, 15.08227, 2.14463],
			"to": [9.75, 17.83227, 2.64463],
			"rotation": {"angle": 22.5, "axis": "x", "origin": [6.75, 7.83227, -3.60537]},
			"faces": {
				"north": {"uv": [12.59375, 7.375, 12.5, 7.71875], "texture": "#3"},
				"east": {"uv": [4.5625, 13.25, 4.5, 13.59375], "texture": "#3"},
				"south": {"uv": [7.71875, 12.5, 7.625, 12.84375], "texture": "#3"},
				"west": {"uv": [13.3125, 4.25, 13.25, 4.59375], "texture": "#3"},
				"up": {"uv": [14.25, 2.1875, 14.34375, 2.125], "texture": "#3"},
				"down": {"uv": [2.25, 14.25, 2.34375, 14.3125], "texture": "#3"}
			}
		},
		{
			"from": [9, 14.67929, 5.49571],
			"to": [9.75, 17.17929, 5.99571],
			"rotation": {"angle": 0, "axis": "y", "origin": [6.75, 7.17929, 0.24571]},
			"faces": {
				"north": {"uv": [11.21875, 12.5, 11.125, 12.8125], "texture": "#3"},
				"east": {"uv": [13.3125, 13, 13.25, 13.3125], "texture": "#3"},
				"south": {"uv": [11.46875, 12.5, 11.375, 12.8125], "texture": "#3"},
				"west": {"uv": [11.8125, 13.25, 11.75, 13.5625], "texture": "#3"},
				"up": {"uv": [14.25, 2.0625, 14.34375, 2], "texture": "#3"},
				"down": {"uv": [2.125, 14.25, 2.21875, 14.3125], "texture": "#3"}
			}
		},
		{
			"from": [8.5, 14.67929, 5.49571],
			"to": [9, 17.42929, 6.49571],
			"rotation": {"angle": 0, "axis": "y", "origin": [10.75, 7.17929, -0.25429]},
			"faces": {
				"north": {"uv": [4.0625, 13.25, 4, 13.59375], "texture": "#3"},
				"east": {"uv": [3.125, 12, 3, 12.34375], "texture": "#3"},
				"south": {"uv": [4.3125, 13.25, 4.25, 13.59375], "texture": "#3"},
				"west": {"uv": [2.875, 12, 2.75, 12.34375], "texture": "#3"},
				"up": {"uv": [14.125, 2.125, 14.1875, 2], "texture": "#3"},
				"down": {"uv": [14.125, 2.125, 14.1875, 2.25], "texture": "#3"}
			}
		},
		{
			"from": [8.501, 12.83794, -1.41218],
			"to": [10.249, 18.08794, -0.91218],
			"rotation": {"angle": 45, "axis": "x", "origin": [8, 8.83794, 0.23782]},
			"faces": {
				"north": {"uv": [2.59375, 8.25, 2.375, 8.90625], "texture": "#3"},
				"east": {"uv": [7.0625, 12, 7, 12.65625], "texture": "#3"},
				"south": {"uv": [6.21875, 8.25, 6, 8.90625], "texture": "#3"},
				"west": {"uv": [6.3125, 12, 6.25, 12.65625], "texture": "#3"},
				"up": {"uv": [13.75, 5.8125, 13.96875, 5.75], "texture": "#3"},
				"down": {"uv": [5.875, 13.75, 6.09375, 13.8125], "texture": "#3"}
			}
		},
		{
			"from": [8.501, 14.08794, -0.91218],
			"to": [10.249, 17.58794, -0.41218],
			"rotation": {"angle": 45, "axis": "x", "origin": [8, 8.83794, 0.23782]},
			"faces": {
				"north": {"uv": [4.21875, 10, 4, 10.4375], "texture": "#3"},
				"east": {"uv": [6.3125, 12.75, 6.25, 13.1875], "texture": "#3"},
				"south": {"uv": [6.21875, 10, 6, 10.4375], "texture": "#3"},
				"west": {"uv": [4.3125, 12.75, 4.25, 13.1875], "texture": "#3"},
				"up": {"uv": [13.75, 5.5625, 13.96875, 5.5], "texture": "#3"},
				"down": {"uv": [13.75, 5.625, 13.96875, 5.6875], "texture": "#3"}
			}
		},
		{
			"from": [9.75, 11.89615, 1.10761],
			"to": [10.25, 16.64615, 3.10761],
			"rotation": {"angle": 22.5, "axis": "x", "origin": [8, 7.14615, -0.14239]},
			"faces": {
				"north": {"uv": [11.9375, 12.25, 11.875, 12.84375], "texture": "#3"},
				"east": {"uv": [8.25, 8.125, 8, 8.71875], "texture": "#3"},
				"south": {"uv": [12.0625, 12.25, 12, 12.84375], "texture": "#3"},
				"west": {"uv": [3.125, 3.75, 2.875, 4.34375], "texture": "#3"},
				"up": {"uv": [5, 13.875, 5.0625, 13.625], "texture": "#3"},
				"down": {"uv": [5.5, 13.625, 5.5625, 13.875], "texture": "#3"}
			}
		},
		{
			"from": [9.75, 14.67929, 5.49571],
			"to": [10.25, 17.42929, 6.49571],
			"rotation": {"angle": 0, "axis": "y", "origin": [8, 7.17929, -0.25429]},
			"faces": {
				"north": {"uv": [3.9375, 13.25, 3.875, 13.59375], "texture": "#3"},
				"east": {"uv": [2.75, 12, 2.625, 12.34375], "texture": "#3"},
				"south": {"uv": [13.3125, 3.875, 13.25, 4.21875], "texture": "#3"},
				"west": {"uv": [2.625, 12, 2.5, 12.34375], "texture": "#3"},
				"up": {"uv": [14.125, 1.875, 14.1875, 1.75], "texture": "#3"},
				"down": {"uv": [1.875, 14.125, 1.9375, 14.25], "texture": "#3"}
			}
		},
		{
			"from": [9.499, 14.10739, -0.6967],
			"to": [10.999, 15.35739, 1.8033],
			"rotation": {"angle": 22.5, "axis": "x", "origin": [8, 7.10739, -0.4467]},
			"faces": {
				"north": {"uv": [3.1875, 12.625, 3, 12.78125], "texture": "#3"},
				"east": {"uv": [11.9375, 4.875, 11.625, 5.03125], "texture": "#3"},
				"south": {"uv": [12.8125, 3, 12.625, 3.15625], "texture": "#3"},
				"west": {"uv": [11.8125, 8.625, 11.5, 8.78125], "texture": "#3"},
				"up": {"uv": [11.25, 1.0625, 11.4375, 0.75], "texture": "#3"},
				"down": {"uv": [11.25, 1.125, 11.4375, 1.4375], "texture": "#3"}
			}
		},
		{
			"from": [9.25, 9.86836, 3.03917],
			"to": [11, 13.86836, 4.78917],
			"rotation": {"angle": 0, "axis": "y", "origin": [8, 7.11836, -0.46083]},
			"faces": {
				"north": {"uv": [4.21875, 9.5, 4, 10], "texture": "#3"},
				"east": {"uv": [6.21875, 9.5, 6, 10], "texture": "#3"},
				"south": {"uv": [5.71875, 9.5, 5.5, 10], "texture": "#3"},
				"west": {"uv": [4.71875, 9.5, 4.5, 10], "texture": "#3"},
				"up": {"uv": [11.625, 11.21875, 11.84375, 11], "texture": "#3"},
				"down": {"uv": [11.5, 11.625, 11.71875, 11.84375], "texture": "#3"}
			}
		},
		{
			"from": [9.5, 11.92703, 3.19423],
			"to": [11, 13.17703, 5.19423],
			"rotation": {"angle": -22.5, "axis": "x", "origin": [8, 7.17703, -0.30577]},
			"faces": {
				"north": {"uv": [2.5625, 12.625, 2.375, 12.78125], "texture": "#3"},
				"east": {"uv": [8.625, 12.125, 8.375, 12.28125], "texture": "#3"},
				"south": {"uv": [2.8125, 12.625, 2.625, 12.78125], "texture": "#3"},
				"west": {"uv": [8.125, 12.125, 7.875, 12.28125], "texture": "#3"},
				"up": {"uv": [11.875, 2.5, 12.0625, 2.25], "texture": "#3"},
				"down": {"uv": [11.875, 2.5, 12.0625, 2.75], "texture": "#3"}
			}
		},
		{
			"from": [9.501, 12.88479, -1.98894],
			"to": [11.001, 13.88479, -0.23894],
			"rotation": {"angle": 22.5, "axis": "x", "origin": [8, 7.38479, -0.23894]},
			"faces": {
				"north": {"uv": [13.1875, 8.25, 13, 8.375], "texture": "#3"},
				"east": {"uv": [12.96875, 7, 12.75, 7.125], "texture": "#3"},
				"south": {"uv": [8.5625, 13, 8.375, 13.125], "texture": "#3"},
				"west": {"uv": [12.96875, 6.875, 12.75, 7], "texture": "#3"},
				"up": {"uv": [8.625, 12.21875, 8.8125, 12], "texture": "#3"},
				"down": {"uv": [10.375, 12, 10.5625, 12.21875], "texture": "#3"}
			}
		},
		{
			"from": [9.251, 11.38479, -1.98894],
			"to": [11.001, 12.88479, -0.23894],
			"rotation": {"angle": 22.5, "axis": "x", "origin": [8, 7.38479, -0.23894]},
			"faces": {
				"north": {"uv": [12.21875, 7.5, 12, 7.6875], "texture": "#3"},
				"east": {"uv": [12.21875, 8.125, 12, 8.3125], "texture": "#3"},
				"south": {"uv": [8.34375, 12, 8.125, 12.1875], "texture": "#3"},
				"west": {"uv": [7.84375, 12, 7.625, 12.1875], "texture": "#3"},
				"up": {"uv": [0.125, 11.96875, 0.34375, 11.75], "texture": "#3"},
				"down": {"uv": [0.375, 11.75, 0.59375, 11.96875], "texture": "#3"}
			}
		},
		{
			"from": [9, 11.5, -1.825],
			"to": [10.75, 13.5, -0.575],
			"rotation": {"angle": 22.5, "axis": "x", "origin": [8, 7.25, -0.325]},
			"faces": {
				"north": {"uv": [8.34375, 11.375, 8.125, 11.625], "texture": "#3"},
				"east": {"uv": [7.40625, 12.125, 7.25, 12.375], "texture": "#3"},
				"south": {"uv": [11.59375, 8.875, 11.375, 9.125], "texture": "#3"},
				"west": {"uv": [6.90625, 12.125, 6.75, 12.375], "texture": "#3"},
				"up": {"uv": [12.5, 2.15625, 12.71875, 2], "texture": "#3"},
				"down": {"uv": [12.5, 2.25, 12.71875, 2.40625], "texture": "#3"}
			}
		},
		{
			"from": [8.75, 11.5, -1.825],
			"to": [9, 13.25, -1.075],
			"rotation": {"angle": 22.5, "axis": "x", "origin": [8, 7.25, -0.325]},
			"faces": {
				"north": {"uv": [14.15625, 12.25, 14.125, 12.46875], "texture": "#3"},
				"east": {"uv": [13.34375, 7.875, 13.25, 8.09375], "texture": "#3"},
				"south": {"uv": [12.40625, 14.125, 12.375, 14.34375], "texture": "#3"},
				"west": {"uv": [13.34375, 7.625, 13.25, 7.84375], "texture": "#3"},
				"up": {"uv": [12.375, 14.46875, 12.40625, 14.375], "texture": "#3"},
				"down": {"uv": [12.5, 14.375, 12.53125, 14.46875], "texture": "#3"}
			}
		},
		{
			"from": [9, 10.42754, 3.05213],
			"to": [9.5, 12.67754, 5.05213],
			"rotation": {"angle": -22.5, "axis": "x", "origin": [8, 7.17754, -0.44787]},
			"faces": {
				"north": {"uv": [3.4375, 13.5, 3.375, 13.78125], "texture": "#3"},
				"east": {"uv": [11, 8.875, 10.75, 9.15625], "texture": "#3"},
				"south": {"uv": [3.5625, 13.5, 3.5, 13.78125], "texture": "#3"},
				"west": {"uv": [11, 3.125, 10.75, 3.40625], "texture": "#3"},
				"up": {"uv": [13.625, 6.375, 13.6875, 6.125], "texture": "#3"},
				"down": {"uv": [6.25, 13.625, 6.3125, 13.875], "texture": "#3"}
			}
		},
		{
			"from": [8.499, 10.49695, -3.44251],
			"to": [10.251, 19.24695, -2.69251],
			"rotation": {"angle": 45, "axis": "x", "origin": [8, 7.24695, -0.29251]},
			"faces": {
				"north": {"uv": [2.34375, 6, 2.125, 7.09375], "texture": "#3"},
				"east": {"uv": [3.09375, 9.75, 3, 10.84375], "texture": "#3"},
				"south": {"uv": [0.84375, 6.125, 0.625, 7.21875], "texture": "#3"},
				"west": {"uv": [1.46875, 9.75, 1.375, 10.84375], "texture": "#3"},
				"up": {"uv": [13.25, 6.21875, 13.46875, 6.125], "texture": "#3"},
				"down": {"uv": [13.25, 7.5, 13.46875, 7.59375], "texture": "#3"}
			}
		},
		{
			"from": [6.5, 10.42754, 3.05213],
			"to": [7, 12.67754, 5.05213],
			"rotation": {"angle": -22.5, "axis": "x", "origin": [8, 7.17754, -0.44787]},
			"faces": {
				"north": {"uv": [3.375, 13.5, 3.4375, 13.78125], "texture": "#3"},
				"east": {"uv": [10.75, 3.125, 11, 3.40625], "texture": "#3"},
				"south": {"uv": [3.5, 13.5, 3.5625, 13.78125], "texture": "#3"},
				"west": {"uv": [10.75, 8.875, 11, 9.15625], "texture": "#3"},
				"up": {"uv": [13.6875, 6.375, 13.625, 6.125], "texture": "#3"},
				"down": {"uv": [6.3125, 13.625, 6.25, 13.875], "texture": "#3"}
			}
		},
		{
			"from": [4.499, 10.98852, 3.42677],
			"to": [6.249, 12.75629, 5.17677],
			"rotation": {"angle": -22.5, "axis": "x", "origin": [8, 7.25629, -0.32323]},
			"faces": {
				"north": {"uv": [11.75, 0.75, 11.96875, 0.96875], "texture": "#3"},
				"east": {"uv": [0.875, 11.75, 1.09375, 11.96875], "texture": "#3"},
				"south": {"uv": [11.75, 1, 11.96875, 1.21875], "texture": "#3"},
				"west": {"uv": [11.75, 1.25, 11.96875, 1.46875], "texture": "#3"},
				"up": {"uv": [3.34375, 11.96875, 3.125, 11.75], "texture": "#3"},
				"down": {"uv": [3.71875, 11.75, 3.5, 11.96875], "texture": "#3"}
			}
		},
		{
			"from": [5.001, 14.10739, -0.6967],
			"to": [6.501, 15.35739, 1.8033],
			"rotation": {"angle": 22.5, "axis": "x", "origin": [8, 7.10739, -0.4467]},
			"faces": {
				"north": {"uv": [3, 12.625, 3.1875, 12.78125], "texture": "#3"},
				"east": {"uv": [11.5, 8.625, 11.8125, 8.78125], "texture": "#3"},
				"south": {"uv": [12.625, 3, 12.8125, 3.15625], "texture": "#3"},
				"west": {"uv": [11.625, 4.875, 11.9375, 5.03125], "texture": "#3"},
				"up": {"uv": [11.4375, 1.0625, 11.25, 0.75], "texture": "#3"},
				"down": {"uv": [11.4375, 1.125, 11.25, 1.4375], "texture": "#3"}
			}
		},
		{
			"from": [5, 11.92703, 3.19423],
			"to": [6.5, 13.17703, 5.19423],
			"rotation": {"angle": -22.5, "axis": "x", "origin": [8, 7.17703, -0.30577]},
			"faces": {
				"north": {"uv": [2.375, 12.625, 2.5625, 12.78125], "texture": "#3"},
				"east": {"uv": [7.875, 12.125, 8.125, 12.28125], "texture": "#3"},
				"south": {"uv": [2.625, 12.625, 2.8125, 12.78125], "texture": "#3"},
				"west": {"uv": [8.375, 12.125, 8.625, 12.28125], "texture": "#3"},
				"up": {"uv": [12.0625, 2.5, 11.875, 2.25], "texture": "#3"},
				"down": {"uv": [12.0625, 2.5, 11.875, 2.75], "texture": "#3"}
			}
		},
		{
			"from": [7, 11.5, -1.825],
			"to": [7.25, 13.25, -1.075],
			"rotation": {"angle": 22.5, "axis": "x", "origin": [8, 7.25, -0.325]},
			"faces": {
				"north": {"uv": [14.125, 12.25, 14.15625, 12.46875], "texture": "#3"},
				"east": {"uv": [13.25, 7.625, 13.34375, 7.84375], "texture": "#3"},
				"south": {"uv": [12.375, 14.125, 12.40625, 14.34375], "texture": "#3"},
				"west": {"uv": [13.25, 7.875, 13.34375, 8.09375], "texture": "#3"},
				"up": {"uv": [12.40625, 14.46875, 12.375, 14.375], "texture": "#3"},
				"down": {"uv": [12.53125, 14.375, 12.5, 14.46875], "texture": "#3"}
			}
		},
		{
			"from": [5.25, 11.5, -1.825],
			"to": [7, 13.5, -0.575],
			"rotation": {"angle": 22.5, "axis": "x", "origin": [8, 7.25, -0.325]},
			"faces": {
				"north": {"uv": [8.125, 11.375, 8.34375, 11.625], "texture": "#3"},
				"east": {"uv": [6.75, 12.125, 6.90625, 12.375], "texture": "#3"},
				"south": {"uv": [11.375, 8.875, 11.59375, 9.125], "texture": "#3"},
				"west": {"uv": [7.25, 12.125, 7.40625, 12.375], "texture": "#3"},
				"up": {"uv": [12.71875, 2.15625, 12.5, 2], "texture": "#3"},
				"down": {"uv": [12.71875, 2.25, 12.5, 2.40625], "texture": "#3"}
			}
		},
		{
			"from": [4.5, 11.28912, -1.54603],
			"to": [6.25, 13.78912, -0.29603],
			"rotation": {"angle": 22.5, "axis": "x", "origin": [8, 7.28912, -0.29603]},
			"faces": {
				"north": {"uv": [8.5, 10.875, 8.71875, 11.1875], "texture": "#3"},
				"east": {"uv": [4.875, 11.625, 5.03125, 11.9375], "texture": "#3"},
				"south": {"uv": [8.75, 10.875, 8.96875, 11.1875], "texture": "#3"},
				"west": {"uv": [5.375, 11.625, 5.53125, 11.9375], "texture": "#3"},
				"up": {"uv": [12.71875, 1.90625, 12.5, 1.75], "texture": "#3"},
				"down": {"uv": [2.21875, 12.5, 2, 12.65625], "texture": "#3"}
			}
		},
		{
			"from": [4.999, 12.88479, -1.98894],
			"to": [6.499, 13.88479, -0.23894],
			"rotation": {"angle": 22.5, "axis": "x", "origin": [8, 7.38479, -0.23894]},
			"faces": {
				"north": {"uv": [13, 8.25, 13.1875, 8.375], "texture": "#3"},
				"east": {"uv": [12.75, 6.875, 12.96875, 7], "texture": "#3"},
				"south": {"uv": [8.375, 13, 8.5625, 13.125], "texture": "#3"},
				"west": {"uv": [12.75, 7, 12.96875, 7.125], "texture": "#3"},
				"up": {"uv": [8.8125, 12.21875, 8.625, 12], "texture": "#3"},
				"down": {"uv": [10.5625, 12, 10.375, 12.21875], "texture": "#3"}
			}
		},
		{
			"from": [4.999, 11.38479, -1.98894],
			"to": [6.749, 12.88479, -0.23894],
			"rotation": {"angle": 22.5, "axis": "x", "origin": [8, 7.38479, -0.23894]},
			"faces": {
				"north": {"uv": [12, 7.5, 12.21875, 7.6875], "texture": "#3"},
				"east": {"uv": [7.625, 12, 7.84375, 12.1875], "texture": "#3"},
				"south": {"uv": [8.125, 12, 8.34375, 12.1875], "texture": "#3"},
				"west": {"uv": [12, 8.125, 12.21875, 8.3125], "texture": "#3"},
				"up": {"uv": [0.34375, 11.96875, 0.125, 11.75], "texture": "#3"},
				"down": {"uv": [0.59375, 11.75, 0.375, 11.96875], "texture": "#3"}
			}
		},
		{
			"from": [4.5, 12.11836, 3.03917],
			"to": [5.5, 13.86836, 4.03917],
			"rotation": {"angle": 0, "axis": "y", "origin": [8, 7.36836, -0.46083]},
			"faces": {
				"north": {"uv": [7.625, 10.375, 7.75, 10.59375], "texture": "#3"},
				"east": {"uv": [6.25, 10.625, 6.375, 10.84375], "texture": "#3"},
				"south": {"uv": [12.75, 6.5, 12.875, 6.71875], "texture": "#3"},
				"west": {"uv": [6.875, 12.75, 7, 12.96875], "texture": "#3"},
				"up": {"uv": [5.875, 8.125, 5.75, 8], "texture": "#3"},
				"down": {"uv": [8.375, 1.25, 8.25, 1.375], "texture": "#3"}
			}
		},
		{
			"from": [4.499, 9.48307, 1.66715],
			"to": [5.499, 10.98307, 5.18492],
			"rotation": {"angle": -22.5, "axis": "x", "origin": [8, 7.23307, -0.33285]},
			"faces": {
				"north": {"uv": [8, 13, 8.125, 13.1875], "texture": "#3"},
				"east": {"uv": [10.375, 3.625, 10.8125, 3.8125], "texture": "#3"},
				"south": {"uv": [8.25, 13, 8.375, 13.1875], "texture": "#3"},
				"west": {"uv": [10.375, 3.875, 10.8125, 4.0625], "texture": "#3"},
				"up": {"uv": [3.5, 11.8125, 3.375, 11.375], "texture": "#3"},
				"down": {"uv": [3.875, 11.375, 3.75, 11.8125], "texture": "#3"}
			}
		},
		{
			"from": [4.5, 10.61836, 1.28917],
			"to": [5.5, 12.11836, 4.03917],
			"rotation": {"angle": 0, "axis": "y", "origin": [8.5, 7.61836, 0.28917]},
			"faces": {
				"north": {"uv": [6.875, 13, 7, 13.1875], "texture": "#3"},
				"east": {"uv": [11.125, 1.875, 11.46875, 2.0625], "texture": "#3"},
				"south": {"uv": [7.375, 13, 7.5, 13.1875], "texture": "#3"},
				"west": {"uv": [11.125, 2.125, 11.46875, 2.3125], "texture": "#3"},
				"up": {"uv": [3.25, 12.34375, 3.125, 12], "texture": "#3"},
				"down": {"uv": [3.375, 12, 3.25, 12.34375], "texture": "#3"}
			}
		},
		{
			"from": [5, 9.86836, 3.03917],
			"to": [6.75, 13.86836, 4.78917],
			"rotation": {"angle": 0, "axis": "y", "origin": [8, 7.11836, -0.46083]},
			"faces": {
				"north": {"uv": [4, 9.5, 4.21875, 10], "texture": "#3"},
				"east": {"uv": [4.5, 9.5, 4.71875, 10], "texture": "#3"},
				"south": {"uv": [5.5, 9.5, 5.71875, 10], "texture": "#3"},
				"west": {"uv": [6, 9.5, 6.21875, 10], "texture": "#3"},
				"up": {"uv": [11.84375, 11.21875, 11.625, 11], "texture": "#3"},
				"down": {"uv": [11.71875, 11.625, 11.5, 11.84375], "texture": "#3"}
			}
		},
		{
			"from": [5, 10.75, -0.325],
			"to": [11, 11.75, 1.175],
			"rotation": {"angle": 0, "axis": "y", "origin": [8, 7.25, -0.325]},
			"faces": {
				"north": {"uv": [9.875, 1.125, 10.625, 1.25], "texture": "#3"},
				"east": {"uv": [13, 7.125, 13.1875, 7.25], "texture": "#3"},
				"south": {"uv": [10, 8, 10.75, 8.125], "texture": "#3"},
				"west": {"uv": [13, 8.125, 13.1875, 8.25], "texture": "#3"},
				"up": {"uv": [9, 4.9375, 8.25, 4.75], "texture": "#3"},
				"down": {"uv": [9, 5, 8.25, 5.1875], "texture": "#3"}
			}
		},
		{
			"from": [7.5, 9.68321, 1.52814],
			"to": [8.5, 11.68321, 5.80424],
			"rotation": {"angle": -22.5, "axis": "x", "origin": [8, 6.93321, -0.19576]},
			"faces": {
				"north": {"uv": [1.875, 4.875, 2, 5.125], "texture": "#3"},
				"east": {"uv": [8.875, 1, 9.40625, 1.25], "texture": "#3"},
				"south": {"uv": [5.125, 5.875, 5.25, 6.125], "texture": "#3"},
				"west": {"uv": [1.5, 8.875, 2.03125, 9.125], "texture": "#3"},
				"up": {"uv": [3.125, 11.40625, 3, 10.875], "texture": "#3"},
				"down": {"uv": [9.375, 10.875, 9.25, 11.40625], "texture": "#3"}
			}
		},
		{
			"from": [6, 7.5, -0.325],
			"to": [10, 10.75, 0.675],
			"rotation": {"angle": 0, "axis": "y", "origin": [8, 7.25, -0.325]},
			"faces": {
				"north": {"uv": [6.375, 3.375, 6.875, 3.78125], "texture": "#3"},
				"east": {"uv": [9.75, 11.5, 9.875, 11.90625], "texture": "#3"},
				"south": {"uv": [6.5, 6, 7, 6.40625], "texture": "#3"},
				"west": {"uv": [10.375, 11.5, 10.5, 11.90625], "texture": "#3"},
				"up": {"uv": [2.875, 3.25, 2.375, 3.125], "texture": "#3"},
				"down": {"uv": [4.625, 5.375, 4.125, 5.5], "texture": "#3"}
			}
		},
		{
			"from": [5.875, 5.125, 0.676],
			"to": [10.125, 9.375, 4.676],
			"rotation": {"angle": 45, "axis": "z", "origin": [8, 7.25, -0.325]},
			"faces": {
				"north": {"uv": [3.375, 4.75, 3.90625, 5.28125], "texture": "#3"},
				"east": {"uv": [5.625, 3, 6.125, 3.53125], "texture": "#3"},
				"south": {"uv": [4, 4.75, 4.53125, 5.28125], "texture": "#3"},
				"west": {"uv": [0, 0, 8.5, 8], "rotation": 270, "texture": "#5"},
				"up": {"uv": [5.78125, 6.125, 5.25, 5.625], "texture": "#3"},
				"down": {"uv": [0, 8, 8.5, 0], "texture": "#5"}
			}
		},
		{
			"from": [6.25, 15.08227, 2.14463],
			"to": [7, 17.83227, 2.64463],
			"rotation": {"angle": 22.5, "axis": "x", "origin": [9.25, 7.83227, -3.60537]},
			"faces": {
				"north": {"uv": [12.5, 7.375, 12.59375, 7.71875], "texture": "#3"},
				"east": {"uv": [13.25, 4.25, 13.3125, 4.59375], "texture": "#3"},
				"south": {"uv": [7.625, 12.5, 7.71875, 12.84375], "texture": "#3"},
				"west": {"uv": [4.5, 13.25, 4.5625, 13.59375], "texture": "#3"},
				"up": {"uv": [14.34375, 2.1875, 14.25, 2.125], "texture": "#3"},
				"down": {"uv": [2.34375, 14.25, 2.25, 14.3125], "texture": "#3"}
			}
		},
		{
			"from": [6.25, 14.67929, 5.49571],
			"to": [7, 17.17929, 5.99571],
			"rotation": {"angle": 0, "axis": "y", "origin": [9.25, 7.17929, 0.24571]},
			"faces": {
				"north": {"uv": [11.125, 12.5, 11.21875, 12.8125], "texture": "#3"},
				"east": {"uv": [11.75, 13.25, 11.8125, 13.5625], "texture": "#3"},
				"south": {"uv": [11.375, 12.5, 11.46875, 12.8125], "texture": "#3"},
				"west": {"uv": [13.25, 13, 13.3125, 13.3125], "texture": "#3"},
				"up": {"uv": [14.34375, 2.0625, 14.25, 2], "texture": "#3"},
				"down": {"uv": [2.21875, 14.25, 2.125, 14.3125], "texture": "#3"}
			}
		},
		{
			"from": [7, 14.67929, 5.49571],
			"to": [7.5, 17.42929, 6.49571],
			"rotation": {"angle": 0, "axis": "y", "origin": [5.25, 7.17929, -0.25429]},
			"faces": {
				"north": {"uv": [4, 13.25, 4.0625, 13.59375], "texture": "#3"},
				"east": {"uv": [2.75, 12, 2.875, 12.34375], "texture": "#3"},
				"south": {"uv": [4.25, 13.25, 4.3125, 13.59375], "texture": "#3"},
				"west": {"uv": [3, 12, 3.125, 12.34375], "texture": "#3"},
				"up": {"uv": [14.1875, 2.125, 14.125, 2], "texture": "#3"},
				"down": {"uv": [14.1875, 2.125, 14.125, 2.25], "texture": "#3"}
			}
		},
		{
			"from": [7, 11.89615, 1.10761],
			"to": [7.5, 16.64615, 3.10761],
			"rotation": {"angle": 22.5, "axis": "x", "origin": [5.25, 7.14615, -0.14239]},
			"faces": {
				"north": {"uv": [12.125, 12.25, 12.1875, 12.84375], "texture": "#3"},
				"east": {"uv": [0, 8.25, 0.25, 8.84375], "texture": "#3"},
				"south": {"uv": [12.25, 12.25, 12.3125, 12.84375], "texture": "#3"},
				"west": {"uv": [0.25, 8.25, 0.5, 8.84375], "texture": "#3"},
				"up": {"uv": [13.6875, 5.875, 13.625, 5.625], "texture": "#3"},
				"down": {"uv": [13.6875, 5.875, 13.625, 6.125], "texture": "#3"}
			}
		},
		{
			"from": [5.75, 14.67929, 5.49571],
			"to": [6.25, 17.42929, 6.49571],
			"rotation": {"angle": 0, "axis": "y", "origin": [8, 7.17929, -0.25429]},
			"faces": {
				"north": {"uv": [3.875, 13.25, 3.9375, 13.59375], "texture": "#3"},
				"east": {"uv": [2.5, 12, 2.625, 12.34375], "texture": "#3"},
				"south": {"uv": [13.25, 3.875, 13.3125, 4.21875], "texture": "#3"},
				"west": {"uv": [2.625, 12, 2.75, 12.34375], "texture": "#3"},
				"up": {"uv": [14.1875, 1.875, 14.125, 1.75], "texture": "#3"},
				"down": {"uv": [1.9375, 14.125, 1.875, 14.25], "texture": "#3"}
			}
		},
		{
			"from": [5.75, 11.89615, 1.10761],
			"to": [6.25, 16.64615, 3.10761],
			"rotation": {"angle": 22.5, "axis": "x", "origin": [8, 7.14615, -0.14239]},
			"faces": {
				"north": {"uv": [11.875, 12.25, 11.9375, 12.84375], "texture": "#3"},
				"east": {"uv": [2.875, 3.75, 3.125, 4.34375], "texture": "#3"},
				"south": {"uv": [12, 12.25, 12.0625, 12.84375], "texture": "#3"},
				"west": {"uv": [8, 8.125, 8.25, 8.71875], "texture": "#3"},
				"up": {"uv": [5.0625, 13.875, 5, 13.625], "texture": "#3"},
				"down": {"uv": [5.5625, 13.625, 5.5, 13.875], "texture": "#3"}
			}
		},
		{
			"from": [5.749, 10.49695, -3.44251],
			"to": [7.501, 19.24695, -2.69251],
			"rotation": {"angle": 45, "axis": "x", "origin": [8, 7.24695, -0.29251]},
			"faces": {
				"north": {"uv": [2.125, 6, 2.34375, 7.09375], "texture": "#3"},
				"east": {"uv": [1.375, 9.75, 1.46875, 10.84375], "texture": "#3"},
				"south": {"uv": [0.625, 6.125, 0.84375, 7.21875], "texture": "#3"},
				"west": {"uv": [3, 9.75, 3.09375, 10.84375], "texture": "#3"},
				"up": {"uv": [13.46875, 6.21875, 13.25, 6.125], "texture": "#3"},
				"down": {"uv": [13.46875, 7.5, 13.25, 7.59375], "texture": "#3"}
			}
		},
		{
			"from": [5.751, 12.83794, -1.41218],
			"to": [7.499, 18.08794, -0.91218],
			"rotation": {"angle": 45, "axis": "x", "origin": [8, 8.83794, 0.23782]},
			"faces": {
				"north": {"uv": [2.375, 8.25, 2.59375, 8.90625], "texture": "#3"},
				"east": {"uv": [6.25, 12, 6.3125, 12.65625], "texture": "#3"},
				"south": {"uv": [6, 8.25, 6.21875, 8.90625], "texture": "#3"},
				"west": {"uv": [7, 12, 7.0625, 12.65625], "texture": "#3"},
				"up": {"uv": [13.96875, 5.8125, 13.75, 5.75], "texture": "#3"},
				"down": {"uv": [6.09375, 13.75, 5.875, 13.8125], "texture": "#3"}
			}
		},
		{
			"from": [5.751, 14.08794, -0.91218],
			"to": [7.499, 17.58794, -0.41218],
			"rotation": {"angle": 45, "axis": "x", "origin": [8, 8.83794, 0.23782]},
			"faces": {
				"north": {"uv": [4, 10, 4.21875, 10.4375], "texture": "#3"},
				"east": {"uv": [4.25, 12.75, 4.3125, 13.1875], "texture": "#3"},
				"south": {"uv": [6, 10, 6.21875, 10.4375], "texture": "#3"},
				"west": {"uv": [6.25, 12.75, 6.3125, 13.1875], "texture": "#3"},
				"up": {"uv": [13.96875, 5.5625, 13.75, 5.5], "texture": "#3"},
				"down": {"uv": [13.96875, 5.625, 13.75, 5.6875], "texture": "#3"}
			}
		},
		{
			"from": [6.751, 10.52164, 8.57305],
			"to": [9.249, 11.32164, 9.07305],
			"rotation": {"angle": 0, "axis": "y", "origin": [8.001, 7.39664, -0.37695]},
			"faces": {
				"north": {"uv": [12.5, 9.375, 12.8125, 9.46875], "texture": "#3"},
				"east": {"uv": [1.875, 14.25, 1.9375, 14.34375], "texture": "#3"},
				"south": {"uv": [12.5, 10.875, 12.8125, 10.96875], "texture": "#3"},
				"west": {"uv": [2, 14.25, 2.0625, 14.34375], "texture": "#3"},
				"up": {"uv": [13.5625, 12.8125, 13.25, 12.75], "texture": "#3"},
				"down": {"uv": [13.5625, 12.875, 13.25, 12.9375], "texture": "#3"}
			}
		},
		{
			"from": [6.75, 10.90382, 1.43462],
			"to": [9.25, 11.40382, 1.93462],
			"rotation": {"angle": -22.5, "axis": "x", "origin": [8, 7.15382, -0.31538]},
			"faces": {
				"north": {"uv": [13.25, 12.25, 13.5625, 12.3125], "texture": "#3"},
				"east": {"uv": [14.375, 3, 14.4375, 3.0625], "texture": "#3"},
				"south": {"uv": [13.25, 12.375, 13.5625, 12.4375], "texture": "#3"},
				"west": {"uv": [3.125, 14.375, 3.1875, 14.4375], "texture": "#3"},
				"up": {"uv": [13.5625, 12.5625, 13.25, 12.5], "texture": "#3"},
				"down": {"uv": [13.5625, 12.625, 13.25, 12.6875], "texture": "#3"}
			}
		},
		{
			"from": [4.999, 9.21999, 0.27121],
			"to": [11.001, 11.96999, 4.27121],
			"rotation": {"angle": 22.5, "axis": "x", "origin": [7.999, 7.21999, -0.47879]},
			"faces": {
				"north": {"uv": [5.375, 1, 6.125, 1.34375], "texture": "#3"},
				"east": {"uv": [7.5, 0, 8, 0.34375], "texture": "#3"},
				"south": {"uv": [0.625, 5.75, 1.375, 6.09375], "texture": "#3"},
				"west": {"uv": [7.5, 0.375, 8, 0.71875], "texture": "#3"},
				"up": {"uv": [2.375, 3.625, 1.625, 3.125], "texture": "#3"},
				"down": {"uv": [3.125, 3.25, 2.375, 3.75], "texture": "#3"}
			}
		},
		{
			"from": [5, 7.25, 0.675],
			"to": [11, 11, 2.425],
			"rotation": {"angle": 0, "axis": "y", "origin": [8, 7.25, -0.325]},
			"faces": {
				"north": {"uv": [1.625, 3.625, 2.375, 4.09375], "texture": "#3"},
				"east": {"uv": [8, 9.625, 8.21875, 10.09375], "texture": "#3"},
				"south": {"uv": [3.625, 2.5, 4.375, 2.96875], "texture": "#3"},
				"west": {"uv": [2.75, 9.75, 2.96875, 10.21875], "texture": "#3"},
				"up": {"uv": [8.5, 2.46875, 7.75, 2.25], "texture": "#3"},
				"down": {"uv": [8.5, 2.5, 7.75, 2.71875], "texture": "#3"}
			}
		},
		{
			"from": [5, 7.25, 2.425],
			"to": [11, 9, 4.675],
			"rotation": {"angle": 0, "axis": "y", "origin": [8, 7.25, -0.325]},
			"faces": {
				"north": {"uv": [7.75, 1.75, 8.5, 1.96875], "texture": "#3"},
				"east": {"uv": [11.125, 4.125, 11.40625, 4.34375], "texture": "#3"},
				"south": {"uv": [7.75, 2, 8.5, 2.21875], "texture": "#3"},
				"west": {"uv": [8.125, 11.125, 8.40625, 11.34375], "texture": "#3"},
				"up": {"uv": [6.875, 4.15625, 6.125, 3.875], "texture": "#3"},
				"down": {"uv": [7.125, 1.75, 6.375, 2.03125], "texture": "#3"}
			}
		}
	],
	"display": {
		"head": {
			"rotation": [0, 180, 0]
		}
	}
}