{
	"credit": "Made with Blockbench",
	"textures": {
		"2": "animated_java:item/valk_aj/line",
		"10": "animated_java:item/valk_aj/texture",
		"particle": "animated_java:item/valk_aj/main"
	},
	"elements": [
		{
			"from": [7.63401, 6.09241, 14.67053],
			"to": [8.3899, 7.227, 14.7966],
			"rotation": {"angle": -22.5, "axis": "x", "origin": [5.99465, -4.74921, 6.47629]},
			"faces": {
				"north": {"uv": [16, 16, 16, 16], "texture": "#missing"},
				"east": {"uv": [0, 7.5, 0.5, 3], "rotation": 180, "texture": "#2"},
				"south": {"uv": [16, 16, 16, 16], "texture": "#missing"},
				"west": {"uv": [0, 7.5, 0.5, 3], "rotation": 180, "texture": "#2"},
				"up": {"uv": [0.5, 0, 0, 3], "rotation": 270, "texture": "#2"},
				"down": {"uv": [16, 16, 16, 16], "texture": "#missing"}
			}
		},
		{
			"from": [8.13777, 7.98339, 9.88005],
			"to": [8.13777, 8.73979, 10.00612],
			"rotation": {"angle": 22.5, "axis": "z", "origin": [8.0117, 9.37011, 6.47629]},
			"faces": {
				"north": {"uv": [0, 0, 0, 0.1875], "texture": "#missing"},
				"east": {"uv": [0, 10.5, 0.5, 7.5], "rotation": 180, "texture": "#2"},
				"south": {"uv": [0, 0, 0, 0.1875], "texture": "#missing"},
				"west": {"uv": [16, 16, 16, 16], "texture": "#missing"},
				"up": {"uv": [0, 0.125, 0, 0], "texture": "#missing"},
				"down": {"uv": [0, 0, 0, 0.125], "texture": "#missing"}
			}
		},
		{
			"from": [7.88563, 7.98339, 9.88005],
			"to": [7.88563, 8.73979, 10.00612],
			"rotation": {"angle": -22.5, "axis": "z", "origin": [8.0117, 9.37011, 6.47629]},
			"faces": {
				"north": {"uv": [0, 0, 0, 0.1875], "texture": "#missing"},
				"east": {"uv": [16, 16, 16, 16], "texture": "#missing"},
				"south": {"uv": [0, 0, 0, 0.75], "texture": "#missing"},
				"west": {"uv": [0, 10.5, 0.5, 7.5], "rotation": 180, "texture": "#2"},
				"up": {"uv": [0, 0.03125, 0, 0], "texture": "#missing"},
				"down": {"uv": [0, 0, 0, 0.03125], "texture": "#missing"}
			}
		},
		{
			"from": [7.75957, 7.98339, 11.39283],
			"to": [7.75957, 8.99192, 11.5189],
			"rotation": {"angle": -22.5, "axis": "z", "origin": [8.0117, 9.37011, 6.47629]},
			"faces": {
				"north": {"uv": [0, 0, 0, 1], "texture": "#missing"},
				"east": {"uv": [16, 16, 16, 16], "texture": "#missing"},
				"south": {"uv": [0, 0, 0, 1], "texture": "#missing"},
				"west": {"uv": [0.5, 12, 1, 8], "rotation": 180, "texture": "#2"},
				"up": {"uv": [0, 0.03125, 0, 0], "texture": "#missing"},
				"down": {"uv": [0, 0, 0, 0.03125], "texture": "#missing"}
			}
		},
		{
			"from": [8.26383, 7.98339, 11.39283],
			"to": [8.26383, 8.99192, 11.5189],
			"rotation": {"angle": 22.5, "axis": "z", "origin": [8.0117, 9.37011, 6.47629]},
			"faces": {
				"north": {"uv": [0, 0, 0, 1], "texture": "#missing"},
				"east": {"uv": [0.5, 12, 1, 8], "rotation": 180, "texture": "#2"},
				"south": {"uv": [0, 0, 0, 0.25], "texture": "#missing"},
				"west": {"uv": [16, 16, 16, 16], "texture": "#missing"},
				"up": {"uv": [0, 0.125, 0, 0], "texture": "#missing"},
				"down": {"uv": [0, 0, 0, 0.125], "texture": "#missing"}
			}
		},
		{
			"from": [7.75957, 7.73126, 16.30938],
			"to": [7.88563, 8.23552, 16.30938],
			"rotation": {"angle": -22.5, "axis": "z", "origin": [8.0117, 9.37011, 6.47629]},
			"faces": {
				"north": {"uv": [16, 16, 16, 16], "texture": "#missing"},
				"east": {"uv": [0, 0, 0, 0.5], "texture": "#missing"},
				"south": {"uv": [11, 0.5, 13, 0], "rotation": 270, "texture": "#2"},
				"west": {"uv": [0, 0, 0, 0.125], "texture": "#missing"},
				"up": {"uv": [0, 0, 0.125, 0], "texture": "#missing"},
				"down": {"uv": [0, 0, 0.125, 0], "texture": "#missing"}
			}
		},
		{
			"from": [8.0117, 7.85733, 16.05725],
			"to": [8.13777, 8.48765, 16.05725],
			"rotation": {"angle": -22.5, "axis": "z", "origin": [8.0117, 9.37011, 6.47629]},
			"faces": {
				"north": {"uv": [16, 16, 16, 16], "texture": "#missing"},
				"east": {"uv": [0, 0, 0, 0.625], "texture": "#missing"},
				"south": {"uv": [7.5, 2.5, 10, 2], "rotation": 270, "texture": "#2"},
				"west": {"uv": [0, 0, 0, 0.15625], "texture": "#missing"},
				"up": {"uv": [0, 0, 0.125, 0], "texture": "#missing"},
				"down": {"uv": [0, 0, 0.125, 0], "texture": "#missing"}
			}
		},
		{
			"from": [7.6335, 7.98339, 13.66201],
			"to": [7.6335, 9.37011, 13.78808],
			"rotation": {"angle": -22.5, "axis": "z", "origin": [8.0117, 9.37011, 6.47629]},
			"faces": {
				"north": {"uv": [0, 0, 0, 1.375], "texture": "#missing"},
				"east": {"uv": [16, 16, 16, 16], "texture": "#missing"},
				"south": {"uv": [0, 0, 0, 1.375], "texture": "#missing"},
				"west": {"uv": [1.5, 14, 2, 8.5], "rotation": 180, "texture": "#2"},
				"up": {"uv": [0, 0.03125, 0, 0], "texture": "#missing"},
				"down": {"uv": [0, 0, 0, 0.03125], "texture": "#missing"}
			}
		},
		{
			"from": [8.13777, 7.73126, 16.30938],
			"to": [8.26383, 8.23552, 16.30938],
			"rotation": {"angle": 22.5, "axis": "z", "origin": [8.0117, 9.37011, 6.47629]},
			"faces": {
				"north": {"uv": [16, 16, 16, 16], "texture": "#missing"},
				"east": {"uv": [0, 0, 0, 0.5], "texture": "#missing"},
				"south": {"uv": [11, 0.5, 13, 0], "rotation": 270, "texture": "#2"},
				"west": {"uv": [0, 0, 0, 0.125], "texture": "#missing"},
				"up": {"uv": [0, 0, 0.125, 0], "texture": "#missing"},
				"down": {"uv": [0, 0, 0.125, 0], "texture": "#missing"}
			}
		},
		{
			"from": [7.88563, 7.85733, 16.05725],
			"to": [8.0117, 8.48765, 16.05725],
			"rotation": {"angle": 22.5, "axis": "z", "origin": [8.0117, 9.37011, 6.47629]},
			"faces": {
				"north": {"uv": [16, 16, 16, 16], "texture": "#missing"},
				"east": {"uv": [0, 0, 0, 0.625], "texture": "#missing"},
				"south": {"uv": [7.5, 2.5, 10, 2], "rotation": 270, "texture": "#2"},
				"west": {"uv": [0, 0, 0, 0.15625], "texture": "#missing"},
				"up": {"uv": [0, 0, 0.125, 0], "texture": "#missing"},
				"down": {"uv": [0, 0, 0.125, 0], "texture": "#missing"}
			}
		},
		{
			"from": [8.3899, 7.98339, 13.66201],
			"to": [8.3899, 9.37011, 13.78808],
			"rotation": {"angle": 22.5, "axis": "z", "origin": [8.0117, 9.37011, 6.47629]},
			"faces": {
				"north": {"uv": [0, 0, 0, 1.375], "texture": "#missing"},
				"east": {"uv": [1.5, 14, 2, 8.5], "rotation": 180, "texture": "#2"},
				"south": {"uv": [0, 0, 0, 0.34375], "texture": "#missing"},
				"west": {"uv": [16, 16, 16, 16], "texture": "#missing"},
				"up": {"uv": [0, 0.125, 0, 0], "texture": "#missing"},
				"down": {"uv": [0, 0, 0, 0.125], "texture": "#missing"}
			}
		},
		{
			"from": [-1.31714, 3.82324, 16.05624],
			"to": [-0.56074, 4.57963, 16.05624],
			"rotation": {"angle": -45, "axis": "z", "origin": [8.0117, -4.74921, 6.47629]},
			"faces": {
				"north": {"uv": [16, 16, 16, 16], "texture": "#missing"},
				"east": {"uv": [0, 0, 0, 0.875], "texture": "#missing"},
				"south": {"uv": [10.5, 2.5, 7.5, 5.5], "texture": "#2"},
				"west": {"uv": [0, 0, 0, 0.21875], "texture": "#missing"},
				"up": {"uv": [0, 0, 0.875, 0], "texture": "#missing"},
				"down": {"uv": [0, 0, 0.875, 0], "texture": "#missing"}
			}
		},
		{
			"from": [-1.56927, 3.57111, 16.30888],
			"to": [-0.30861, 4.83176, 16.30888],
			"rotation": {"angle": -45, "axis": "z", "origin": [8.0117, -4.74921, 6.47629]},
			"faces": {
				"north": {"uv": [16, 16, 16, 16], "texture": "#missing"},
				"east": {"uv": [0, 0, 0, 1.25], "texture": "#missing"},
				"south": {"uv": [16, 0.5, 11, 5.5], "texture": "#2"},
				"west": {"uv": [0, 0, 0, 0.3125], "texture": "#missing"},
				"up": {"uv": [0, 0, 1.25, 0], "texture": "#missing"},
				"down": {"uv": [0, 0, 1.25, 0], "texture": "#missing"}
			}
		},
		{
			"from": [-1.8214, 3.44504, 13.66151],
			"to": [-0.18255, 5.08389, 13.78757],
			"rotation": {"angle": -45, "axis": "z", "origin": [8.0117, -4.74921, 6.47629]},
			"faces": {
				"north": {"uv": [16, 16, 16, 16], "texture": "#missing"},
				"east": {"uv": [2, 6.5, 2.5, 0], "rotation": 180, "texture": "#2"},
				"south": {"uv": [16, 16, 16, 16], "texture": "#missing"},
				"west": {"uv": [1.5, 16, 2, 9.5], "rotation": 180, "texture": "#2"},
				"up": {"uv": [2, 9.5, 1.5, 16], "rotation": 270, "texture": "#2"},
				"down": {"uv": [2.5, 0, 2, 6.5], "rotation": 270, "texture": "#2"}
			}
		},
		{
			"from": [7.63401, 5.33602, 18.45249],
			"to": [8.3899, 6.72274, 18.57856],
			"rotation": {"angle": -22.5, "axis": "x", "origin": [5.99465, -4.74921, 6.47629]},
			"faces": {
				"north": {"uv": [16, 16, 16, 16], "texture": "#missing"},
				"east": {"uv": [1.5, 8.5, 2, 3], "rotation": 180, "texture": "#2"},
				"south": {"uv": [16, 16, 16, 16], "texture": "#missing"},
				"west": {"uv": [1.5, 8.5, 2, 3], "rotation": 180, "texture": "#2"},
				"up": {"uv": [2, 0, 1.5, 3], "rotation": 270, "texture": "#2"},
				"down": {"uv": [16, 16, 16, 16], "texture": "#missing"}
			}
		},
		{
			"from": [-1.56927, 3.69717, 9.87955],
			"to": [-0.43468, 4.83176, 10.00561],
			"rotation": {"angle": -45, "axis": "z", "origin": [8.0117, -4.74921, 6.47629]},
			"faces": {
				"north": {"uv": [16, 16, 16, 16], "texture": "#missing"},
				"east": {"uv": [0, 16, 0.5, 11.5], "rotation": 180, "texture": "#2"},
				"south": {"uv": [16, 16, 16, 16], "texture": "#missing"},
				"west": {"uv": [0, 11.5, 0.5, 7.5], "rotation": 180, "texture": "#2"},
				"up": {"uv": [0.5, 7.5, 0, 11.5], "rotation": 270, "texture": "#2"},
				"down": {"uv": [0.5, 11.5, 0, 16], "rotation": 270, "texture": "#2"}
			}
		},
		{
			"from": [-1.69533, 3.57111, 11.39233],
			"to": [-0.30861, 4.95782, 11.5184],
			"rotation": {"angle": -45, "axis": "z", "origin": [8.0117, -4.74921, 6.47629]},
			"faces": {
				"north": {"uv": [16, 16, 16, 16], "texture": "#missing"},
				"east": {"uv": [1, 5.5, 1.5, 0], "rotation": 180, "texture": "#2"},
				"south": {"uv": [16, 16, 16, 16], "texture": "#missing"},
				"west": {"uv": [0.5, 13.5, 1, 8], "rotation": 180, "texture": "#2"},
				"up": {"uv": [1, 8, 0.5, 13.5], "rotation": 270, "texture": "#2"},
				"down": {"uv": [1.5, 0, 1, 5.5], "rotation": 270, "texture": "#2"}
			}
		},
		{
			"from": [7.57098, 5.84028, 16.30938],
			"to": [8.45293, 6.97487, 16.43545],
			"rotation": {"angle": -22.5, "axis": "x", "origin": [5.99465, -4.74921, 6.47629]},
			"faces": {
				"north": {"uv": [16, 16, 16, 16], "texture": "#missing"},
				"east": {"uv": [0.5, 8, 1, 3.5], "rotation": 180, "texture": "#2"},
				"south": {"uv": [16, 16, 16, 16], "texture": "#missing"},
				"west": {"uv": [0.5, 8, 1, 3.5], "rotation": 180, "texture": "#2"},
				"up": {"uv": [1, 0, 0.5, 3.5], "rotation": 270, "texture": "#2"},
				"down": {"uv": [16, 16, 16, 16], "texture": "#missing"}
			}
		},
		{
			"from": [7.633, 9.866, 15.13071],
			"to": [8.3904, 11.25272, 26.22446],
			"rotation": {"angle": 0, "axis": "y", "origin": [5.99415, -4.75758, 6.4322]},
			"faces": {
				"north": {"uv": [5.1875, 7.5, 5, 7.84375], "texture": "#10"},
				"east": {"uv": [2.75, 0.375, 0, 0.71875], "texture": "#10"},
				"south": {"uv": [6.6875, 7.5, 6.5, 7.84375], "texture": "#10"},
				"west": {"uv": [2.75, 0, 0, 0.34375], "texture": "#10"},
				"up": {"uv": [2, 3.5, 2.1875, 0.75], "texture": "#10"},
				"down": {"uv": [0, 2.25, 0.1875, 5], "texture": "#10"}
			}
		},
		{
			"from": [7.6335, 5.46209, 14.67053],
			"to": [8.3899, 7.227, 16.30938],
			"rotation": {"angle": -22.5, "axis": "x", "origin": [5.99465, -4.74921, 6.47629]},
			"faces": {
				"north": {"uv": [6.1875, 6.875, 6, 7.3125], "texture": "#10"},
				"east": {"uv": [5.28125, 0, 4.875, 0.4375], "texture": "#10"},
				"south": {"uv": [6.4375, 6.875, 6.25, 7.3125], "texture": "#10"},
				"west": {"uv": [5.03125, 4.75, 4.625, 5.1875], "texture": "#10"},
				"up": {"uv": [2, 7.65625, 2.1875, 7.25], "texture": "#10"},
				"down": {"uv": [2.5, 7.25, 2.6875, 7.65625], "texture": "#10"}
			}
		},
		{
			"from": [7.75957, 7.85733, 7.863],
			"to": [8.0117, 8.73979, 9.88005],
			"rotation": {"angle": 22.5, "axis": "z", "origin": [8.0117, 9.37011, 6.47629]},
			"faces": {
				"north": {"uv": [5.3125, 9.625, 5.25, 9.84375], "texture": "#10"},
				"east": {"uv": [6.75, 6.375, 6.25, 6.59375], "texture": "#10"},
				"south": {"uv": [5.4375, 9.625, 5.375, 9.84375], "texture": "#10"},
				"west": {"uv": [6.875, 5.5, 6.375, 5.71875], "texture": "#10"},
				"up": {"uv": [8.625, 4.125, 8.6875, 3.625], "texture": "#10"},
				"down": {"uv": [4.125, 8.625, 4.1875, 9.125], "texture": "#10"}
			}
		},
		{
			"from": [7.88563, 7.85733, 9.88005],
			"to": [8.13777, 9.37011, 11.39283],
			"rotation": {"angle": 22.5, "axis": "z", "origin": [8.0117, 9.37011, 6.47629]},
			"faces": {
				"north": {"uv": [1.0625, 9, 1, 9.375], "texture": "#10"},
				"east": {"uv": [5.875, 0.875, 5.5, 1.25], "texture": "#10"},
				"south": {"uv": [9.0625, 1.125, 9, 1.5], "texture": "#10"},
				"west": {"uv": [1.375, 5.375, 1, 5.75], "texture": "#10"},
				"up": {"uv": [3.375, 9.375, 3.4375, 9], "texture": "#10"},
				"down": {"uv": [4.75, 9, 4.8125, 9.375], "texture": "#10"}
			}
		},
		{
			"from": [8.0117, 7.85733, 7.863],
			"to": [8.26383, 8.73979, 9.88005],
			"rotation": {"angle": -22.5, "axis": "z", "origin": [8.0117, 9.37011, 6.47629]},
			"faces": {
				"north": {"uv": [5.0625, 9.625, 5, 9.84375], "texture": "#10"},
				"east": {"uv": [4.75, 6.375, 4.25, 6.59375], "texture": "#10"},
				"south": {"uv": [5.1875, 9.625, 5.125, 9.84375], "texture": "#10"},
				"west": {"uv": [4.25, 6.375, 3.75, 6.59375], "texture": "#10"},
				"up": {"uv": [3.125, 9.125, 3.1875, 8.625], "texture": "#10"},
				"down": {"uv": [3.25, 8.625, 3.3125, 9.125], "texture": "#10"}
			}
		},
		{
			"from": [7.88563, 7.85733, 9.88005],
			"to": [8.13777, 9.37011, 11.39283],
			"rotation": {"angle": -22.5, "axis": "z", "origin": [8.0117, 9.37011, 6.47629]},
			"faces": {
				"north": {"uv": [8.9375, 7.875, 8.875, 8.25], "texture": "#10"},
				"east": {"uv": [5.75, 0, 5.375, 0.375], "texture": "#10"},
				"south": {"uv": [8.9375, 8.25, 8.875, 8.625], "texture": "#10"},
				"west": {"uv": [5.625, 5.25, 5.25, 5.625], "texture": "#10"},
				"up": {"uv": [8.875, 9, 8.9375, 8.625], "texture": "#10"},
				"down": {"uv": [9, 0.625, 9.0625, 1], "texture": "#10"}
			}
		},
		{
			"from": [7.75957, 7.73126, 11.39283],
			"to": [8.0117, 9.37011, 13.78808],
			"rotation": {"angle": -22.5, "axis": "z", "origin": [8.0117, 9.37011, 6.47629]},
			"faces": {
				"north": {"uv": [8.5625, 8.75, 8.5, 9.15625], "texture": "#10"},
				"east": {"uv": [4.59375, 2.75, 4, 3.15625], "texture": "#10"},
				"south": {"uv": [8.8125, 8.5, 8.75, 8.90625], "texture": "#10"},
				"west": {"uv": [4.59375, 2.25, 4, 2.65625], "texture": "#10"},
				"up": {"uv": [4.375, 9.09375, 4.4375, 8.5], "texture": "#10"},
				"down": {"uv": [4.5, 8.5, 4.5625, 9.09375], "texture": "#10"}
			}
		},
		{
			"from": [8.0117, 7.73126, 11.39283],
			"to": [8.26383, 9.37011, 13.78808],
			"rotation": {"angle": 22.5, "axis": "z", "origin": [8.0117, 9.37011, 6.47629]},
			"faces": {
				"north": {"uv": [8.3125, 8.75, 8.25, 9.15625], "texture": "#10"},
				"east": {"uv": [3.96875, 3.875, 3.375, 4.28125], "texture": "#10"},
				"south": {"uv": [8.4375, 8.75, 8.375, 9.15625], "texture": "#10"},
				"west": {"uv": [3.34375, 3.875, 2.75, 4.28125], "texture": "#10"},
				"up": {"uv": [4, 9.09375, 4.0625, 8.5], "texture": "#10"},
				"down": {"uv": [4.25, 8.5, 4.3125, 9.09375], "texture": "#10"}
			}
		},
		{
			"from": [7.88563, 7.73126, 13.66201],
			"to": [8.13777, 8.86585, 16.05725],
			"rotation": {"angle": -22.5, "axis": "z", "origin": [8.0117, 9.37011, 6.47629]},
			"faces": {
				"north": {"uv": [7.4375, 9.375, 7.375, 9.65625], "texture": "#10"},
				"east": {"uv": [5.59375, 3.875, 5, 4.15625], "texture": "#10"},
				"south": {"uv": [9.4375, 7.5, 9.375, 7.78125], "texture": "#10"},
				"west": {"uv": [5.59375, 3.5, 5, 3.78125], "texture": "#10"},
				"up": {"uv": [3.75, 9.09375, 3.8125, 8.5], "texture": "#10"},
				"down": {"uv": [3.875, 8.5, 3.9375, 9.09375], "texture": "#10"}
			}
		},
		{
			"from": [7.6335, 7.73126, 13.66201],
			"to": [7.88563, 9.37011, 16.30938],
			"rotation": {"angle": -22.5, "axis": "z", "origin": [8.0117, 9.37011, 6.47629]},
			"faces": {
				"north": {"uv": [8.8125, 8, 8.75, 8.40625], "texture": "#10"},
				"east": {"uv": [4.40625, 1.375, 3.75, 1.78125], "texture": "#10"},
				"south": {"uv": [8.1875, 8.75, 8.125, 9.15625], "texture": "#10"},
				"west": {"uv": [4.40625, 0.875, 3.75, 1.28125], "texture": "#10"},
				"up": {"uv": [8.25, 7.90625, 8.3125, 7.25], "texture": "#10"},
				"down": {"uv": [7.375, 8.25, 7.4375, 8.90625], "texture": "#10"}
			}
		},
		{
			"from": [7.88563, 7.73126, 13.66201],
			"to": [8.13777, 8.86585, 16.05725],
			"rotation": {"angle": 22.5, "axis": "z", "origin": [8.0117, 9.37011, 6.47629]},
			"faces": {
				"north": {"uv": [6.6875, 9.375, 6.625, 9.65625], "texture": "#10"},
				"east": {"uv": [5.59375, 2.625, 5, 2.90625], "texture": "#10"},
				"south": {"uv": [7.3125, 9.375, 7.25, 9.65625], "texture": "#10"},
				"west": {"uv": [1.59375, 5, 1, 5.28125], "texture": "#10"},
				"up": {"uv": [3.5, 9.09375, 3.5625, 8.5], "texture": "#10"},
				"down": {"uv": [3.625, 8.5, 3.6875, 9.09375], "texture": "#10"}
			}
		},
		{
			"from": [8.13777, 7.73126, 13.66201],
			"to": [8.3899, 9.37011, 16.30938],
			"rotation": {"angle": 22.5, "axis": "z", "origin": [8.0117, 9.37011, 6.47629]},
			"faces": {
				"north": {"uv": [7.9375, 8.75, 7.875, 9.15625], "texture": "#10"},
				"east": {"uv": [4.40625, 0.375, 3.75, 0.78125], "texture": "#10"},
				"south": {"uv": [8.0625, 8.75, 8, 9.15625], "texture": "#10"},
				"west": {"uv": [1.65625, 3.625, 1, 4.03125], "texture": "#10"},
				"up": {"uv": [8.25, 7.15625, 8.3125, 6.5], "texture": "#10"},
				"down": {"uv": [7.25, 8.25, 7.3125, 8.90625], "texture": "#10"}
			}
		},
		{
			"from": [7.75957, 4.07537, 19.46102],
			"to": [8.26383, 5.20996, 24.12544],
			"rotation": {"angle": -22.5, "axis": "x", "origin": [5.99465, -4.74921, 6.47629]},
			"faces": {
				"north": {"uv": [5.5, 8.5, 5.375, 8.78125], "texture": "#10"},
				"east": {"uv": [3.90625, 0, 2.75, 0.28125], "texture": "#10"},
				"south": {"uv": [5.625, 8.5, 5.5, 8.78125], "texture": "#10"},
				"west": {"uv": [1.65625, 2.625, 0.5, 2.90625], "texture": "#10"},
				"up": {"uv": [0.75, 6.28125, 0.875, 5.125], "texture": "#10"},
				"down": {"uv": [0.875, 5.125, 1, 6.28125], "texture": "#10"}
			}
		},
		{
			"from": [7.6335, 3.82324, 20.34347],
			"to": [7.75957, 5.20996, 24.12544],
			"rotation": {"angle": -22.5, "axis": "x", "origin": [5.99465, -4.74921, 6.47629]},
			"faces": {
				"north": {"uv": [6.28125, 9.75, 6.25, 10.09375], "texture": "#10"},
				"east": {"uv": [3.6875, 1.875, 2.75, 2.21875], "texture": "#10"},
				"south": {"uv": [6.53125, 9.75, 6.5, 10.09375], "texture": "#10"},
				"west": {"uv": [3.6875, 1.5, 2.75, 1.84375], "texture": "#10"},
				"up": {"uv": [1.875, 9.6875, 1.90625, 8.75], "texture": "#10"},
				"down": {"uv": [2.25, 8.75, 2.28125, 9.6875], "texture": "#10"}
			}
		},
		{
			"from": [8.26383, 3.82324, 20.34347],
			"to": [8.3899, 5.20996, 24.12544],
			"rotation": {"angle": -22.5, "axis": "x", "origin": [5.99465, -4.74921, 6.47629]},
			"faces": {
				"north": {"uv": [5.90625, 9.75, 5.875, 10.09375], "texture": "#10"},
				"east": {"uv": [3.6875, 1.125, 2.75, 1.46875], "texture": "#10"},
				"south": {"uv": [6.03125, 9.75, 6, 10.09375], "texture": "#10"},
				"west": {"uv": [3.6875, 0.375, 2.75, 0.71875], "texture": "#10"},
				"up": {"uv": [1.25, 9.6875, 1.28125, 8.75], "texture": "#10"},
				"down": {"uv": [1.75, 8.75, 1.78125, 9.6875], "texture": "#10"}
			}
		},
		{
			"from": [-1.8214, 3.44504, 13.66151],
			"to": [-1.69533, 3.9493, 16.30888],
			"rotation": {"angle": -45, "axis": "z", "origin": [8.0117, -4.74921, 6.47629]},
			"faces": {
				"north": {"uv": [10.15625, 6.625, 10.125, 6.75], "texture": "#10"},
				"east": {"uv": [7.53125, 2.125, 6.875, 2.25], "texture": "#10"},
				"south": {"uv": [6.78125, 10.125, 6.75, 10.25], "texture": "#10"},
				"west": {"uv": [7.40625, 4.375, 6.75, 4.5], "texture": "#10"},
				"up": {"uv": [2.625, 9.90625, 2.65625, 9.25], "texture": "#10"},
				"down": {"uv": [9.25, 2.75, 9.28125, 3.40625], "texture": "#10"}
			}
		},
		{
			"from": [-1.69533, 3.44504, 13.66151],
			"to": [-0.43468, 3.69717, 16.30888],
			"rotation": {"angle": -45, "axis": "z", "origin": [8.0117, -4.74921, 6.47629]},
			"faces": {
				"north": {"uv": [9.5625, 6.375, 9.25, 6.4375], "texture": "#10"},
				"east": {"uv": [7.15625, 8.25, 6.5, 8.3125], "texture": "#10"},
				"south": {"uv": [9.5625, 6.5, 9.25, 6.5625], "texture": "#10"},
				"west": {"uv": [8.90625, 6.375, 8.25, 6.4375], "texture": "#10"},
				"up": {"uv": [4.5, 1.03125, 4.8125, 0.375], "texture": "#10"},
				"down": {"uv": [4.5, 1.125, 4.8125, 1.78125], "texture": "#10"}
			}
		},
		{
			"from": [-0.68681, 4.95782, 13.66151],
			"to": [-0.18255, 5.08389, 16.30888],
			"rotation": {"angle": -45, "axis": "z", "origin": [8.0117, -4.74921, 6.47629]},
			"faces": {
				"north": {"uv": [10.25, 6.5, 10.125, 6.53125], "texture": "#10"},
				"east": {"uv": [9.90625, 2.625, 9.25, 2.65625], "texture": "#10"},
				"south": {"uv": [6.75, 10.125, 6.625, 10.15625], "texture": "#10"},
				"west": {"uv": [9.90625, 2.5, 9.25, 2.53125], "texture": "#10"},
				"up": {"uv": [5.75, 7.40625, 5.875, 6.75], "texture": "#10"},
				"down": {"uv": [2.375, 6.875, 2.5, 7.53125], "texture": "#10"}
			}
		},
		{
			"from": [-1.69533, 3.82324, 15.04873],
			"to": [-0.68681, 4.95782, 15.80512],
			"rotation": {"angle": -45, "axis": "z", "origin": [8.0117, -4.74921, 6.47629]},
			"faces": {
				"north": {"uv": [5, 7.375, 4.75, 7.65625], "texture": "#10"},
				"east": {"uv": [1.9375, 8, 1.75, 8.28125], "texture": "#10"},
				"south": {"uv": [6.125, 7.375, 5.875, 7.65625], "texture": "#10"},
				"west": {"uv": [8.1875, 0.75, 8, 1.03125], "texture": "#10"},
				"up": {"uv": [8.125, 0.5625, 8.375, 0.375], "texture": "#10"},
				"down": {"uv": [1.125, 8.125, 1.375, 8.3125], "texture": "#10"}
			}
		},
		{
			"from": [-1.56927, 3.69717, 15.04823],
			"to": [-0.68681, 3.9493, 16.05675],
			"rotation": {"angle": -45, "axis": "z", "origin": [8.0117, -4.74921, 6.47629]},
			"faces": {
				"north": {"uv": [9.84375, 4.625, 9.625, 4.6875], "texture": "#10"},
				"east": {"uv": [9.75, 6.25, 9.5, 6.3125], "texture": "#10"},
				"south": {"uv": [9.84375, 4.75, 9.625, 4.8125], "texture": "#10"},
				"west": {"uv": [9.75, 5.875, 9.5, 5.9375], "texture": "#10"},
				"up": {"uv": [7.875, 0.75, 8.09375, 0.5], "texture": "#10"},
				"down": {"uv": [7.875, 1.5, 8.09375, 1.75], "texture": "#10"}
			}
		},
		{
			"from": [-0.68681, 3.69717, 15.04823],
			"to": [-0.43468, 4.83176, 16.05675],
			"rotation": {"angle": -45, "axis": "z", "origin": [8.0117, -4.74921, 6.47629]},
			"faces": {
				"north": {"uv": [5.9375, 9.375, 5.875, 9.65625], "texture": "#10"},
				"east": {"uv": [4.75, 7.375, 4.5, 7.65625], "texture": "#10"},
				"south": {"uv": [6.3125, 9.375, 6.25, 9.65625], "texture": "#10"},
				"west": {"uv": [4.375, 7.375, 4.125, 7.65625], "texture": "#10"},
				"up": {"uv": [6.875, 9.75, 6.9375, 9.5], "texture": "#10"},
				"down": {"uv": [9.5, 6.875, 9.5625, 7.125], "texture": "#10"}
			}
		},
		{
			"from": [-0.43468, 3.44504, 13.66151],
			"to": [-0.18255, 4.95782, 16.30888],
			"rotation": {"angle": -45, "axis": "z", "origin": [8.0117, -4.74921, 6.47629]},
			"faces": {
				"north": {"uv": [7.0625, 8.875, 7, 9.25], "texture": "#10"},
				"east": {"uv": [2.65625, 3.875, 2, 4.25], "texture": "#10"},
				"south": {"uv": [8.9375, 7.125, 8.875, 7.5], "texture": "#10"},
				"west": {"uv": [4.40625, 1.875, 3.75, 2.25], "texture": "#10"},
				"up": {"uv": [5.875, 8.90625, 5.9375, 8.25], "texture": "#10"},
				"down": {"uv": [6.25, 8.25, 6.3125, 8.90625], "texture": "#10"}
			}
		},
		{
			"from": [7.6335, 4.83176, 19.46102],
			"to": [8.3899, 5.20996, 20.34347],
			"rotation": {"angle": -22.5, "axis": "x", "origin": [5.99465, -4.74921, 6.47629]},
			"faces": {
				"north": {"uv": [5.3125, 9.375, 5.125, 9.46875], "texture": "#10"},
				"east": {"uv": [9.46875, 2.375, 9.25, 2.46875], "texture": "#10"},
				"south": {"uv": [9.5625, 6.125, 9.375, 6.21875], "texture": "#10"},
				"west": {"uv": [2.59375, 9.25, 2.375, 9.34375], "texture": "#10"},
				"up": {"uv": [8.25, 5.96875, 8.4375, 5.75], "texture": "#10"},
				"down": {"uv": [8.25, 6.125, 8.4375, 6.34375], "texture": "#10"}
			}
		},
		{
			"from": [7.6335, 5.20996, 18.45249],
			"to": [8.3899, 6.72274, 20.59561],
			"rotation": {"angle": -22.5, "axis": "x", "origin": [5.99465, -4.74921, 6.47629]},
			"faces": {
				"north": {"uv": [3.1875, 7.375, 3, 7.75], "texture": "#10"},
				"east": {"uv": [5.03125, 4.375, 4.5, 4.75], "texture": "#10"},
				"south": {"uv": [7.5625, 3.75, 7.375, 4.125], "texture": "#10"},
				"west": {"uv": [5.03125, 1.875, 4.5, 2.25], "texture": "#10"},
				"up": {"uv": [6.5, 4.40625, 6.6875, 3.875], "texture": "#10"},
				"down": {"uv": [5, 6.5, 5.1875, 7.03125], "texture": "#10"}
			}
		},
		{
			"from": [-1.4432, 3.82324, 7.8625],
			"to": [-0.56074, 4.70569, 9.87955],
			"rotation": {"angle": -45, "axis": "z", "origin": [8.0117, -4.74921, 6.47629]},
			"faces": {
				"north": {"uv": [8.21875, 3.75, 8, 3.96875], "texture": "#10"},
				"east": {"uv": [6.75, 5.25, 6.25, 5.46875], "texture": "#10"},
				"south": {"uv": [8.21875, 4.125, 8, 4.34375], "texture": "#10"},
				"west": {"uv": [6.5, 2, 6, 2.21875], "texture": "#10"},
				"up": {"uv": [3.5, 6.75, 3.71875, 6.25], "texture": "#10"},
				"down": {"uv": [0.75, 6.375, 0.96875, 6.875], "texture": "#10"}
			}
		},
		{
			"from": [-1.56927, 3.69717, 9.87955],
			"to": [-0.43468, 4.83176, 11.39233],
			"rotation": {"angle": -45, "axis": "z", "origin": [8.0117, -4.74921, 6.47629]},
			"faces": {
				"north": {"uv": [7.28125, 3.75, 7, 4.03125], "texture": "#10"},
				"east": {"uv": [6.875, 1.875, 6.5, 2.15625], "texture": "#10"},
				"south": {"uv": [4.28125, 7, 4, 7.28125], "texture": "#10"},
				"west": {"uv": [5.625, 6.375, 5.25, 6.65625], "texture": "#10"},
				"up": {"uv": [6.5, 2.75, 6.78125, 2.375], "texture": "#10"},
				"down": {"uv": [6.5, 2.75, 6.78125, 3.125], "texture": "#10"}
			}
		},
		{
			"from": [-1.69533, 3.57111, 11.39233],
			"to": [-0.30861, 4.95782, 13.66151],
			"rotation": {"angle": -45, "axis": "z", "origin": [8.0117, -4.74921, 6.47629]},
			"faces": {
				"north": {"uv": [6.34375, 0.375, 6, 0.71875], "texture": "#10"},
				"east": {"uv": [5.1875, 2.25, 4.625, 2.59375], "texture": "#10"},
				"south": {"uv": [6.34375, 1.625, 6, 1.96875], "texture": "#10"},
				"west": {"uv": [1.5625, 4.625, 1, 4.96875], "texture": "#10"},
				"up": {"uv": [4.625, 3.1875, 4.96875, 2.625], "texture": "#10"},
				"down": {"uv": [4.625, 3.75, 4.96875, 4.3125], "texture": "#10"}
			}
		},
		{
			"from": [7.57047, 4.57963, 16.30938],
			"to": [8.45293, 6.97487, 18.45249],
			"rotation": {"angle": -22.5, "axis": "x", "origin": [5.99465, -4.74921, 6.47629]},
			"faces": {
				"north": {"uv": [2.96875, 5.75, 2.75, 6.34375], "texture": "#10"},
				"east": {"uv": [3.28125, 2.875, 2.75, 3.46875], "texture": "#10"},
				"south": {"uv": [3.96875, 5.75, 3.75, 6.34375], "texture": "#10"},
				"west": {"uv": [3.28125, 2.25, 2.75, 2.84375], "texture": "#10"},
				"up": {"uv": [5.625, 6.65625, 5.84375, 6.125], "texture": "#10"},
				"down": {"uv": [0.5, 6.25, 0.71875, 6.78125], "texture": "#10"}
			}
		},
		{
			"from": [7.69654, 6.21848, 13.28381],
			"to": [8.32686, 7.35307, 14.67053],
			"rotation": {"angle": -22.5, "axis": "x", "origin": [5.99465, -4.74921, 6.47629]},
			"faces": {
				"north": {"uv": [3.65625, 8.125, 3.5, 8.40625], "texture": "#10"},
				"east": {"uv": [4.46875, 6.625, 4.125, 6.90625], "texture": "#10"},
				"south": {"uv": [3.90625, 8.125, 3.75, 8.40625], "texture": "#10"},
				"west": {"uv": [4.09375, 6.625, 3.75, 6.90625], "texture": "#10"},
				"up": {"uv": [7, 8.21875, 7.15625, 7.875], "texture": "#10"},
				"down": {"uv": [7.25, 7.875, 7.40625, 8.21875], "texture": "#10"}
			}
		},
		{
			"from": [7.69704, 8.00664, 3.21506],
			"to": [8.32636, 8.5109, 3.59325],
			"rotation": {"angle": 22.5, "axis": "x", "origin": [5.99465, -3.59137, 6.99702]},
			"faces": {
				"north": {"uv": [9.40625, 5.75, 9.25, 5.875], "texture": "#10"},
				"east": {"uv": [9.71875, 8.25, 9.625, 8.375], "texture": "#10"},
				"south": {"uv": [9.40625, 6.25, 9.25, 6.375], "texture": "#10"},
				"west": {"uv": [9.71875, 8.125, 9.625, 8.25], "texture": "#10"},
				"up": {"uv": [9.625, 2.09375, 9.78125, 2], "texture": "#10"},
				"down": {"uv": [9.625, 2.125, 9.78125, 2.21875], "texture": "#10"}
			}
		},
		{
			"from": [7.75907, 7.72943, 4.58231],
			"to": [8.26433, 8.36159, 7.863],
			"rotation": {"angle": 0, "axis": "y", "origin": [5.99465, -4.74921, 6.47629]},
			"faces": {
				"north": {"uv": [6.125, 9.25, 6, 9.40625], "texture": "#10"},
				"east": {"uv": [6.6875, 0.75, 5.875, 0.90625], "texture": "#10"},
				"south": {"uv": [9.375, 6, 9.25, 6.15625], "texture": "#10"},
				"west": {"uv": [6.4375, 3, 5.625, 3.15625], "texture": "#10"},
				"up": {"uv": [2.75, 7.1875, 2.875, 6.375], "texture": "#10"},
				"down": {"uv": [2.875, 6.375, 3, 7.1875], "texture": "#10"}
			}
		},
		{
			"from": [7.75957, 6.97487, 10.88857],
			"to": [8.26383, 7.6052, 12.77955],
			"rotation": {"angle": -22.5, "axis": "x", "origin": [5.99465, -4.74921, 6.47629]},
			"faces": {
				"north": {"uv": [5.75, 9.25, 5.625, 9.40625], "texture": "#10"},
				"east": {"uv": [7.71875, 6, 7.25, 6.15625], "texture": "#10"},
				"south": {"uv": [5.875, 9.25, 5.75, 9.40625], "texture": "#10"},
				"west": {"uv": [7.71875, 2.375, 7.25, 2.53125], "texture": "#10"},
				"up": {"uv": [0.75, 8.09375, 0.875, 7.625], "texture": "#10"},
				"down": {"uv": [1.375, 7.625, 1.5, 8.09375], "texture": "#10"}
			}
		},
		{
			"from": [7.75957, 7.50435, 9.50185],
			"to": [8.26383, 7.6052, 9.62792],
			"rotation": {"angle": -22.5, "axis": "x", "origin": [5.99465, -4.74921, 6.47629]},
			"faces": {
				"north": {"uv": [10.25, 6.25, 10.125, 6.28125], "texture": "#10"},
				"east": {"uv": [3.40625, 10.375, 3.375, 10.40625], "texture": "#10"},
				"south": {"uv": [6.5, 10.125, 6.375, 10.15625], "texture": "#10"},
				"west": {"uv": [10.40625, 3.25, 10.375, 3.28125], "texture": "#10"},
				"up": {"uv": [10.125, 6.40625, 10.25, 6.375], "texture": "#10"},
				"down": {"uv": [6.5, 10.125, 6.625, 10.15625], "texture": "#10"}
			}
		},
		{
			"from": [7.75957, 7.6052, 9.50185],
			"to": [8.26383, 8.10946, 13.53595],
			"rotation": {"angle": -22.5, "axis": "x", "origin": [5.99465, -4.74921, 6.47629]},
			"faces": {
				"north": {"uv": [8, 6.5, 7.875, 6.625], "texture": "#10"},
				"east": {"uv": [6.875, 1, 5.875, 1.125], "texture": "#10"},
				"south": {"uv": [8.125, 0.375, 8, 0.5], "texture": "#10"},
				"west": {"uv": [6.625, 2.25, 5.625, 2.375], "texture": "#10"},
				"up": {"uv": [5.875, 6.375, 6, 5.375], "texture": "#10"},
				"down": {"uv": [6, 3.25, 6.125, 4.25], "texture": "#10"}
			}
		},
		{
			"from": [7.76007, 7.62479, 2.16385],
			"to": [8.26333, 8.98629, 2.71854],
			"rotation": {"angle": 22.5, "axis": "x", "origin": [5.99516, -4.78004, 6.45007]},
			"faces": {
				"north": {"uv": [5.375, 8.125, 5.25, 8.46875], "texture": "#10"},
				"east": {"uv": [5.625, 8.125, 5.5, 8.46875], "texture": "#10"},
				"south": {"uv": [5.5, 8.125, 5.375, 8.46875], "texture": "#10"},
				"west": {"uv": [8.25, 5.25, 8.125, 5.59375], "texture": "#10"},
				"up": {"uv": [2.375, 7.75, 2.5, 7.625], "texture": "#10"},
				"down": {"uv": [7.75, 6.125, 7.875, 6.25], "texture": "#10"}
			}
		}
	],
	"display": {
		"head": {
			"rotation": [0, 180, 0]
		}
	}
}