{
	"credit": "Made with Blockbench",
	"textures": {
		"2": "animated_java:item/valk_aj/line",
		"3": "animated_java:item/valk_aj/main",
		"4": "animated_java:item/valk_aj/texture"
	},
	"elements": [
		{
			"from": [-5.93825, 1.98529, 14.47649],
			"to": [-5.14035, 2.78319, 14.47649],
			"rotation": {"angle": -45, "axis": "z", "origin": [8.025, -11.18006, 5.50171]},
			"faces": {
				"north": {"uv": [16, 16, 16, 16], "texture": "#3"},
				"east": {"uv": [0, 0, 0, 0.5], "texture": "#missing"},
				"south": {"uv": [9.5, 14, 7.5, 16], "texture": "#2"},
				"west": {"uv": [0, 0, 0, 0.125], "texture": "#missing"},
				"up": {"uv": [0, 0, 0.5, 0], "texture": "#missing"},
				"down": {"uv": [0, 0, 0.5, 0], "texture": "#missing"}
			}
		},
		{
			"from": [-6.73615, 1.38687, 12.48254],
			"to": [-4.54192, 3.58109, 12.68202],
			"rotation": {"angle": -45, "axis": "z", "origin": [8.025, -11.18006, 5.50171]},
			"faces": {
				"north": {"uv": [16, 16, 16, 16], "texture": "#3"},
				"east": {"uv": [6.5, 16, 7, 10.5], "rotation": 180, "texture": "#2"},
				"south": {"uv": [16, 16, 16, 16], "texture": "#3"},
				"west": {"uv": [6.5, 10.5, 7, 5], "rotation": 180, "texture": "#2"},
				"up": {"uv": [7, 5, 6.5, 10.5], "rotation": 270, "texture": "#2"},
				"down": {"uv": [7, 10.5, 6.5, 16], "rotation": 270, "texture": "#2"}
			}
		},
		{
			"from": [-6.3372, 1.58634, 14.87544],
			"to": [-4.7414, 3.18214, 14.87544],
			"rotation": {"angle": -45, "axis": "z", "origin": [8.025, -11.18006, 5.50171]},
			"faces": {
				"north": {"uv": [16, 16, 16, 16], "texture": "#3"},
				"east": {"uv": [0, 0, 0, 1], "texture": "#missing"},
				"south": {"uv": [15, 12, 11, 16], "texture": "#2"},
				"west": {"uv": [0, 0, 0, 0.25], "texture": "#missing"},
				"up": {"uv": [0, 0, 1, 0], "texture": "#missing"},
				"down": {"uv": [0, 0, 1, 0], "texture": "#missing"}
			}
		},
		{
			"from": [-6.3372, 1.78582, 9.49042],
			"to": [-4.94087, 3.18214, 9.68989],
			"rotation": {"angle": -45, "axis": "z", "origin": [8.025, -11.18006, 5.50171]},
			"faces": {
				"north": {"uv": [16, 16, 16, 16], "texture": "#3"},
				"east": {"uv": [5.5, 11, 6, 7.5], "rotation": 180, "texture": "#2"},
				"south": {"uv": [16, 16, 16, 16], "texture": "#3"},
				"west": {"uv": [5.5, 7.5, 6, 4], "rotation": 180, "texture": "#2"},
				"up": {"uv": [6, 4, 5.5, 7.5], "rotation": 270, "texture": "#2"},
				"down": {"uv": [6, 7.5, 5.5, 11], "rotation": 270, "texture": "#2"}
			}
		},
		{
			"from": [-6.53668, 1.58634, 10.68727],
			"to": [-4.7414, 3.38162, 10.88674],
			"rotation": {"angle": -45, "axis": "z", "origin": [8.025, -11.18006, 5.50171]},
			"faces": {
				"north": {"uv": [16, 16, 16, 16], "texture": "#3"},
				"east": {"uv": [6, 13.5, 6.5, 9], "rotation": 180, "texture": "#2"},
				"south": {"uv": [16, 16, 16, 16], "texture": "#3"},
				"west": {"uv": [6, 9, 6.5, 4.5], "rotation": 180, "texture": "#2"},
				"up": {"uv": [6.5, 4.5, 6, 9], "rotation": 270, "texture": "#2"},
				"down": {"uv": [6.5, 9, 6, 13.5], "rotation": 270, "texture": "#2"}
			}
		},
		{
			"from": [7.52711, 5.17689, 19.86391],
			"to": [8.52369, 5.97479, 20.06339],
			"rotation": {"angle": -22.5, "axis": "x", "origin": [-3.9435, -11.18006, 5.50171]},
			"faces": {
				"north": {"uv": [16, 16, 16, 16], "texture": "#3"},
				"east": {"uv": [6.5, 4.5, 7, 2.5], "rotation": 180, "texture": "#2"},
				"south": {"uv": [16, 16, 16, 16], "texture": "#3"},
				"west": {"uv": [6.5, 4.5, 7, 2.5], "rotation": 180, "texture": "#2"},
				"up": {"uv": [7, 0, 6.5, 2.5], "rotation": 270, "texture": "#2"},
				"down": {"uv": [16, 16, 16, 16], "texture": "#3"}
			}
		},
		{
			"from": [8.22448, 8.16902, 9.49121],
			"to": [8.22448, 8.76744, 9.69069],
			"rotation": {"angle": 22.5, "axis": "z", "origin": [8.025, 9.56534, 5.50171]},
			"faces": {
				"north": {"uv": [0, 0, 0, 0.09375], "texture": "#missing"},
				"east": {"uv": [5.5, 6, 6, 4.5], "rotation": 180, "texture": "#2"},
				"south": {"uv": [0, 0, 0, 0.09375], "texture": "#missing"},
				"west": {"uv": [16, 16, 16, 16], "texture": "#3"},
				"up": {"uv": [0, 0.125, 0, 0], "texture": "#missing"},
				"down": {"uv": [0, 0, 0, 0.125], "texture": "#missing"}
			}
		},
		{
			"from": [7.82553, 8.16902, 9.49121],
			"to": [7.82553, 8.76744, 9.69069],
			"rotation": {"angle": -22.5, "axis": "z", "origin": [8.025, 9.56534, 5.50171]},
			"faces": {
				"north": {"uv": [0, 0, 0, 0.09375], "texture": "#missing"},
				"east": {"uv": [16, 16, 16, 16], "texture": "#3"},
				"south": {"uv": [0, 0, 0, 0.375], "texture": "#missing"},
				"west": {"uv": [5.5, 6, 6, 4.5], "rotation": 180, "texture": "#2"},
				"up": {"uv": [0, 0.03125, 0, 0], "texture": "#missing"},
				"down": {"uv": [0, 0, 0, 0.03125], "texture": "#missing"}
			}
		},
		{
			"from": [7.62605, 8.16902, 10.68806],
			"to": [7.62605, 8.96692, 10.88754],
			"rotation": {"angle": -22.5, "axis": "z", "origin": [8.025, 9.56534, 5.50171]},
			"faces": {
				"north": {"uv": [0, 0, 0, 0.5], "texture": "#missing"},
				"east": {"uv": [16, 16, 16, 16], "texture": "#3"},
				"south": {"uv": [0, 0, 0, 0.5], "texture": "#missing"},
				"west": {"uv": [6, 7, 6.5, 5], "rotation": 180, "texture": "#2"},
				"up": {"uv": [0, 0.03125, 0, 0], "texture": "#missing"},
				"down": {"uv": [0, 0, 0, 0.03125], "texture": "#missing"}
			}
		},
		{
			"from": [8.42395, 8.16902, 10.68806],
			"to": [8.42395, 8.96692, 10.88754],
			"rotation": {"angle": 22.5, "axis": "z", "origin": [8.025, 9.56534, 5.50171]},
			"faces": {
				"north": {"uv": [0, 0, 0, 0.5], "texture": "#missing"},
				"east": {"uv": [6, 7, 6.5, 5], "rotation": 180, "texture": "#2"},
				"south": {"uv": [0, 0, 0, 0.125], "texture": "#missing"},
				"west": {"uv": [16, 16, 16, 16], "texture": "#3"},
				"up": {"uv": [0, 0.125, 0, 0], "texture": "#missing"},
				"down": {"uv": [0, 0, 0, 0.125], "texture": "#missing"}
			}
		},
		{
			"from": [8.025, 7.96954, 14.47809],
			"to": [8.22448, 8.36849, 14.47809],
			"rotation": {"angle": -22.5, "axis": "z", "origin": [8.025, 9.56534, 5.50171]},
			"faces": {
				"north": {"uv": [16, 16, 16, 16], "texture": "#3"},
				"east": {"uv": [0, 0, 0, 0.25], "texture": "#missing"},
				"south": {"uv": [7.5, 13.5, 8.5, 14], "rotation": 270, "texture": "#2"},
				"west": {"uv": [0, 0, 0, 0.0625], "texture": "#missing"},
				"up": {"uv": [0, 0, 0.125, 0], "texture": "#missing"},
				"down": {"uv": [0, 0, 0.125, 0], "texture": "#missing"}
			}
		},
		{
			"from": [7.62605, 7.77007, 14.87704],
			"to": [7.82553, 8.36849, 14.87704],
			"rotation": {"angle": -22.5, "axis": "z", "origin": [8.025, 9.56534, 5.50171]},
			"faces": {
				"north": {"uv": [16, 16, 16, 16], "texture": "#3"},
				"east": {"uv": [0, 0, 0, 0.375], "texture": "#missing"},
				"south": {"uv": [11, 11.5, 12.5, 12], "rotation": 270, "texture": "#2"},
				"west": {"uv": [0, 0, 0, 0.09375], "texture": "#missing"},
				"up": {"uv": [0, 0, 0.125, 0], "texture": "#missing"},
				"down": {"uv": [0, 0, 0.125, 0], "texture": "#missing"}
			}
		},
		{
			"from": [7.42658, 8.16902, 12.48334],
			"to": [7.42658, 9.76482, 12.68281],
			"rotation": {"angle": -22.5, "axis": "z", "origin": [8.025, 9.56534, 5.50171]},
			"faces": {
				"north": {"uv": [0, 0, 0, 1], "texture": "#missing"},
				"east": {"uv": [16, 16, 16, 16], "texture": "#3"},
				"south": {"uv": [0, 0, 0, 1], "texture": "#missing"},
				"west": {"uv": [6.5, 8.5, 7, 4.5], "rotation": 180, "texture": "#2"},
				"up": {"uv": [0, 0.03125, 0, 0], "texture": "#missing"},
				"down": {"uv": [0, 0, 0, 0.03125], "texture": "#missing"}
			}
		},
		{
			"from": [7.82553, 7.96954, 14.47809],
			"to": [8.025, 8.36849, 14.47809],
			"rotation": {"angle": 22.5, "axis": "z", "origin": [8.025, 9.56534, 5.50171]},
			"faces": {
				"north": {"uv": [16, 16, 16, 16], "texture": "#3"},
				"east": {"uv": [0, 0, 0, 0.25], "texture": "#missing"},
				"south": {"uv": [7.5, 13.5, 8.5, 14], "rotation": 270, "texture": "#2"},
				"west": {"uv": [0, 0, 0, 0.0625], "texture": "#missing"},
				"up": {"uv": [0, 0, 0.125, 0], "texture": "#missing"},
				"down": {"uv": [0, 0, 0.125, 0], "texture": "#missing"}
			}
		},
		{
			"from": [8.22448, 7.77007, 14.87704],
			"to": [8.42395, 8.36849, 14.87704],
			"rotation": {"angle": 22.5, "axis": "z", "origin": [8.025, 9.56534, 5.50171]},
			"faces": {
				"north": {"uv": [16, 16, 16, 16], "texture": "#3"},
				"east": {"uv": [0, 0, 0, 0.375], "texture": "#missing"},
				"south": {"uv": [11, 11.5, 12.5, 12], "rotation": 270, "texture": "#2"},
				"west": {"uv": [0, 0, 0, 0.09375], "texture": "#missing"},
				"up": {"uv": [0, 0, 0.125, 0], "texture": "#missing"},
				"down": {"uv": [0, 0, 0.125, 0], "texture": "#missing"}
			}
		},
		{
			"from": [8.62343, 8.16902, 12.48334],
			"to": [8.62343, 9.76482, 12.68281],
			"rotation": {"angle": 22.5, "axis": "z", "origin": [8.025, 9.56534, 5.50171]},
			"faces": {
				"north": {"uv": [0, 0, 0, 0.25], "texture": "#missing"},
				"east": {"uv": [6.5, 8.5, 7, 4.5], "rotation": 180, "texture": "#2"},
				"south": {"uv": [0, 0, 0, 0.25], "texture": "#missing"},
				"west": {"uv": [16, 16, 16, 16], "texture": "#3"},
				"up": {"uv": [0, 0.125, 0, 0], "texture": "#missing"},
				"down": {"uv": [0, 0, 0, 0.125], "texture": "#missing"}
			}
		},
		{
			"from": [7.42737, 5.37637, 18.06864],
			"to": [8.62343, 6.17427, 18.26811],
			"rotation": {"angle": -22.5, "axis": "x", "origin": [-3.9435, -11.18006, 5.50171]},
			"faces": {
				"north": {"uv": [16, 16, 16, 16], "texture": "#3"},
				"east": {"uv": [6, 5, 6.5, 3], "rotation": 180, "texture": "#2"},
				"south": {"uv": [16, 16, 16, 16], "texture": "#3"},
				"west": {"uv": [6, 5, 6.5, 3], "rotation": 180, "texture": "#2"},
				"up": {"uv": [6.5, 0, 6, 3], "rotation": 270, "texture": "#2"},
				"down": {"uv": [16, 16, 16, 16], "texture": "#3"}
			}
		},
		{
			"from": [7.52711, 5.57584, 16.87179],
			"to": [8.52369, 6.37374, 17.07126],
			"rotation": {"angle": -22.5, "axis": "x", "origin": [-3.9435, -11.18006, 5.50171]},
			"faces": {
				"north": {"uv": [16, 16, 16, 16], "texture": "#3"},
				"east": {"uv": [5.5, 4.5, 6, 2.5], "rotation": 180, "texture": "#2"},
				"south": {"uv": [16, 16, 16, 16], "texture": "#3"},
				"west": {"uv": [5.5, 4.5, 6, 2.5], "rotation": 180, "texture": "#2"},
				"up": {"uv": [6, 0, 5.5, 2.5], "rotation": 270, "texture": "#2"},
				"down": {"uv": [16, 16, 16, 16], "texture": "#3"}
			}
		},
		{
			"from": [-5.33983, 3.18214, 12.48254],
			"to": [-4.54192, 3.58109, 14.87624],
			"rotation": {"angle": -45, "axis": "z", "origin": [8.025, -11.18006, 5.50171]},
			"faces": {
				"north": {"uv": [10.125, 1.625, 10, 1.6875], "texture": "#4"},
				"east": {"uv": [9.5, 3.75, 9.125, 3.8125], "texture": "#4"},
				"south": {"uv": [10.125, 1.75, 10, 1.8125], "texture": "#4"},
				"west": {"uv": [4.125, 9.125, 3.75, 9.1875], "texture": "#4"},
				"up": {"uv": [4.75, 0.375, 4.875, 0], "texture": "#4"},
				"down": {"uv": [5.125, 1.875, 5.25, 2.25], "texture": "#4"}
			}
		},
		{
			"from": [-6.13773, 1.78582, 13.67939],
			"to": [-5.33983, 2.18477, 14.47729],
			"rotation": {"angle": -45, "axis": "z", "origin": [8.025, -11.18006, 5.50171]},
			"faces": {
				"north": {"uv": [10.125, 1.125, 10, 1.1875], "texture": "#4"},
				"east": {"uv": [10.125, 1.5, 10, 1.5625], "texture": "#4"},
				"south": {"uv": [1.625, 10, 1.5, 10.0625], "texture": "#4"},
				"west": {"uv": [1.5, 10, 1.375, 10.0625], "texture": "#4"},
				"up": {"uv": [8, 9.625, 8.125, 9.5], "texture": "#4"},
				"down": {"uv": [9.5, 8, 9.625, 8.125], "texture": "#4"}
			}
		},
		{
			"from": [-6.13773, 2.18477, 13.28124],
			"to": [-5.33983, 2.98267, 14.07914],
			"rotation": {"angle": -45, "axis": "z", "origin": [8.025, -11.18006, 5.50171]},
			"faces": {
				"north": {"uv": [9.625, 7.5, 9.5, 7.625], "texture": "#4"},
				"east": {"uv": [9.625, 7.75, 9.5, 7.875], "texture": "#4"},
				"south": {"uv": [7.875, 9.5, 7.75, 9.625], "texture": "#4"},
				"west": {"uv": [9.625, 7.625, 9.5, 7.75], "texture": "#4"},
				"up": {"uv": [7.875, 9.625, 8, 9.5], "texture": "#4"},
				"down": {"uv": [9.5, 7.875, 9.625, 8], "texture": "#4"}
			}
		},
		{
			"from": [-5.33983, 1.78582, 13.67939],
			"to": [-4.94087, 3.18214, 14.47729],
			"rotation": {"angle": -45, "axis": "z", "origin": [8.025, -11.18006, 5.50171]},
			"faces": {
				"north": {"uv": [5.6875, 9.625, 5.625, 9.84375], "texture": "#4"},
				"east": {"uv": [6.25, 4.75, 6.125, 4.96875], "texture": "#4"},
				"south": {"uv": [6.1875, 9.625, 6.125, 9.84375], "texture": "#4"},
				"west": {"uv": [6, 3.25, 5.875, 3.46875], "texture": "#4"},
				"up": {"uv": [10, 1, 10.0625, 0.875], "texture": "#4"},
				"down": {"uv": [10, 1, 10.0625, 1.125], "texture": "#4"}
			}
		},
		{
			"from": [-4.94087, 1.38687, 12.48254],
			"to": [-4.54192, 3.18214, 14.87624],
			"rotation": {"angle": -45, "axis": "z", "origin": [8.025, -11.18006, 5.50171]},
			"faces": {
				"north": {"uv": [9.5625, 2, 9.5, 2.28125], "texture": "#4"},
				"east": {"uv": [6.875, 3.5, 6.5, 3.78125], "texture": "#4"},
				"south": {"uv": [2.1875, 9.5, 2.125, 9.78125], "texture": "#4"},
				"west": {"uv": [6.875, 3.125, 6.5, 3.40625], "texture": "#4"},
				"up": {"uv": [3.5, 9.5, 3.5625, 9.125], "texture": "#4"},
				"down": {"uv": [3.625, 9.125, 3.6875, 9.5], "texture": "#4"}
			}
		},
		{
			"from": [-6.73615, 1.38687, 12.48254],
			"to": [-6.3372, 2.18477, 14.87624],
			"rotation": {"angle": -45, "axis": "z", "origin": [8.025, -11.18006, 5.50171]},
			"faces": {
				"north": {"uv": [10.0625, 0.75, 10, 0.875], "texture": "#4"},
				"east": {"uv": [8.375, 6, 8, 6.125], "texture": "#4"},
				"south": {"uv": [0.9375, 10, 0.875, 10.125], "texture": "#4"},
				"west": {"uv": [8.375, 3.375, 8, 3.5], "texture": "#4"},
				"up": {"uv": [3.25, 9.5, 3.3125, 9.125], "texture": "#4"},
				"down": {"uv": [9.125, 3.375, 9.1875, 3.75], "texture": "#4"}
			}
		},
		{
			"from": [-6.3372, 1.38687, 12.48254],
			"to": [-4.94087, 1.78582, 14.87624],
			"rotation": {"angle": -45, "axis": "z", "origin": [8.025, -11.18006, 5.50171]},
			"faces": {
				"north": {"uv": [9.84375, 6.125, 9.625, 6.1875], "texture": "#4"},
				"east": {"uv": [9.5, 1.375, 9.125, 1.4375], "texture": "#4"},
				"south": {"uv": [9.84375, 6.375, 9.625, 6.4375], "texture": "#4"},
				"west": {"uv": [9.5, 0.875, 9.125, 0.9375], "texture": "#4"},
				"up": {"uv": [7, 0.375, 7.21875, 0], "texture": "#4"},
				"down": {"uv": [0.25, 7, 0.46875, 7.375], "texture": "#4"}
			}
		},
		{
			"from": [-6.13773, 1.98529, 7.89462],
			"to": [-5.14035, 2.98267, 9.49042],
			"rotation": {"angle": -45, "axis": "z", "origin": [8.025, -11.18006, 5.50171]},
			"faces": {
				"north": {"uv": [9.03125, 3.375, 8.875, 3.53125], "texture": "#4"},
				"east": {"uv": [6.75, 8.375, 6.5, 8.53125], "texture": "#4"},
				"south": {"uv": [9.03125, 3.625, 8.875, 3.78125], "texture": "#4"},
				"west": {"uv": [8.625, 4.875, 8.375, 5.03125], "texture": "#4"},
				"up": {"uv": [8.375, 6.75, 8.53125, 6.5], "texture": "#4"},
				"down": {"uv": [6.75, 8.375, 6.90625, 8.625], "texture": "#4"}
			}
		},
		{
			"from": [-6.3372, 1.78582, 9.49042],
			"to": [-4.94087, 3.18214, 10.68727],
			"rotation": {"angle": -45, "axis": "z", "origin": [8.025, -11.18006, 5.50171]},
			"faces": {
				"north": {"uv": [7.71875, 8, 7.5, 8.21875], "texture": "#4"},
				"east": {"uv": [8.4375, 8.25, 8.25, 8.46875], "texture": "#4"},
				"south": {"uv": [8.21875, 7.625, 8, 7.84375], "texture": "#4"},
				"west": {"uv": [8.4375, 8, 8.25, 8.21875], "texture": "#4"},
				"up": {"uv": [0, 8.5625, 0.21875, 8.375], "texture": "#4"},
				"down": {"uv": [8.375, 0, 8.59375, 0.1875], "texture": "#4"}
			}
		},
		{
			"from": [-6.53668, 1.58634, 10.68727],
			"to": [-4.7414, 3.38162, 12.48254],
			"rotation": {"angle": -45, "axis": "z", "origin": [8.025, -11.18006, 5.50171]},
			"faces": {
				"north": {"uv": [7.28125, 6.875, 7, 7.15625], "texture": "#4"},
				"east": {"uv": [7.40625, 2.75, 7.125, 3.03125], "texture": "#4"},
				"south": {"uv": [7.40625, 1.5, 7.125, 1.78125], "texture": "#4"},
				"west": {"uv": [7.40625, 0.375, 7.125, 0.65625], "texture": "#4"},
				"up": {"uv": [7.125, 3.40625, 7.40625, 3.125], "texture": "#4"},
				"down": {"uv": [7.125, 4.5, 7.40625, 4.78125], "texture": "#4"}
			}
		},
		{
			"from": [7.52551, 9.20955, 14.23298],
			"to": [8.52449, 11.00483, 21.01513],
			"rotation": {"angle": 0, "axis": "y", "origin": [-3.9443, -11.1369, 5.45608]},
			"faces": {
				"north": {"uv": [4.40625, 8.125, 4.25, 8.40625], "texture": "#4"},
				"east": {"uv": [4.1875, 3.5, 3.125, 3.78125], "texture": "#4"},
				"south": {"uv": [8.28125, 4.375, 8.125, 4.65625], "texture": "#4"},
				"west": {"uv": [3.0625, 3.5, 2, 3.78125], "texture": "#4"},
				"up": {"uv": [0, 6.0625, 0.15625, 5], "texture": "#4"},
				"down": {"uv": [0.5, 5.125, 0.65625, 6.1875], "texture": "#4"}
			}
		},
		{
			"from": [8.32421, 3.38162, 21.26024],
			"to": [8.52369, 4.17952, 23.65394],
			"rotation": {"angle": -22.5, "axis": "x", "origin": [-3.9435, -11.18006, 5.50171]},
			"faces": {
				"north": {"uv": [7.53125, 10.125, 7.5, 10.25], "texture": "#4"},
				"east": {"uv": [8.375, 2.625, 8, 2.75], "texture": "#4"},
				"south": {"uv": [10.15625, 7.5, 10.125, 7.625], "texture": "#4"},
				"west": {"uv": [7.625, 6.25, 7.25, 6.375], "texture": "#4"},
				"up": {"uv": [1.75, 10.125, 1.78125, 9.75], "texture": "#4"},
				"down": {"uv": [1.875, 9.75, 1.90625, 10.125], "texture": "#4"}
			}
		},
		{
			"from": [7.52631, 3.38162, 21.26024],
			"to": [7.72579, 4.17952, 23.65394],
			"rotation": {"angle": -22.5, "axis": "x", "origin": [-3.9435, -11.18006, 5.50171]},
			"faces": {
				"north": {"uv": [7.40625, 10.125, 7.375, 10.25], "texture": "#4"},
				"east": {"uv": [6.25, 1.125, 5.875, 1.25], "texture": "#4"},
				"south": {"uv": [10.15625, 7.375, 10.125, 7.5], "texture": "#4"},
				"west": {"uv": [4.625, 3.75, 4.25, 3.875], "texture": "#4"},
				"up": {"uv": [1, 10.125, 1.03125, 9.75], "texture": "#4"},
				"down": {"uv": [1.25, 9.75, 1.28125, 10.125], "texture": "#4"}
			}
		},
		{
			"from": [7.72579, 3.78057, 20.66181],
			"to": [8.32421, 4.17952, 23.65394],
			"rotation": {"angle": -22.5, "axis": "x", "origin": [-3.9435, -11.18006, 5.50171]},
			"faces": {
				"north": {"uv": [8.59375, 10, 8.5, 10.0625], "texture": "#4"},
				"east": {"uv": [9.21875, 0.5, 8.75, 0.5625], "texture": "#4"},
				"south": {"uv": [8.71875, 10, 8.625, 10.0625], "texture": "#4"},
				"west": {"uv": [9.09375, 7.75, 8.625, 7.8125], "texture": "#4"},
				"up": {"uv": [3.25, 8.59375, 3.34375, 8.125], "texture": "#4"},
				"down": {"uv": [4.125, 8.125, 4.21875, 8.59375], "texture": "#4"}
			}
		},
		{
			"from": [7.52631, 4.37899, 19.86391],
			"to": [8.52369, 5.97479, 22.05814],
			"rotation": {"angle": -22.5, "axis": "x", "origin": [-3.9435, -11.18006, 5.50171]},
			"faces": {
				"north": {"uv": [8.53125, 4.125, 8.375, 4.375], "texture": "#4"},
				"east": {"uv": [7.09375, 6.375, 6.75, 6.625], "texture": "#4"},
				"south": {"uv": [8.53125, 4.375, 8.375, 4.625], "texture": "#4"},
				"west": {"uv": [7.09375, 5.25, 6.75, 5.5], "texture": "#4"},
				"up": {"uv": [7.75, 8.21875, 7.90625, 7.875], "texture": "#4"},
				"down": {"uv": [8, 0, 8.15625, 0.34375], "texture": "#4"}
			}
		},
		{
			"from": [7.82553, 7.96954, 7.89541],
			"to": [8.025, 8.96692, 9.49121],
			"rotation": {"angle": 22.5, "axis": "z", "origin": [8.025, 9.56534, 5.50171]},
			"faces": {
				"north": {"uv": [2.78125, 10.125, 2.75, 10.28125], "texture": "#4"},
				"east": {"uv": [8.625, 3.875, 8.375, 4.03125], "texture": "#4"},
				"south": {"uv": [2.90625, 10.125, 2.875, 10.28125], "texture": "#4"},
				"west": {"uv": [8.625, 3.625, 8.375, 3.78125], "texture": "#4"},
				"up": {"uv": [10, 0.75, 10.03125, 0.5], "texture": "#4"},
				"down": {"uv": [0.625, 10, 0.65625, 10.25], "texture": "#4"}
			}
		},
		{
			"from": [8.025, 7.96954, 9.49121],
			"to": [8.22448, 9.16639, 10.68806],
			"rotation": {"angle": 22.5, "axis": "z", "origin": [8.025, 9.56534, 5.50171]},
			"faces": {
				"north": {"uv": [8.15625, 10, 8.125, 10.1875], "texture": "#4"},
				"east": {"uv": [7.6875, 8.5, 7.5, 8.6875], "texture": "#4"},
				"south": {"uv": [8.28125, 10, 8.25, 10.1875], "texture": "#4"},
				"west": {"uv": [8.6875, 7.25, 8.5, 7.4375], "texture": "#4"},
				"up": {"uv": [10, 8.4375, 10.03125, 8.25], "texture": "#4"},
				"down": {"uv": [8.375, 10, 8.40625, 10.1875], "texture": "#4"}
			}
		},
		{
			"from": [8.025, 7.96954, 7.89541],
			"to": [8.22448, 8.96692, 9.49121],
			"rotation": {"angle": -22.5, "axis": "z", "origin": [8.025, 9.56534, 5.50171]},
			"faces": {
				"north": {"uv": [2.40625, 10.125, 2.375, 10.28125], "texture": "#4"},
				"east": {"uv": [8.625, 3.25, 8.375, 3.40625], "texture": "#4"},
				"south": {"uv": [2.65625, 10.125, 2.625, 10.28125], "texture": "#4"},
				"west": {"uv": [8.625, 3, 8.375, 3.15625], "texture": "#4"},
				"up": {"uv": [0.375, 10.25, 0.40625, 10], "texture": "#4"},
				"down": {"uv": [0.5, 10, 0.53125, 10.25], "texture": "#4"}
			}
		},
		{
			"from": [7.82553, 7.96954, 9.49121],
			"to": [8.025, 9.16639, 10.68806],
			"rotation": {"angle": -22.5, "axis": "z", "origin": [8.025, 9.56534, 5.50171]},
			"faces": {
				"north": {"uv": [10.03125, 7.75, 10, 7.9375], "texture": "#4"},
				"east": {"uv": [8.6875, 7, 8.5, 7.1875], "texture": "#4"},
				"south": {"uv": [7.90625, 10, 7.875, 10.1875], "texture": "#4"},
				"west": {"uv": [8.6875, 6.75, 8.5, 6.9375], "texture": "#4"},
				"up": {"uv": [8, 10.1875, 8.03125, 10], "texture": "#4"},
				"down": {"uv": [10, 8, 10.03125, 8.1875], "texture": "#4"}
			}
		},
		{
			"from": [7.62605, 7.77007, 10.68806],
			"to": [7.82553, 9.16639, 12.48334],
			"rotation": {"angle": -22.5, "axis": "z", "origin": [8.025, 9.56534, 5.50171]},
			"faces": {
				"north": {"uv": [3.90625, 10, 3.875, 10.21875], "texture": "#4"},
				"east": {"uv": [7.90625, 3.75, 7.625, 3.96875], "texture": "#4"},
				"south": {"uv": [10.03125, 3.875, 10, 4.09375], "texture": "#4"},
				"west": {"uv": [4.03125, 7.625, 3.75, 7.84375], "texture": "#4"},
				"up": {"uv": [9.875, 3.78125, 9.90625, 3.5], "texture": "#4"},
				"down": {"uv": [3.625, 9.875, 3.65625, 10.15625], "texture": "#4"}
			}
		},
		{
			"from": [8.22448, 7.77007, 10.68806],
			"to": [8.42395, 9.16639, 12.48334],
			"rotation": {"angle": 22.5, "axis": "z", "origin": [8.025, 9.56534, 5.50171]},
			"faces": {
				"north": {"uv": [10.03125, 3.625, 10, 3.84375], "texture": "#4"},
				"east": {"uv": [7.90625, 2, 7.625, 2.21875], "texture": "#4"},
				"south": {"uv": [3.78125, 10, 3.75, 10.21875], "texture": "#4"},
				"west": {"uv": [0.65625, 7.625, 0.375, 7.84375], "texture": "#4"},
				"up": {"uv": [3.375, 10.15625, 3.40625, 9.875], "texture": "#4"},
				"down": {"uv": [3.5, 9.875, 3.53125, 10.15625], "texture": "#4"}
			}
		},
		{
			"from": [7.82553, 7.77007, 13.28124],
			"to": [8.22448, 9.76482, 14.47809],
			"rotation": {"angle": -22.5, "axis": "z", "origin": [8.025, 9.56534, 5.50171]},
			"faces": {
				"north": {"uv": [8.5625, 9.25, 8.5, 9.5625], "texture": "#4"},
				"east": {"uv": [4.6875, 7.75, 4.5, 8.0625], "texture": "#4"},
				"south": {"uv": [9.3125, 8.5, 9.25, 8.8125], "texture": "#4"},
				"west": {"uv": [4.3125, 7.75, 4.125, 8.0625], "texture": "#4"},
				"up": {"uv": [0.875, 9.9375, 0.9375, 9.75], "texture": "#4"},
				"down": {"uv": [9.75, 0.875, 9.8125, 1.0625], "texture": "#4"}
			}
		},
		{
			"from": [7.42658, 7.77007, 12.48334],
			"to": [7.82553, 9.76482, 14.87704],
			"rotation": {"angle": -22.5, "axis": "z", "origin": [8.025, 9.56534, 5.50171]},
			"faces": {
				"north": {"uv": [8.3125, 9.25, 8.25, 9.5625], "texture": "#4"},
				"east": {"uv": [1.75, 6.25, 1.375, 6.5625], "texture": "#4"},
				"south": {"uv": [8.4375, 9.25, 8.375, 9.5625], "texture": "#4"},
				"west": {"uv": [6.625, 1.125, 6.25, 1.4375], "texture": "#4"},
				"up": {"uv": [9.125, 3.375, 9.1875, 3], "texture": "#4"},
				"down": {"uv": [3.125, 9.125, 3.1875, 9.5], "texture": "#4"}
			}
		},
		{
			"from": [7.82553, 7.77007, 13.87966],
			"to": [8.22448, 9.36587, 14.47809],
			"rotation": {"angle": 22.5, "axis": "z", "origin": [8.025, 9.56534, 5.50171]},
			"faces": {
				"north": {"uv": [9.5625, 7.25, 9.5, 7.5], "texture": "#4"},
				"east": {"uv": [2.84375, 9.125, 2.75, 9.375], "texture": "#4"},
				"south": {"uv": [7.5625, 9.5, 7.5, 9.75], "texture": "#4"},
				"west": {"uv": [9.21875, 1.625, 9.125, 1.875], "texture": "#4"},
				"up": {"uv": [10, 7.71875, 10.0625, 7.625], "texture": "#4"},
				"down": {"uv": [7.75, 10, 7.8125, 10.09375], "texture": "#4"}
			}
		},
		{
			"from": [8.22448, 7.77007, 12.48334],
			"to": [8.62343, 9.76482, 14.87704],
			"rotation": {"angle": 22.5, "axis": "z", "origin": [8.025, 9.56534, 5.50171]},
			"faces": {
				"north": {"uv": [8.1875, 9.25, 8.125, 9.5625], "texture": "#4"},
				"east": {"uv": [1.375, 6.25, 1, 6.5625], "texture": "#4"},
				"south": {"uv": [9.3125, 8.125, 9.25, 8.4375], "texture": "#4"},
				"west": {"uv": [6.625, 0, 6.25, 0.3125], "texture": "#4"},
				"up": {"uv": [9.125, 2.625, 9.1875, 2.25], "texture": "#4"},
				"down": {"uv": [9.125, 2.625, 9.1875, 3], "texture": "#4"}
			}
		},
		{
			"from": [7.42658, 4.57847, 18.06864],
			"to": [8.62343, 6.17427, 19.86391],
			"rotation": {"angle": -22.5, "axis": "x", "origin": [-3.9435, -11.18006, 5.50171]},
			"faces": {
				"north": {"uv": [1.6875, 8.125, 1.5, 8.375], "texture": "#4"},
				"east": {"uv": [7.78125, 2.75, 7.5, 3], "texture": "#4"},
				"south": {"uv": [8.3125, 1.5, 8.125, 1.75], "texture": "#4"},
				"west": {"uv": [7.78125, 1.75, 7.5, 2], "texture": "#4"},
				"up": {"uv": [8, 3.28125, 8.1875, 3], "texture": "#4"},
				"down": {"uv": [8, 4.875, 8.1875, 5.15625], "texture": "#4"}
			}
		},
		{
			"from": [7.62685, 7.45471, 1.04155],
			"to": [8.42315, 8.25261, 1.63997],
			"rotation": {"angle": 22.5, "axis": "x", "origin": [-3.9435, -9.50067, 7.0258]},
			"faces": {
				"north": {"uv": [7.25, 9.5, 7.125, 9.625], "texture": "#4"},
				"east": {"uv": [9.84375, 0.5, 9.75, 0.625], "texture": "#4"},
				"south": {"uv": [9.625, 7.125, 9.5, 7.25], "texture": "#4"},
				"west": {"uv": [0.59375, 9.75, 0.5, 9.875], "texture": "#4"},
				"up": {"uv": [0.625, 9.84375, 0.75, 9.75], "texture": "#4"},
				"down": {"uv": [0.75, 9.75, 0.875, 9.84375], "texture": "#4"}
			}
		},
		{
			"from": [7.62605, 5.57584, 15.87441],
			"to": [8.42395, 6.57322, 16.87179],
			"rotation": {"angle": -22.5, "axis": "x", "origin": [-3.9435, -11.18006, 5.50171]},
			"faces": {
				"north": {"uv": [7.875, 9.25, 7.75, 9.40625], "texture": "#4"},
				"east": {"uv": [9.03125, 3.125, 8.875, 3.28125], "texture": "#4"},
				"south": {"uv": [8, 9.25, 7.875, 9.40625], "texture": "#4"},
				"west": {"uv": [9.03125, 2.875, 8.875, 3.03125], "texture": "#4"},
				"up": {"uv": [9.25, 8.03125, 9.375, 7.875], "texture": "#4"},
				"down": {"uv": [8, 9.25, 8.125, 9.40625], "texture": "#4"}
			}
		},
		{
			"from": [7.52631, 4.97742, 16.87179],
			"to": [8.52369, 6.37374, 18.06864],
			"rotation": {"angle": -22.5, "axis": "x", "origin": [-3.9435, -11.18006, 5.50171]},
			"faces": {
				"north": {"uv": [8.65625, 8.25, 8.5, 8.46875], "texture": "#4"},
				"east": {"uv": [7.9375, 8.25, 7.75, 8.46875], "texture": "#4"},
				"south": {"uv": [8.65625, 8.5, 8.5, 8.71875], "texture": "#4"},
				"west": {"uv": [7.6875, 8.25, 7.5, 8.46875], "texture": "#4"},
				"up": {"uv": [8.75, 0.4375, 8.90625, 0.25], "texture": "#4"},
				"down": {"uv": [8.75, 0.75, 8.90625, 0.9375], "texture": "#4"}
			}
		},
		{
			"from": [7.72499, 7.96992, 5.3423],
			"to": [8.32501, 8.36849, 7.89541],
			"rotation": {"angle": 0, "axis": "y", "origin": [-3.9435, -11.18006, 5.50171]},
			"faces": {
				"north": {"uv": [10.09375, 7.5, 10, 7.5625], "texture": "#4"},
				"east": {"uv": [9.28125, 0.125, 8.875, 0.1875], "texture": "#4"},
				"south": {"uv": [7.71875, 10, 7.625, 10.0625], "texture": "#4"},
				"west": {"uv": [9.28125, 0, 8.875, 0.0625], "texture": "#4"},
				"up": {"uv": [1, 8.90625, 1.09375, 8.5], "texture": "#4"},
				"down": {"uv": [3.375, 8.5, 3.46875, 8.90625], "texture": "#4"}
			}
		},
		{
			"from": [7.72659, 7.52812, -0.13636],
			"to": [8.32341, 8.72497, 0.26259],
			"rotation": {"angle": 22.5, "axis": "x", "origin": [-3.9435, -11.22253, 5.44894]},
			"faces": {
				"north": {"uv": [9.59375, 0.25, 9.5, 0.4375], "texture": "#4"},
				"east": {"uv": [0.4375, 9.75, 0.375, 9.9375], "texture": "#4"},
				"south": {"uv": [9.59375, 1.75, 9.5, 1.9375], "texture": "#4"},
				"west": {"uv": [0.3125, 9.75, 0.25, 9.9375], "texture": "#4"},
				"up": {"uv": [10, 7.4375, 10.09375, 7.375], "texture": "#4"},
				"down": {"uv": [7.5, 10, 7.59375, 10.0625], "texture": "#4"}
			}
		},
		{
			"from": [7.72579, 6.57322, 12.68281],
			"to": [8.32421, 7.17164, 15.87441],
			"rotation": {"angle": -22.5, "axis": "x", "origin": [-3.9435, -11.18006, 5.50171]},
			"faces": {
				"north": {"uv": [9.96875, 3.125, 9.875, 3.21875], "texture": "#4"},
				"east": {"uv": [8.5, 1.375, 8, 1.46875], "texture": "#4"},
				"south": {"uv": [3.34375, 9.875, 3.25, 9.96875], "texture": "#4"},
				"west": {"uv": [8.5, 1.125, 8, 1.21875], "texture": "#4"},
				"up": {"uv": [0.75, 8.625, 0.84375, 8.125], "texture": "#4"},
				"down": {"uv": [1.375, 8.125, 1.46875, 8.625], "texture": "#4"}
			}
		},
		{
			"from": [7.72579, 5.97479, 14.47809],
			"to": [8.32421, 6.17427, 15.07651],
			"rotation": {"angle": -22.5, "axis": "x", "origin": [-3.9435, -11.18006, 5.50171]},
			"faces": {
				"north": {"uv": [4.34375, 10.25, 4.25, 10.28125], "texture": "#4"},
				"east": {"uv": [10.34375, 4.375, 10.25, 4.40625], "texture": "#4"},
				"south": {"uv": [4.46875, 10.25, 4.375, 10.28125], "texture": "#4"},
				"west": {"uv": [10.34375, 4.25, 10.25, 4.28125], "texture": "#4"},
				"up": {"uv": [9.875, 2.84375, 9.96875, 2.75], "texture": "#4"},
				"down": {"uv": [3.125, 9.875, 3.21875, 9.96875], "texture": "#4"}
			}
		},
		{
			"from": [7.72579, 6.17427, 13.68019],
			"to": [8.32421, 6.57322, 15.47546],
			"rotation": {"angle": -22.5, "axis": "x", "origin": [-3.9435, -11.18006, 5.50171]},
			"faces": {
				"north": {"uv": [10.09375, 7.25, 10, 7.3125], "texture": "#4"},
				"east": {"uv": [9.78125, 0.125, 9.5, 0.1875], "texture": "#4"},
				"south": {"uv": [7.46875, 10, 7.375, 10.0625], "texture": "#4"},
				"west": {"uv": [9.78125, 0, 9.5, 0.0625], "texture": "#4"},
				"up": {"uv": [8.75, 7.40625, 8.84375, 7.125], "texture": "#4"},
				"down": {"uv": [7.5, 8.75, 7.59375, 9.03125], "texture": "#4"}
			}
		}
	],
	"display": {
		"head": {
			"rotation": [0, 180, 0]
		}
	}
}