{
	"credit": "Made with Blockbench",
	"textures": {
		"3": "animated_java:item/valk_aj/main",
		"4": "animated_java:item/valk_aj/texture"
	},
	"elements": [
		{
			"from": [7.49, 4.01869, 20.79646],
			"to": [7.66, 5.37869, 24.02646],
			"rotation": {"angle": -22.5, "axis": "x", "origin": [14.8, -7.54131, 5.15646]},
			"faces": {
				"north": {"uv": [7.375, 14.125, 7.40625, 14.375], "texture": "#3"},
				"east": {"uv": [8.25, 4.5, 8.84375, 4.75], "texture": "#3"},
				"south": {"uv": [14.125, 7.5, 14.15625, 7.75], "texture": "#3"},
				"west": {"uv": [8.25, 3.75, 8.84375, 4], "texture": "#3"},
				"up": {"uv": [11.40625, 13.96875, 11.375, 13.375], "texture": "#3"},
				"down": {"uv": [12.53125, 13.375, 12.5, 13.96875], "texture": "#3"}
			}
		},
		{
			"from": [8.34, 4.01869, 20.79646],
			"to": [8.51, 5.37869, 24.02646],
			"rotation": {"angle": -22.5, "axis": "x", "origin": [14.8, -7.54131, 5.15646]},
			"faces": {
				"north": {"uv": [7.25, 14.125, 7.28125, 14.375], "texture": "#3"},
				"east": {"uv": [8.125, 7.5, 8.71875, 7.75], "texture": "#3"},
				"south": {"uv": [14.125, 7.25, 14.15625, 7.5], "texture": "#3"},
				"west": {"uv": [8.25, 4.25, 8.84375, 4.5], "texture": "#3"},
				"up": {"uv": [11.15625, 13.96875, 11.125, 13.375], "texture": "#3"},
				"down": {"uv": [12.15625, 13.375, 12.125, 13.96875], "texture": "#3"}
			}
		},
		{
			"from": [7.66, 4.35869, 19.09646],
			"to": [8.34, 5.37869, 24.02646],
			"rotation": {"angle": -22.5, "axis": "x", "origin": [14.8, -7.54131, 5.15646]},
			"faces": {
				"north": {"uv": [11.25, 13.125, 11.375, 13.3125], "texture": "#3"},
				"east": {"uv": [7.5, 0.75, 8.40625, 0.9375], "texture": "#3"},
				"south": {"uv": [13.125, 11.75, 13.25, 11.9375], "texture": "#3"},
				"west": {"uv": [7.5, 5.75, 8.40625, 5.9375], "texture": "#3"},
				"up": {"uv": [7.75, 10.28125, 7.625, 9.375], "texture": "#3"},
				"down": {"uv": [4, 9.5, 3.875, 10.40625], "texture": "#3"}
			}
		},
		{
			"from": [7.49, 5.37869, 19.26646],
			"to": [8.51, 6.90869, 21.47646],
			"rotation": {"angle": -22.5, "axis": "x", "origin": [14.8, -7.54131, 5.15646]},
			"faces": {
				"north": {"uv": [2.625, 11.625, 2.8125, 11.90625], "texture": "#3"},
				"east": {"uv": [9.375, 8.75, 9.78125, 9.03125], "texture": "#3"},
				"south": {"uv": [11.625, 2.625, 11.8125, 2.90625], "texture": "#3"},
				"west": {"uv": [9.375, 9.125, 9.78125, 9.40625], "texture": "#3"},
				"up": {"uv": [3.3125, 11.03125, 3.125, 10.625], "texture": "#3"},
				"down": {"uv": [3.6875, 10.625, 3.5, 11.03125], "texture": "#3"}
			}
		},
		{
			"from": [20.41, 2.99869, 13.14578],
			"to": [20.58, 3.67869, 15.69578],
			"rotation": {"angle": 45, "axis": "z", "origin": [8, -7.54131, 5.15646]},
			"faces": {
				"north": {"uv": [14.375, 7.375, 14.40625, 7.5], "texture": "#3"},
				"east": {"uv": [9, 5.125, 9.46875, 5.25], "texture": "#3"},
				"south": {"uv": [14.375, 8.25, 14.40625, 8.375], "texture": "#3"},
				"west": {"uv": [9.125, 4.375, 9.59375, 4.5], "texture": "#3"},
				"up": {"uv": [3.03125, 14.21875, 3, 13.75], "texture": "#3"},
				"down": {"uv": [3.90625, 13.75, 3.875, 14.21875], "texture": "#3"}
			}
		},
		{
			"from": [18.88, 2.99869, 13.14578],
			"to": [20.41, 3.33869, 15.69578],
			"rotation": {"angle": 45, "axis": "z", "origin": [8, -7.54131, 5.15646]},
			"faces": {
				"north": {"uv": [0.75, 13.625, 1.03125, 13.6875], "texture": "#3"},
				"east": {"uv": [12.625, 8.625, 13.09375, 8.6875], "texture": "#3"},
				"south": {"uv": [13.625, 4.125, 13.90625, 4.1875], "texture": "#3"},
				"west": {"uv": [12.625, 8.75, 13.09375, 8.8125], "texture": "#3"},
				"up": {"uv": [8.53125, 9.34375, 8.25, 8.875], "texture": "#3"},
				"down": {"uv": [5.28125, 8.875, 5, 9.34375], "texture": "#3"}
			}
		},
		{
			"from": [18.54, 4.86869, 13.14578],
			"to": [19.22, 5.03869, 15.69578],
			"rotation": {"angle": 45, "axis": "z", "origin": [8, -7.54131, 5.15646]},
			"faces": {
				"north": {"uv": [14.375, 7.25, 14.5, 7.28125], "texture": "#3"},
				"east": {"uv": [13.75, 3.5, 14.21875, 3.53125], "texture": "#3"},
				"south": {"uv": [8.125, 14.375, 8.25, 14.40625], "texture": "#3"},
				"west": {"uv": [13.75, 3.625, 14.21875, 3.65625], "texture": "#3"},
				"up": {"uv": [3, 8.96875, 2.875, 8.5], "texture": "#3"},
				"down": {"uv": [5.875, 11.25, 5.75, 11.71875], "texture": "#3"}
			}
		},
		{
			"from": [19.22, 3.67869, 14.33646],
			"to": [20.24, 4.69869, 15.01646],
			"rotation": {"angle": 45, "axis": "z", "origin": [8, -7.54131, 5.15646]},
			"faces": {
				"north": {"uv": [12.375, 8.625, 12.5625, 8.8125], "texture": "#3"},
				"east": {"uv": [13.125, 6.875, 13.25, 7.0625], "texture": "#3"},
				"south": {"uv": [12.375, 12.375, 12.5625, 12.5625], "texture": "#3"},
				"west": {"uv": [13.125, 7.875, 13.25, 8.0625], "texture": "#3"},
				"up": {"uv": [13.3125, 10.25, 13.125, 10.125], "texture": "#3"},
				"down": {"uv": [13.3125, 11.25, 13.125, 11.375], "texture": "#3"}
			}
		},
		{
			"from": [19.22, 3.16869, 14.67578],
			"to": [20.24, 3.67869, 15.35578],
			"rotation": {"angle": 45, "axis": "z", "origin": [8, -7.54131, 5.15646]},
			"faces": {
				"north": {"uv": [13.5, 11.125, 13.6875, 11.21875], "texture": "#3"},
				"east": {"uv": [13.875, 10.125, 14, 10.21875], "texture": "#3"},
				"south": {"uv": [3.875, 13.625, 4.0625, 13.71875], "texture": "#3"},
				"west": {"uv": [13.875, 12.125, 14, 12.21875], "texture": "#3"},
				"up": {"uv": [1.1875, 13.375, 1, 13.25], "texture": "#3"},
				"down": {"uv": [13.3125, 4.875, 13.125, 5], "texture": "#3"}
			}
		},
		{
			"from": [18.88, 3.16869, 14.67578],
			"to": [19.22, 4.86869, 15.35578],
			"rotation": {"angle": 45, "axis": "z", "origin": [8, -7.54131, 5.15646]},
			"faces": {
				"north": {"uv": [6.5, 13.375, 6.5625, 13.6875], "texture": "#3"},
				"east": {"uv": [12.25, 11.125, 12.375, 11.4375], "texture": "#3"},
				"south": {"uv": [13.375, 9.5, 13.4375, 9.8125], "texture": "#3"},
				"west": {"uv": [12.25, 9.5, 12.375, 9.8125], "texture": "#3"},
				"up": {"uv": [14.1875, 7, 14.125, 6.875], "texture": "#3"},
				"down": {"uv": [14.1875, 7, 14.125, 7.125], "texture": "#3"}
			}
		},
		{
			"from": [18.54, 2.99869, 13.14578],
			"to": [18.88, 4.86869, 15.69578],
			"rotation": {"angle": 45, "axis": "z", "origin": [8, -7.54131, 5.15646]},
			"faces": {
				"north": {"uv": [6.25, 13.25, 6.3125, 13.59375], "texture": "#3"},
				"east": {"uv": [1.5, 8, 1.96875, 8.34375], "texture": "#3"},
				"south": {"uv": [13.25, 6.875, 13.3125, 7.21875], "texture": "#3"},
				"west": {"uv": [8, 0.375, 8.46875, 0.71875], "texture": "#3"},
				"up": {"uv": [12.5625, 13.09375, 12.5, 12.625], "texture": "#3"},
				"down": {"uv": [12.6875, 12.625, 12.625, 13.09375], "texture": "#3"}
			}
		},
		{
			"from": [8, 8.60869, 7.36646],
			"to": [8.34, 9.62869, 9.40646],
			"rotation": {"angle": 22.5, "axis": "z", "origin": [8, 9.45869, 5.15646]},
			"faces": {
				"north": {"uv": [13.875, 11.125, 13.9375, 11.3125], "texture": "#3"},
				"east": {"uv": [10.875, 4.625, 11.25, 4.8125], "texture": "#3"},
				"south": {"uv": [11.625, 13.875, 11.6875, 14.0625], "texture": "#3"},
				"west": {"uv": [10.875, 4.875, 11.25, 5.0625], "texture": "#3"},
				"up": {"uv": [13.1875, 10.875, 13.125, 10.5], "texture": "#3"},
				"down": {"uv": [13.1875, 10.875, 13.125, 11.25], "texture": "#3"}
			}
		},
		{
			"from": [8.17, 8.60869, 9.40646],
			"to": [8.51, 9.62869, 11.10646],
			"rotation": {"angle": 22.5, "axis": "z", "origin": [8, 9.45869, 5.15646]},
			"faces": {
				"north": {"uv": [13.875, 10.875, 13.9375, 11.0625], "texture": "#3"},
				"east": {"uv": [11.25, 9.375, 11.5625, 9.5625], "texture": "#3"},
				"south": {"uv": [11, 13.875, 11.0625, 14.0625], "texture": "#3"},
				"west": {"uv": [10.125, 11.25, 10.4375, 11.4375], "texture": "#3"},
				"up": {"uv": [13.4375, 6.5625, 13.375, 6.25], "texture": "#3"},
				"down": {"uv": [6.4375, 13.375, 6.375, 13.6875], "texture": "#3"}
			}
		},
		{
			"from": [8.34, 8.43869, 11.10646],
			"to": [8.68, 10.47869, 13.14646],
			"rotation": {"angle": 22.5, "axis": "z", "origin": [8, 9.45869, 5.15646]},
			"faces": {
				"north": {"uv": [8.75, 13.125, 8.8125, 13.5], "texture": "#3"},
				"east": {"uv": [3.25, 8.625, 3.625, 9], "texture": "#3"},
				"south": {"uv": [8.875, 13.125, 8.9375, 13.5], "texture": "#3"},
				"west": {"uv": [3.625, 8.625, 4, 9], "texture": "#3"},
				"up": {"uv": [13.1875, 9.25, 13.125, 8.875], "texture": "#3"},
				"down": {"uv": [13.1875, 9.75, 13.125, 10.125], "texture": "#3"}
			}
		},
		{
			"from": [7.32, 8.43869, 11.10646],
			"to": [7.66, 10.47869, 13.14646],
			"rotation": {"angle": -22.5, "axis": "z", "origin": [8, 9.45869, 5.15646]},
			"faces": {
				"north": {"uv": [8.375, 13.125, 8.4375, 13.5], "texture": "#3"},
				"east": {"uv": [0.75, 8.625, 1.125, 9], "texture": "#3"},
				"south": {"uv": [8.5, 13.125, 8.5625, 13.5], "texture": "#3"},
				"west": {"uv": [1.125, 8.625, 1.5, 9], "texture": "#3"},
				"up": {"uv": [13.1875, 8.875, 13.125, 8.5], "texture": "#3"},
				"down": {"uv": [8.6875, 13.125, 8.625, 13.5], "texture": "#3"}
			}
		},
		{
			"from": [7.66, 8.60869, 7.36646],
			"to": [8, 9.62869, 9.40646],
			"rotation": {"angle": -22.5, "axis": "z", "origin": [8, 9.45869, 5.15646]},
			"faces": {
				"north": {"uv": [10.75, 13.875, 10.8125, 14.0625], "texture": "#3"},
				"east": {"uv": [10.875, 4.375, 11.25, 4.5625], "texture": "#3"},
				"south": {"uv": [10.875, 13.875, 10.9375, 14.0625], "texture": "#3"},
				"west": {"uv": [4.625, 10.875, 5, 11.0625], "texture": "#3"},
				"up": {"uv": [7.5625, 13.5, 7.5, 13.125], "texture": "#3"},
				"down": {"uv": [13.1875, 7.5, 13.125, 7.875], "texture": "#3"}
			}
		},
		{
			"from": [7.49, 8.60869, 9.40646],
			"to": [7.83, 9.62869, 11.10646],
			"rotation": {"angle": -22.5, "axis": "z", "origin": [8, 9.45869, 5.15646]},
			"faces": {
				"north": {"uv": [10.5, 13.875, 10.5625, 14.0625], "texture": "#3"},
				"east": {"uv": [8.5, 11.25, 8.8125, 11.4375], "texture": "#3"},
				"south": {"uv": [10.625, 13.875, 10.6875, 14.0625], "texture": "#3"},
				"west": {"uv": [8.875, 11.25, 9.1875, 11.4375], "texture": "#3"},
				"up": {"uv": [5.1875, 13.6875, 5.125, 13.375], "texture": "#3"},
				"down": {"uv": [6.1875, 13.375, 6.125, 13.6875], "texture": "#3"}
			}
		},
		{
			"from": [8.17, 8.26869, 13.82646],
			"to": [8.51, 10.47869, 15.35646],
			"rotation": {"angle": 22.5, "axis": "z", "origin": [8, 9.45869, 5.15646]},
			"faces": {
				"north": {"uv": [11.375, 12.875, 11.4375, 13.28125], "texture": "#3"},
				"east": {"uv": [8.25, 9.375, 8.53125, 9.78125], "texture": "#3"},
				"south": {"uv": [0.375, 13, 0.4375, 13.40625], "texture": "#3"},
				"west": {"uv": [1.5, 9.5, 1.78125, 9.90625], "texture": "#3"},
				"up": {"uv": [0.5625, 13.90625, 0.5, 13.625], "texture": "#3"},
				"down": {"uv": [0.6875, 13.625, 0.625, 13.90625], "texture": "#3"}
			}
		},
		{
			"from": [8.51, 8.26869, 13.14646],
			"to": [8.85, 10.47869, 15.69646],
			"rotation": {"angle": 22.5, "axis": "z", "origin": [8, 9.45869, 5.15646]},
			"faces": {
				"north": {"uv": [11, 12.875, 11.0625, 13.28125], "texture": "#3"},
				"east": {"uv": [7, 6, 7.46875, 6.40625], "texture": "#3"},
				"south": {"uv": [0.25, 13, 0.3125, 13.40625], "texture": "#3"},
				"west": {"uv": [7.25, 2.375, 7.71875, 2.78125], "texture": "#3"},
				"up": {"uv": [12.6875, 12.59375, 12.625, 12.125], "texture": "#3"},
				"down": {"uv": [12.4375, 12.625, 12.375, 13.09375], "texture": "#3"}
			}
		},
		{
			"from": [7.49, 8.26869, 14.16646],
			"to": [7.83, 10.47869, 15.35646],
			"rotation": {"angle": -22.5, "axis": "z", "origin": [8, 9.45869, 5.15646]},
			"faces": {
				"north": {"uv": [10.875, 12.875, 10.9375, 13.28125], "texture": "#3"},
				"east": {"uv": [8, 10.125, 8.21875, 10.53125], "texture": "#3"},
				"south": {"uv": [0, 13, 0.0625, 13.40625], "texture": "#3"},
				"west": {"uv": [10.125, 4.75, 10.34375, 5.15625], "texture": "#3"},
				"up": {"uv": [12.8125, 13.96875, 12.75, 13.75], "texture": "#3"},
				"down": {"uv": [12.9375, 13.75, 12.875, 13.96875], "texture": "#3"}
			}
		},
		{
			"from": [7.15, 8.26869, 13.14646],
			"to": [7.49, 10.47869, 15.69646],
			"rotation": {"angle": -22.5, "axis": "z", "origin": [8, 9.45869, 5.15646]},
			"faces": {
				"north": {"uv": [12.875, 9.5, 12.9375, 9.90625], "texture": "#3"},
				"east": {"uv": [4, 7.125, 4.46875, 7.53125], "texture": "#3"},
				"south": {"uv": [12.875, 12.375, 12.9375, 12.78125], "texture": "#3"},
				"west": {"uv": [3.25, 7, 3.71875, 7.40625], "texture": "#3"},
				"up": {"uv": [12.6875, 11.59375, 12.625, 11.125], "texture": "#3"},
				"down": {"uv": [11.3125, 12.625, 11.25, 13.09375], "texture": "#3"}
			}
		},
		{
			"from": [18.71, 3.16869, 11.10578],
			"to": [20.41, 4.86869, 13.14578],
			"rotation": {"angle": 45, "axis": "z", "origin": [8, -7.54131, 5.15646]},
			"faces": {
				"north": {"uv": [10, 4.375, 10.3125, 4.6875], "texture": "#3"},
				"east": {"uv": [9.25, 2.75, 9.625, 3.0625], "texture": "#3"},
				"south": {"uv": [4.5, 10, 4.8125, 10.3125], "texture": "#3"},
				"west": {"uv": [9.25, 3.25, 9.625, 3.5625], "texture": "#3"},
				"up": {"uv": [9.5625, 5.875, 9.25, 5.5], "texture": "#3"},
				"down": {"uv": [9.5625, 6.75, 9.25, 7.125], "texture": "#3"}
			}
		},
		{
			"from": [7.49, 5.88869, 15.52646],
			"to": [8.51, 7.41869, 17.22646],
			"rotation": {"angle": -22.5, "axis": "x", "origin": [14.8, -7.54131, 5.15646]},
			"faces": {
				"north": {"uv": [2.125, 11.625, 2.3125, 11.90625], "texture": "#3"},
				"east": {"uv": [8.25, 10.25, 8.5625, 10.53125], "texture": "#3"},
				"south": {"uv": [11.625, 2.25, 11.8125, 2.53125], "texture": "#3"},
				"west": {"uv": [8.625, 10.25, 8.9375, 10.53125], "texture": "#3"},
				"up": {"uv": [5.5625, 11.5625, 5.375, 11.25], "texture": "#3"},
				"down": {"uv": [6.6875, 11.25, 6.5, 11.5625], "texture": "#3"}
			}
		},
		{
			"from": [18.88, 3.33869, 9.40578],
			"to": [20.24, 4.69869, 11.10578],
			"rotation": {"angle": 45, "axis": "z", "origin": [8, -7.54131, 5.15646]},
			"faces": {
				"north": {"uv": [9, 7.875, 9.25, 8.125], "texture": "#3"},
				"east": {"uv": [10.625, 1, 10.9375, 1.25], "texture": "#3"},
				"south": {"uv": [9.25, 0.75, 9.5, 1], "texture": "#3"},
				"west": {"uv": [1.5, 10.625, 1.8125, 10.875], "texture": "#3"},
				"up": {"uv": [9.375, 10.8125, 9.125, 10.5], "texture": "#3"},
				"down": {"uv": [1.25, 10.625, 1, 10.9375], "texture": "#3"}
			}
		},
		{
			"from": [7.57568, 9.06742, 0.56208],
			"to": [8.42432, 9.74742, 1.07208],
			"rotation": {"angle": 22.5, "axis": "x", "origin": [14.8, -8.10258, 4.47208]},
			"faces": {
				"north": {"uv": [5.625, 13.375, 5.78125, 13.5], "texture": "#3"},
				"east": {"uv": [10, 13.875, 10.09375, 14], "texture": "#3"},
				"south": {"uv": [13.375, 5.625, 13.53125, 5.75], "texture": "#3"},
				"west": {"uv": [13.875, 10, 13.96875, 10.125], "texture": "#3"},
				"up": {"uv": [13.90625, 3.21875, 13.75, 3.125], "texture": "#3"},
				"down": {"uv": [13.90625, 3.25, 13.75, 3.34375], "texture": "#3"}
			}
		},
		{
			"from": [7.575, 6.39869, 14.16646],
			"to": [8.425, 7.58869, 15.52646],
			"rotation": {"angle": -22.5, "axis": "x", "origin": [14.8, -7.54131, 5.15646]},
			"faces": {
				"north": {"uv": [12.5, 5.625, 12.65625, 5.84375], "texture": "#3"},
				"east": {"uv": [4.125, 11.5, 4.375, 11.71875], "texture": "#3"},
				"south": {"uv": [12.5, 5.875, 12.65625, 6.09375], "texture": "#3"},
				"west": {"uv": [11.5, 4.125, 11.75, 4.34375], "texture": "#3"},
				"up": {"uv": [9.15625, 12.5, 9, 12.25], "texture": "#3"},
				"down": {"uv": [12.40625, 9.25, 12.25, 9.5], "texture": "#3"}
			}
		},
		{
			"from": [19.05, 3.50869, 7.36578],
			"to": [20.07, 4.52869, 9.40578],
			"rotation": {"angle": 45, "axis": "z", "origin": [8, -7.54131, 5.15646]},
			"faces": {
				"north": {"uv": [7.875, 12.375, 8.0625, 12.5625], "texture": "#3"},
				"east": {"uv": [10.875, 0.5, 11.25, 0.6875], "texture": "#3"},
				"south": {"uv": [8.375, 12.375, 8.5625, 12.5625], "texture": "#3"},
				"west": {"uv": [10.875, 1.25, 11.25, 1.4375], "texture": "#3"},
				"up": {"uv": [4.3125, 11.25, 4.125, 10.875], "texture": "#3"},
				"down": {"uv": [4.5625, 10.875, 4.375, 11.25], "texture": "#3"}
			}
		},
		{
			"from": [7.48932, 10.35414, 14.7044],
			"to": [8.51068, 12.05414, 18.7844],
			"rotation": {"angle": 0, "axis": "y", "origin": [14.80068, -7.49586, 5.1844]},
			"faces": {
				"north": {"uv": [6, 7.75, 6.1875, 8.0625], "texture": "#4"},
				"east": {"uv": [3, 4.375, 3.75, 4.6875], "texture": "#4"},
				"south": {"uv": [7.75, 7.25, 7.9375, 7.5625], "texture": "#4"},
				"west": {"uv": [3.75, 4.375, 4.5, 4.6875], "texture": "#4"},
				"up": {"uv": [5.8125, 6.125, 5.625, 5.375], "texture": "#4"},
				"down": {"uv": [2.0625, 5.875, 1.875, 6.625], "texture": "#3"}
			}
		},
		{
			"from": [7.405, 4.86869, 17.22646],
			"to": [8.595, 7.07869, 19.26646],
			"rotation": {"angle": -22.5, "axis": "x", "origin": [14.8, -7.54131, 5.15646]},
			"faces": {
				"north": {"uv": [0.5, 6.875, 0.71875, 7.28125], "texture": "#4"},
				"east": {"uv": [2.375, 5.25, 2.75, 5.65625], "texture": "#4"},
				"south": {"uv": [0.75, 6.875, 0.96875, 7.28125], "texture": "#4"},
				"west": {"uv": [2.75, 5.25, 3.125, 5.65625], "texture": "#4"},
				"up": {"uv": [3.21875, 7.375, 3, 7], "texture": "#4"},
				"down": {"uv": [3.96875, 7, 3.75, 7.375], "texture": "#4"}
			}
		},
		{
			"from": [7.66, 7.24869, 11.78646],
			"to": [8.34, 7.92869, 13.65646],
			"rotation": {"angle": -22.5, "axis": "x", "origin": [14.8, -7.54131, 5.15646]},
			"faces": {
				"north": {"uv": [0.125, 9.625, 0.25, 9.75], "texture": "#4"},
				"east": {"uv": [8.125, 4.75, 8.46875, 4.875], "texture": "#4"},
				"south": {"uv": [0.25, 9.625, 0.375, 9.75], "texture": "#4"},
				"west": {"uv": [8.25, 1.25, 8.59375, 1.375], "texture": "#4"},
				"up": {"uv": [5, 8.59375, 4.875, 8.25], "texture": "#4"},
				"down": {"uv": [8.375, 4.875, 8.25, 5.21875], "texture": "#4"}
			}
		},
		{
			"from": [7.65932, 8.60856, 5.51716],
			"to": [8.34068, 9.11869, 7.36646],
			"rotation": {"angle": 0, "axis": "y", "origin": [14.8, -7.54131, 5.15646]},
			"faces": {
				"north": {"uv": [9.75, 4.375, 9.875, 4.46875], "texture": "#4"},
				"east": {"uv": [2.375, 8.625, 2.71875, 8.71875], "texture": "#4"},
				"south": {"uv": [4.5, 9.75, 4.625, 9.84375], "texture": "#4"},
				"west": {"uv": [8.625, 2.375, 8.96875, 2.46875], "texture": "#4"},
				"up": {"uv": [8.375, 4.34375, 8.25, 4], "texture": "#4"},
				"down": {"uv": [4.875, 8.25, 4.75, 8.59375], "texture": "#4"}
			}
		},
		{
			"from": [7.66068, 8.27061, 0.15738],
			"to": [8.33932, 9.97061, 0.83738],
			"rotation": {"angle": 22.5, "axis": "x", "origin": [14.8, -7.53939, 5.25738]},
			"faces": {
				"north": {"uv": [8.375, 7.5, 8.5, 7.8125], "texture": "#4"},
				"east": {"uv": [0.375, 8.5, 0.5, 8.8125], "texture": "#4"},
				"south": {"uv": [0.5, 8.5, 0.625, 8.8125], "texture": "#4"},
				"west": {"uv": [0.625, 8.5, 0.75, 8.8125], "texture": "#4"},
				"up": {"uv": [9.625, 9.625, 9.5, 9.5], "texture": "#4"},
				"down": {"uv": [0.125, 9.625, 0, 9.75], "texture": "#4"}
			}
		},
		{
			"from": [7.66, 7.92869, 11.78646],
			"to": [8.34, 8.43869, 14.50646],
			"rotation": {"angle": -22.5, "axis": "x", "origin": [14.8, -7.54131, 5.15646]},
			"faces": {
				"north": {"uv": [4.25, 9.75, 4.375, 9.84375], "texture": "#4"},
				"east": {"uv": [8.125, 1.875, 8.625, 1.96875], "texture": "#4"},
				"south": {"uv": [4.375, 9.75, 4.5, 9.84375], "texture": "#4"},
				"west": {"uv": [8.125, 2.375, 8.625, 2.46875], "texture": "#4"},
				"up": {"uv": [0.25, 8.125, 0.125, 7.625], "texture": "#4"},
				"down": {"uv": [0.375, 7.625, 0.25, 8.125], "texture": "#4"}
			}
		}
	],
	"display": {
		"head": {
			"rotation": [0, 180, 0]
		}
	}
}