{
	"credit": "Made with Blockbench",
	"textures": {
		"2": "animated_java:item/valk_aj/line",
		"3": "animated_java:item/valk_aj/main",
		"4": "animated_java:item/valk_aj/texture"
	},
	"elements": [
		{
			"from": [7.75009, 7.63634, 2.29764],
			"to": [8.24991, 8.98858, 2.84855],
			"rotation": {"angle": 22.5, "axis": "x", "origin": [5.99718, -4.68411, 6.5547]},
			"faces": {
				"north": {"uv": [6.125, 8.125, 6, 8.46875], "texture": "#4"},
				"east": {"uv": [8.25, 6.875, 8.125, 7.21875], "texture": "#4"},
				"south": {"uv": [8.25, 6.125, 8.125, 6.46875], "texture": "#4"},
				"west": {"uv": [6.25, 8.125, 6.125, 8.46875], "texture": "#4"},
				"up": {"uv": [9.5, 8.25, 9.625, 8.125], "texture": "#4"},
				"down": {"uv": [9.5, 8.25, 9.625, 8.375], "texture": "#4"}
			}
		},
		{
			"from": [7.74908, 7.74027, 5.5761],
			"to": [8.25092, 8.36813, 7.95802],
			"rotation": {"angle": 0, "axis": "y", "origin": [5.99668, -4.65348, 6.58074]},
			"faces": {
				"north": {"uv": [0.25, 9.375, 0.125, 9.53125], "texture": "#4"},
				"east": {"uv": [6.59375, 6.625, 6, 6.78125], "texture": "#4"},
				"south": {"uv": [9.5, 0.25, 9.375, 0.40625], "texture": "#4"},
				"west": {"uv": [7.21875, 5.875, 6.625, 6.03125], "texture": "#4"},
				"up": {"uv": [4.375, 7.59375, 4.5, 7], "texture": "#4"},
				"down": {"uv": [2.25, 7.25, 2.375, 7.84375], "texture": "#4"}
			}
		},
		{
			"from": [7.74958, 6.99084, 10.96301],
			"to": [8.25042, 7.61688, 12.84112],
			"rotation": {"angle": -22.5, "axis": "x", "origin": [5.99668, -4.65348, 6.58074]},
			"faces": {
				"north": {"uv": [0.125, 9.375, 0, 9.53125], "texture": "#4"},
				"east": {"uv": [7.71875, 6.625, 7.25, 6.78125], "texture": "#4"},
				"south": {"uv": [9.5, 0, 9.375, 0.15625], "texture": "#4"},
				"west": {"uv": [6.96875, 7.25, 6.5, 7.40625], "texture": "#4"},
				"up": {"uv": [3.125, 8.21875, 3.25, 7.75], "texture": "#4"},
				"down": {"uv": [4.75, 7.75, 4.875, 8.21875], "texture": "#4"}
			}
		},
		{
			"from": [7.74958, 7.61688, 10.58738],
			"to": [8.25042, 8.11771, 13.59237],
			"rotation": {"angle": -22.5, "axis": "x", "origin": [5.99668, -4.65348, 6.58074]},
			"faces": {
				"north": {"uv": [9.625, 8.375, 9.5, 8.5], "texture": "#4"},
				"east": {"uv": [7.375, 2.25, 6.625, 2.375], "texture": "#4"},
				"south": {"uv": [9.625, 8.5, 9.5, 8.625], "texture": "#4"},
				"west": {"uv": [7.125, 5.75, 6.375, 5.875], "texture": "#4"},
				"up": {"uv": [1.5, 7.375, 1.625, 6.625], "texture": "#4"},
				"down": {"uv": [1.625, 6.625, 1.75, 7.375], "texture": "#4"}
			}
		},
		{
			"from": [7.62388, 9.86231, 15.17629],
			"to": [8.37612, 11.23959, 23.18959],
			"rotation": {"angle": 0, "axis": "y", "origin": [5.99617, -4.66179, 6.53695]},
			"faces": {
				"north": {"uv": [6.9375, 7.5, 6.75, 7.84375], "texture": "#4"},
				"east": {"uv": [2, 1.125, 0, 1.46875], "texture": "#4"},
				"south": {"uv": [7.1875, 7.5, 7, 7.84375], "texture": "#4"},
				"west": {"uv": [2, 0.75, 0, 1.09375], "texture": "#4"},
				"up": {"uv": [2.25, 3.125, 2.4375, 1.125], "texture": "#4"},
				"down": {"uv": [1.75, 2.25, 1.9375, 4.25], "texture": "#4"}
			}
		},
		{
			"from": [7.87479, 7.8673, 9.96135],
			"to": [8.12521, 9.36979, 11.46384],
			"rotation": {"angle": 22.5, "axis": "z", "origin": [8, 9.36979, 6.58074]},
			"faces": {
				"north": {"uv": [4.6875, 9.125, 4.625, 9.5], "texture": "#4"},
				"east": {"uv": [6, 3.875, 5.625, 4.25], "texture": "#4"},
				"south": {"uv": [4.9375, 9.125, 4.875, 9.5], "texture": "#4"},
				"west": {"uv": [6, 3.5, 5.625, 3.875], "texture": "#4"},
				"up": {"uv": [9.125, 5.25, 9.1875, 4.875], "texture": "#4"},
				"down": {"uv": [5, 9.125, 5.0625, 9.5], "texture": "#4"}
			}
		},
		{
			"from": [8, 7.74209, 11.46384],
			"to": [8.25042, 9.36979, 13.84279],
			"rotation": {"angle": 22.5, "axis": "z", "origin": [8, 9.36979, 6.58074]},
			"faces": {
				"north": {"uv": [8.9375, 1.125, 8.875, 1.53125], "texture": "#4"},
				"east": {"uv": [1.59375, 4.125, 1, 4.53125], "texture": "#4"},
				"south": {"uv": [1.4375, 8.875, 1.375, 9.28125], "texture": "#4"},
				"west": {"uv": [4.59375, 3.875, 4, 4.28125], "texture": "#4"},
				"up": {"uv": [4.625, 9.09375, 4.6875, 8.5], "texture": "#4"},
				"down": {"uv": [5, 8.5, 5.0625, 9.09375], "texture": "#4"}
			}
		},
		{
			"from": [7.56177, 4.6119, 16.34694],
			"to": [8.43823, 6.99084, 18.47547],
			"rotation": {"angle": -22.5, "axis": "x", "origin": [5.99668, -4.65348, 6.58074]},
			"faces": {
				"north": {"uv": [4.21875, 5.75, 4, 6.34375], "texture": "#4"},
				"east": {"uv": [1.65625, 3, 1.125, 3.59375], "texture": "#4"},
				"south": {"uv": [4.46875, 5.75, 4.25, 6.34375], "texture": "#4"},
				"west": {"uv": [1.03125, 3, 0.5, 3.59375], "texture": "#4"},
				"up": {"uv": [1.75, 6.78125, 1.96875, 6.25], "texture": "#4"},
				"down": {"uv": [2, 6.25, 2.21875, 6.78125], "texture": "#4"}
			}
		},
		{
			"from": [7.62488, 6.11439, 14.71924],
			"to": [8.37562, 7.24126, 14.84445],
			"rotation": {"angle": -22.5, "axis": "x", "origin": [5.99668, -4.65348, 6.58074]},
			"faces": {
				"north": {"uv": [16, 16, 16, 16], "texture": "#3"},
				"east": {"uv": [0, 7.5, 0.5, 3], "rotation": 180, "texture": "#2"},
				"south": {"uv": [16, 16, 16, 16], "texture": "#3"},
				"west": {"uv": [0, 7.5, 0.5, 3], "rotation": 180, "texture": "#2"},
				"up": {"uv": [0.5, 0, 0, 3], "rotation": 270, "texture": "#2"},
				"down": {"uv": [16, 16, 16, 16], "texture": "#3"}
			}
		},
		{
			"from": [8.12521, 7.99251, 9.96135],
			"to": [8.12521, 8.74375, 10.08655],
			"rotation": {"angle": 22.5, "axis": "z", "origin": [8, 9.36979, 6.58074]},
			"faces": {
				"north": {"uv": [0, 0, 0, 0.1875], "texture": "#missing"},
				"east": {"uv": [0, 10.5, 0.5, 7.5], "rotation": 180, "texture": "#2"},
				"south": {"uv": [0, 0, 0, 0.1875], "texture": "#missing"},
				"west": {"uv": [16, 16, 16, 16], "texture": "#3"},
				"up": {"uv": [0, 0.125, 0, 0], "texture": "#missing"},
				"down": {"uv": [0, 0, 0, 0.125], "texture": "#missing"}
			}
		},
		{
			"from": [7.87479, 7.99251, 9.96135],
			"to": [7.87479, 8.74375, 10.08655],
			"rotation": {"angle": -22.5, "axis": "z", "origin": [8, 9.36979, 6.58074]},
			"faces": {
				"north": {"uv": [0, 0, 0, 0.1875], "texture": "#missing"},
				"east": {"uv": [16, 16, 16, 16], "texture": "#3"},
				"south": {"uv": [0, 0, 0, 0.75], "texture": "#missing"},
				"west": {"uv": [0, 10.5, 0.5, 7.5], "rotation": 180, "texture": "#2"},
				"up": {"uv": [0, 0.03125, 0, 0], "texture": "#missing"},
				"down": {"uv": [0, 0, 0, 0.03125], "texture": "#missing"}
			}
		},
		{
			"from": [7.74958, 7.99251, 11.46384],
			"to": [7.74958, 8.99417, 11.58905],
			"rotation": {"angle": -22.5, "axis": "z", "origin": [8, 9.36979, 6.58074]},
			"faces": {
				"north": {"uv": [0, 0, 0, 1], "texture": "#missing"},
				"east": {"uv": [16, 16, 16, 16], "texture": "#3"},
				"south": {"uv": [0, 0, 0, 1], "texture": "#missing"},
				"west": {"uv": [0.5, 12, 1, 8], "rotation": 180, "texture": "#2"},
				"up": {"uv": [0, 0.03125, 0, 0], "texture": "#missing"},
				"down": {"uv": [0, 0, 0, 0.03125], "texture": "#missing"}
			}
		},
		{
			"from": [8.25042, 7.99251, 11.46384],
			"to": [8.25042, 8.99417, 11.58905],
			"rotation": {"angle": 22.5, "axis": "z", "origin": [8, 9.36979, 6.58074]},
			"faces": {
				"north": {"uv": [0, 0, 0, 0.25], "texture": "#missing"},
				"east": {"uv": [0.5, 12, 1, 8], "rotation": 180, "texture": "#2"},
				"south": {"uv": [0, 0, 0, 0.25], "texture": "#missing"},
				"west": {"uv": [16, 16, 16, 16], "texture": "#3"},
				"up": {"uv": [0, 0.125, 0, 0], "texture": "#missing"},
				"down": {"uv": [0, 0, 0, 0.125], "texture": "#missing"}
			}
		},
		{
			"from": [7.62438, 7.99251, 13.71758],
			"to": [7.62438, 9.36979, 13.84279],
			"rotation": {"angle": -22.5, "axis": "z", "origin": [8, 9.36979, 6.58074]},
			"faces": {
				"north": {"uv": [0, 0, 0, 1.375], "texture": "#missing"},
				"east": {"uv": [16, 16, 16, 16], "texture": "#3"},
				"south": {"uv": [0, 0, 0, 1.375], "texture": "#missing"},
				"west": {"uv": [1.5, 14, 2, 8.5], "rotation": 180, "texture": "#2"},
				"up": {"uv": [0, 0.03125, 0, 0], "texture": "#missing"},
				"down": {"uv": [0, 0, 0, 0.03125], "texture": "#missing"}
			}
		},
		{
			"from": [8.37562, 7.99251, 13.71758],
			"to": [8.37562, 9.36979, 13.84279],
			"rotation": {"angle": 22.5, "axis": "z", "origin": [8, 9.36979, 6.58074]},
			"faces": {
				"north": {"uv": [0, 0, 0, 1.375], "texture": "#missing"},
				"east": {"uv": [1.5, 14, 2, 8.5], "rotation": 180, "texture": "#2"},
				"south": {"uv": [0, 0, 0, 0.34375], "texture": "#missing"},
				"west": {"uv": [16, 16, 16, 16], "texture": "#3"},
				"up": {"uv": [0, 0.125, 0, 0], "texture": "#missing"},
				"down": {"uv": [0, 0, 0, 0.125], "texture": "#missing"}
			}
		},
		{
			"from": [-1.76621, 3.48503, 13.71708],
			"to": [-0.13851, 5.11273, 13.84229],
			"rotation": {"angle": -45, "axis": "z", "origin": [8, -4.65348, 6.58074]},
			"faces": {
				"north": {"uv": [16, 16, 16, 16], "texture": "#3"},
				"east": {"uv": [2, 6.5, 2.5, 0], "rotation": 180, "texture": "#2"},
				"south": {"uv": [16, 16, 16, 16], "texture": "#3"},
				"west": {"uv": [1.5, 16, 2, 9.5], "rotation": 180, "texture": "#2"},
				"up": {"uv": [2, 9.5, 1.5, 16], "rotation": 270, "texture": "#2"},
				"down": {"uv": [2.5, 0, 2, 6.5], "rotation": 270, "texture": "#2"}
			}
		},
		{
			"from": [7.62488, 5.36314, 18.47547],
			"to": [8.37562, 6.74043, 18.60068],
			"rotation": {"angle": -22.5, "axis": "x", "origin": [5.99668, -4.65348, 6.58074]},
			"faces": {
				"north": {"uv": [16, 16, 16, 16], "texture": "#3"},
				"east": {"uv": [1.5, 8.5, 2, 3], "rotation": 180, "texture": "#2"},
				"south": {"uv": [16, 16, 16, 16], "texture": "#3"},
				"west": {"uv": [1.5, 8.5, 2, 3], "rotation": 180, "texture": "#2"},
				"up": {"uv": [2, 0, 1.5, 3], "rotation": 270, "texture": "#2"},
				"down": {"uv": [16, 16, 16, 16], "texture": "#3"}
			}
		},
		{
			"from": [-1.51579, 3.73544, 9.96084],
			"to": [-0.38892, 4.86231, 10.08605],
			"rotation": {"angle": -45, "axis": "z", "origin": [8, -4.65348, 6.58074]},
			"faces": {
				"north": {"uv": [16, 16, 16, 16], "texture": "#3"},
				"east": {"uv": [0, 16, 0.5, 11.5], "rotation": 180, "texture": "#2"},
				"south": {"uv": [16, 16, 16, 16], "texture": "#3"},
				"west": {"uv": [0, 11.5, 0.5, 7.5], "rotation": 180, "texture": "#2"},
				"up": {"uv": [0.5, 7.5, 0, 11.5], "rotation": 270, "texture": "#2"},
				"down": {"uv": [0.5, 11.5, 0, 16], "rotation": 270, "texture": "#2"}
			}
		},
		{
			"from": [-1.641, 3.61023, 11.46334],
			"to": [-0.26371, 4.98752, 11.58855],
			"rotation": {"angle": -45, "axis": "z", "origin": [8, -4.65348, 6.58074]},
			"faces": {
				"north": {"uv": [16, 16, 16, 16], "texture": "#3"},
				"east": {"uv": [1, 5.5, 1.5, 0], "rotation": 180, "texture": "#2"},
				"south": {"uv": [16, 16, 16, 16], "texture": "#3"},
				"west": {"uv": [0.5, 13.5, 1, 8], "rotation": 180, "texture": "#2"},
				"up": {"uv": [1, 8, 0.5, 13.5], "rotation": 270, "texture": "#2"},
				"down": {"uv": [1.5, 0, 1, 5.5], "rotation": 270, "texture": "#2"}
			}
		},
		{
			"from": [7.56227, 5.86397, 16.34694],
			"to": [8.43823, 6.99084, 16.47215],
			"rotation": {"angle": -22.5, "axis": "x", "origin": [5.99668, -4.65348, 6.58074]},
			"faces": {
				"north": {"uv": [16, 16, 16, 16], "texture": "#3"},
				"east": {"uv": [0.5, 8, 1, 3.5], "rotation": 180, "texture": "#2"},
				"south": {"uv": [16, 16, 16, 16], "texture": "#3"},
				"west": {"uv": [0.5, 8, 1, 3.5], "rotation": 180, "texture": "#2"},
				"up": {"uv": [1, 0, 0.5, 3.5], "rotation": 270, "texture": "#2"},
				"down": {"uv": [16, 16, 16, 16], "texture": "#3"}
			}
		},
		{
			"from": [7.62438, 5.48835, 14.71924],
			"to": [8.37562, 7.24126, 16.34694],
			"rotation": {"angle": -22.5, "axis": "x", "origin": [5.99668, -4.65348, 6.58074]},
			"faces": {
				"north": {"uv": [6.1875, 6.875, 6, 7.3125], "texture": "#4"},
				"east": {"uv": [5.28125, 0, 4.875, 0.4375], "texture": "#4"},
				"south": {"uv": [6.4375, 6.875, 6.25, 7.3125], "texture": "#4"},
				"west": {"uv": [5.03125, 4.75, 4.625, 5.1875], "texture": "#4"},
				"up": {"uv": [2, 7.65625, 2.1875, 7.25], "texture": "#4"},
				"down": {"uv": [2.5, 7.25, 2.6875, 7.65625], "texture": "#4"}
			}
		},
		{
			"from": [7.74958, 7.8673, 7.95802],
			"to": [8, 8.74375, 9.96135],
			"rotation": {"angle": 22.5, "axis": "z", "origin": [8, 9.36979, 6.58074]},
			"faces": {
				"north": {"uv": [5.3125, 9.625, 5.25, 9.84375], "texture": "#4"},
				"east": {"uv": [6.75, 6.375, 6.25, 6.59375], "texture": "#4"},
				"south": {"uv": [5.4375, 9.625, 5.375, 9.84375], "texture": "#4"},
				"west": {"uv": [6.875, 5.5, 6.375, 5.71875], "texture": "#4"},
				"up": {"uv": [8.625, 4.125, 8.6875, 3.625], "texture": "#4"},
				"down": {"uv": [4.125, 8.625, 4.1875, 9.125], "texture": "#4"}
			}
		},
		{
			"from": [8, 7.8673, 7.95802],
			"to": [8.25042, 8.74375, 9.96135],
			"rotation": {"angle": -22.5, "axis": "z", "origin": [8, 9.36979, 6.58074]},
			"faces": {
				"north": {"uv": [5.0625, 9.625, 5, 9.84375], "texture": "#4"},
				"east": {"uv": [4.75, 6.375, 4.25, 6.59375], "texture": "#4"},
				"south": {"uv": [5.1875, 9.625, 5.125, 9.84375], "texture": "#4"},
				"west": {"uv": [4.25, 6.375, 3.75, 6.59375], "texture": "#4"},
				"up": {"uv": [3.125, 9.125, 3.1875, 8.625], "texture": "#4"},
				"down": {"uv": [3.25, 8.625, 3.3125, 9.125], "texture": "#4"}
			}
		},
		{
			"from": [7.87479, 7.8673, 9.96135],
			"to": [8.12521, 9.36979, 11.46384],
			"rotation": {"angle": -22.5, "axis": "z", "origin": [8, 9.36979, 6.58074]},
			"faces": {
				"north": {"uv": [8.9375, 7.875, 8.875, 8.25], "texture": "#4"},
				"east": {"uv": [5.75, 0, 5.375, 0.375], "texture": "#4"},
				"south": {"uv": [8.9375, 8.25, 8.875, 8.625], "texture": "#4"},
				"west": {"uv": [5.625, 5.25, 5.25, 5.625], "texture": "#4"},
				"up": {"uv": [8.875, 9, 8.9375, 8.625], "texture": "#4"},
				"down": {"uv": [9, 0.625, 9.0625, 1], "texture": "#4"}
			}
		},
		{
			"from": [7.74958, 7.74209, 11.46384],
			"to": [8, 9.36979, 13.84279],
			"rotation": {"angle": -22.5, "axis": "z", "origin": [8, 9.36979, 6.58074]},
			"faces": {
				"north": {"uv": [8.5625, 8.75, 8.5, 9.15625], "texture": "#4"},
				"east": {"uv": [4.59375, 2.75, 4, 3.15625], "texture": "#4"},
				"south": {"uv": [8.8125, 8.5, 8.75, 8.90625], "texture": "#4"},
				"west": {"uv": [4.59375, 2.25, 4, 2.65625], "texture": "#4"},
				"up": {"uv": [4.375, 9.09375, 4.4375, 8.5], "texture": "#4"},
				"down": {"uv": [4.5, 8.5, 4.5625, 9.09375], "texture": "#4"}
			}
		},
		{
			"from": [7.87479, 7.74209, 13.71758],
			"to": [8.12521, 8.86896, 16.09653],
			"rotation": {"angle": -22.5, "axis": "z", "origin": [8, 9.36979, 6.58074]},
			"faces": {
				"north": {"uv": [7.4375, 9.375, 7.375, 9.65625], "texture": "#4"},
				"east": {"uv": [8.34375, 1.375, 7.75, 1.65625], "texture": "#3"},
				"south": {"uv": [2.9375, 13.625, 2.875, 13.90625], "texture": "#3"},
				"west": {"uv": [5.59375, 3.5, 5, 3.78125], "texture": "#4"},
				"up": {"uv": [3.75, 9.09375, 3.8125, 8.5], "texture": "#4"},
				"down": {"uv": [3.875, 8.5, 3.9375, 9.09375], "texture": "#4"}
			}
		},
		{
			"from": [7.62438, 7.74209, 13.71758],
			"to": [7.87479, 9.36979, 16.34694],
			"rotation": {"angle": -22.5, "axis": "z", "origin": [8, 9.36979, 6.58074]},
			"faces": {
				"north": {"uv": [8.8125, 8, 8.75, 8.40625], "texture": "#4"},
				"east": {"uv": [6.28125, 1.75, 5.625, 2.15625], "texture": "#3"},
				"south": {"uv": [12.0625, 12.875, 12, 13.28125], "texture": "#3"},
				"west": {"uv": [4.40625, 0.875, 3.75, 1.28125], "texture": "#4"},
				"up": {"uv": [8.25, 7.90625, 8.3125, 7.25], "texture": "#4"},
				"down": {"uv": [7.375, 8.25, 7.4375, 8.90625], "texture": "#4"}
			}
		},
		{
			"from": [7.87479, 7.74209, 13.71758],
			"to": [8.12521, 8.86896, 16.09653],
			"rotation": {"angle": 22.5, "axis": "z", "origin": [8, 9.36979, 6.58074]},
			"faces": {
				"north": {"uv": [6.6875, 9.375, 6.625, 9.65625], "texture": "#4"},
				"east": {"uv": [5.59375, 2.625, 5, 2.90625], "texture": "#4"},
				"south": {"uv": [13.6875, 2.625, 13.625, 2.90625], "texture": "#3"},
				"west": {"uv": [8.21875, 3.75, 7.625, 4.03125], "texture": "#3"},
				"up": {"uv": [3.5, 9.09375, 3.5625, 8.5], "texture": "#4"},
				"down": {"uv": [3.625, 8.5, 3.6875, 9.09375], "texture": "#4"}
			}
		},
		{
			"from": [8.12521, 7.74209, 13.71758],
			"to": [8.37562, 9.36979, 16.34694],
			"rotation": {"angle": 22.5, "axis": "z", "origin": [8, 9.36979, 6.58074]},
			"faces": {
				"north": {"uv": [7.9375, 8.75, 7.875, 9.15625], "texture": "#4"},
				"east": {"uv": [4.40625, 0.375, 3.75, 0.78125], "texture": "#4"},
				"south": {"uv": [11.9375, 12.875, 11.875, 13.28125], "texture": "#3"},
				"west": {"uv": [6.03125, 2.5, 5.375, 2.90625], "texture": "#3"},
				"up": {"uv": [8.25, 7.15625, 8.3125, 6.5], "texture": "#4"},
				"down": {"uv": [7.25, 8.25, 7.3125, 8.90625], "texture": "#4"}
			}
		},
		{
			"from": [7.74958, 4.11107, 19.47714],
			"to": [8.25042, 5.23794, 24.10982],
			"rotation": {"angle": -22.5, "axis": "x", "origin": [5.99668, -4.65348, 6.58074]},
			"faces": {
				"north": {"uv": [5.5, 8.5, 5.375, 8.78125], "texture": "#4"},
				"east": {"uv": [3.90625, 0, 2.75, 0.28125], "texture": "#4"},
				"south": {"uv": [5.625, 8.5, 5.5, 8.78125], "texture": "#4"},
				"west": {"uv": [1.65625, 2.625, 0.5, 2.90625], "texture": "#4"},
				"up": {"uv": [0.75, 6.28125, 0.875, 5.125], "texture": "#4"},
				"down": {"uv": [2.25, 8.25, 2.375, 9.40625], "texture": "#3"}
			}
		},
		{
			"from": [7.62438, 3.86065, 20.35359],
			"to": [7.74958, 5.23794, 24.10982],
			"rotation": {"angle": -22.5, "axis": "x", "origin": [5.99668, -4.65348, 6.58074]},
			"faces": {
				"north": {"uv": [6.28125, 9.75, 6.25, 10.09375], "texture": "#4"},
				"east": {"uv": [1.9375, 4.5, 1, 4.84375], "texture": "#3"},
				"south": {"uv": [6.53125, 9.75, 6.5, 10.09375], "texture": "#4"},
				"west": {"uv": [3.6875, 1.5, 2.75, 1.84375], "texture": "#4"},
				"up": {"uv": [1.875, 9.6875, 1.90625, 8.75], "texture": "#4"},
				"down": {"uv": [1.875, 12.75, 1.90625, 13.6875], "texture": "#3"}
			}
		},
		{
			"from": [8.25042, 3.86065, 20.35359],
			"to": [8.37562, 5.23794, 24.10982],
			"rotation": {"angle": -22.5, "axis": "x", "origin": [5.99668, -4.65348, 6.58074]},
			"faces": {
				"north": {"uv": [5.90625, 9.75, 5.875, 10.09375], "texture": "#4"},
				"east": {"uv": [3.6875, 1.125, 2.75, 1.46875], "texture": "#4"},
				"south": {"uv": [6.03125, 9.75, 6, 10.09375], "texture": "#4"},
				"west": {"uv": [4.8125, 4.375, 3.875, 4.71875], "texture": "#3"},
				"up": {"uv": [1.25, 9.6875, 1.28125, 8.75], "texture": "#4"},
				"down": {"uv": [12.75, 0.25, 12.78125, 1.1875], "texture": "#3"}
			}
		},
		{
			"from": [-1.76621, 3.48503, 13.71708],
			"to": [-1.641, 3.98586, 16.34644],
			"rotation": {"angle": -45, "axis": "z", "origin": [8, -4.65348, 6.58074]},
			"faces": {
				"north": {"uv": [10.15625, 6.625, 10.125, 6.75], "texture": "#4"},
				"east": {"uv": [7.53125, 2.125, 6.875, 2.25], "texture": "#4"},
				"south": {"uv": [8.03125, 14.375, 8, 14.5], "texture": "#3"},
				"west": {"uv": [7.40625, 4.375, 6.75, 4.5], "texture": "#4"},
				"up": {"uv": [2.625, 9.90625, 2.65625, 9.25], "texture": "#4"},
				"down": {"uv": [9.25, 2.75, 9.28125, 3.40625], "texture": "#4"}
			}
		},
		{
			"from": [-1.641, 3.48503, 13.71708],
			"to": [-0.38892, 3.73544, 16.34644],
			"rotation": {"angle": -45, "axis": "z", "origin": [8, -4.65348, 6.58074]},
			"faces": {
				"north": {"uv": [9.5625, 6.375, 9.25, 6.4375], "texture": "#4"},
				"east": {"uv": [7.15625, 8.25, 6.5, 8.3125], "texture": "#4"},
				"south": {"uv": [13.6875, 8, 13.375, 8.0625], "texture": "#3"},
				"west": {"uv": [8.90625, 6.375, 8.25, 6.4375], "texture": "#4"},
				"up": {"uv": [4.375, 7.03125, 4.6875, 6.375], "texture": "#3"},
				"down": {"uv": [4.5, 1.125, 4.8125, 1.78125], "texture": "#4"}
			}
		},
		{
			"from": [-0.63934, 4.98752, 13.71708],
			"to": [-0.13851, 5.11273, 16.34644],
			"rotation": {"angle": -45, "axis": "z", "origin": [8, -4.65348, 6.58074]},
			"faces": {
				"north": {"uv": [10.25, 6.5, 10.125, 6.53125], "texture": "#4"},
				"east": {"uv": [9.90625, 2.625, 9.25, 2.65625], "texture": "#4"},
				"south": {"uv": [8, 14.375, 7.875, 14.40625], "texture": "#3"},
				"west": {"uv": [9.90625, 2.5, 9.25, 2.53125], "texture": "#4"},
				"up": {"uv": [5.75, 7.40625, 5.875, 6.75], "texture": "#4"},
				"down": {"uv": [2.375, 6.875, 2.5, 7.53125], "texture": "#4"}
			}
		},
		{
			"from": [-1.641, 3.86065, 15.09486],
			"to": [-0.63934, 4.98752, 15.84611],
			"rotation": {"angle": -45, "axis": "z", "origin": [8, -4.65348, 6.58074]},
			"faces": {
				"north": {"uv": [5, 7.375, 4.75, 7.65625], "texture": "#4"},
				"east": {"uv": [1.9375, 8, 1.75, 8.28125], "texture": "#4"},
				"south": {"uv": [6.75, 10.875, 6.5, 11.15625], "texture": "#3"},
				"west": {"uv": [8.1875, 0.75, 8, 1.03125], "texture": "#4"},
				"up": {"uv": [8.125, 0.5625, 8.375, 0.375], "texture": "#4"},
				"down": {"uv": [1.125, 8.125, 1.375, 8.3125], "texture": "#4"}
			}
		},
		{
			"from": [-1.51579, 3.73544, 15.09436],
			"to": [-0.63934, 3.98586, 16.09603],
			"rotation": {"angle": -45, "axis": "z", "origin": [8, -4.65348, 6.58074]},
			"faces": {
				"north": {"uv": [9.84375, 4.625, 9.625, 4.6875], "texture": "#4"},
				"east": {"uv": [9.75, 6.25, 9.5, 6.3125], "texture": "#4"},
				"south": {"uv": [13.59375, 13.75, 13.375, 13.8125], "texture": "#3"},
				"west": {"uv": [9.75, 5.875, 9.5, 5.9375], "texture": "#4"},
				"up": {"uv": [4.375, 11.75, 4.59375, 11.5], "texture": "#3"},
				"down": {"uv": [7.875, 1.5, 8.09375, 1.75], "texture": "#4"}
			}
		},
		{
			"from": [-0.63934, 3.73544, 15.09436],
			"to": [-0.38892, 4.86231, 16.09603],
			"rotation": {"angle": -45, "axis": "z", "origin": [8, -4.65348, 6.58074]},
			"faces": {
				"north": {"uv": [5.9375, 9.375, 5.875, 9.65625], "texture": "#4"},
				"east": {"uv": [4.75, 7.375, 4.5, 7.65625], "texture": "#4"},
				"south": {"uv": [2.5625, 13.625, 2.5, 13.90625], "texture": "#3"},
				"west": {"uv": [5.625, 10.875, 5.375, 11.15625], "texture": "#3"},
				"up": {"uv": [6.875, 9.75, 6.9375, 9.5], "texture": "#4"},
				"down": {"uv": [9.5, 6.875, 9.5625, 7.125], "texture": "#4"}
			}
		},
		{
			"from": [-0.38892, 3.48503, 13.71708],
			"to": [-0.13851, 4.98752, 16.34644],
			"rotation": {"angle": -45, "axis": "z", "origin": [8, -4.65348, 6.58074]},
			"faces": {
				"north": {"uv": [7.0625, 8.875, 7, 9.25], "texture": "#4"},
				"east": {"uv": [2.65625, 3.875, 2, 4.25], "texture": "#4"},
				"south": {"uv": [13.3125, 0.875, 13.25, 1.25], "texture": "#3"},
				"west": {"uv": [6.65625, 4.25, 6, 4.625], "texture": "#3"},
				"up": {"uv": [5.875, 8.90625, 5.9375, 8.25], "texture": "#4"},
				"down": {"uv": [6.25, 8.25, 6.3125, 8.90625], "texture": "#4"}
			}
		},
		{
			"from": [7.62438, 4.86231, 19.47714],
			"to": [8.37562, 5.23794, 20.35359],
			"rotation": {"angle": -22.5, "axis": "x", "origin": [5.99668, -4.65348, 6.58074]},
			"faces": {
				"north": {"uv": [5.3125, 9.375, 5.125, 9.46875], "texture": "#4"},
				"east": {"uv": [9.46875, 2.375, 9.25, 2.46875], "texture": "#4"},
				"south": {"uv": [9.5625, 6.125, 9.375, 6.21875], "texture": "#4"},
				"west": {"uv": [2.59375, 9.25, 2.375, 9.34375], "texture": "#4"},
				"up": {"uv": [8.25, 5.96875, 8.4375, 5.75], "texture": "#4"},
				"down": {"uv": [8.25, 6.125, 8.4375, 6.34375], "texture": "#4"}
			}
		},
		{
			"from": [7.62438, 5.23794, 18.47547],
			"to": [8.37562, 6.74043, 20.60401],
			"rotation": {"angle": -22.5, "axis": "x", "origin": [5.99668, -4.65348, 6.58074]},
			"faces": {
				"north": {"uv": [3.1875, 7.375, 3, 7.75], "texture": "#4"},
				"east": {"uv": [5.03125, 4.375, 4.5, 4.75], "texture": "#4"},
				"south": {"uv": [7.5625, 3.75, 7.375, 4.125], "texture": "#4"},
				"west": {"uv": [5.03125, 1.875, 4.5, 2.25], "texture": "#4"},
				"up": {"uv": [6.5, 4.40625, 6.6875, 3.875], "texture": "#4"},
				"down": {"uv": [5, 6.5, 5.1875, 7.03125], "texture": "#4"}
			}
		},
		{
			"from": [-1.39058, 3.86065, 7.95752],
			"to": [-0.51413, 4.7371, 9.96084],
			"rotation": {"angle": -45, "axis": "z", "origin": [8, -4.65348, 6.58074]},
			"faces": {
				"north": {"uv": [8.21875, 3.75, 8, 3.96875], "texture": "#4"},
				"east": {"uv": [6.75, 5.25, 6.25, 5.46875], "texture": "#4"},
				"south": {"uv": [8.21875, 4.125, 8, 4.34375], "texture": "#4"},
				"west": {"uv": [6.5, 2, 6, 2.21875], "texture": "#4"},
				"up": {"uv": [3.5, 6.75, 3.71875, 6.25], "texture": "#4"},
				"down": {"uv": [0.75, 6.375, 0.96875, 6.875], "texture": "#4"}
			}
		},
		{
			"from": [-1.51579, 3.73544, 9.96084],
			"to": [-0.38892, 4.86231, 11.46334],
			"rotation": {"angle": -45, "axis": "z", "origin": [8, -4.65348, 6.58074]},
			"faces": {
				"north": {"uv": [7.28125, 3.75, 7, 4.03125], "texture": "#4"},
				"east": {"uv": [6.875, 1.875, 6.5, 2.15625], "texture": "#4"},
				"south": {"uv": [4.28125, 7, 4, 7.28125], "texture": "#4"},
				"west": {"uv": [5.625, 6.375, 5.25, 6.65625], "texture": "#4"},
				"up": {"uv": [6.5, 2.75, 6.78125, 2.375], "texture": "#4"},
				"down": {"uv": [6.5, 2.75, 6.78125, 3.125], "texture": "#4"}
			}
		},
		{
			"from": [-1.641, 3.61023, 11.46334],
			"to": [-0.26371, 4.98752, 13.71708],
			"rotation": {"angle": -45, "axis": "z", "origin": [8, -4.65348, 6.58074]},
			"faces": {
				"north": {"uv": [6.34375, 0.375, 6, 0.71875], "texture": "#4"},
				"east": {"uv": [5.1875, 2.25, 4.625, 2.59375], "texture": "#4"},
				"south": {"uv": [6.34375, 1.625, 6, 1.96875], "texture": "#4"},
				"west": {"uv": [1.5625, 4.625, 1, 4.96875], "texture": "#4"},
				"up": {"uv": [4.625, 3.1875, 4.96875, 2.625], "texture": "#4"},
				"down": {"uv": [4.625, 3.75, 4.96875, 4.3125], "texture": "#4"}
			}
		},
		{
			"from": [7.68698, 6.2396, 13.34196],
			"to": [8.31302, 7.36647, 14.71924],
			"rotation": {"angle": -22.5, "axis": "x", "origin": [5.99668, -4.65348, 6.58074]},
			"faces": {
				"north": {"uv": [3.65625, 8.125, 3.5, 8.40625], "texture": "#4"},
				"east": {"uv": [4.46875, 6.625, 4.125, 6.90625], "texture": "#4"},
				"south": {"uv": [3.90625, 8.125, 3.75, 8.40625], "texture": "#4"},
				"west": {"uv": [4.09375, 6.625, 3.75, 6.90625], "texture": "#4"},
				"up": {"uv": [7, 8.21875, 7.15625, 7.875], "texture": "#4"},
				"down": {"uv": [7.25, 7.875, 7.40625, 8.21875], "texture": "#4"}
			}
		},
		{
			"from": [7.68748, 8.0156, 3.34169],
			"to": [8.31252, 8.51643, 3.71732],
			"rotation": {"angle": 22.5, "axis": "x", "origin": [5.99668, -3.50352, 7.09793]},
			"faces": {
				"north": {"uv": [9.40625, 5.75, 9.25, 5.875], "texture": "#4"},
				"east": {"uv": [9.71875, 8.25, 9.625, 8.375], "texture": "#4"},
				"south": {"uv": [9.40625, 6.25, 9.25, 6.375], "texture": "#4"},
				"west": {"uv": [9.71875, 8.125, 9.625, 8.25], "texture": "#4"},
				"up": {"uv": [9.625, 2.09375, 9.78125, 2], "texture": "#4"},
				"down": {"uv": [9.625, 2.125, 9.78125, 2.21875], "texture": "#4"}
			}
		}
	],
	"display": {
		"head": {
			"rotation": [0, 180, 0]
		}
	}
}