{
	"credit": "Made with Blockbench",
	"textures": {
		"2": "animated_java:item/valk_aj/line",
		"3": "animated_java:item/valk_aj/main",
		"4": "animated_java:item/valk_aj/texture"
	},
	"elements": [
		{
			"from": [-6.175, 1.9079, 14.51075],
			"to": [-5.365, 2.7179, 14.51075],
			"rotation": {"angle": -45, "axis": "z", "origin": [8, -11.4571, 5.39987]},
			"faces": {
				"north": {"uv": [16, 16, 16, 16], "texture": "#3"},
				"east": {"uv": [0, 0, 0, 0.5], "texture": "#missing"},
				"south": {"uv": [9.5, 14, 7.5, 16], "texture": "#2"},
				"west": {"uv": [0, 0, 0, 0.125], "texture": "#missing"},
				"up": {"uv": [0, 0, 0.5, 0], "texture": "#missing"},
				"down": {"uv": [0, 0, 0.5, 0], "texture": "#missing"}
			}
		},
		{
			"from": [-6.985, 1.3004, 12.48656],
			"to": [-4.7575, 3.5279, 12.68906],
			"rotation": {"angle": -45, "axis": "z", "origin": [8, -11.4571, 5.39987]},
			"faces": {
				"north": {"uv": [16, 16, 16, 16], "texture": "#3"},
				"east": {"uv": [6.5, 16, 7, 10.5], "rotation": 180, "texture": "#2"},
				"south": {"uv": [16, 16, 16, 16], "texture": "#3"},
				"west": {"uv": [6.5, 10.5, 7, 5], "rotation": 180, "texture": "#2"},
				"up": {"uv": [7, 5, 6.5, 10.5], "rotation": 270, "texture": "#2"},
				"down": {"uv": [7, 10.5, 6.5, 16], "rotation": 270, "texture": "#2"}
			}
		},
		{
			"from": [-6.58, 1.5029, 14.91575],
			"to": [-4.96, 3.1229, 14.91575],
			"rotation": {"angle": -45, "axis": "z", "origin": [8, -11.4571, 5.39987]},
			"faces": {
				"north": {"uv": [16, 16, 16, 16], "texture": "#3"},
				"east": {"uv": [0, 0, 0, 1], "texture": "#missing"},
				"south": {"uv": [15, 12, 11, 16], "texture": "#2"},
				"west": {"uv": [0, 0, 0, 0.25], "texture": "#missing"},
				"up": {"uv": [0, 0, 1, 0], "texture": "#missing"},
				"down": {"uv": [0, 0, 1, 0], "texture": "#missing"}
			}
		},
		{
			"from": [-6.58, 1.7054, 9.44906],
			"to": [-5.1625, 3.1229, 9.65156],
			"rotation": {"angle": -45, "axis": "z", "origin": [8, -11.4571, 5.39987]},
			"faces": {
				"north": {"uv": [16, 16, 16, 16], "texture": "#3"},
				"east": {"uv": [5.5, 11, 6, 7.5], "rotation": 180, "texture": "#2"},
				"south": {"uv": [16, 16, 16, 16], "texture": "#3"},
				"west": {"uv": [5.5, 7.5, 6, 4], "rotation": 180, "texture": "#2"},
				"up": {"uv": [6, 4, 5.5, 7.5], "rotation": 270, "texture": "#2"},
				"down": {"uv": [6, 7.5, 5.5, 11], "rotation": 270, "texture": "#2"}
			}
		},
		{
			"from": [-6.7825, 1.5029, 10.66406],
			"to": [-4.96, 3.3254, 10.86656],
			"rotation": {"angle": -45, "axis": "z", "origin": [8, -11.4571, 5.39987]},
			"faces": {
				"north": {"uv": [16, 16, 16, 16], "texture": "#3"},
				"east": {"uv": [6, 13.5, 6.5, 9], "rotation": 180, "texture": "#2"},
				"south": {"uv": [16, 16, 16, 16], "texture": "#3"},
				"west": {"uv": [6, 9, 6.5, 4.5], "rotation": 180, "texture": "#2"},
				"up": {"uv": [6.5, 4.5, 6, 9], "rotation": 270, "texture": "#2"},
				"down": {"uv": [6.5, 9, 6, 13.5], "rotation": 270, "texture": "#2"}
			}
		},
		{
			"from": [7.49456, 5.1479, 19.97987],
			"to": [8.50625, 5.9579, 20.18237],
			"rotation": {"angle": -22.5, "axis": "x", "origin": [-4.15, -11.4571, 5.39987]},
			"faces": {
				"north": {"uv": [16, 16, 16, 16], "texture": "#3"},
				"east": {"uv": [6.5, 4.5, 7, 2.5], "rotation": 180, "texture": "#2"},
				"south": {"uv": [16, 16, 16, 16], "texture": "#3"},
				"west": {"uv": [6.5, 4.5, 7, 2.5], "rotation": 180, "texture": "#2"},
				"up": {"uv": [7, 0, 6.5, 2.5], "rotation": 270, "texture": "#2"},
				"down": {"uv": [16, 16, 16, 16], "texture": "#3"}
			}
		},
		{
			"from": [8.2025, 8.1854, 9.44987],
			"to": [8.2025, 8.7929, 9.65237],
			"rotation": {"angle": 22.5, "axis": "z", "origin": [8, 9.6029, 5.39987]},
			"faces": {
				"north": {"uv": [0, 0, 0, 0.09375], "texture": "#missing"},
				"east": {"uv": [5.5, 6, 6, 4.5], "rotation": 180, "texture": "#2"},
				"south": {"uv": [0, 0, 0, 0.09375], "texture": "#missing"},
				"west": {"uv": [16, 16, 16, 16], "texture": "#3"},
				"up": {"uv": [0, 0.125, 0, 0], "texture": "#missing"},
				"down": {"uv": [0, 0, 0, 0.125], "texture": "#missing"}
			}
		},
		{
			"from": [7.7975, 8.1854, 9.44987],
			"to": [7.7975, 8.7929, 9.65237],
			"rotation": {"angle": -22.5, "axis": "z", "origin": [8, 9.6029, 5.39987]},
			"faces": {
				"north": {"uv": [0, 0, 0, 0.09375], "texture": "#missing"},
				"east": {"uv": [16, 16, 16, 16], "texture": "#3"},
				"south": {"uv": [0, 0, 0, 0.375], "texture": "#missing"},
				"west": {"uv": [5.5, 6, 6, 4.5], "rotation": 180, "texture": "#2"},
				"up": {"uv": [0, 0.03125, 0, 0], "texture": "#missing"},
				"down": {"uv": [0, 0, 0, 0.03125], "texture": "#missing"}
			}
		},
		{
			"from": [7.595, 8.1854, 10.66487],
			"to": [7.595, 8.9954, 10.86737],
			"rotation": {"angle": -22.5, "axis": "z", "origin": [8, 9.6029, 5.39987]},
			"faces": {
				"north": {"uv": [0, 0, 0, 0.5], "texture": "#missing"},
				"east": {"uv": [16, 16, 16, 16], "texture": "#3"},
				"south": {"uv": [0, 0, 0, 0.5], "texture": "#missing"},
				"west": {"uv": [6, 7, 6.5, 5], "rotation": 180, "texture": "#2"},
				"up": {"uv": [0, 0.03125, 0, 0], "texture": "#missing"},
				"down": {"uv": [0, 0, 0, 0.03125], "texture": "#missing"}
			}
		},
		{
			"from": [8.405, 8.1854, 10.66487],
			"to": [8.405, 8.9954, 10.86737],
			"rotation": {"angle": 22.5, "axis": "z", "origin": [8, 9.6029, 5.39987]},
			"faces": {
				"north": {"uv": [0, 0, 0, 0.5], "texture": "#missing"},
				"east": {"uv": [6, 7, 6.5, 5], "rotation": 180, "texture": "#2"},
				"south": {"uv": [0, 0, 0, 0.125], "texture": "#missing"},
				"west": {"uv": [16, 16, 16, 16], "texture": "#3"},
				"up": {"uv": [0, 0.125, 0, 0], "texture": "#missing"},
				"down": {"uv": [0, 0, 0, 0.125], "texture": "#missing"}
			}
		},
		{
			"from": [8, 7.9829, 14.51237],
			"to": [8.2025, 8.3879, 14.51237],
			"rotation": {"angle": -22.5, "axis": "z", "origin": [8, 9.6029, 5.39987]},
			"faces": {
				"north": {"uv": [16, 16, 16, 16], "texture": "#3"},
				"east": {"uv": [0, 0, 0, 0.25], "texture": "#missing"},
				"south": {"uv": [7.5, 13.5, 8.5, 14], "rotation": 270, "texture": "#2"},
				"west": {"uv": [0, 0, 0, 0.0625], "texture": "#missing"},
				"up": {"uv": [0, 0, 0.125, 0], "texture": "#missing"},
				"down": {"uv": [0, 0, 0.125, 0], "texture": "#missing"}
			}
		},
		{
			"from": [7.595, 7.7804, 14.91737],
			"to": [7.7975, 8.3879, 14.91737],
			"rotation": {"angle": -22.5, "axis": "z", "origin": [8, 9.6029, 5.39987]},
			"faces": {
				"north": {"uv": [16, 16, 16, 16], "texture": "#3"},
				"east": {"uv": [0, 0, 0, 0.375], "texture": "#missing"},
				"south": {"uv": [11, 11.5, 12.5, 12], "rotation": 270, "texture": "#2"},
				"west": {"uv": [0, 0, 0, 0.09375], "texture": "#missing"},
				"up": {"uv": [0, 0, 0.125, 0], "texture": "#missing"},
				"down": {"uv": [0, 0, 0.125, 0], "texture": "#missing"}
			}
		},
		{
			"from": [7.3925, 8.1854, 12.48737],
			"to": [7.3925, 9.8054, 12.68987],
			"rotation": {"angle": -22.5, "axis": "z", "origin": [8, 9.6029, 5.39987]},
			"faces": {
				"north": {"uv": [0, 0, 0, 1], "texture": "#missing"},
				"east": {"uv": [16, 16, 16, 16], "texture": "#3"},
				"south": {"uv": [0, 0, 0, 1], "texture": "#missing"},
				"west": {"uv": [6.5, 8.5, 7, 4.5], "rotation": 180, "texture": "#2"},
				"up": {"uv": [0, 0.03125, 0, 0], "texture": "#missing"},
				"down": {"uv": [0, 0, 0, 0.03125], "texture": "#missing"}
			}
		},
		{
			"from": [7.7975, 7.9829, 14.51237],
			"to": [8, 8.3879, 14.51237],
			"rotation": {"angle": 22.5, "axis": "z", "origin": [8, 9.6029, 5.39987]},
			"faces": {
				"north": {"uv": [16, 16, 16, 16], "texture": "#3"},
				"east": {"uv": [0, 0, 0, 0.25], "texture": "#missing"},
				"south": {"uv": [7.5, 13.5, 8.5, 14], "rotation": 270, "texture": "#2"},
				"west": {"uv": [0, 0, 0, 0.0625], "texture": "#missing"},
				"up": {"uv": [0, 0, 0.125, 0], "texture": "#missing"},
				"down": {"uv": [0, 0, 0.125, 0], "texture": "#missing"}
			}
		},
		{
			"from": [8.2025, 7.7804, 14.91737],
			"to": [8.405, 8.3879, 14.91737],
			"rotation": {"angle": 22.5, "axis": "z", "origin": [8, 9.6029, 5.39987]},
			"faces": {
				"north": {"uv": [16, 16, 16, 16], "texture": "#3"},
				"east": {"uv": [0, 0, 0, 0.375], "texture": "#missing"},
				"south": {"uv": [11, 11.5, 12.5, 12], "rotation": 270, "texture": "#2"},
				"west": {"uv": [0, 0, 0, 0.09375], "texture": "#missing"},
				"up": {"uv": [0, 0, 0.125, 0], "texture": "#missing"},
				"down": {"uv": [0, 0, 0.125, 0], "texture": "#missing"}
			}
		},
		{
			"from": [8.6075, 8.1854, 12.48737],
			"to": [8.6075, 9.8054, 12.68987],
			"rotation": {"angle": 22.5, "axis": "z", "origin": [8, 9.6029, 5.39987]},
			"faces": {
				"north": {"uv": [0, 0, 0, 0.25], "texture": "#missing"},
				"east": {"uv": [6.5, 8.5, 7, 4.5], "rotation": 180, "texture": "#2"},
				"south": {"uv": [0, 0, 0, 0.25], "texture": "#missing"},
				"west": {"uv": [16, 16, 16, 16], "texture": "#3"},
				"up": {"uv": [0, 0.125, 0, 0], "texture": "#missing"},
				"down": {"uv": [0, 0, 0, 0.125], "texture": "#missing"}
			}
		},
		{
			"from": [7.39331, 5.3504, 18.15737],
			"to": [8.6075, 6.1604, 18.35987],
			"rotation": {"angle": -22.5, "axis": "x", "origin": [-4.15, -11.4571, 5.39987]},
			"faces": {
				"north": {"uv": [16, 16, 16, 16], "texture": "#3"},
				"east": {"uv": [6, 5, 6.5, 3], "rotation": 180, "texture": "#2"},
				"south": {"uv": [16, 16, 16, 16], "texture": "#3"},
				"west": {"uv": [6, 5, 6.5, 3], "rotation": 180, "texture": "#2"},
				"up": {"uv": [6.5, 0, 6, 3], "rotation": 270, "texture": "#2"},
				"down": {"uv": [16, 16, 16, 16], "texture": "#3"}
			}
		},
		{
			"from": [7.49456, 5.5529, 16.94237],
			"to": [8.50625, 6.3629, 17.14487],
			"rotation": {"angle": -22.5, "axis": "x", "origin": [-4.15, -11.4571, 5.39987]},
			"faces": {
				"north": {"uv": [16, 16, 16, 16], "texture": "#3"},
				"east": {"uv": [5.5, 4.5, 6, 2.5], "rotation": 180, "texture": "#2"},
				"south": {"uv": [16, 16, 16, 16], "texture": "#3"},
				"west": {"uv": [5.5, 4.5, 6, 2.5], "rotation": 180, "texture": "#2"},
				"up": {"uv": [6, 0, 5.5, 2.5], "rotation": 270, "texture": "#2"},
				"down": {"uv": [16, 16, 16, 16], "texture": "#3"}
			}
		},
		{
			"from": [-5.5675, 3.1229, 12.48656],
			"to": [-4.7575, 3.5279, 14.91656],
			"rotation": {"angle": -45, "axis": "z", "origin": [8, -11.4571, 5.39987]},
			"faces": {
				"north": {"uv": [10.125, 1.625, 10, 1.6875], "texture": "#4"},
				"east": {"uv": [9.5, 3.75, 9.125, 3.8125], "texture": "#4"},
				"south": {"uv": [10.125, 1.75, 10, 1.8125], "texture": "#4"},
				"west": {"uv": [4.125, 9.125, 3.75, 9.1875], "texture": "#4"},
				"up": {"uv": [4.75, 0.375, 4.875, 0], "texture": "#4"},
				"down": {"uv": [5.125, 1.875, 5.25, 2.25], "texture": "#4"}
			}
		},
		{
			"from": [-6.3775, 1.7054, 13.70156],
			"to": [-5.5675, 2.1104, 14.51156],
			"rotation": {"angle": -45, "axis": "z", "origin": [8, -11.4571, 5.39987]},
			"faces": {
				"north": {"uv": [10.125, 1.125, 10, 1.1875], "texture": "#4"},
				"east": {"uv": [10.125, 1.5, 10, 1.5625], "texture": "#4"},
				"south": {"uv": [1.625, 10, 1.5, 10.0625], "texture": "#4"},
				"west": {"uv": [1.5, 10, 1.375, 10.0625], "texture": "#4"},
				"up": {"uv": [8, 9.625, 8.125, 9.5], "texture": "#4"},
				"down": {"uv": [9.5, 8, 9.625, 8.125], "texture": "#4"}
			}
		},
		{
			"from": [-6.3775, 2.1104, 13.29737],
			"to": [-5.5675, 2.9204, 14.10737],
			"rotation": {"angle": -45, "axis": "z", "origin": [8, -11.4571, 5.39987]},
			"faces": {
				"north": {"uv": [9.625, 7.5, 9.5, 7.625], "texture": "#4"},
				"east": {"uv": [9.625, 7.75, 9.5, 7.875], "texture": "#4"},
				"south": {"uv": [7.875, 9.5, 7.75, 9.625], "texture": "#4"},
				"west": {"uv": [9.625, 7.625, 9.5, 7.75], "texture": "#4"},
				"up": {"uv": [7.875, 9.625, 8, 9.5], "texture": "#4"},
				"down": {"uv": [9.5, 7.875, 9.625, 8], "texture": "#4"}
			}
		},
		{
			"from": [-5.5675, 1.7054, 13.70156],
			"to": [-5.1625, 3.1229, 14.51156],
			"rotation": {"angle": -45, "axis": "z", "origin": [8, -11.4571, 5.39987]},
			"faces": {
				"north": {"uv": [5.6875, 9.625, 5.625, 9.84375], "texture": "#4"},
				"east": {"uv": [6.25, 4.75, 6.125, 4.96875], "texture": "#4"},
				"south": {"uv": [6.1875, 9.625, 6.125, 9.84375], "texture": "#4"},
				"west": {"uv": [6, 3.25, 5.875, 3.46875], "texture": "#4"},
				"up": {"uv": [10, 1, 10.0625, 0.875], "texture": "#4"},
				"down": {"uv": [10, 1, 10.0625, 1.125], "texture": "#4"}
			}
		},
		{
			"from": [-5.1625, 1.3004, 12.48656],
			"to": [-4.7575, 3.1229, 14.91656],
			"rotation": {"angle": -45, "axis": "z", "origin": [8, -11.4571, 5.39987]},
			"faces": {
				"north": {"uv": [9.5625, 2, 9.5, 2.28125], "texture": "#4"},
				"east": {"uv": [6.875, 3.5, 6.5, 3.78125], "texture": "#4"},
				"south": {"uv": [2.1875, 9.5, 2.125, 9.78125], "texture": "#4"},
				"west": {"uv": [6.875, 3.125, 6.5, 3.40625], "texture": "#4"},
				"up": {"uv": [3.5, 9.5, 3.5625, 9.125], "texture": "#4"},
				"down": {"uv": [3.625, 9.125, 3.6875, 9.5], "texture": "#4"}
			}
		},
		{
			"from": [-6.985, 1.3004, 12.48656],
			"to": [-6.58, 2.1104, 14.91656],
			"rotation": {"angle": -45, "axis": "z", "origin": [8, -11.4571, 5.39987]},
			"faces": {
				"north": {"uv": [10.0625, 0.75, 10, 0.875], "texture": "#4"},
				"east": {"uv": [8.375, 6, 8, 6.125], "texture": "#4"},
				"south": {"uv": [0.9375, 10, 0.875, 10.125], "texture": "#4"},
				"west": {"uv": [8.375, 3.375, 8, 3.5], "texture": "#4"},
				"up": {"uv": [3.25, 9.5, 3.3125, 9.125], "texture": "#4"},
				"down": {"uv": [9.125, 3.375, 9.1875, 3.75], "texture": "#4"}
			}
		},
		{
			"from": [-6.58, 1.3004, 12.48656],
			"to": [-5.1625, 1.7054, 14.91656],
			"rotation": {"angle": -45, "axis": "z", "origin": [8, -11.4571, 5.39987]},
			"faces": {
				"north": {"uv": [9.84375, 6.125, 9.625, 6.1875], "texture": "#4"},
				"east": {"uv": [9.5, 1.375, 9.125, 1.4375], "texture": "#4"},
				"south": {"uv": [9.84375, 6.375, 9.625, 6.4375], "texture": "#4"},
				"west": {"uv": [9.5, 0.875, 9.125, 0.9375], "texture": "#4"},
				"up": {"uv": [7, 0.375, 7.21875, 0], "texture": "#4"},
				"down": {"uv": [0.25, 7, 0.46875, 7.375], "texture": "#4"}
			}
		},
		{
			"from": [-6.3775, 1.9079, 7.82906],
			"to": [-5.365, 2.9204, 9.44906],
			"rotation": {"angle": -45, "axis": "z", "origin": [8, -11.4571, 5.39987]},
			"faces": {
				"north": {"uv": [9.03125, 3.375, 8.875, 3.53125], "texture": "#4"},
				"east": {"uv": [6.75, 8.375, 6.5, 8.53125], "texture": "#4"},
				"south": {"uv": [9.03125, 3.625, 8.875, 3.78125], "texture": "#4"},
				"west": {"uv": [8.625, 4.875, 8.375, 5.03125], "texture": "#4"},
				"up": {"uv": [8.375, 6.75, 8.53125, 6.5], "texture": "#4"},
				"down": {"uv": [6.75, 8.375, 6.90625, 8.625], "texture": "#4"}
			}
		},
		{
			"from": [-6.58, 1.7054, 9.44906],
			"to": [-5.1625, 3.1229, 10.66406],
			"rotation": {"angle": -45, "axis": "z", "origin": [8, -11.4571, 5.39987]},
			"faces": {
				"north": {"uv": [7.71875, 8, 7.5, 8.21875], "texture": "#4"},
				"east": {"uv": [8.4375, 8.25, 8.25, 8.46875], "texture": "#4"},
				"south": {"uv": [8.21875, 7.625, 8, 7.84375], "texture": "#4"},
				"west": {"uv": [8.4375, 8, 8.25, 8.21875], "texture": "#4"},
				"up": {"uv": [0, 8.5625, 0.21875, 8.375], "texture": "#4"},
				"down": {"uv": [8.375, 0, 8.59375, 0.1875], "texture": "#4"}
			}
		},
		{
			"from": [-6.7825, 1.5029, 10.66406],
			"to": [-4.96, 3.3254, 12.48656],
			"rotation": {"angle": -45, "axis": "z", "origin": [8, -11.4571, 5.39987]},
			"faces": {
				"north": {"uv": [7.28125, 6.875, 7, 7.15625], "texture": "#4"},
				"east": {"uv": [7.40625, 2.75, 7.125, 3.03125], "texture": "#4"},
				"south": {"uv": [7.40625, 1.5, 7.125, 1.78125], "texture": "#4"},
				"west": {"uv": [7.40625, 0.375, 7.125, 0.65625], "texture": "#4"},
				"up": {"uv": [7.125, 3.40625, 7.40625, 3.125], "texture": "#4"},
				"down": {"uv": [7.125, 4.5, 7.40625, 4.78125], "texture": "#4"}
			}
		},
		{
			"from": [7.49294, 9.24171, 14.26354],
			"to": [8.50706, 11.06421, 21.14854],
			"rotation": {"angle": 0, "axis": "y", "origin": [-4.15081, -11.41329, 5.35354]},
			"faces": {
				"north": {"uv": [4.40625, 8.125, 4.25, 8.40625], "texture": "#4"},
				"east": {"uv": [4.1875, 3.5, 3.125, 3.78125], "texture": "#4"},
				"south": {"uv": [8.28125, 4.375, 8.125, 4.65625], "texture": "#4"},
				"west": {"uv": [3.0625, 3.5, 2, 3.78125], "texture": "#4"},
				"up": {"uv": [0, 6.0625, 0.15625, 5], "texture": "#4"},
				"down": {"uv": [0.5, 5.125, 0.65625, 6.1875], "texture": "#4"}
			}
		},
		{
			"from": [8.30375, 3.3254, 21.39737],
			"to": [8.50625, 4.1354, 23.82737],
			"rotation": {"angle": -22.5, "axis": "x", "origin": [-4.15, -11.4571, 5.39987]},
			"faces": {
				"north": {"uv": [7.53125, 10.125, 7.5, 10.25], "texture": "#4"},
				"east": {"uv": [8.375, 2.625, 8, 2.75], "texture": "#4"},
				"south": {"uv": [10.15625, 7.5, 10.125, 7.625], "texture": "#4"},
				"west": {"uv": [7.625, 6.25, 7.25, 6.375], "texture": "#4"},
				"up": {"uv": [1.75, 10.125, 1.78125, 9.75], "texture": "#4"},
				"down": {"uv": [1.875, 9.75, 1.90625, 10.125], "texture": "#4"}
			}
		},
		{
			"from": [7.49375, 3.3254, 21.39737],
			"to": [7.69625, 4.1354, 23.82737],
			"rotation": {"angle": -22.5, "axis": "x", "origin": [-4.15, -11.4571, 5.39987]},
			"faces": {
				"north": {"uv": [7.40625, 10.125, 7.375, 10.25], "texture": "#4"},
				"east": {"uv": [6.25, 1.125, 5.875, 1.25], "texture": "#4"},
				"south": {"uv": [10.15625, 7.375, 10.125, 7.5], "texture": "#4"},
				"west": {"uv": [4.625, 3.75, 4.25, 3.875], "texture": "#4"},
				"up": {"uv": [1, 10.125, 1.03125, 9.75], "texture": "#4"},
				"down": {"uv": [1.25, 9.75, 1.28125, 10.125], "texture": "#4"}
			}
		},
		{
			"from": [7.69625, 3.7304, 20.78987],
			"to": [8.30375, 4.1354, 23.82737],
			"rotation": {"angle": -22.5, "axis": "x", "origin": [-4.15, -11.4571, 5.39987]},
			"faces": {
				"north": {"uv": [8.59375, 10, 8.5, 10.0625], "texture": "#4"},
				"east": {"uv": [9.21875, 0.5, 8.75, 0.5625], "texture": "#4"},
				"south": {"uv": [8.71875, 10, 8.625, 10.0625], "texture": "#4"},
				"west": {"uv": [9.09375, 7.75, 8.625, 7.8125], "texture": "#4"},
				"up": {"uv": [3.25, 8.59375, 3.34375, 8.125], "texture": "#4"},
				"down": {"uv": [4.125, 8.125, 4.21875, 8.59375], "texture": "#4"}
			}
		},
		{
			"from": [7.49375, 4.3379, 19.97987],
			"to": [8.50625, 5.9579, 22.20737],
			"rotation": {"angle": -22.5, "axis": "x", "origin": [-4.15, -11.4571, 5.39987]},
			"faces": {
				"north": {"uv": [8.53125, 4.125, 8.375, 4.375], "texture": "#4"},
				"east": {"uv": [7.09375, 6.375, 6.75, 6.625], "texture": "#4"},
				"south": {"uv": [8.53125, 4.375, 8.375, 4.625], "texture": "#4"},
				"west": {"uv": [7.09375, 5.25, 6.75, 5.5], "texture": "#4"},
				"up": {"uv": [7.75, 8.21875, 7.90625, 7.875], "texture": "#4"},
				"down": {"uv": [8, 0, 8.15625, 0.34375], "texture": "#4"}
			}
		},
		{
			"from": [7.7975, 7.9829, 7.82987],
			"to": [8, 8.9954, 9.44987],
			"rotation": {"angle": 22.5, "axis": "z", "origin": [8, 9.6029, 5.39987]},
			"faces": {
				"north": {"uv": [2.78125, 10.125, 2.75, 10.28125], "texture": "#4"},
				"east": {"uv": [8.625, 3.875, 8.375, 4.03125], "texture": "#4"},
				"south": {"uv": [2.90625, 10.125, 2.875, 10.28125], "texture": "#4"},
				"west": {"uv": [8.625, 3.625, 8.375, 3.78125], "texture": "#4"},
				"up": {"uv": [10, 0.75, 10.03125, 0.5], "texture": "#4"},
				"down": {"uv": [0.625, 10, 0.65625, 10.25], "texture": "#4"}
			}
		},
		{
			"from": [8, 7.9829, 9.44987],
			"to": [8.2025, 9.1979, 10.66487],
			"rotation": {"angle": 22.5, "axis": "z", "origin": [8, 9.6029, 5.39987]},
			"faces": {
				"north": {"uv": [8.15625, 10, 8.125, 10.1875], "texture": "#4"},
				"east": {"uv": [7.6875, 8.5, 7.5, 8.6875], "texture": "#4"},
				"south": {"uv": [8.28125, 10, 8.25, 10.1875], "texture": "#4"},
				"west": {"uv": [8.6875, 7.25, 8.5, 7.4375], "texture": "#4"},
				"up": {"uv": [10, 8.4375, 10.03125, 8.25], "texture": "#4"},
				"down": {"uv": [8.375, 10, 8.40625, 10.1875], "texture": "#4"}
			}
		},
		{
			"from": [8, 7.9829, 7.82987],
			"to": [8.2025, 8.9954, 9.44987],
			"rotation": {"angle": -22.5, "axis": "z", "origin": [8, 9.6029, 5.39987]},
			"faces": {
				"north": {"uv": [2.40625, 10.125, 2.375, 10.28125], "texture": "#4"},
				"east": {"uv": [8.625, 3.25, 8.375, 3.40625], "texture": "#4"},
				"south": {"uv": [2.65625, 10.125, 2.625, 10.28125], "texture": "#4"},
				"west": {"uv": [8.625, 3, 8.375, 3.15625], "texture": "#4"},
				"up": {"uv": [0.375, 10.25, 0.40625, 10], "texture": "#4"},
				"down": {"uv": [0.5, 10, 0.53125, 10.25], "texture": "#4"}
			}
		},
		{
			"from": [7.7975, 7.9829, 9.44987],
			"to": [8, 9.1979, 10.66487],
			"rotation": {"angle": -22.5, "axis": "z", "origin": [8, 9.6029, 5.39987]},
			"faces": {
				"north": {"uv": [10.03125, 7.75, 10, 7.9375], "texture": "#4"},
				"east": {"uv": [8.6875, 7, 8.5, 7.1875], "texture": "#4"},
				"south": {"uv": [7.90625, 10, 7.875, 10.1875], "texture": "#4"},
				"west": {"uv": [8.6875, 6.75, 8.5, 6.9375], "texture": "#4"},
				"up": {"uv": [8, 10.1875, 8.03125, 10], "texture": "#4"},
				"down": {"uv": [10, 8, 10.03125, 8.1875], "texture": "#4"}
			}
		},
		{
			"from": [7.595, 7.7804, 10.66487],
			"to": [7.7975, 9.1979, 12.48737],
			"rotation": {"angle": -22.5, "axis": "z", "origin": [8, 9.6029, 5.39987]},
			"faces": {
				"north": {"uv": [3.90625, 10, 3.875, 10.21875], "texture": "#4"},
				"east": {"uv": [7.90625, 3.75, 7.625, 3.96875], "texture": "#4"},
				"south": {"uv": [10.03125, 3.875, 10, 4.09375], "texture": "#4"},
				"west": {"uv": [4.03125, 7.625, 3.75, 7.84375], "texture": "#4"},
				"up": {"uv": [9.875, 3.78125, 9.90625, 3.5], "texture": "#4"},
				"down": {"uv": [3.625, 9.875, 3.65625, 10.15625], "texture": "#4"}
			}
		},
		{
			"from": [8.2025, 7.7804, 10.66487],
			"to": [8.405, 9.1979, 12.48737],
			"rotation": {"angle": 22.5, "axis": "z", "origin": [8, 9.6029, 5.39987]},
			"faces": {
				"north": {"uv": [10.03125, 3.625, 10, 3.84375], "texture": "#4"},
				"east": {"uv": [7.90625, 2, 7.625, 2.21875], "texture": "#4"},
				"south": {"uv": [3.78125, 10, 3.75, 10.21875], "texture": "#4"},
				"west": {"uv": [0.65625, 7.625, 0.375, 7.84375], "texture": "#4"},
				"up": {"uv": [3.375, 10.15625, 3.40625, 9.875], "texture": "#4"},
				"down": {"uv": [3.5, 9.875, 3.53125, 10.15625], "texture": "#4"}
			}
		},
		{
			"from": [7.7975, 7.7804, 13.29737],
			"to": [8.2025, 9.8054, 14.51237],
			"rotation": {"angle": -22.5, "axis": "z", "origin": [8, 9.6029, 5.39987]},
			"faces": {
				"north": {"uv": [8.5625, 9.25, 8.5, 9.5625], "texture": "#4"},
				"east": {"uv": [4.6875, 7.75, 4.5, 8.0625], "texture": "#4"},
				"south": {"uv": [9.3125, 8.5, 9.25, 8.8125], "texture": "#4"},
				"west": {"uv": [4.3125, 7.75, 4.125, 8.0625], "texture": "#4"},
				"up": {"uv": [0.875, 9.9375, 0.9375, 9.75], "texture": "#4"},
				"down": {"uv": [9.75, 0.875, 9.8125, 1.0625], "texture": "#4"}
			}
		},
		{
			"from": [7.3925, 7.7804, 12.48737],
			"to": [7.7975, 9.8054, 14.91737],
			"rotation": {"angle": -22.5, "axis": "z", "origin": [8, 9.6029, 5.39987]},
			"faces": {
				"north": {"uv": [8.3125, 9.25, 8.25, 9.5625], "texture": "#4"},
				"east": {"uv": [1.75, 6.25, 1.375, 6.5625], "texture": "#4"},
				"south": {"uv": [8.4375, 9.25, 8.375, 9.5625], "texture": "#4"},
				"west": {"uv": [6.625, 1.125, 6.25, 1.4375], "texture": "#4"},
				"up": {"uv": [9.125, 3.375, 9.1875, 3], "texture": "#4"},
				"down": {"uv": [3.125, 9.125, 3.1875, 9.5], "texture": "#4"}
			}
		},
		{
			"from": [7.7975, 7.7804, 13.90487],
			"to": [8.2025, 9.4004, 14.51237],
			"rotation": {"angle": 22.5, "axis": "z", "origin": [8, 9.6029, 5.39987]},
			"faces": {
				"north": {"uv": [9.5625, 7.25, 9.5, 7.5], "texture": "#4"},
				"east": {"uv": [2.84375, 9.125, 2.75, 9.375], "texture": "#4"},
				"south": {"uv": [7.5625, 9.5, 7.5, 9.75], "texture": "#4"},
				"west": {"uv": [9.21875, 1.625, 9.125, 1.875], "texture": "#4"},
				"up": {"uv": [10, 7.71875, 10.0625, 7.625], "texture": "#4"},
				"down": {"uv": [7.75, 10, 7.8125, 10.09375], "texture": "#4"}
			}
		},
		{
			"from": [8.2025, 7.7804, 12.48737],
			"to": [8.6075, 9.8054, 14.91737],
			"rotation": {"angle": 22.5, "axis": "z", "origin": [8, 9.6029, 5.39987]},
			"faces": {
				"north": {"uv": [8.1875, 9.25, 8.125, 9.5625], "texture": "#4"},
				"east": {"uv": [1.375, 6.25, 1, 6.5625], "texture": "#4"},
				"south": {"uv": [9.3125, 8.125, 9.25, 8.4375], "texture": "#4"},
				"west": {"uv": [6.625, 0, 6.25, 0.3125], "texture": "#4"},
				"up": {"uv": [9.125, 2.625, 9.1875, 2.25], "texture": "#4"},
				"down": {"uv": [9.125, 2.625, 9.1875, 3], "texture": "#4"}
			}
		},
		{
			"from": [7.3925, 4.5404, 18.15737],
			"to": [8.6075, 6.1604, 19.97987],
			"rotation": {"angle": -22.5, "axis": "x", "origin": [-4.15, -11.4571, 5.39987]},
			"faces": {
				"north": {"uv": [1.6875, 8.125, 1.5, 8.375], "texture": "#4"},
				"east": {"uv": [7.78125, 2.75, 7.5, 3], "texture": "#4"},
				"south": {"uv": [8.3125, 1.5, 8.125, 1.75], "texture": "#4"},
				"west": {"uv": [7.78125, 1.75, 7.5, 2], "texture": "#4"},
				"up": {"uv": [8, 3.28125, 8.1875, 3], "texture": "#4"},
				"down": {"uv": [8, 4.875, 8.1875, 5.15625], "texture": "#4"}
			}
		},
		{
			"from": [7.59581, 7.46025, 0.87207],
			"to": [8.40419, 8.27025, 1.47957],
			"rotation": {"angle": 22.5, "axis": "x", "origin": [-4.15, -9.75225, 6.94707]},
			"faces": {
				"north": {"uv": [7.25, 9.5, 7.125, 9.625], "texture": "#4"},
				"east": {"uv": [9.84375, 0.5, 9.75, 0.625], "texture": "#4"},
				"south": {"uv": [9.625, 7.125, 9.5, 7.25], "texture": "#4"},
				"west": {"uv": [0.59375, 9.75, 0.5, 9.875], "texture": "#4"},
				"up": {"uv": [0.625, 9.84375, 0.75, 9.75], "texture": "#4"},
				"down": {"uv": [0.75, 9.75, 0.875, 9.84375], "texture": "#4"}
			}
		},
		{
			"from": [7.595, 5.5529, 15.92987],
			"to": [8.405, 6.5654, 16.94237],
			"rotation": {"angle": -22.5, "axis": "x", "origin": [-4.15, -11.4571, 5.39987]},
			"faces": {
				"north": {"uv": [7.875, 9.25, 7.75, 9.40625], "texture": "#4"},
				"east": {"uv": [9.03125, 3.125, 8.875, 3.28125], "texture": "#4"},
				"south": {"uv": [8, 9.25, 7.875, 9.40625], "texture": "#4"},
				"west": {"uv": [9.03125, 2.875, 8.875, 3.03125], "texture": "#4"},
				"up": {"uv": [9.25, 8.03125, 9.375, 7.875], "texture": "#4"},
				"down": {"uv": [8, 9.25, 8.125, 9.40625], "texture": "#4"}
			}
		},
		{
			"from": [7.49375, 4.9454, 16.94237],
			"to": [8.50625, 6.3629, 18.15737],
			"rotation": {"angle": -22.5, "axis": "x", "origin": [-4.15, -11.4571, 5.39987]},
			"faces": {
				"north": {"uv": [8.65625, 8.25, 8.5, 8.46875], "texture": "#4"},
				"east": {"uv": [7.9375, 8.25, 7.75, 8.46875], "texture": "#4"},
				"south": {"uv": [8.65625, 8.5, 8.5, 8.71875], "texture": "#4"},
				"west": {"uv": [7.6875, 8.25, 7.5, 8.46875], "texture": "#4"},
				"up": {"uv": [8.75, 0.4375, 8.90625, 0.25], "texture": "#4"},
				"down": {"uv": [8.75, 0.75, 8.90625, 0.9375], "texture": "#4"}
			}
		},
		{
			"from": [7.69544, 7.98328, 6.85804],
			"to": [8.30456, 8.3879, 7.82987],
			"rotation": {"angle": 0, "axis": "y", "origin": [-4.15, -11.4571, 5.39987]},
			"faces": {
				"north": {"uv": [10.09375, 9.25, 10, 9.3125], "texture": "#4"},
				"east": {"uv": [10.03125, 0.25, 9.875, 0.3125], "texture": "#4"},
				"south": {"uv": [9.46875, 10, 9.375, 10.0625], "texture": "#4"},
				"west": {"uv": [10.03125, 0.125, 9.875, 0.1875], "texture": "#4"},
				"up": {"uv": [3.375, 9.78125, 3.46875, 9.625], "texture": "#4"},
				"down": {"uv": [9.625, 3.375, 9.71875, 3.53125], "texture": "#4"}
			}
		},
		{
			"from": [7.69706, 7.53478, -0.3237],
			"to": [8.30294, 8.74978, 0.0813],
			"rotation": {"angle": 22.5, "axis": "x", "origin": [-4.15, -11.50022, 5.3463]},
			"faces": {
				"north": {"uv": [3.09375, 9.5, 3, 9.6875], "texture": "#4"},
				"east": {"uv": [3.9375, 9.75, 3.875, 9.9375], "texture": "#4"},
				"south": {"uv": [9.59375, 3, 9.5, 3.1875], "texture": "#4"},
				"west": {"uv": [9.8125, 3.5, 9.75, 3.6875], "texture": "#4"},
				"up": {"uv": [10, 9.1875, 10.09375, 9.125], "texture": "#4"},
				"down": {"uv": [9.25, 10, 9.34375, 10.0625], "texture": "#4"}
			}
		},
		{
			"from": [7.69625, 6.5654, 14.30987],
			"to": [8.30375, 7.1729, 15.92987],
			"rotation": {"angle": -22.5, "axis": "x", "origin": [-4.15, -11.4571, 5.39987]},
			"faces": {
				"north": {"uv": [9.96875, 4, 9.875, 4.09375], "texture": "#4"},
				"east": {"uv": [9.375, 4.5, 9.125, 4.59375], "texture": "#4"},
				"south": {"uv": [9.96875, 4.125, 9.875, 4.21875], "texture": "#4"},
				"west": {"uv": [9.375, 3.875, 9.125, 3.96875], "texture": "#4"},
				"up": {"uv": [5.125, 9.375, 5.21875, 9.125], "texture": "#4"},
				"down": {"uv": [5.25, 9.125, 5.34375, 9.375], "texture": "#4"}
			}
		},
		{
			"from": [7.69625, 5.9579, 14.51237],
			"to": [8.30375, 6.1604, 15.11987],
			"rotation": {"angle": -22.5, "axis": "x", "origin": [-4.15, -11.4571, 5.39987]},
			"faces": {
				"north": {"uv": [5.21875, 10.25, 5.125, 10.28125], "texture": "#4"},
				"east": {"uv": [10.34375, 5.25, 10.25, 5.28125], "texture": "#4"},
				"south": {"uv": [5.34375, 10.25, 5.25, 10.28125], "texture": "#4"},
				"west": {"uv": [10.34375, 5.125, 10.25, 5.15625], "texture": "#4"},
				"up": {"uv": [9.875, 3.96875, 9.96875, 3.875], "texture": "#4"},
				"down": {"uv": [4, 9.875, 4.09375, 9.96875], "texture": "#4"}
			}
		},
		{
			"from": [7.69625, 6.1604, 14.30987],
			"to": [8.30375, 6.5654, 15.52487],
			"rotation": {"angle": -22.5, "axis": "x", "origin": [-4.15, -11.4571, 5.39987]},
			"faces": {
				"north": {"uv": [10.09375, 9, 10, 9.0625], "texture": "#4"},
				"east": {"uv": [3.6875, 9.75, 3.5, 9.8125], "texture": "#4"},
				"south": {"uv": [9.21875, 10, 9.125, 10.0625], "texture": "#4"},
				"west": {"uv": [9.9375, 3.375, 9.75, 3.4375], "texture": "#4"},
				"up": {"uv": [9.5, 2.9375, 9.59375, 2.75], "texture": "#4"},
				"down": {"uv": [2.875, 9.5, 2.96875, 9.6875], "texture": "#4"}
			}
		}
	],
	"display": {
		"head": {
			"rotation": [0, 180, 0]
		}
	}
}