{
	"credit": "Made with Blockbench",
	"textures": {
		"2": "animated_java:item/valk_aj/line",
		"3": "animated_java:item/valk_aj/main",
		"4": "animated_java:item/valk_aj/texture"
	},
	"elements": [
		{
			"from": [7.62504, 9.52515, 9.97383],
			"to": [8.37446, 10.65003, 10.09882],
			"rotation": {"angle": -22.5, "axis": "x", "origin": [8, 9.0384, 12.725]},
			"faces": {
				"north": {"uv": [16, 16, 16, 16], "texture": "#3"},
				"east": {"uv": [0.5, 7.5, 0, 3], "rotation": 180, "texture": "#2"},
				"south": {"uv": [16, 16, 16, 16], "texture": "#3"},
				"west": {"uv": [0.5, 7.5, 0, 3], "rotation": 180, "texture": "#2"},
				"up": {"uv": [0.5, 3, 0, 0], "rotation": 270, "texture": "#2"},
				"down": {"uv": [16, 16, 16, 16], "texture": "#3"}
			}
		},
		{
			"from": [7.73887, 7.99222, 9.97931],
			"to": [7.73887, 8.74215, 10.1043],
			"rotation": {"angle": -22.5, "axis": "z", "origin": [8, 9.0384, 12.725]},
			"faces": {
				"north": {"uv": [0, 0, 0, 0.1875], "texture": "#missing"},
				"east": {"uv": [16, 16, 16, 16], "texture": "#3"},
				"south": {"uv": [0, 0, 0, 0.1875], "texture": "#missing"},
				"west": {"uv": [0.5, 10.5, 0, 7.5], "rotation": 180, "texture": "#2"},
				"up": {"uv": [0, 0.125, 0, 0], "texture": "#missing"},
				"down": {"uv": [0, 0, 0, 0.125], "texture": "#missing"}
			}
		},
		{
			"from": [8.26113, 7.99222, 9.97931],
			"to": [8.26113, 8.74215, 10.1043],
			"rotation": {"angle": 22.5, "axis": "z", "origin": [8, 9.0384, 12.725]},
			"faces": {
				"north": {"uv": [0, 0, 0, 0.1875], "texture": "#missing"},
				"east": {"uv": [0.5, 10.5, 0, 7.5], "rotation": 180, "texture": "#2"},
				"south": {"uv": [0, 0, 0, 0.75], "texture": "#missing"},
				"west": {"uv": [16, 16, 16, 16], "texture": "#3"},
				"up": {"uv": [0, 0.03125, 0, 0], "texture": "#missing"},
				"down": {"uv": [0, 0, 0, 0.03125], "texture": "#missing"}
			}
		},
		{
			"from": [8.38612, 7.99222, 11.47916],
			"to": [8.38612, 8.99212, 11.60415],
			"rotation": {"angle": 22.5, "axis": "z", "origin": [8, 9.0384, 12.725]},
			"faces": {
				"north": {"uv": [0, 0, 0, 1], "texture": "#missing"},
				"east": {"uv": [1, 12, 0.5, 8], "rotation": 180, "texture": "#2"},
				"south": {"uv": [0, 0, 0, 1], "texture": "#missing"},
				"west": {"uv": [16, 16, 16, 16], "texture": "#3"},
				"up": {"uv": [0, 0.03125, 0, 0], "texture": "#missing"},
				"down": {"uv": [0, 0, 0, 0.03125], "texture": "#missing"}
			}
		},
		{
			"from": [7.61388, 7.99222, 11.47916],
			"to": [7.61388, 8.99212, 11.60415],
			"rotation": {"angle": -22.5, "axis": "z", "origin": [8, 9.0384, 12.725]},
			"faces": {
				"north": {"uv": [0, 0, 0, 0.25], "texture": "#missing"},
				"east": {"uv": [16, 16, 16, 16], "texture": "#3"},
				"south": {"uv": [0, 0, 0, 0.25], "texture": "#missing"},
				"west": {"uv": [1, 12, 0.5, 8], "rotation": 180, "texture": "#2"},
				"up": {"uv": [0, 0.125, 0, 0], "texture": "#missing"},
				"down": {"uv": [0, 0, 0, 0.125], "texture": "#missing"}
			}
		},
		{
			"from": [8.51111, 7.99222, 13.72893],
			"to": [8.51111, 9.36708, 13.85392],
			"rotation": {"angle": 22.5, "axis": "z", "origin": [8, 9.0384, 12.725]},
			"faces": {
				"north": {"uv": [0, 0, 0, 1.375], "texture": "#missing"},
				"east": {"uv": [2, 14, 1.5, 8.5], "rotation": 180, "texture": "#2"},
				"south": {"uv": [0, 0, 0, 1.375], "texture": "#missing"},
				"west": {"uv": [16, 16, 16, 16], "texture": "#3"},
				"up": {"uv": [0, 0.03125, 0, 0], "texture": "#missing"},
				"down": {"uv": [0, 0, 0, 0.03125], "texture": "#missing"}
			}
		},
		{
			"from": [7.48889, 7.99222, 13.72893],
			"to": [7.48889, 9.36708, 13.85392],
			"rotation": {"angle": -22.5, "axis": "z", "origin": [8, 9.0384, 12.725]},
			"faces": {
				"north": {"uv": [0, 0, 0, 1.375], "texture": "#missing"},
				"east": {"uv": [16, 16, 16, 16], "texture": "#3"},
				"south": {"uv": [0, 0, 0, 0.34375], "texture": "#missing"},
				"west": {"uv": [2, 14, 1.5, 8.5], "rotation": 180, "texture": "#2"},
				"up": {"uv": [0, 0.125, 0, 0], "texture": "#missing"},
				"down": {"uv": [0, 0, 0, 0.125], "texture": "#missing"}
			}
		},
		{
			"from": [6.47725, 7.51565, 13.72843],
			"to": [8.10208, 9.14048, 13.85342],
			"rotation": {"angle": 45, "axis": "z", "origin": [8, 9.0384, 12.725]},
			"faces": {
				"north": {"uv": [16, 16, 16, 16], "texture": "#3"},
				"east": {"uv": [2, 16, 1.5, 9.5], "rotation": 180, "texture": "#2"},
				"south": {"uv": [16, 16, 16, 16], "texture": "#3"},
				"west": {"uv": [2.5, 6.5, 2, 0], "rotation": 180, "texture": "#2"},
				"up": {"uv": [2, 16, 1.5, 9.5], "rotation": 270, "texture": "#2"},
				"down": {"uv": [2.5, 6.5, 2, 0], "rotation": 270, "texture": "#2"}
			}
		},
		{
			"from": [7.62504, 8.77522, 13.72346],
			"to": [8.37446, 10.15008, 13.84844],
			"rotation": {"angle": -22.5, "axis": "x", "origin": [8, 9.0384, 12.725]},
			"faces": {
				"north": {"uv": [16, 16, 16, 16], "texture": "#3"},
				"east": {"uv": [2, 8.5, 1.5, 3], "rotation": 180, "texture": "#2"},
				"south": {"uv": [16, 16, 16, 16], "texture": "#3"},
				"west": {"uv": [2, 8.5, 1.5, 3], "rotation": 180, "texture": "#2"},
				"up": {"uv": [2, 3, 1.5, 0], "rotation": 270, "texture": "#2"},
				"down": {"uv": [16, 16, 16, 16], "texture": "#3"}
			}
		},
		{
			"from": [6.72722, 7.76562, 9.97881],
			"to": [7.85211, 8.89051, 10.1038],
			"rotation": {"angle": 45, "axis": "z", "origin": [8, 9.0384, 12.725]},
			"faces": {
				"north": {"uv": [16, 16, 16, 16], "texture": "#3"},
				"east": {"uv": [0.5, 11.5, 0, 7.5], "rotation": 180, "texture": "#2"},
				"south": {"uv": [16, 16, 16, 16], "texture": "#3"},
				"west": {"uv": [0.5, 16, 0, 11.5], "rotation": 180, "texture": "#2"},
				"up": {"uv": [0.5, 11.5, 0, 7.5], "rotation": 270, "texture": "#2"},
				"down": {"uv": [0.5, 16, 0, 11.5], "rotation": 270, "texture": "#2"}
			}
		},
		{
			"from": [6.60223, 7.64063, 11.47866],
			"to": [7.9771, 9.0155, 11.60365],
			"rotation": {"angle": 45, "axis": "z", "origin": [8, 9.0384, 12.725]},
			"faces": {
				"north": {"uv": [16, 16, 16, 16], "texture": "#3"},
				"east": {"uv": [1, 13.5, 0.5, 8], "rotation": 180, "texture": "#2"},
				"south": {"uv": [16, 16, 16, 16], "texture": "#3"},
				"west": {"uv": [1.5, 5.5, 1, 0], "rotation": 180, "texture": "#2"},
				"up": {"uv": [1, 13.5, 0.5, 8], "rotation": 270, "texture": "#2"},
				"down": {"uv": [1.5, 5.5, 1, 0], "rotation": 270, "texture": "#2"}
			}
		},
		{
			"from": [7.56254, 9.27517, 11.59867],
			"to": [8.43696, 10.40006, 11.72366],
			"rotation": {"angle": -22.5, "axis": "x", "origin": [8, 9.0384, 12.725]},
			"faces": {
				"north": {"uv": [16, 16, 16, 16], "texture": "#3"},
				"east": {"uv": [1, 8, 0.5, 3.5], "rotation": 180, "texture": "#2"},
				"south": {"uv": [16, 16, 16, 16], "texture": "#3"},
				"west": {"uv": [1, 8, 0.5, 3.5], "rotation": 180, "texture": "#2"},
				"up": {"uv": [1, 3.5, 0.5, 0], "rotation": 270, "texture": "#2"},
				"down": {"uv": [16, 16, 16, 16], "texture": "#3"}
			}
		},
		{
			"from": [7.62454, 9.88581, 15.18508],
			"to": [8.37546, 11.26068, 26.18398],
			"rotation": {"angle": 0, "axis": "y", "origin": [8, 9.0384, 12.725]},
			"faces": {
				"north": {"uv": [5, 7.5, 5.1875, 7.84375], "texture": "#4"},
				"east": {"uv": [0, 0, 2.75, 0.34375], "texture": "#4"},
				"south": {"uv": [6.5, 7.5, 6.6875, 7.84375], "texture": "#4"},
				"west": {"uv": [0, 0.375, 2.75, 0.71875], "texture": "#4"},
				"up": {"uv": [2.1875, 3.5, 2, 0.75], "texture": "#4"},
				"down": {"uv": [0.6875, 3, 0.5, 5.75], "texture": "#3"}
			}
		},
		{
			"from": [7.62504, 8.90021, 9.97383],
			"to": [8.37496, 10.65003, 11.59867],
			"rotation": {"angle": -22.5, "axis": "x", "origin": [8, 9.0384, 12.725]},
			"faces": {
				"north": {"uv": [6, 6.875, 6.1875, 7.3125], "texture": "#4"},
				"east": {"uv": [4.625, 4.75, 5.03125, 5.1875], "texture": "#4"},
				"south": {"uv": [6.25, 6.875, 6.4375, 7.3125], "texture": "#4"},
				"west": {"uv": [4.875, 0, 5.28125, 0.4375], "texture": "#4"},
				"up": {"uv": [2.1875, 7.65625, 2, 7.25], "texture": "#4"},
				"down": {"uv": [2.6875, 7.25, 2.5, 7.65625], "texture": "#4"}
			}
		},
		{
			"from": [7.86386, 7.86723, 7.97951],
			"to": [8.11383, 8.74215, 9.97931],
			"rotation": {"angle": -22.5, "axis": "z", "origin": [8, 9.0384, 12.725]},
			"faces": {
				"north": {"uv": [5.25, 9.625, 5.3125, 9.84375], "texture": "#4"},
				"east": {"uv": [6.375, 5.5, 6.875, 5.71875], "texture": "#4"},
				"south": {"uv": [5.375, 9.625, 5.4375, 9.84375], "texture": "#4"},
				"west": {"uv": [6.25, 6.375, 6.75, 6.59375], "texture": "#4"},
				"up": {"uv": [8.6875, 4.125, 8.625, 3.625], "texture": "#4"},
				"down": {"uv": [4.1875, 8.625, 4.125, 9.125], "texture": "#4"}
			}
		},
		{
			"from": [7.73887, 7.86723, 9.97931],
			"to": [7.98884, 9.36708, 11.47916],
			"rotation": {"angle": -22.5, "axis": "z", "origin": [8, 9.0384, 12.725]},
			"faces": {
				"north": {"uv": [1, 9, 1.0625, 9.375], "texture": "#4"},
				"east": {"uv": [1, 5.375, 1.375, 5.75], "texture": "#4"},
				"south": {"uv": [9, 1.125, 9.0625, 1.5], "texture": "#4"},
				"west": {"uv": [5.5, 0.875, 5.875, 1.25], "texture": "#4"},
				"up": {"uv": [3.4375, 9.375, 3.375, 9], "texture": "#4"},
				"down": {"uv": [4.8125, 9, 4.75, 9.375], "texture": "#4"}
			}
		},
		{
			"from": [7.88617, 7.86723, 7.97951],
			"to": [8.13614, 8.74215, 9.97931],
			"rotation": {"angle": 22.5, "axis": "z", "origin": [8, 9.0384, 12.725]},
			"faces": {
				"north": {"uv": [5, 9.625, 5.0625, 9.84375], "texture": "#4"},
				"east": {"uv": [3.75, 6.375, 4.25, 6.59375], "texture": "#4"},
				"south": {"uv": [5.125, 9.625, 5.1875, 9.84375], "texture": "#4"},
				"west": {"uv": [4.25, 6.375, 4.75, 6.59375], "texture": "#4"},
				"up": {"uv": [3.1875, 9.125, 3.125, 8.625], "texture": "#4"},
				"down": {"uv": [3.3125, 8.625, 3.25, 9.125], "texture": "#4"}
			}
		},
		{
			"from": [8.01116, 7.86723, 9.97931],
			"to": [8.26113, 9.36708, 11.47916],
			"rotation": {"angle": 22.5, "axis": "z", "origin": [8, 9.0384, 12.725]},
			"faces": {
				"north": {"uv": [8.875, 7.875, 8.9375, 8.25], "texture": "#4"},
				"east": {"uv": [5.25, 5.25, 5.625, 5.625], "texture": "#4"},
				"south": {"uv": [8.875, 8.25, 8.9375, 8.625], "texture": "#4"},
				"west": {"uv": [5.375, 0, 5.75, 0.375], "texture": "#4"},
				"up": {"uv": [8.9375, 9, 8.875, 8.625], "texture": "#4"},
				"down": {"uv": [9.0625, 0.625, 9, 1], "texture": "#4"}
			}
		},
		{
			"from": [8.13614, 7.74225, 11.47916],
			"to": [8.38612, 9.36708, 13.85392],
			"rotation": {"angle": 22.5, "axis": "z", "origin": [8, 9.0384, 12.725]},
			"faces": {
				"north": {"uv": [8.5, 8.75, 8.5625, 9.15625], "texture": "#4"},
				"east": {"uv": [4, 2.25, 4.59375, 2.65625], "texture": "#4"},
				"south": {"uv": [8.75, 8.5, 8.8125, 8.90625], "texture": "#4"},
				"west": {"uv": [4, 2.75, 4.59375, 3.15625], "texture": "#4"},
				"up": {"uv": [4.4375, 9.09375, 4.375, 8.5], "texture": "#4"},
				"down": {"uv": [4.5625, 8.5, 4.5, 9.09375], "texture": "#4"}
			}
		},
		{
			"from": [7.61388, 7.74225, 11.47916],
			"to": [7.86386, 9.36708, 13.85392],
			"rotation": {"angle": -22.5, "axis": "z", "origin": [8, 9.0384, 12.725]},
			"faces": {
				"north": {"uv": [8.25, 8.75, 8.3125, 9.15625], "texture": "#4"},
				"east": {"uv": [2.75, 3.875, 3.34375, 4.28125], "texture": "#4"},
				"south": {"uv": [8.375, 8.75, 8.4375, 9.15625], "texture": "#4"},
				"west": {"uv": [3.375, 3.875, 3.96875, 4.28125], "texture": "#4"},
				"up": {"uv": [4.0625, 9.09375, 4, 8.5], "texture": "#4"},
				"down": {"uv": [4.3125, 8.5, 4.25, 9.09375], "texture": "#4"}
			}
		},
		{
			"from": [8.01116, 7.74225, 13.72893],
			"to": [8.26113, 8.86713, 16.1037],
			"rotation": {"angle": 22.5, "axis": "z", "origin": [8, 9.0384, 12.725]},
			"faces": {
				"north": {"uv": [7.375, 9.375, 7.4375, 9.65625], "texture": "#4"},
				"east": {"uv": [5, 3.5, 5.59375, 3.78125], "texture": "#4"},
				"south": {"uv": [2.875, 13.625, 2.9375, 13.90625], "texture": "#3"},
				"west": {"uv": [7.75, 1.375, 8.34375, 1.65625], "texture": "#3"},
				"up": {"uv": [3.8125, 9.09375, 3.75, 8.5], "texture": "#4"},
				"down": {"uv": [3.9375, 8.5, 3.875, 9.09375], "texture": "#4"}
			}
		},
		{
			"from": [8.26113, 7.74225, 13.72893],
			"to": [8.51111, 9.36708, 16.35367],
			"rotation": {"angle": 22.5, "axis": "z", "origin": [8, 9.0384, 12.725]},
			"faces": {
				"north": {"uv": [8.75, 8, 8.8125, 8.40625], "texture": "#4"},
				"east": {"uv": [3.75, 0.875, 4.40625, 1.28125], "texture": "#4"},
				"south": {"uv": [12, 12.875, 12.0625, 13.28125], "texture": "#3"},
				"west": {"uv": [5.625, 1.75, 6.28125, 2.15625], "texture": "#3"},
				"up": {"uv": [8.3125, 7.90625, 8.25, 7.25], "texture": "#4"},
				"down": {"uv": [7.4375, 8.25, 7.375, 8.90625], "texture": "#4"}
			}
		},
		{
			"from": [7.73887, 7.74225, 13.72893],
			"to": [7.98884, 8.86713, 16.1037],
			"rotation": {"angle": -22.5, "axis": "z", "origin": [8, 9.0384, 12.725]},
			"faces": {
				"north": {"uv": [6.625, 9.375, 6.6875, 9.65625], "texture": "#4"},
				"east": {"uv": [7.625, 3.75, 8.21875, 4.03125], "texture": "#3"},
				"south": {"uv": [13.625, 2.625, 13.6875, 2.90625], "texture": "#3"},
				"west": {"uv": [5, 2.625, 5.59375, 2.90625], "texture": "#4"},
				"up": {"uv": [3.5625, 9.09375, 3.5, 8.5], "texture": "#4"},
				"down": {"uv": [3.6875, 8.5, 3.625, 9.09375], "texture": "#4"}
			}
		},
		{
			"from": [7.48889, 7.74225, 13.72893],
			"to": [7.73887, 9.36708, 16.35367],
			"rotation": {"angle": -22.5, "axis": "z", "origin": [8, 9.0384, 12.725]},
			"faces": {
				"north": {"uv": [7.875, 8.75, 7.9375, 9.15625], "texture": "#4"},
				"east": {"uv": [5.375, 2.5, 6.03125, 2.90625], "texture": "#3"},
				"south": {"uv": [11.875, 12.875, 11.9375, 13.28125], "texture": "#3"},
				"west": {"uv": [3.75, 0.375, 4.40625, 0.78125], "texture": "#4"},
				"up": {"uv": [8.3125, 7.15625, 8.25, 6.5], "texture": "#4"},
				"down": {"uv": [7.3125, 8.25, 7.25, 8.90625], "texture": "#4"}
			}
		},
		{
			"from": [7.75002, 7.52535, 14.72336],
			"to": [8.24997, 8.65023, 19.34789],
			"rotation": {"angle": -22.5, "axis": "x", "origin": [8, 9.0384, 12.725]},
			"faces": {
				"north": {"uv": [5.375, 8.5, 5.5, 8.78125], "texture": "#4"},
				"east": {"uv": [0.5, 2.625, 1.65625, 2.90625], "texture": "#4"},
				"south": {"uv": [5.5, 8.5, 5.625, 8.78125], "texture": "#4"},
				"west": {"uv": [2.75, 0, 3.90625, 0.28125], "texture": "#4"},
				"up": {"uv": [0.875, 6.28125, 0.75, 5.125], "texture": "#4"},
				"down": {"uv": [2.375, 8.25, 2.25, 9.40625], "texture": "#3"}
			}
		},
		{
			"from": [8.24997, 7.27537, 15.59827],
			"to": [8.37496, 8.65023, 19.34789],
			"rotation": {"angle": -22.5, "axis": "x", "origin": [8, 9.0384, 12.725]},
			"faces": {
				"north": {"uv": [6.25, 9.75, 6.28125, 10.09375], "texture": "#4"},
				"east": {"uv": [2.75, 1.5, 3.6875, 1.84375], "texture": "#4"},
				"south": {"uv": [6.5, 9.75, 6.53125, 10.09375], "texture": "#4"},
				"west": {"uv": [1, 4.5, 1.9375, 4.84375], "texture": "#3"},
				"up": {"uv": [1.90625, 9.6875, 1.875, 8.75], "texture": "#4"},
				"down": {"uv": [1.90625, 12.75, 1.875, 13.6875], "texture": "#3"}
			}
		},
		{
			"from": [7.62504, 7.27537, 15.59827],
			"to": [7.75002, 8.65023, 19.34789],
			"rotation": {"angle": -22.5, "axis": "x", "origin": [8, 9.0384, 12.725]},
			"faces": {
				"north": {"uv": [5.875, 9.75, 5.90625, 10.09375], "texture": "#4"},
				"east": {"uv": [3.875, 4.375, 4.8125, 4.71875], "texture": "#3"},
				"south": {"uv": [6, 9.75, 6.03125, 10.09375], "texture": "#4"},
				"west": {"uv": [2.75, 1.125, 3.6875, 1.46875], "texture": "#4"},
				"up": {"uv": [1.28125, 9.6875, 1.25, 8.75], "texture": "#4"},
				"down": {"uv": [12.78125, 0.25, 12.75, 1.1875], "texture": "#3"}
			}
		},
		{
			"from": [7.9771, 7.51565, 13.72843],
			"to": [8.10208, 8.0156, 16.35317],
			"rotation": {"angle": 45, "axis": "z", "origin": [8, 9.0384, 12.725]},
			"faces": {
				"north": {"uv": [10.125, 6.625, 10.15625, 6.75], "texture": "#4"},
				"east": {"uv": [6.75, 4.375, 7.40625, 4.5], "texture": "#4"},
				"south": {"uv": [8, 14.375, 8.03125, 14.5], "texture": "#3"},
				"west": {"uv": [6.875, 2.125, 7.53125, 2.25], "texture": "#4"},
				"up": {"uv": [2.65625, 9.90625, 2.625, 9.25], "texture": "#4"},
				"down": {"uv": [9.28125, 2.75, 9.25, 3.40625], "texture": "#4"}
			}
		},
		{
			"from": [6.72722, 7.51565, 13.72843],
			"to": [7.9771, 7.76562, 16.35317],
			"rotation": {"angle": 45, "axis": "z", "origin": [8, 9.0384, 12.725]},
			"faces": {
				"north": {"uv": [9.25, 6.375, 9.5625, 6.4375], "texture": "#4"},
				"east": {"uv": [8.25, 6.375, 8.90625, 6.4375], "texture": "#4"},
				"south": {"uv": [13.375, 8, 13.6875, 8.0625], "texture": "#3"},
				"west": {"uv": [6.5, 8.25, 7.15625, 8.3125], "texture": "#4"},
				"up": {"uv": [4.6875, 7.03125, 4.375, 6.375], "texture": "#3"},
				"down": {"uv": [4.8125, 1.125, 4.5, 1.78125], "texture": "#4"}
			}
		},
		{
			"from": [6.47725, 9.0155, 13.72843],
			"to": [6.9772, 9.14048, 16.35317],
			"rotation": {"angle": 45, "axis": "z", "origin": [8, 9.0384, 12.725]},
			"faces": {
				"north": {"uv": [10.125, 6.5, 10.25, 6.53125], "texture": "#4"},
				"east": {"uv": [9.25, 2.5, 9.90625, 2.53125], "texture": "#4"},
				"south": {"uv": [7.875, 14.375, 8, 14.40625], "texture": "#3"},
				"west": {"uv": [9.25, 2.625, 9.90625, 2.65625], "texture": "#4"},
				"up": {"uv": [5.875, 7.40625, 5.75, 6.75], "texture": "#4"},
				"down": {"uv": [2.5, 6.875, 2.375, 7.53125], "texture": "#4"}
			}
		},
		{
			"from": [6.9772, 7.89061, 15.1038],
			"to": [7.9771, 9.0155, 15.85372],
			"rotation": {"angle": 45, "axis": "z", "origin": [8, 9.0384, 12.725]},
			"faces": {
				"north": {"uv": [4.75, 7.375, 5, 7.65625], "texture": "#4"},
				"east": {"uv": [8, 0.75, 8.1875, 1.03125], "texture": "#4"},
				"south": {"uv": [6.5, 10.875, 6.75, 11.15625], "texture": "#3"},
				"west": {"uv": [1.75, 8, 1.9375, 8.28125], "texture": "#4"},
				"up": {"uv": [8.375, 0.5625, 8.125, 0.375], "texture": "#4"},
				"down": {"uv": [1.375, 8.125, 1.125, 8.3125], "texture": "#4"}
			}
		},
		{
			"from": [6.9772, 7.76562, 15.1033],
			"to": [7.85211, 8.0156, 16.1032],
			"rotation": {"angle": 45, "axis": "z", "origin": [8, 9.0384, 12.725]},
			"faces": {
				"north": {"uv": [9.625, 4.625, 9.84375, 4.6875], "texture": "#4"},
				"east": {"uv": [9.5, 5.875, 9.75, 5.9375], "texture": "#4"},
				"south": {"uv": [13.375, 13.75, 13.59375, 13.8125], "texture": "#3"},
				"west": {"uv": [9.5, 6.25, 9.75, 6.3125], "texture": "#4"},
				"up": {"uv": [4.59375, 11.75, 4.375, 11.5], "texture": "#3"},
				"down": {"uv": [8.09375, 1.5, 7.875, 1.75], "texture": "#4"}
			}
		},
		{
			"from": [6.72722, 7.76562, 15.1033],
			"to": [6.9772, 8.89051, 16.1032],
			"rotation": {"angle": 45, "axis": "z", "origin": [8, 9.0384, 12.725]},
			"faces": {
				"north": {"uv": [5.875, 9.375, 5.9375, 9.65625], "texture": "#4"},
				"east": {"uv": [5.375, 10.875, 5.625, 11.15625], "texture": "#3"},
				"south": {"uv": [2.5, 13.625, 2.5625, 13.90625], "texture": "#3"},
				"west": {"uv": [4.5, 7.375, 4.75, 7.65625], "texture": "#4"},
				"up": {"uv": [6.9375, 9.75, 6.875, 9.5], "texture": "#4"},
				"down": {"uv": [9.5625, 6.875, 9.5, 7.125], "texture": "#4"}
			}
		},
		{
			"from": [6.47725, 7.51565, 13.72843],
			"to": [6.72722, 9.0155, 16.35317],
			"rotation": {"angle": 45, "axis": "z", "origin": [8, 9.0384, 12.725]},
			"faces": {
				"north": {"uv": [7, 8.875, 7.0625, 9.25], "texture": "#4"},
				"east": {"uv": [6, 4.25, 6.65625, 4.625], "texture": "#3"},
				"south": {"uv": [13.25, 0.875, 13.3125, 1.25], "texture": "#3"},
				"west": {"uv": [2, 3.875, 2.65625, 4.25], "texture": "#4"},
				"up": {"uv": [5.9375, 8.90625, 5.875, 8.25], "texture": "#4"},
				"down": {"uv": [6.3125, 8.25, 6.25, 8.90625], "texture": "#4"}
			}
		},
		{
			"from": [7.62504, 8.27527, 14.72336],
			"to": [8.37496, 8.65023, 15.59827],
			"rotation": {"angle": -22.5, "axis": "x", "origin": [8, 9.0384, 12.725]},
			"faces": {
				"north": {"uv": [5.125, 9.375, 5.3125, 9.46875], "texture": "#4"},
				"east": {"uv": [2.375, 9.25, 2.59375, 9.34375], "texture": "#4"},
				"south": {"uv": [9.375, 6.125, 9.5625, 6.21875], "texture": "#4"},
				"west": {"uv": [9.25, 2.375, 9.46875, 2.46875], "texture": "#4"},
				"up": {"uv": [8.4375, 5.96875, 8.25, 5.75], "texture": "#4"},
				"down": {"uv": [8.4375, 6.125, 8.25, 6.34375], "texture": "#4"}
			}
		},
		{
			"from": [7.62504, 8.65023, 13.72346],
			"to": [8.37496, 10.15008, 15.84824],
			"rotation": {"angle": -22.5, "axis": "x", "origin": [8, 9.0384, 12.725]},
			"faces": {
				"north": {"uv": [3, 7.375, 3.1875, 7.75], "texture": "#4"},
				"east": {"uv": [4.5, 1.875, 5.03125, 2.25], "texture": "#4"},
				"south": {"uv": [7.375, 3.75, 7.5625, 4.125], "texture": "#4"},
				"west": {"uv": [4.5, 4.375, 5.03125, 4.75], "texture": "#4"},
				"up": {"uv": [6.6875, 4.40625, 6.5, 3.875], "texture": "#4"},
				"down": {"uv": [5.1875, 6.5, 5, 7.03125], "texture": "#4"}
			}
		},
		{
			"from": [6.85221, 7.89061, 7.97901],
			"to": [7.72712, 8.76552, 9.97881],
			"rotation": {"angle": 45, "axis": "z", "origin": [8, 9.0384, 12.725]},
			"faces": {
				"north": {"uv": [8, 3.75, 8.21875, 3.96875], "texture": "#4"},
				"east": {"uv": [6, 2, 6.5, 2.21875], "texture": "#4"},
				"south": {"uv": [8, 4.125, 8.21875, 4.34375], "texture": "#4"},
				"west": {"uv": [6.25, 5.25, 6.75, 5.46875], "texture": "#4"},
				"up": {"uv": [3.71875, 6.75, 3.5, 6.25], "texture": "#4"},
				"down": {"uv": [0.96875, 6.375, 0.75, 6.875], "texture": "#4"}
			}
		},
		{
			"from": [6.72722, 7.76562, 9.97881],
			"to": [7.85211, 8.89051, 11.47866],
			"rotation": {"angle": 45, "axis": "z", "origin": [8, 9.0384, 12.725]},
			"faces": {
				"north": {"uv": [7, 3.75, 7.28125, 4.03125], "texture": "#4"},
				"east": {"uv": [5.25, 6.375, 5.625, 6.65625], "texture": "#4"},
				"south": {"uv": [4, 7, 4.28125, 7.28125], "texture": "#4"},
				"west": {"uv": [6.5, 1.875, 6.875, 2.15625], "texture": "#4"},
				"up": {"uv": [6.78125, 2.75, 6.5, 2.375], "texture": "#4"},
				"down": {"uv": [6.78125, 2.75, 6.5, 3.125], "texture": "#4"}
			}
		},
		{
			"from": [6.60223, 7.64063, 11.47866],
			"to": [7.9771, 9.0155, 13.72843],
			"rotation": {"angle": 45, "axis": "z", "origin": [8, 9.0384, 12.725]},
			"faces": {
				"north": {"uv": [6, 0.375, 6.34375, 0.71875], "texture": "#4"},
				"east": {"uv": [1, 4.625, 1.5625, 4.96875], "texture": "#4"},
				"south": {"uv": [6, 1.625, 6.34375, 1.96875], "texture": "#4"},
				"west": {"uv": [4.625, 2.25, 5.1875, 2.59375], "texture": "#4"},
				"up": {"uv": [4.96875, 3.1875, 4.625, 2.625], "texture": "#4"},
				"down": {"uv": [4.96875, 3.75, 4.625, 4.3125], "texture": "#4"}
			}
		},
		{
			"from": [7.56254, 8.0253, 11.59867],
			"to": [8.43746, 10.40006, 13.72346],
			"rotation": {"angle": -22.5, "axis": "x", "origin": [8, 9.0384, 12.725]},
			"faces": {
				"north": {"uv": [2.75, 5.75, 2.96875, 6.34375], "texture": "#4"},
				"east": {"uv": [2.75, 2.25, 3.28125, 2.84375], "texture": "#4"},
				"south": {"uv": [3.75, 5.75, 3.96875, 6.34375], "texture": "#4"},
				"west": {"uv": [2.75, 2.875, 3.28125, 3.46875], "texture": "#4"},
				"up": {"uv": [5.84375, 6.65625, 5.625, 6.125], "texture": "#4"},
				"down": {"uv": [0.71875, 6.25, 0.5, 6.78125], "texture": "#4"}
			}
		},
		{
			"from": [7.68753, 9.65013, 8.59897],
			"to": [8.31247, 10.77502, 9.97383],
			"rotation": {"angle": -22.5, "axis": "x", "origin": [8, 9.0384, 12.725]},
			"faces": {
				"north": {"uv": [3.5, 8.125, 3.65625, 8.40625], "texture": "#4"},
				"east": {"uv": [3.75, 6.625, 4.09375, 6.90625], "texture": "#4"},
				"south": {"uv": [3.75, 8.125, 3.90625, 8.40625], "texture": "#4"},
				"west": {"uv": [4.125, 6.625, 4.46875, 6.90625], "texture": "#4"},
				"up": {"uv": [7.15625, 8.21875, 7, 7.875], "texture": "#4"},
				"down": {"uv": [7.40625, 7.875, 7.25, 8.21875], "texture": "#4"}
			}
		},
		{
			"from": [7.68803, 6.84888, 8.57948],
			"to": [8.31197, 7.34883, 8.95444],
			"rotation": {"angle": 22.5, "axis": "x", "origin": [8, 9.0384, 12.725]},
			"faces": {
				"north": {"uv": [9.25, 5.75, 9.40625, 5.875], "texture": "#4"},
				"east": {"uv": [9.625, 8.125, 9.71875, 8.25], "texture": "#4"},
				"south": {"uv": [9.25, 6.25, 9.40625, 6.375], "texture": "#4"},
				"west": {"uv": [9.625, 8.25, 9.71875, 8.375], "texture": "#4"},
				"up": {"uv": [9.78125, 2.09375, 9.625, 2], "texture": "#4"},
				"down": {"uv": [9.78125, 2.125, 9.625, 2.21875], "texture": "#4"}
			}
		},
		{
			"from": [7.74953, 7.76751, 4.72687],
			"to": [8.25047, 8.39427, 7.97951],
			"rotation": {"angle": 0, "axis": "y", "origin": [8, 9.0384, 12.725]},
			"faces": {
				"north": {"uv": [6, 9.25, 6.125, 9.40625], "texture": "#4"},
				"east": {"uv": [5.625, 3, 6.4375, 3.15625], "texture": "#4"},
				"south": {"uv": [9.25, 6, 9.375, 6.15625], "texture": "#4"},
				"west": {"uv": [5.875, 0.75, 6.6875, 0.90625], "texture": "#4"},
				"up": {"uv": [2.875, 7.1875, 2.75, 6.375], "texture": "#4"},
				"down": {"uv": [3, 6.375, 2.875, 7.1875], "texture": "#4"}
			}
		},
		{
			"from": [7.75002, 10.40006, 6.22421],
			"to": [8.24997, 11.025, 8.09902],
			"rotation": {"angle": -22.5, "axis": "x", "origin": [8, 9.0384, 12.725]},
			"faces": {
				"north": {"uv": [5.625, 9.25, 5.75, 9.40625], "texture": "#4"},
				"east": {"uv": [7.25, 2.375, 7.71875, 2.53125], "texture": "#4"},
				"south": {"uv": [5.75, 9.25, 5.875, 9.40625], "texture": "#4"},
				"west": {"uv": [7.25, 6, 7.71875, 6.15625], "texture": "#4"},
				"up": {"uv": [0.875, 8.09375, 0.75, 7.625], "texture": "#4"},
				"down": {"uv": [1.5, 7.625, 1.375, 8.09375], "texture": "#4"}
			}
		},
		{
			"from": [7.75002, 10.92501, 4.84934],
			"to": [8.24997, 11.025, 4.97433],
			"rotation": {"angle": -22.5, "axis": "x", "origin": [8, 9.0384, 12.725]},
			"faces": {
				"north": {"uv": [10.125, 6.25, 10.25, 6.28125], "texture": "#4"},
				"east": {"uv": [10.375, 3.25, 10.40625, 3.28125], "texture": "#4"},
				"south": {"uv": [6.375, 10.125, 6.5, 10.15625], "texture": "#4"},
				"west": {"uv": [3.375, 10.375, 3.40625, 10.40625], "texture": "#4"},
				"up": {"uv": [10.25, 6.40625, 10.125, 6.375], "texture": "#4"},
				"down": {"uv": [6.625, 10.125, 6.5, 10.15625], "texture": "#4"}
			}
		},
		{
			"from": [7.75002, 11.025, 4.84934],
			"to": [8.24997, 11.52495, 8.84894],
			"rotation": {"angle": -22.5, "axis": "x", "origin": [8, 9.0384, 12.725]},
			"faces": {
				"north": {"uv": [7.875, 6.5, 8, 6.625], "texture": "#4"},
				"east": {"uv": [5.625, 2.25, 6.625, 2.375], "texture": "#4"},
				"south": {"uv": [8, 0.375, 8.125, 0.5], "texture": "#4"},
				"west": {"uv": [5.875, 1, 6.875, 1.125], "texture": "#4"},
				"up": {"uv": [6, 6.375, 5.875, 5.375], "texture": "#4"},
				"down": {"uv": [6.125, 3.25, 6, 4.25], "texture": "#4"}
			}
		},
		{
			"from": [7.75052, 6.35249, 8.02953],
			"to": [8.24948, 7.70235, 8.57948],
			"rotation": {"angle": 22.5, "axis": "x", "origin": [8, 9.0384, 12.725]},
			"faces": {
				"north": {"uv": [5.25, 8.125, 5.375, 8.46875], "texture": "#4"},
				"east": {"uv": [8.125, 5.25, 8.25, 5.59375], "texture": "#4"},
				"south": {"uv": [5.375, 8.125, 5.5, 8.46875], "texture": "#4"},
				"west": {"uv": [5.5, 8.125, 5.625, 8.46875], "texture": "#4"},
				"up": {"uv": [2.5, 7.75, 2.375, 7.625], "texture": "#4"},
				"down": {"uv": [7.875, 6.125, 7.75, 6.25], "texture": "#4"}
			}
		}
	],
	"display": {
		"head": {
			"rotation": [0, 180, 0]
		}
	}
}