{
	"credit": "Made with Blockbench",
	"textures": {
		"3": "animated_java:item/valk_aj/main",
		"4": "animated_java:item/valk_aj/texture"
	},
	"elements": [
		{
			"from": [-5.5675, 3.0979, 12.46156],
			"to": [-4.7575, 3.5029, 14.89156],
			"rotation": {"angle": -45, "axis": "z", "origin": [8, -11.4821, 5.37487]},
			"faces": {
				"north": {"uv": [8.875, 14.125, 8.75, 14.1875], "texture": "#3"},
				"east": {"uv": [13.625, 0.75, 13.25, 0.8125], "texture": "#3"},
				"south": {"uv": [14.25, 8.75, 14.125, 8.8125], "texture": "#3"},
				"west": {"uv": [13.625, 0.5, 13.25, 0.5625], "texture": "#3"},
				"up": {"uv": [5.5, 3.375, 5.625, 3], "texture": "#3"},
				"down": {"uv": [4.875, 5.5, 5, 5.875], "texture": "#3"}
			}
		},
		{
			"from": [-6.3775, 1.6804, 13.67656],
			"to": [-5.5675, 2.0854, 14.48656],
			"rotation": {"angle": -45, "axis": "z", "origin": [8, -11.4821, 5.37487]},
			"faces": {
				"north": {"uv": [14.25, 8.375, 14.125, 8.4375], "texture": "#3"},
				"east": {"uv": [14.25, 8.625, 14.125, 8.6875], "texture": "#3"},
				"south": {"uv": [14.25, 8.5, 14.125, 8.5625], "texture": "#3"},
				"west": {"uv": [8.625, 14.125, 8.5, 14.1875], "texture": "#3"},
				"up": {"uv": [13.625, 12, 13.75, 11.875], "texture": "#3"},
				"down": {"uv": [13.625, 12, 13.75, 12.125], "texture": "#3"}
			}
		},
		{
			"from": [-6.3775, 2.0854, 13.27237],
			"to": [-5.5675, 2.8954, 14.08237],
			"rotation": {"angle": -45, "axis": "z", "origin": [8, -11.4821, 5.37487]},
			"faces": {
				"north": {"uv": [7.25, 11.625, 7.125, 11.75], "texture": "#3"},
				"east": {"uv": [13.75, 11.625, 13.625, 11.75], "texture": "#3"},
				"south": {"uv": [13.75, 11.5, 13.625, 11.625], "texture": "#3"},
				"west": {"uv": [11.625, 13.625, 11.5, 13.75], "texture": "#3"},
				"up": {"uv": [11.75, 13.75, 11.875, 13.625], "texture": "#3"},
				"down": {"uv": [13.625, 11.75, 13.75, 11.875], "texture": "#3"}
			}
		},
		{
			"from": [-5.5675, 1.6804, 13.67656],
			"to": [-5.1625, 3.0979, 14.48656],
			"rotation": {"angle": -45, "axis": "z", "origin": [8, -11.4821, 5.37487]},
			"faces": {
				"north": {"uv": [13.8125, 13, 13.75, 13.21875], "texture": "#3"},
				"east": {"uv": [12.875, 11.875, 12.75, 12.09375], "texture": "#3"},
				"south": {"uv": [13.3125, 13.75, 13.25, 13.96875], "texture": "#3"},
				"west": {"uv": [11.875, 12.75, 11.75, 12.96875], "texture": "#3"},
				"up": {"uv": [14.125, 8.375, 14.1875, 8.25], "texture": "#3"},
				"down": {"uv": [8.375, 14.125, 8.4375, 14.25], "texture": "#3"}
			}
		},
		{
			"from": [-5.1625, 1.2754, 12.46156],
			"to": [-4.7575, 3.0979, 14.89156],
			"rotation": {"angle": -45, "axis": "z", "origin": [8, -11.4821, 5.37487]},
			"faces": {
				"north": {"uv": [2.1875, 13.625, 2.125, 13.90625], "texture": "#3"},
				"east": {"uv": [10.125, 1.5, 9.75, 1.78125], "texture": "#3"},
				"south": {"uv": [13.6875, 2.25, 13.625, 2.53125], "texture": "#3"},
				"west": {"uv": [1.375, 9.75, 1, 10.03125], "texture": "#3"},
				"up": {"uv": [0.625, 13.625, 0.6875, 13.25], "texture": "#3"},
				"down": {"uv": [0.75, 13.25, 0.8125, 13.625], "texture": "#3"}
			}
		},
		{
			"from": [-6.985, 1.2754, 12.46156],
			"to": [-6.58, 2.0854, 14.89156],
			"rotation": {"angle": -45, "axis": "z", "origin": [8, -11.4821, 5.37487]},
			"faces": {
				"north": {"uv": [14.1875, 8.125, 14.125, 8.25], "texture": "#3"},
				"east": {"uv": [9.25, 5.5, 8.875, 5.625], "texture": "#3"},
				"south": {"uv": [8.3125, 14.125, 8.25, 14.25], "texture": "#3"},
				"west": {"uv": [8.875, 2.625, 8.5, 2.75], "texture": "#3"},
				"up": {"uv": [13.25, 0.5, 13.3125, 0.125], "texture": "#3"},
				"down": {"uv": [0.5, 13.25, 0.5625, 13.625], "texture": "#3"}
			}
		},
		{
			"from": [-6.58, 1.2754, 12.46156],
			"to": [-5.1625, 1.6804, 14.89156],
			"rotation": {"angle": -45, "axis": "z", "origin": [8, -11.4821, 5.37487]},
			"faces": {
				"north": {"uv": [13.96875, 12.875, 13.75, 12.9375], "texture": "#3"},
				"east": {"uv": [13.625, 0, 13.25, 0.0625], "texture": "#3"},
				"south": {"uv": [13.21875, 13.75, 13, 13.8125], "texture": "#3"},
				"west": {"uv": [13.5, 11.375, 13.125, 11.4375], "texture": "#3"},
				"up": {"uv": [2.125, 10.875, 2.34375, 10.5], "texture": "#3"},
				"down": {"uv": [10.5, 2.75, 10.71875, 3.125], "texture": "#3"}
			}
		},
		{
			"from": [-6.3775, 1.8829, 7.80406],
			"to": [-5.365, 2.8954, 9.42406],
			"rotation": {"angle": -45, "axis": "z", "origin": [8, -11.4821, 5.37487]},
			"faces": {
				"north": {"uv": [4.90625, 13, 4.75, 13.15625], "texture": "#3"},
				"east": {"uv": [11, 12.25, 10.75, 12.40625], "texture": "#3"},
				"south": {"uv": [5.40625, 13, 5.25, 13.15625], "texture": "#3"},
				"west": {"uv": [12.5, 10.625, 12.25, 10.78125], "texture": "#3"},
				"up": {"uv": [12.25, 11.125, 12.40625, 10.875], "texture": "#3"},
				"down": {"uv": [11, 12.25, 11.15625, 12.5], "texture": "#3"}
			}
		},
		{
			"from": [-6.58, 1.6804, 9.42406],
			"to": [-5.1625, 3.0979, 10.63906],
			"rotation": {"angle": -45, "axis": "z", "origin": [8, -11.4821, 5.37487]},
			"faces": {
				"north": {"uv": [12.09375, 0.5, 11.875, 0.71875], "texture": "#3"},
				"east": {"uv": [12.3125, 4.125, 12.125, 4.34375], "texture": "#3"},
				"south": {"uv": [12.09375, 1.5, 11.875, 1.71875], "texture": "#3"},
				"west": {"uv": [12.3125, 3.875, 12.125, 4.09375], "texture": "#3"},
				"up": {"uv": [12.125, 4.5625, 12.34375, 4.375], "texture": "#3"},
				"down": {"uv": [4.625, 12.125, 4.84375, 12.3125], "texture": "#3"}
			}
		},
		{
			"from": [-6.7825, 1.4779, 10.63906],
			"to": [-4.96, 3.3004, 12.46156],
			"rotation": {"angle": -45, "axis": "z", "origin": [8, -11.4821, 5.37487]},
			"faces": {
				"north": {"uv": [10.78125, 6.375, 10.5, 6.65625], "texture": "#3"},
				"east": {"uv": [10.40625, 10.5, 10.125, 10.78125], "texture": "#3"},
				"south": {"uv": [10.78125, 8.125, 10.5, 8.40625], "texture": "#3"},
				"west": {"uv": [10.78125, 7.5, 10.5, 7.78125], "texture": "#3"},
				"up": {"uv": [10.5, 10.40625, 10.78125, 10.125], "texture": "#3"},
				"down": {"uv": [10.5, 10.5, 10.78125, 10.78125], "texture": "#3"}
			}
		},
		{
			"from": [7.49294, 9.21671, 14.23854],
			"to": [8.50706, 11.03921, 21.12354],
			"rotation": {"angle": 0, "axis": "y", "origin": [-4.15081, -11.43829, 5.32854]},
			"faces": {
				"north": {"uv": [1.65625, 12, 1.5, 12.28125], "texture": "#3"},
				"east": {"uv": [5.8125, 1.375, 4.75, 1.65625], "texture": "#3"},
				"south": {"uv": [1.90625, 12, 1.75, 12.28125], "texture": "#3"},
				"west": {"uv": [5.5625, 2.125, 4.5, 2.40625], "texture": "#3"},
				"up": {"uv": [1.25, 8.5625, 1.40625, 7.5], "texture": "#3"},
				"down": {"uv": [3.25, 7.5, 3.40625, 8.5625], "texture": "#3"}
			}
		},
		{
			"from": [8.30375, 3.3004, 21.37237],
			"to": [8.50625, 4.1104, 23.80237],
			"rotation": {"angle": -22.5, "axis": "x", "origin": [-4.15, -11.4821, 5.37487]},
			"faces": {
				"north": {"uv": [14.40625, 7.625, 14.375, 7.75], "texture": "#3"},
				"east": {"uv": [7.875, 6.375, 7.5, 6.5], "texture": "#3"},
				"south": {"uv": [7.78125, 14.375, 7.75, 14.5], "texture": "#3"},
				"west": {"uv": [6.75, 2.125, 6.375, 2.25], "texture": "#3"},
				"up": {"uv": [13.5, 14.25, 13.53125, 13.875], "texture": "#3"},
				"down": {"uv": [13.875, 13.5, 13.90625, 13.875], "texture": "#3"}
			}
		},
		{
			"from": [7.49375, 3.3004, 21.37237],
			"to": [7.69625, 4.1104, 23.80237],
			"rotation": {"angle": -22.5, "axis": "x", "origin": [-4.15, -11.4821, 5.37487]},
			"faces": {
				"north": {"uv": [14.40625, 7.5, 14.375, 7.625], "texture": "#3"},
				"east": {"uv": [1.375, 5.625, 1, 5.75], "texture": "#3"},
				"south": {"uv": [7.65625, 14.375, 7.625, 14.5], "texture": "#3"},
				"west": {"uv": [2, 3, 1.625, 3.125], "texture": "#3"},
				"up": {"uv": [13.125, 14.25, 13.15625, 13.875], "texture": "#3"},
				"down": {"uv": [13.375, 13.875, 13.40625, 14.25], "texture": "#3"}
			}
		},
		{
			"from": [7.69625, 3.7054, 20.76487],
			"to": [8.30375, 4.1104, 23.80237],
			"rotation": {"angle": -22.5, "axis": "x", "origin": [-4.15, -11.4821, 5.37487]},
			"faces": {
				"north": {"uv": [8.96875, 14.25, 8.875, 14.3125], "texture": "#3"},
				"east": {"uv": [13.21875, 0.125, 12.75, 0.1875], "texture": "#3"},
				"south": {"uv": [9.09375, 14.25, 9, 14.3125], "texture": "#3"},
				"west": {"uv": [13.21875, 0, 12.75, 0.0625], "texture": "#3"},
				"up": {"uv": [9.625, 12.34375, 9.71875, 11.875], "texture": "#3"},
				"down": {"uv": [1.375, 12, 1.46875, 12.46875], "texture": "#3"}
			}
		},
		{
			"from": [7.49375, 4.3129, 19.95487],
			"to": [8.50625, 5.9329, 22.18237],
			"rotation": {"angle": -22.5, "axis": "x", "origin": [-4.15, -11.4821, 5.37487]},
			"faces": {
				"north": {"uv": [10.53125, 12.25, 10.375, 12.5], "texture": "#3"},
				"east": {"uv": [10.59375, 8.625, 10.25, 8.875], "texture": "#3"},
				"south": {"uv": [12.40625, 10.375, 12.25, 10.625], "texture": "#3"},
				"west": {"uv": [10.46875, 3.375, 10.125, 3.625], "texture": "#3"},
				"up": {"uv": [11.625, 1.84375, 11.78125, 1.5], "texture": "#3"},
				"down": {"uv": [1.625, 11.625, 1.78125, 11.96875], "texture": "#3"}
			}
		},
		{
			"from": [7.7975, 7.9579, 7.80487],
			"to": [8, 8.9704, 9.42487],
			"rotation": {"angle": 22.5, "axis": "z", "origin": [8, 9.5779, 5.37487]},
			"faces": {
				"north": {"uv": [0.28125, 14.375, 0.25, 14.53125], "texture": "#3"},
				"east": {"uv": [12.5, 10.125, 12.25, 10.28125], "texture": "#3"},
				"south": {"uv": [14.40625, 0.25, 14.375, 0.40625], "texture": "#3"},
				"west": {"uv": [10.375, 12.25, 10.125, 12.40625], "texture": "#3"},
				"up": {"uv": [7.875, 14.375, 7.90625, 14.125], "texture": "#3"},
				"down": {"uv": [8, 14.125, 8.03125, 14.375], "texture": "#3"}
			}
		},
		{
			"from": [8, 7.9579, 9.42487],
			"to": [8.2025, 9.1729, 10.63987],
			"rotation": {"angle": 22.5, "axis": "z", "origin": [8, 9.5779, 5.37487]},
			"faces": {
				"north": {"uv": [8.53125, 14.25, 8.5, 14.4375], "texture": "#3"},
				"east": {"uv": [12.5625, 11.625, 12.375, 11.8125], "texture": "#3"},
				"south": {"uv": [8.65625, 14.25, 8.625, 14.4375], "texture": "#3"},
				"west": {"uv": [12.5625, 11.375, 12.375, 11.5625], "texture": "#3"},
				"up": {"uv": [14.25, 8.8125, 14.28125, 8.625], "texture": "#3"},
				"down": {"uv": [8.75, 14.25, 8.78125, 14.4375], "texture": "#3"}
			}
		},
		{
			"from": [8, 7.9579, 7.80487],
			"to": [8.2025, 8.9704, 9.42487],
			"rotation": {"angle": -22.5, "axis": "z", "origin": [8, 9.5779, 5.37487]},
			"faces": {
				"north": {"uv": [0.03125, 14.375, 0, 14.53125], "texture": "#3"},
				"east": {"uv": [12.5, 9.875, 12.25, 10.03125], "texture": "#3"},
				"south": {"uv": [0.15625, 14.375, 0.125, 14.53125], "texture": "#3"},
				"west": {"uv": [10.125, 12.25, 9.875, 12.40625], "texture": "#3"},
				"up": {"uv": [7.75, 14.375, 7.78125, 14.125], "texture": "#3"},
				"down": {"uv": [14.125, 7.75, 14.15625, 8], "texture": "#3"}
			}
		},
		{
			"from": [7.7975, 7.9579, 9.42487],
			"to": [8, 9.1729, 10.63987],
			"rotation": {"angle": -22.5, "axis": "z", "origin": [8, 9.5779, 5.37487]},
			"faces": {
				"north": {"uv": [14.28125, 8.125, 14.25, 8.3125], "texture": "#3"},
				"east": {"uv": [12.5625, 11.125, 12.375, 11.3125], "texture": "#3"},
				"south": {"uv": [8.28125, 14.25, 8.25, 14.4375], "texture": "#3"},
				"west": {"uv": [12.5625, 9.5, 12.375, 9.6875], "texture": "#3"},
				"up": {"uv": [8.375, 14.4375, 8.40625, 14.25], "texture": "#3"},
				"down": {"uv": [14.25, 8.375, 14.28125, 8.5625], "texture": "#3"}
			}
		},
		{
			"from": [7.595, 7.7554, 10.63987],
			"to": [7.7975, 9.1729, 12.46237],
			"rotation": {"angle": -22.5, "axis": "z", "origin": [8, 9.5779, 5.37487]},
			"faces": {
				"north": {"uv": [12.78125, 14.125, 12.75, 14.34375], "texture": "#3"},
				"east": {"uv": [11.53125, 0.5, 11.25, 0.71875], "texture": "#3"},
				"south": {"uv": [14.15625, 12.75, 14.125, 12.96875], "texture": "#3"},
				"west": {"uv": [0.65625, 11.25, 0.375, 11.46875], "texture": "#3"},
				"up": {"uv": [12.25, 14.28125, 12.28125, 14], "texture": "#3"},
				"down": {"uv": [12.5, 14, 12.53125, 14.28125], "texture": "#3"}
			}
		},
		{
			"from": [8.2025, 7.7554, 10.63987],
			"to": [8.405, 9.1729, 12.46237],
			"rotation": {"angle": 22.5, "axis": "z", "origin": [8, 9.5779, 5.37487]},
			"faces": {
				"north": {"uv": [14.15625, 12.5, 14.125, 12.71875], "texture": "#3"},
				"east": {"uv": [11.53125, 0.25, 11.25, 0.46875], "texture": "#3"},
				"south": {"uv": [12.65625, 14.125, 12.625, 14.34375], "texture": "#3"},
				"west": {"uv": [11.53125, 0, 11.25, 0.21875], "texture": "#3"},
				"up": {"uv": [12.125, 14.28125, 12.15625, 14], "texture": "#3"},
				"down": {"uv": [14, 12.125, 14.03125, 12.40625], "texture": "#3"}
			}
		},
		{
			"from": [7.7975, 7.7554, 13.27237],
			"to": [8.2025, 9.7804, 14.48737],
			"rotation": {"angle": -22.5, "axis": "z", "origin": [8, 9.5779, 5.37487]},
			"faces": {
				"north": {"uv": [8.1875, 13.375, 8.125, 13.6875], "texture": "#3"},
				"east": {"uv": [3.3125, 11.375, 3.125, 11.6875], "texture": "#3"},
				"south": {"uv": [9.0625, 13.375, 9, 13.6875], "texture": "#3"},
				"west": {"uv": [11.5625, 3, 11.375, 3.3125], "texture": "#3"},
				"up": {"uv": [13, 14.0625, 13.0625, 13.875], "texture": "#3"},
				"down": {"uv": [13.875, 13, 13.9375, 13.1875], "texture": "#3"}
			}
		},
		{
			"from": [7.3925, 7.7554, 12.46237],
			"to": [7.7975, 9.7804, 14.89237],
			"rotation": {"angle": -22.5, "axis": "z", "origin": [8, 9.5779, 5.37487]},
			"faces": {
				"north": {"uv": [7.8125, 13.375, 7.75, 13.6875], "texture": "#3"},
				"east": {"uv": [9.625, 8.375, 9.25, 8.6875], "texture": "#3"},
				"south": {"uv": [7.9375, 13.375, 7.875, 13.6875], "texture": "#3"},
				"west": {"uv": [9.625, 8, 9.25, 8.3125], "texture": "#3"},
				"up": {"uv": [13.125, 13, 13.1875, 12.625], "texture": "#3"},
				"down": {"uv": [13.125, 13, 13.1875, 13.375], "texture": "#3"}
			}
		},
		{
			"from": [7.7975, 7.7554, 13.87987],
			"to": [8.2025, 9.3754, 14.48737],
			"rotation": {"angle": 22.5, "axis": "z", "origin": [8, 9.5779, 5.37487]},
			"faces": {
				"north": {"uv": [13.6875, 10.75, 13.625, 11], "texture": "#3"},
				"east": {"uv": [12.71875, 13.125, 12.625, 13.375], "texture": "#3"},
				"south": {"uv": [13.6875, 11.25, 13.625, 11.5], "texture": "#3"},
				"west": {"uv": [12.59375, 13.125, 12.5, 13.375], "texture": "#3"},
				"up": {"uv": [14.25, 8.09375, 14.3125, 8], "texture": "#3"},
				"down": {"uv": [8.125, 14.25, 8.1875, 14.34375], "texture": "#3"}
			}
		},
		{
			"from": [8.2025, 7.7554, 12.46237],
			"to": [8.6075, 9.7804, 14.89237],
			"rotation": {"angle": 22.5, "axis": "z", "origin": [8, 9.5779, 5.37487]},
			"faces": {
				"north": {"uv": [7.6875, 13.375, 7.625, 13.6875], "texture": "#3"},
				"east": {"uv": [9.625, 7.625, 9.25, 7.9375], "texture": "#3"},
				"south": {"uv": [13.4375, 7.625, 13.375, 7.9375], "texture": "#3"},
				"west": {"uv": [9.625, 7.25, 9.25, 7.5625], "texture": "#3"},
				"up": {"uv": [13.125, 12.625, 13.1875, 12.25], "texture": "#3"},
				"down": {"uv": [12.375, 13.125, 12.4375, 13.5], "texture": "#3"}
			}
		},
		{
			"from": [7.3925, 4.5154, 18.13237],
			"to": [8.6075, 6.1354, 19.95487],
			"rotation": {"angle": -22.5, "axis": "x", "origin": [-4.15, -11.4821, 5.37487]},
			"faces": {
				"north": {"uv": [8.0625, 11.875, 7.875, 12.125], "texture": "#3"},
				"east": {"uv": [11.15625, 5.875, 10.875, 6.125], "texture": "#3"},
				"south": {"uv": [8.5625, 11.875, 8.375, 12.125], "texture": "#3"},
				"west": {"uv": [6.15625, 10.875, 5.875, 11.125], "texture": "#3"},
				"up": {"uv": [11.625, 3.28125, 11.8125, 3], "texture": "#3"},
				"down": {"uv": [11.625, 3.625, 11.8125, 3.90625], "texture": "#3"}
			}
		},
		{
			"from": [7.59581, 7.43525, 0.84707],
			"to": [8.40419, 8.24525, 1.45457],
			"rotation": {"angle": 22.5, "axis": "x", "origin": [-4.15, -9.77725, 6.92207]},
			"faces": {
				"north": {"uv": [11.625, 9.25, 11.5, 9.375], "texture": "#3"},
				"east": {"uv": [12.71875, 13.875, 12.625, 14], "texture": "#3"},
				"south": {"uv": [5.75, 11.625, 5.625, 11.75], "texture": "#3"},
				"west": {"uv": [13.96875, 12.5, 13.875, 12.625], "texture": "#3"},
				"up": {"uv": [13.875, 12.71875, 14, 12.625], "texture": "#3"},
				"down": {"uv": [13.875, 12.75, 14, 12.84375], "texture": "#3"}
			}
		},
		{
			"from": [7.595, 5.5279, 15.90487],
			"to": [8.405, 6.5404, 16.91737],
			"rotation": {"angle": -22.5, "axis": "x", "origin": [-4.15, -11.4821, 5.37487]},
			"faces": {
				"north": {"uv": [13.5, 5.75, 13.375, 5.90625], "texture": "#3"},
				"east": {"uv": [4.65625, 13, 4.5, 13.15625], "texture": "#3"},
				"south": {"uv": [13.5, 6.625, 13.375, 6.78125], "texture": "#3"},
				"west": {"uv": [13.15625, 4.25, 13, 4.40625], "texture": "#3"},
				"up": {"uv": [13.375, 7.03125, 13.5, 6.875], "texture": "#3"},
				"down": {"uv": [13.375, 7.125, 13.5, 7.28125], "texture": "#3"}
			}
		},
		{
			"from": [7.49375, 4.9204, 16.91737],
			"to": [8.50625, 6.3379, 18.13237],
			"rotation": {"angle": -22.5, "axis": "x", "origin": [-4.15, -11.4821, 5.37487]},
			"faces": {
				"north": {"uv": [12.65625, 6.125, 12.5, 6.34375], "texture": "#3"},
				"east": {"uv": [12.3125, 3.625, 12.125, 3.84375], "texture": "#3"},
				"south": {"uv": [12.65625, 6.875, 12.5, 7.09375], "texture": "#3"},
				"west": {"uv": [12.3125, 3, 12.125, 3.21875], "texture": "#3"},
				"up": {"uv": [12.625, 9.6875, 12.78125, 9.5], "texture": "#3"},
				"down": {"uv": [12.625, 11.625, 12.78125, 11.8125], "texture": "#3"}
			}
		},
		{
			"from": [7.69544, 7.95828, 6.83304],
			"to": [8.30456, 8.3629, 7.80487],
			"rotation": {"angle": 0, "axis": "y", "origin": [-4.15, -11.4821, 5.37487]},
			"faces": {
				"north": {"uv": [10.09375, 9.75, 10, 9.8125], "texture": "#4"},
				"east": {"uv": [0.65625, 9.875, 0.5, 9.9375], "texture": "#4"},
				"south": {"uv": [9.96875, 10, 9.875, 10.0625], "texture": "#4"},
				"west": {"uv": [10.03125, 0.375, 9.875, 0.4375], "texture": "#4"},
				"up": {"uv": [9.625, 3.78125, 9.71875, 3.625], "texture": "#4"},
				"down": {"uv": [3.75, 9.625, 3.84375, 9.78125], "texture": "#4"}
			}
		},
		{
			"from": [7.69706, 7.50978, -0.3487],
			"to": [8.30294, 8.72478, 0.0563],
			"rotation": {"angle": 22.5, "axis": "x", "origin": [-4.15, -11.52522, 5.3213]},
			"faces": {
				"north": {"uv": [9.59375, 4.25, 9.5, 4.4375], "texture": "#4"},
				"east": {"uv": [9.8125, 4.875, 9.75, 5.0625], "texture": "#4"},
				"south": {"uv": [4.46875, 9.5, 4.375, 9.6875], "texture": "#4"},
				"west": {"uv": [4.9375, 9.75, 4.875, 9.9375], "texture": "#4"},
				"up": {"uv": [10, 9.6875, 10.09375, 9.625], "texture": "#4"},
				"down": {"uv": [9.75, 10, 9.84375, 10.0625], "texture": "#4"}
			}
		},
		{
			"from": [7.69625, 6.5404, 14.28487],
			"to": [8.30375, 7.1479, 15.90487],
			"rotation": {"angle": -22.5, "axis": "x", "origin": [-4.15, -11.4821, 5.37487]},
			"faces": {
				"north": {"uv": [4.59375, 9.875, 4.5, 9.96875], "texture": "#4"},
				"east": {"uv": [9.375, 5.375, 9.125, 5.46875], "texture": "#4"},
				"south": {"uv": [4.71875, 9.875, 4.625, 9.96875], "texture": "#4"},
				"west": {"uv": [9.375, 5.25, 9.125, 5.34375], "texture": "#4"},
				"up": {"uv": [9.125, 6.75, 9.21875, 6.5], "texture": "#4"},
				"down": {"uv": [6.625, 9.125, 6.71875, 9.375], "texture": "#4"}
			}
		},
		{
			"from": [7.69625, 5.9329, 14.48737],
			"to": [8.30375, 6.1354, 15.09487],
			"rotation": {"angle": -22.5, "axis": "x", "origin": [-4.15, -11.4821, 5.37487]},
			"faces": {
				"north": {"uv": [5.46875, 10.25, 5.375, 10.28125], "texture": "#4"},
				"east": {"uv": [10.34375, 5.5, 10.25, 5.53125], "texture": "#4"},
				"south": {"uv": [5.59375, 10.25, 5.5, 10.28125], "texture": "#4"},
				"west": {"uv": [10.34375, 5.375, 10.25, 5.40625], "texture": "#4"},
				"up": {"uv": [4.375, 9.96875, 4.46875, 9.875], "texture": "#4"},
				"down": {"uv": [9.875, 4.375, 9.96875, 4.46875], "texture": "#4"}
			}
		},
		{
			"from": [7.69625, 6.1354, 14.28487],
			"to": [8.30375, 6.5404, 15.49987],
			"rotation": {"angle": -22.5, "axis": "x", "origin": [-4.15, -11.4821, 5.37487]},
			"faces": {
				"north": {"uv": [10.09375, 9.5, 10, 9.5625], "texture": "#4"},
				"east": {"uv": [4.8125, 9.75, 4.625, 9.8125], "texture": "#4"},
				"south": {"uv": [9.71875, 10, 9.625, 10.0625], "texture": "#4"},
				"west": {"uv": [9.9375, 4.5, 9.75, 4.5625], "texture": "#4"},
				"up": {"uv": [4.125, 9.6875, 4.21875, 9.5], "texture": "#4"},
				"down": {"uv": [4.25, 9.5, 4.34375, 9.6875], "texture": "#4"}
			}
		}
	],
	"display": {
		"head": {
			"rotation": [0, 180, 0]
		}
	}
}