{
	"credit": "Made with Blockbench",
	"textures": {
		"2": "animated_java:item/valk_aj/line",
		"3": "animated_java:item/valk_aj/main",
		"4": "animated_java:item/valk_aj/texture"
	},
	"elements": [
		{
			"from": [7.48094, 9.18941, 13.12245],
			"to": [8.51975, 10.57541, 13.2957],
			"rotation": {"angle": -22.5, "axis": "x", "origin": [8, 9.6181, 11.35]},
			"faces": {
				"north": {"uv": [16, 16, 16, 16], "texture": "#3"},
				"east": {"uv": [4, 7, 4.5, 3], "rotation": 180, "texture": "#2"},
				"south": {"uv": [16, 16, 16, 16], "texture": "#3"},
				"west": {"uv": [4, 7, 4.5, 3], "rotation": 180, "texture": "#2"},
				"up": {"uv": [4.5, 0, 4, 3], "rotation": 270, "texture": "#2"},
				"down": {"uv": [16, 16, 16, 16], "texture": "#3"}
			}
		},
		{
			"from": [7.586, 7.9531, 13.11357],
			"to": [9.665, 10.0321, 13.28682],
			"rotation": {"angle": -45, "axis": "z", "origin": [8, 9.6181, 11.35]},
			"faces": {
				"north": {"uv": [16, 16, 16, 16], "texture": "#3"},
				"east": {"uv": [4.5, 6, 5, 0], "rotation": 180, "texture": "#2"},
				"south": {"uv": [16, 16, 16, 16], "texture": "#3"},
				"west": {"uv": [4, 13.5, 4.5, 7.5], "rotation": 180, "texture": "#2"},
				"up": {"uv": [4.5, 7.5, 4, 13.5], "rotation": 270, "texture": "#2"},
				"down": {"uv": [5, 0, 4.5, 6], "rotation": 270, "texture": "#2"}
			}
		},
		{
			"from": [7.56461, 8.72144, 9.30277],
			"to": [7.56461, 9.41444, 9.47602],
			"rotation": {"angle": -22.5, "axis": "z", "origin": [8, 9.6181, 11.35]},
			"faces": {
				"north": {"uv": [0, 0, 0, 0.125], "texture": "#missing"},
				"east": {"uv": [16, 16, 16, 16], "texture": "#3"},
				"south": {"uv": [0, 0, 0, 0.5], "texture": "#missing"},
				"west": {"uv": [3, 8.5, 3.5, 6.5], "rotation": 180, "texture": "#2"},
				"up": {"uv": [0, 0.03125, 0, 0], "texture": "#missing"},
				"down": {"uv": [0, 0, 0, 0.03125], "texture": "#missing"}
			}
		},
		{
			"from": [7.39136, 8.72144, 11.03527],
			"to": [7.39136, 9.58769, 11.20852],
			"rotation": {"angle": -22.5, "axis": "z", "origin": [8, 9.6181, 11.35]},
			"faces": {
				"north": {"uv": [0, 0, 0, 0.625], "texture": "#missing"},
				"east": {"uv": [16, 16, 16, 16], "texture": "#3"},
				"south": {"uv": [0, 0, 0, 0.625], "texture": "#missing"},
				"west": {"uv": [3.5, 9.5, 4, 7], "rotation": 180, "texture": "#2"},
				"up": {"uv": [0, 0.03125, 0, 0], "texture": "#missing"},
				"down": {"uv": [0, 0, 0, 0.03125], "texture": "#missing"}
			}
		},
		{
			"from": [8.60864, 8.72144, 11.03527],
			"to": [8.60864, 9.58769, 11.20852],
			"rotation": {"angle": 22.5, "axis": "z", "origin": [8, 9.6181, 11.35]},
			"faces": {
				"north": {"uv": [0, 0, 0, 0.625], "texture": "#missing"},
				"east": {"uv": [3.5, 9.5, 4, 7], "rotation": 180, "texture": "#2"},
				"south": {"uv": [0, 0, 0, 0.15625], "texture": "#missing"},
				"west": {"uv": [16, 16, 16, 16], "texture": "#3"},
				"up": {"uv": [0, 0.125, 0, 0], "texture": "#missing"},
				"down": {"uv": [0, 0, 0, 0.125], "texture": "#missing"}
			}
		},
		{
			"from": [8.43539, 8.72144, 9.30277],
			"to": [8.43539, 9.41444, 9.47602],
			"rotation": {"angle": 22.5, "axis": "z", "origin": [8, 9.6181, 11.35]},
			"faces": {
				"north": {"uv": [0, 0, 0, 0.125], "texture": "#missing"},
				"east": {"uv": [3, 8.5, 3.5, 6.5], "rotation": 180, "texture": "#2"},
				"south": {"uv": [0, 0, 0, 0.125], "texture": "#missing"},
				"west": {"uv": [16, 16, 16, 16], "texture": "#3"},
				"up": {"uv": [0, 0.125, 0, 0], "texture": "#missing"},
				"down": {"uv": [0, 0, 0, 0.125], "texture": "#missing"}
			}
		},
		{
			"from": [7.21811, 8.72144, 13.11427],
			"to": [7.21811, 10.28069, 13.28752],
			"rotation": {"angle": -22.5, "axis": "z", "origin": [8, 9.6181, 11.35]},
			"faces": {
				"north": {"uv": [0, 0, 0, 1.125], "texture": "#missing"},
				"east": {"uv": [16, 16, 16, 16], "texture": "#3"},
				"south": {"uv": [0, 0, 0, 1.125], "texture": "#missing"},
				"west": {"uv": [4, 11.5, 4.5, 7], "rotation": 180, "texture": "#2"},
				"up": {"uv": [0, 0.03125, 0, 0], "texture": "#missing"},
				"down": {"uv": [0, 0, 0, 0.03125], "texture": "#missing"}
			}
		},
		{
			"from": [8.78189, 8.72144, 13.11427],
			"to": [8.78189, 10.28069, 13.28752],
			"rotation": {"angle": 22.5, "axis": "z", "origin": [8, 9.6181, 11.35]},
			"faces": {
				"north": {"uv": [0, 0, 0, 1.125], "texture": "#missing"},
				"east": {"uv": [4, 11.5, 4.5, 7], "rotation": 180, "texture": "#2"},
				"south": {"uv": [0, 0, 0, 0.28125], "texture": "#missing"},
				"west": {"uv": [16, 16, 16, 16], "texture": "#3"},
				"up": {"uv": [0, 0.125, 0, 0], "texture": "#missing"},
				"down": {"uv": [0, 0, 0, 0.125], "texture": "#missing"}
			}
		},
		{
			"from": [7.75925, 8.12635, 11.03457],
			"to": [9.49175, 9.85885, 11.20782],
			"rotation": {"angle": -45, "axis": "z", "origin": [8, 9.6181, 11.35]},
			"faces": {
				"north": {"uv": [16, 16, 16, 16], "texture": "#3"},
				"east": {"uv": [3.5, 16, 4, 11], "rotation": 180, "texture": "#2"},
				"south": {"uv": [16, 16, 16, 16], "texture": "#3"},
				"west": {"uv": [3.5, 11, 4, 6], "rotation": 180, "texture": "#2"},
				"up": {"uv": [4, 6, 3.5, 11], "rotation": 270, "texture": "#2"},
				"down": {"uv": [4, 11, 3.5, 16], "rotation": 270, "texture": "#2"}
			}
		},
		{
			"from": [7.39432, 9.53591, 11.04345],
			"to": [8.60637, 10.74866, 11.2167],
			"rotation": {"angle": -22.5, "axis": "x", "origin": [8, 9.6181, 11.35]},
			"faces": {
				"north": {"uv": [16, 16, 16, 16], "texture": "#3"},
				"east": {"uv": [3.5, 7, 4, 3.5], "rotation": 180, "texture": "#2"},
				"south": {"uv": [16, 16, 16, 16], "texture": "#3"},
				"west": {"uv": [3.5, 7, 4, 3.5], "rotation": 180, "texture": "#2"},
				"up": {"uv": [4, 0, 3.5, 3.5], "rotation": 270, "texture": "#2"},
				"down": {"uv": [16, 16, 16, 16], "texture": "#3"}
			}
		},
		{
			"from": [7.48094, 9.88241, 9.31095],
			"to": [8.51975, 11.09516, 9.4842],
			"rotation": {"angle": -22.5, "axis": "x", "origin": [8, 9.6181, 11.35]},
			"faces": {
				"north": {"uv": [16, 16, 16, 16], "texture": "#3"},
				"east": {"uv": [3, 6.5, 3.5, 3], "rotation": 180, "texture": "#2"},
				"south": {"uv": [16, 16, 16, 16], "texture": "#3"},
				"west": {"uv": [3, 6.5, 3.5, 3], "rotation": 180, "texture": "#2"},
				"up": {"uv": [3.5, 0, 3, 3], "rotation": 270, "texture": "#2"},
				"down": {"uv": [16, 16, 16, 16], "texture": "#3"}
			}
		},
		{
			"from": [7.9325, 8.2996, 9.30207],
			"to": [9.3185, 9.6856, 9.47532],
			"rotation": {"angle": -45, "axis": "z", "origin": [8, 9.6181, 11.35]},
			"faces": {
				"north": {"uv": [16, 16, 16, 16], "texture": "#3"},
				"east": {"uv": [3, 13.5, 3.5, 9.5], "rotation": 180, "texture": "#2"},
				"south": {"uv": [16, 16, 16, 16], "texture": "#3"},
				"west": {"uv": [3, 9.5, 3.5, 5.5], "rotation": 180, "texture": "#2"},
				"up": {"uv": [3.5, 5.5, 3, 9.5], "rotation": 270, "texture": "#2"},
				"down": {"uv": [3.5, 9.5, 3, 13.5], "rotation": 270, "texture": "#2"}
			}
		},
		{
			"from": [7.47956, 10.31023, 14.70199],
			"to": [8.52044, 12.04273, 23.01799],
			"rotation": {"angle": 0, "axis": "y", "origin": [8, 9.6181, 11.35]},
			"faces": {
				"north": {"uv": [2.1875, 7.75, 2, 8.0625], "texture": "#4"},
				"east": {"uv": [3.75, 0.75, 2.25, 1.0625], "texture": "#4"},
				"south": {"uv": [3.6875, 7.75, 3.5, 8.0625], "texture": "#4"},
				"west": {"uv": [1.75, 2.25, 0.25, 2.5625], "texture": "#4"},
				"up": {"uv": [0.5, 5.125, 0.6875, 3.625], "texture": "#4"},
				"down": {"uv": [5, 4.375, 5.1875, 5.875], "texture": "#3"}
			}
		},
		{
			"from": [8.3465, 7.63016, 14.6817],
			"to": [8.51975, 9.01616, 17.97345],
			"rotation": {"angle": -22.5, "axis": "x", "origin": [8, 9.6181, 11.35]},
			"faces": {
				"north": {"uv": [0.15625, 10, 0.125, 10.25], "texture": "#4"},
				"east": {"uv": [3.71875, 5.25, 3.125, 5.5], "texture": "#4"},
				"south": {"uv": [0.28125, 10, 0.25, 10.25], "texture": "#4"},
				"west": {"uv": [8.84375, 4.5, 8.25, 4.75], "texture": "#3"},
				"up": {"uv": [9.375, 2.34375, 9.40625, 1.75], "texture": "#4"},
				"down": {"uv": [12.25, 13.375, 12.28125, 13.96875], "texture": "#3"}
			}
		},
		{
			"from": [7.48025, 7.63016, 14.6817],
			"to": [7.6535, 9.01616, 17.97345],
			"rotation": {"angle": -22.5, "axis": "x", "origin": [8, 9.6181, 11.35]},
			"faces": {
				"north": {"uv": [9.90625, 9.75, 9.875, 10], "texture": "#4"},
				"east": {"uv": [8.84375, 4.25, 8.25, 4.5], "texture": "#3"},
				"south": {"uv": [0.03125, 10, 0, 10.25], "texture": "#4"},
				"west": {"uv": [5.59375, 3, 5, 3.25], "texture": "#4"},
				"up": {"uv": [1.375, 9.96875, 1.40625, 9.375], "texture": "#4"},
				"down": {"uv": [12, 13.375, 12.03125, 13.96875], "texture": "#3"}
			}
		},
		{
			"from": [7.6535, 7.97666, 12.9492],
			"to": [8.3465, 9.01616, 17.97345],
			"rotation": {"angle": -22.5, "axis": "x", "origin": [8, 9.6181, 11.35]},
			"faces": {
				"north": {"uv": [9.25, 0.625, 9.125, 0.8125], "texture": "#4"},
				"east": {"uv": [5.78125, 3.25, 4.875, 3.4375], "texture": "#4"},
				"south": {"uv": [9.25, 1.125, 9.125, 1.3125], "texture": "#4"},
				"west": {"uv": [5.78125, 1.625, 4.875, 1.8125], "texture": "#4"},
				"up": {"uv": [2.5, 7.15625, 2.625, 6.25], "texture": "#4"},
				"down": {"uv": [3.875, 9.5, 4, 10.40625], "texture": "#3"}
			}
		},
		{
			"from": [7.48025, 9.01616, 13.12245],
			"to": [8.51975, 10.57541, 15.3747],
			"rotation": {"angle": -22.5, "axis": "x", "origin": [8, 9.6181, 11.35]},
			"faces": {
				"north": {"uv": [2.8125, 8, 2.625, 8.28125], "texture": "#4"},
				"east": {"uv": [6.78125, 1.5, 6.375, 1.78125], "texture": "#4"},
				"south": {"uv": [3.0625, 8, 2.875, 8.28125], "texture": "#4"},
				"west": {"uv": [6.78125, 0.375, 6.375, 0.65625], "texture": "#4"},
				"up": {"uv": [2.75, 7.65625, 2.9375, 7.25], "texture": "#4"},
				"down": {"uv": [3.5, 7.25, 3.6875, 7.65625], "texture": "#4"}
			}
		},
		{
			"from": [7.586, 7.9531, 13.11357],
			"to": [7.75925, 8.6461, 15.71232],
			"rotation": {"angle": -45, "axis": "z", "origin": [8, 9.6181, 11.35]},
			"faces": {
				"north": {"uv": [7.28125, 10.125, 7.25, 10.25], "texture": "#4"},
				"east": {"uv": [8.21875, 1.25, 7.75, 1.375], "texture": "#4"},
				"south": {"uv": [14.40625, 8.25, 14.375, 8.375], "texture": "#3"},
				"west": {"uv": [2.71875, 4.25, 2.25, 4.375], "texture": "#4"},
				"up": {"uv": [1.125, 10.09375, 1.15625, 9.625], "texture": "#4"},
				"down": {"uv": [1.625, 9.625, 1.65625, 10.09375], "texture": "#4"}
			}
		},
		{
			"from": [7.75925, 7.9531, 13.11357],
			"to": [9.3185, 8.2996, 15.71232],
			"rotation": {"angle": -45, "axis": "z", "origin": [8, 9.6181, 11.35]},
			"faces": {
				"north": {"uv": [9.65625, 8.75, 9.375, 8.8125], "texture": "#4"},
				"east": {"uv": [9.09375, 7.625, 8.625, 7.6875], "texture": "#4"},
				"south": {"uv": [13.90625, 4.125, 13.625, 4.1875], "texture": "#3"},
				"west": {"uv": [9.09375, 7.5, 8.625, 7.5625], "texture": "#4"},
				"up": {"uv": [8.25, 9.34375, 8.53125, 8.875], "texture": "#3"},
				"down": {"uv": [2.375, 5.75, 2.65625, 6.21875], "texture": "#4"}
			}
		},
		{
			"from": [8.972, 9.85885, 13.11357],
			"to": [9.665, 10.0321, 15.71232],
			"rotation": {"angle": -45, "axis": "z", "origin": [8, 9.6181, 11.35]},
			"faces": {
				"north": {"uv": [7.25, 10.125, 7.125, 10.15625], "texture": "#4"},
				"east": {"uv": [10.09375, 3, 9.625, 3.03125], "texture": "#4"},
				"south": {"uv": [8.25, 14.375, 8.125, 14.40625], "texture": "#3"},
				"west": {"uv": [10.09375, 2.875, 9.625, 2.90625], "texture": "#4"},
				"up": {"uv": [3.25, 8.09375, 3.375, 7.625], "texture": "#4"},
				"down": {"uv": [4.375, 7.625, 4.5, 8.09375], "texture": "#4"}
			}
		},
		{
			"from": [7.9325, 8.6461, 14.32702],
			"to": [8.972, 9.6856, 15.02002],
			"rotation": {"angle": -45, "axis": "z", "origin": [8, 9.6181, 11.35]},
			"faces": {
				"north": {"uv": [6.1875, 8.5, 6, 8.6875], "texture": "#4"},
				"east": {"uv": [9.125, 9, 9, 9.1875], "texture": "#4"},
				"south": {"uv": [12.5625, 12.375, 12.375, 12.5625], "texture": "#3"},
				"west": {"uv": [9.125, 6.75, 9, 6.9375], "texture": "#4"},
				"up": {"uv": [9, 1.625, 9.1875, 1.5], "texture": "#4"},
				"down": {"uv": [9, 1.875, 9.1875, 2], "texture": "#4"}
			}
		},
		{
			"from": [7.9325, 8.12635, 14.67282],
			"to": [8.972, 8.6461, 15.36582],
			"rotation": {"angle": -45, "axis": "z", "origin": [8, 9.6181, 11.35]},
			"faces": {
				"north": {"uv": [9.5625, 8.625, 9.375, 8.71875], "texture": "#4"},
				"east": {"uv": [0.25, 9.75, 0.125, 9.84375], "texture": "#4"},
				"south": {"uv": [4.0625, 13.625, 3.875, 13.71875], "texture": "#3"},
				"west": {"uv": [0.125, 9.75, 0, 9.84375], "texture": "#4"},
				"up": {"uv": [1, 13.375, 1.1875, 13.25], "texture": "#3"},
				"down": {"uv": [9, 0.375, 9.1875, 0.5], "texture": "#4"}
			}
		},
		{
			"from": [8.972, 8.12635, 14.67282],
			"to": [9.3185, 9.85885, 15.36582],
			"rotation": {"angle": -45, "axis": "z", "origin": [8, 9.6181, 11.35]},
			"faces": {
				"north": {"uv": [9.3125, 7.5, 9.25, 7.8125], "texture": "#4"},
				"east": {"uv": [3.125, 8.375, 3, 8.6875], "texture": "#4"},
				"south": {"uv": [13.4375, 9.5, 13.375, 9.8125], "texture": "#3"},
				"west": {"uv": [12.375, 11.125, 12.25, 11.4375], "texture": "#3"},
				"up": {"uv": [9.875, 9.75, 9.9375, 9.625], "texture": "#4"},
				"down": {"uv": [9.75, 9.875, 9.8125, 10], "texture": "#4"}
			}
		},
		{
			"from": [9.3185, 7.9531, 13.11357],
			"to": [9.665, 9.85885, 15.71232],
			"rotation": {"angle": -45, "axis": "z", "origin": [8, 9.6181, 11.35]},
			"faces": {
				"north": {"uv": [0.3125, 9.25, 0.25, 9.59375], "texture": "#4"},
				"east": {"uv": [5.59375, 0.5, 5.125, 0.84375], "texture": "#4"},
				"south": {"uv": [13.3125, 6.875, 13.25, 7.21875], "texture": "#3"},
				"west": {"uv": [1.96875, 8, 1.5, 8.34375], "texture": "#3"},
				"up": {"uv": [2.875, 9.21875, 2.9375, 8.75], "texture": "#4"},
				"down": {"uv": [3, 8.75, 3.0625, 9.21875], "texture": "#4"}
			}
		},
		{
			"from": [7.73786, 8.54819, 7.22377],
			"to": [8.08436, 9.58769, 9.30277],
			"rotation": {"angle": -22.5, "axis": "z", "origin": [8, 9.6181, 11.35]},
			"faces": {
				"north": {"uv": [9.5625, 9.625, 9.5, 9.8125], "texture": "#4"},
				"east": {"uv": [7.875, 1.5, 7.5, 1.6875], "texture": "#4"},
				"south": {"uv": [9.6875, 9.5, 9.625, 9.6875], "texture": "#4"},
				"west": {"uv": [7.875, 0.5, 7.5, 0.6875], "texture": "#4"},
				"up": {"uv": [8.75, 9.375, 8.8125, 9], "texture": "#4"},
				"down": {"uv": [8.875, 9, 8.9375, 9.375], "texture": "#4"}
			}
		},
		{
			"from": [7.56461, 8.54819, 9.30277],
			"to": [7.91111, 9.58769, 11.03527],
			"rotation": {"angle": -22.5, "axis": "z", "origin": [8, 9.6181, 11.35]},
			"faces": {
				"north": {"uv": [9.6875, 9.25, 9.625, 9.4375], "texture": "#4"},
				"east": {"uv": [8.0625, 3.5, 7.75, 3.6875], "texture": "#4"},
				"south": {"uv": [9.4375, 9.625, 9.375, 9.8125], "texture": "#4"},
				"west": {"uv": [3.0625, 7.75, 2.75, 7.9375], "texture": "#4"},
				"up": {"uv": [6.75, 9.5625, 6.8125, 9.25], "texture": "#4"},
				"down": {"uv": [7, 9.25, 7.0625, 9.5625], "texture": "#4"}
			}
		},
		{
			"from": [7.39136, 8.37494, 11.03527],
			"to": [7.73786, 10.45394, 13.11427],
			"rotation": {"angle": -22.5, "axis": "z", "origin": [8, 9.6181, 11.35]},
			"faces": {
				"north": {"uv": [7.4375, 9, 7.375, 9.375], "texture": "#4"},
				"east": {"uv": [6, 0.375, 5.625, 0.75], "texture": "#4"},
				"south": {"uv": [9.0625, 7.875, 9, 8.25], "texture": "#4"},
				"west": {"uv": [5.875, 4.625, 5.5, 5], "texture": "#4"},
				"up": {"uv": [9, 8.625, 9.0625, 8.25], "texture": "#4"},
				"down": {"uv": [9, 8.625, 9.0625, 9], "texture": "#4"}
			}
		},
		{
			"from": [8.26214, 8.37494, 11.03527],
			"to": [8.60864, 10.45394, 13.11427],
			"rotation": {"angle": 22.5, "axis": "z", "origin": [8, 9.6181, 11.35]},
			"faces": {
				"north": {"uv": [6.3125, 9, 6.25, 9.375], "texture": "#4"},
				"east": {"uv": [5.875, 4.25, 5.5, 4.625], "texture": "#4"},
				"south": {"uv": [9.0625, 6.375, 9, 6.75], "texture": "#4"},
				"west": {"uv": [3.5, 5.5, 3.125, 5.875], "texture": "#4"},
				"up": {"uv": [9, 7.5, 9.0625, 7.125], "texture": "#4"},
				"down": {"uv": [7.25, 9, 7.3125, 9.375], "texture": "#4"}
			}
		},
		{
			"from": [7.91564, 8.54819, 7.22377],
			"to": [8.26214, 9.58769, 9.30277],
			"rotation": {"angle": 22.5, "axis": "z", "origin": [8, 9.6181, 11.35]},
			"faces": {
				"north": {"uv": [9.1875, 9.625, 9.125, 9.8125], "texture": "#4"},
				"east": {"uv": [7.875, 0.25, 7.5, 0.4375], "texture": "#4"},
				"south": {"uv": [9.3125, 9.625, 9.25, 9.8125], "texture": "#4"},
				"west": {"uv": [7.875, 0, 7.5, 0.1875], "texture": "#4"},
				"up": {"uv": [9, 5.5, 9.0625, 5.125], "texture": "#4"},
				"down": {"uv": [5.875, 9, 5.9375, 9.375], "texture": "#4"}
			}
		},
		{
			"from": [8.08889, 8.54819, 9.30277],
			"to": [8.43539, 9.58769, 11.03527],
			"rotation": {"angle": 22.5, "axis": "z", "origin": [8, 9.6181, 11.35]},
			"faces": {
				"north": {"uv": [9.0625, 9.625, 9, 9.8125], "texture": "#4"},
				"east": {"uv": [8.0625, 2.375, 7.75, 2.5625], "texture": "#4"},
				"south": {"uv": [9.6875, 9, 9.625, 9.1875], "texture": "#4"},
				"west": {"uv": [2.6875, 7.75, 2.375, 7.9375], "texture": "#4"},
				"up": {"uv": [6.125, 9.5625, 6.1875, 9.25], "texture": "#4"},
				"down": {"uv": [6.375, 9.25, 6.4375, 9.5625], "texture": "#4"}
			}
		},
		{
			"from": [7.56461, 8.20169, 13.80727],
			"to": [7.91111, 10.45394, 15.36652],
			"rotation": {"angle": -22.5, "axis": "z", "origin": [8, 9.6181, 11.35]},
			"faces": {
				"north": {"uv": [0.8125, 8.875, 0.75, 9.28125], "texture": "#4"},
				"east": {"uv": [1.78125, 9.5, 1.5, 9.90625], "texture": "#3"},
				"south": {"uv": [0.4375, 13, 0.375, 13.40625], "texture": "#3"},
				"west": {"uv": [6.53125, 4.75, 6.25, 5.15625], "texture": "#4"},
				"up": {"uv": [9.375, 8.15625, 9.4375, 7.875], "texture": "#4"},
				"down": {"uv": [9.375, 8.25, 9.4375, 8.53125], "texture": "#4"}
			}
		},
		{
			"from": [7.21811, 8.20169, 13.11427],
			"to": [7.56461, 10.45394, 15.71302],
			"rotation": {"angle": -22.5, "axis": "z", "origin": [8, 9.6181, 11.35]},
			"faces": {
				"north": {"uv": [0.5625, 8.875, 0.5, 9.28125], "texture": "#4"},
				"east": {"uv": [7.71875, 2.375, 7.25, 2.78125], "texture": "#3"},
				"south": {"uv": [0.1875, 13, 0.125, 13.40625], "texture": "#3"},
				"west": {"uv": [4.09375, 4.75, 3.625, 5.15625], "texture": "#4"},
				"up": {"uv": [2.625, 9.21875, 2.6875, 8.75], "texture": "#4"},
				"down": {"uv": [8.75, 2.625, 8.8125, 3.09375], "texture": "#4"}
			}
		},
		{
			"from": [8.08889, 8.20169, 14.15377],
			"to": [8.43539, 10.45394, 15.36652],
			"rotation": {"angle": 22.5, "axis": "z", "origin": [8, 9.6181, 11.35]},
			"faces": {
				"north": {"uv": [0.1875, 8.875, 0.125, 9.28125], "texture": "#4"},
				"east": {"uv": [5.71875, 6.75, 5.5, 7.15625], "texture": "#4"},
				"south": {"uv": [0.0625, 13, 0, 13.40625], "texture": "#3"},
				"west": {"uv": [8.21875, 10.125, 8, 10.53125], "texture": "#3"},
				"up": {"uv": [5.5, 9.84375, 5.5625, 9.625], "texture": "#4"},
				"down": {"uv": [9.625, 5.5, 9.6875, 5.71875], "texture": "#4"}
			}
		},
		{
			"from": [8.43539, 8.20169, 13.11427],
			"to": [8.78189, 10.45394, 15.71302],
			"rotation": {"angle": 22.5, "axis": "z", "origin": [8, 9.6181, 11.35]},
			"faces": {
				"north": {"uv": [8.6875, 8.75, 8.625, 9.15625], "texture": "#4"},
				"east": {"uv": [3.59375, 4.75, 3.125, 5.15625], "texture": "#4"},
				"south": {"uv": [12.3125, 12.875, 12.25, 13.28125], "texture": "#3"},
				"west": {"uv": [4.46875, 7.125, 4, 7.53125], "texture": "#3"},
				"up": {"uv": [2.375, 9.21875, 2.4375, 8.75], "texture": "#4"},
				"down": {"uv": [2.5, 8.75, 2.5625, 9.21875], "texture": "#4"}
			}
		},
		{
			"from": [7.75925, 8.12635, 11.03457],
			"to": [9.49175, 9.85885, 13.11357],
			"rotation": {"angle": -45, "axis": "z", "origin": [8, 9.6181, 11.35]},
			"faces": {
				"north": {"uv": [6.9375, 0, 6.625, 0.3125], "texture": "#4"},
				"east": {"uv": [6.5, 3.625, 6.125, 3.9375], "texture": "#4"},
				"south": {"uv": [1.4375, 6.625, 1.125, 6.9375], "texture": "#4"},
				"west": {"uv": [6.5, 3.25, 6.125, 3.5625], "texture": "#4"},
				"up": {"uv": [6.125, 4.375, 6.4375, 4], "texture": "#4"},
				"down": {"uv": [6.125, 4.375, 6.4375, 4.75], "texture": "#4"}
			}
		},
		{
			"from": [7.39362, 8.49641, 11.04345],
			"to": [8.60637, 10.74866, 13.12245],
			"rotation": {"angle": -22.5, "axis": "x", "origin": [8, 9.6181, 11.35]},
			"faces": {
				"north": {"uv": [3.71875, 6.75, 3.5, 7.15625], "texture": "#4"},
				"east": {"uv": [2, 5.25, 1.625, 5.65625], "texture": "#4"},
				"south": {"uv": [6.96875, 3.875, 6.75, 4.28125], "texture": "#4"},
				"west": {"uv": [5.5, 4.75, 5.125, 5.15625], "texture": "#4"},
				"up": {"uv": [6.5, 7.25, 6.71875, 6.875], "texture": "#4"},
				"down": {"uv": [6.75, 6.875, 6.96875, 7.25], "texture": "#4"}
			}
		},
		{
			"from": [7.48025, 9.53591, 9.31095],
			"to": [8.51975, 11.09516, 11.04345],
			"rotation": {"angle": -22.5, "axis": "x", "origin": [8, 9.6181, 11.35]},
			"faces": {
				"north": {"uv": [8.1875, 2, 8, 2.28125], "texture": "#4"},
				"east": {"uv": [7.1875, 2.375, 6.875, 2.65625], "texture": "#4"},
				"south": {"uv": [2.5625, 8, 2.375, 8.28125], "texture": "#4"},
				"west": {"uv": [2.3125, 6.875, 2, 7.15625], "texture": "#4"},
				"up": {"uv": [1.125, 8.0625, 1.3125, 7.75], "texture": "#4"},
				"down": {"uv": [1.5, 7.75, 1.6875, 8.0625], "texture": "#4"}
			}
		},
		{
			"from": [7.9325, 8.2996, 9.30207],
			"to": [9.3185, 9.6856, 11.03457],
			"rotation": {"angle": -45, "axis": "z", "origin": [8, 9.6181, 11.35]},
			"faces": {
				"north": {"uv": [4.25, 3.25, 4, 3.5], "texture": "#4"},
				"east": {"uv": [7.4375, 5.25, 7.125, 5.5], "texture": "#4"},
				"south": {"uv": [7.75, 5.75, 7.5, 6], "texture": "#4"},
				"west": {"uv": [4.9375, 7.125, 4.625, 7.375], "texture": "#4"},
				"up": {"uv": [5, 7.4375, 5.25, 7.125], "texture": "#4"},
				"down": {"uv": [7.25, 0, 7.5, 0.3125], "texture": "#4"}
			}
		},
		{
			"from": [7.56757, 7.67017, 7.76118],
			"to": [8.43243, 8.36317, 8.28093],
			"rotation": {"angle": 22.5, "axis": "x", "origin": [8, 9.6181, 11.35]},
			"faces": {
				"north": {"uv": [9.40625, 6.625, 9.25, 6.75], "texture": "#4"},
				"east": {"uv": [9.71875, 8.875, 9.625, 9], "texture": "#4"},
				"south": {"uv": [9.40625, 7, 9.25, 7.125], "texture": "#4"},
				"west": {"uv": [8.96875, 9.625, 8.875, 9.75], "texture": "#4"},
				"up": {"uv": [9.625, 2.34375, 9.78125, 2.25], "texture": "#4"},
				"down": {"uv": [9.625, 2.75, 9.78125, 2.84375], "texture": "#4"}
			}
		},
		{
			"from": [7.56687, 10.05566, 7.92495],
			"to": [8.43312, 11.26841, 9.31095],
			"rotation": {"angle": -22.5, "axis": "x", "origin": [8, 9.6181, 11.35]},
			"faces": {
				"north": {"uv": [8.65625, 8, 8.5, 8.21875], "texture": "#4"},
				"east": {"uv": [8.125, 2.75, 7.875, 2.96875], "texture": "#4"},
				"south": {"uv": [8.40625, 8.5, 8.25, 8.71875], "texture": "#4"},
				"west": {"uv": [8.125, 1.75, 7.875, 1.96875], "texture": "#4"},
				"up": {"uv": [2.375, 8.625, 2.53125, 8.375], "texture": "#4"},
				"down": {"uv": [2.625, 8.375, 2.78125, 8.625], "texture": "#4"}
			}
		},
		{
			"from": [8.10575, 8.47285, 7.22307],
			"to": [9.14525, 9.51235, 9.30207],
			"rotation": {"angle": -45, "axis": "z", "origin": [8, 9.6181, 11.35]},
			"faces": {
				"north": {"uv": [5.8125, 8.5, 5.625, 8.6875], "texture": "#4"},
				"east": {"uv": [7.75, 5, 7.375, 5.1875], "texture": "#4"},
				"south": {"uv": [8.6875, 5.75, 8.5, 5.9375], "texture": "#4"},
				"west": {"uv": [7.75, 4.125, 7.375, 4.3125], "texture": "#4"},
				"up": {"uv": [6.125, 7.75, 6.3125, 7.375], "texture": "#4"},
				"down": {"uv": [7.375, 6.875, 7.5625, 7.25], "texture": "#4"}
			}
		},
		{
			"from": [7.6535, 11.26841, 4.9797],
			"to": [8.3465, 11.61491, 5.49945],
			"rotation": {"angle": -22.5, "axis": "x", "origin": [8, 9.6181, 11.35]},
			"faces": {
				"north": {"uv": [9.625, 9.875, 9.5, 9.9375], "texture": "#4"},
				"east": {"uv": [7.34375, 10, 7.25, 10.0625], "texture": "#4"},
				"south": {"uv": [10, 9.5, 9.875, 9.5625], "texture": "#4"},
				"west": {"uv": [10.09375, 7.125, 10, 7.1875], "texture": "#4"},
				"up": {"uv": [9.625, 8.71875, 9.75, 8.625], "texture": "#4"},
				"down": {"uv": [8.75, 9.625, 8.875, 9.71875], "texture": "#4"}
			}
		},
		{
			"from": [7.6535, 10.92191, 5.49945],
			"to": [8.3465, 11.61491, 7.4052],
			"rotation": {"angle": -22.5, "axis": "x", "origin": [8, 9.6181, 11.35]},
			"faces": {
				"north": {"uv": [8.625, 1.375, 8.5, 1.5], "texture": "#4"},
				"east": {"uv": [8.46875, 2.75, 8.125, 2.875], "texture": "#4"},
				"south": {"uv": [9.125, 2.375, 9, 2.5], "texture": "#4"},
				"west": {"uv": [8.46875, 2.5, 8.125, 2.625], "texture": "#4"},
				"up": {"uv": [5.625, 8.46875, 5.75, 8.125], "texture": "#4"},
				"down": {"uv": [8.125, 5.625, 8.25, 5.96875], "texture": "#4"}
			}
		},
		{
			"from": [7.65281, 8.53127, 3.77987],
			"to": [8.34719, 9.05116, 7.22377],
			"rotation": {"angle": 0, "axis": "y", "origin": [8, 9.6181, 11.35]},
			"faces": {
				"north": {"uv": [9.75, 8.5, 9.625, 8.59375], "texture": "#4"},
				"east": {"uv": [8.25, 4, 7.625, 4.09375], "texture": "#4"},
				"south": {"uv": [8.75, 9.625, 8.625, 9.71875], "texture": "#4"},
				"west": {"uv": [8, 2.25, 7.375, 2.34375], "texture": "#4"},
				"up": {"uv": [1.375, 7.625, 1.5, 7], "texture": "#4"},
				"down": {"uv": [3.25, 7, 3.375, 7.625], "texture": "#4"}
			}
		},
		{
			"from": [7.65419, 7.1207, 7.06818],
			"to": [8.34581, 8.8532, 7.76118],
			"rotation": {"angle": 22.5, "axis": "x", "origin": [8, 9.6181, 11.35]},
			"faces": {
				"north": {"uv": [1.875, 8.375, 1.75, 8.6875], "texture": "#4"},
				"east": {"uv": [2.375, 8.375, 2.25, 8.6875], "texture": "#4"},
				"south": {"uv": [8.5, 2, 8.375, 2.3125], "texture": "#4"},
				"west": {"uv": [2, 8.375, 1.875, 8.6875], "texture": "#4"},
				"up": {"uv": [8.125, 3.75, 8.25, 3.625], "texture": "#4"},
				"down": {"uv": [8.5, 1.125, 8.625, 1.25], "texture": "#4"}
			}
		},
		{
			"from": [7.6535, 11.51096, 3.9402],
			"to": [8.3465, 11.61491, 4.11345],
			"rotation": {"angle": -22.5, "axis": "x", "origin": [8, 9.6181, 11.35]},
			"faces": {
				"north": {"uv": [10.25, 6.75, 10.125, 6.78125], "texture": "#4"},
				"east": {"uv": [3.53125, 10.375, 3.5, 10.40625], "texture": "#4"},
				"south": {"uv": [10.25, 6.875, 10.125, 6.90625], "texture": "#4"},
				"west": {"uv": [10.40625, 3.375, 10.375, 3.40625], "texture": "#4"},
				"up": {"uv": [7, 10.15625, 7.125, 10.125], "texture": "#4"},
				"down": {"uv": [10.125, 7, 10.25, 7.03125], "texture": "#4"}
			}
		},
		{
			"from": [7.6535, 11.61491, 3.9402],
			"to": [8.3465, 12.13466, 8.27145],
			"rotation": {"angle": -22.5, "axis": "x", "origin": [8, 9.6181, 11.35]},
			"faces": {
				"north": {"uv": [9.75, 8.375, 9.625, 8.46875], "texture": "#4"},
				"east": {"uv": [7.90625, 4.875, 7.125, 4.96875], "texture": "#4"},
				"south": {"uv": [8.625, 9.625, 8.5, 9.71875], "texture": "#4"},
				"west": {"uv": [7.90625, 0.75, 7.125, 0.84375], "texture": "#4"},
				"up": {"uv": [5.875, 7.15625, 6, 6.375], "texture": "#4"},
				"down": {"uv": [1, 6.625, 1.125, 7.40625], "texture": "#4"}
			}
		}
	],
	"display": {
		"head": {
			"rotation": [0, 180, 0]
		}
	}
}