{
	"credit": "Made with Blockbench",
	"textures": {
		"3": "animated_java:item/valk_aj/main",
		"4": "animated_java:item/valk_aj/texture"
	},
	"elements": [
		{
			"from": [7.62222, 5.46816, 14.70423],
			"to": [8.37777, 7.23111, 16.34126],
			"rotation": {"angle": -22.5, "axis": "x", "origin": [5.9852, -4.73177, 6.51911]},
			"faces": {
				"north": {"uv": [5.5625, 10.375, 5.375, 10.8125], "texture": "#3"},
				"east": {"uv": [7.78125, 7, 7.375, 7.4375], "texture": "#3"},
				"south": {"uv": [10.5625, 5.875, 10.375, 6.3125], "texture": "#3"},
				"west": {"uv": [7.78125, 6.5, 7.375, 6.9375], "texture": "#3"},
				"up": {"uv": [10.625, 2.65625, 10.8125, 2.25], "texture": "#3"},
				"down": {"uv": [2.375, 10.625, 2.5625, 11.03125], "texture": "#3"}
			}
		},
		{
			"from": [7.74815, 7.86073, 7.90428],
			"to": [8, 8.74221, 9.91908],
			"rotation": {"angle": 22.5, "axis": "z", "origin": [8, 9.37183, 6.51911]},
			"faces": {
				"north": {"uv": [13.8125, 12.125, 13.75, 12.34375], "texture": "#3"},
				"east": {"uv": [10.125, 5.5, 9.625, 5.71875], "texture": "#3"},
				"south": {"uv": [13.8125, 12.375, 13.75, 12.59375], "texture": "#3"},
				"west": {"uv": [10.125, 3.375, 9.625, 3.59375], "texture": "#3"},
				"up": {"uv": [10.5, 13, 10.5625, 12.5], "texture": "#3"},
				"down": {"uv": [10.75, 12.5, 10.8125, 13], "texture": "#3"}
			}
		},
		{
			"from": [8, 7.86073, 7.90428],
			"to": [8.25185, 8.74221, 9.91908],
			"rotation": {"angle": -22.5, "axis": "z", "origin": [8, 9.37183, 6.51911]},
			"faces": {
				"north": {"uv": [11.5625, 13.75, 11.5, 13.96875], "texture": "#3"},
				"east": {"uv": [10.125, 1.25, 9.625, 1.46875], "texture": "#3"},
				"south": {"uv": [11.8125, 13.75, 11.75, 13.96875], "texture": "#3"},
				"west": {"uv": [10.125, 0.5, 9.625, 0.71875], "texture": "#3"},
				"up": {"uv": [10.25, 13, 10.3125, 12.5], "texture": "#3"},
				"down": {"uv": [10.375, 12.5, 10.4375, 13], "texture": "#3"}
			}
		},
		{
			"from": [7.87407, 7.86073, 9.91908],
			"to": [8.12592, 9.37183, 11.43018],
			"rotation": {"angle": -22.5, "axis": "z", "origin": [8, 9.37183, 6.51911]},
			"faces": {
				"north": {"uv": [12.8125, 13, 12.75, 13.375], "texture": "#3"},
				"east": {"uv": [5.5, 8.5, 5.125, 8.875], "texture": "#3"},
				"south": {"uv": [13.0625, 13, 13, 13.375], "texture": "#3"},
				"west": {"uv": [5.125, 8.5, 4.75, 8.875], "texture": "#3"},
				"up": {"uv": [13.125, 0.625, 13.1875, 0.25], "texture": "#3"},
				"down": {"uv": [1.375, 13.125, 1.4375, 13.5], "texture": "#3"}
			}
		},
		{
			"from": [7.74815, 7.73481, 11.43018],
			"to": [8, 9.37183, 13.82276],
			"rotation": {"angle": -22.5, "axis": "z", "origin": [8, 9.37183, 6.51911]},
			"faces": {
				"north": {"uv": [8.1875, 12.875, 8.125, 13.28125], "texture": "#3"},
				"east": {"uv": [6.71875, 0.5, 6.125, 0.90625], "texture": "#3"},
				"south": {"uv": [12.9375, 9, 12.875, 9.40625], "texture": "#3"},
				"west": {"uv": [6.71875, 0, 6.125, 0.40625], "texture": "#3"},
				"up": {"uv": [12.375, 1.34375, 12.4375, 0.75], "texture": "#3"},
				"down": {"uv": [0.875, 12.375, 0.9375, 12.96875], "texture": "#3"}
			}
		},
		{
			"from": [7.87407, 7.73481, 13.69683],
			"to": [8.12592, 8.86813, 16.08941],
			"rotation": {"angle": -22.5, "axis": "z", "origin": [8, 9.37183, 6.51911]},
			"faces": {
				"north": {"uv": [13.5625, 13.375, 13.5, 13.65625], "texture": "#3"},
				"east": {"uv": [8.34375, 1.375, 7.75, 1.65625], "texture": "#3"},
				"south": {"uv": [2.9375, 13.625, 2.875, 13.90625], "texture": "#3"},
				"west": {"uv": [8.09375, 7.5, 7.5, 7.78125], "texture": "#3"},
				"up": {"uv": [0.25, 12.96875, 0.3125, 12.375], "texture": "#3"},
				"down": {"uv": [0.375, 12.375, 0.4375, 12.96875], "texture": "#3"}
			}
		},
		{
			"from": [7.62222, 7.73481, 13.69683],
			"to": [7.87407, 9.37183, 16.34126],
			"rotation": {"angle": -22.5, "axis": "z", "origin": [8, 9.37183, 6.51911]},
			"faces": {
				"north": {"uv": [6.5625, 12.875, 6.5, 13.28125], "texture": "#3"},
				"east": {"uv": [6.28125, 1.75, 5.625, 2.15625], "texture": "#3"},
				"south": {"uv": [12.1875, 12.875, 12.125, 13.28125], "texture": "#3"},
				"west": {"uv": [6.03125, 0, 5.375, 0.40625], "texture": "#3"},
				"up": {"uv": [12.125, 2.15625, 12.1875, 1.5], "texture": "#3"},
				"down": {"uv": [12.125, 2.25, 12.1875, 2.90625], "texture": "#3"}
			}
		},
		{
			"from": [7.87407, 7.73481, 13.69683],
			"to": [8.12592, 8.86813, 16.08941],
			"rotation": {"angle": 22.5, "axis": "z", "origin": [8, 9.37183, 6.51911]},
			"faces": {
				"north": {"uv": [12.4375, 13.5, 12.375, 13.78125], "texture": "#3"},
				"east": {"uv": [7.46875, 7.5, 6.875, 7.78125], "texture": "#3"},
				"south": {"uv": [13.6875, 2.625, 13.625, 2.90625], "texture": "#3"},
				"west": {"uv": [8.21875, 3.75, 7.625, 4.03125], "texture": "#3"},
				"up": {"uv": [0, 12.96875, 0.0625, 12.375], "texture": "#3"},
				"down": {"uv": [0.125, 12.375, 0.1875, 12.96875], "texture": "#3"}
			}
		},
		{
			"from": [8.12592, 7.73481, 13.69683],
			"to": [8.37777, 9.37183, 16.34126],
			"rotation": {"angle": 22.5, "axis": "z", "origin": [8, 9.37183, 6.51911]},
			"faces": {
				"north": {"uv": [6.1875, 12.875, 6.125, 13.28125], "texture": "#3"},
				"east": {"uv": [5.90625, 5.125, 5.25, 5.53125], "texture": "#3"},
				"south": {"uv": [12.9375, 11.875, 12.875, 12.28125], "texture": "#3"},
				"west": {"uv": [6.03125, 2.5, 5.375, 2.90625], "texture": "#3"},
				"up": {"uv": [12.125, 0.65625, 12.1875, 0], "texture": "#3"},
				"down": {"uv": [1.125, 12.125, 1.1875, 12.78125], "texture": "#3"}
			}
		},
		{
			"from": [7.74815, 4.08298, 19.48938],
			"to": [8.25185, 5.21631, 24.14861],
			"rotation": {"angle": -22.5, "axis": "x", "origin": [5.9852, -4.73177, 6.51911]},
			"faces": {
				"north": {"uv": [7, 12.375, 6.875, 12.65625], "texture": "#3"},
				"east": {"uv": [5.40625, 3, 4.25, 3.28125], "texture": "#3"},
				"south": {"uv": [7.375, 12.375, 7.25, 12.65625], "texture": "#3"},
				"west": {"uv": [5.03125, 4, 3.875, 4.28125], "texture": "#3"},
				"up": {"uv": [6.375, 9.28125, 6.5, 8.125], "texture": "#3"},
				"down": {"uv": [2.25, 8.25, 2.375, 9.40625], "texture": "#3"}
			}
		},
		{
			"from": [7.62222, 3.83113, 20.37086],
			"to": [7.74815, 5.21631, 24.14861],
			"rotation": {"angle": -22.5, "axis": "x", "origin": [5.9852, -4.73177, 6.51911]},
			"faces": {
				"north": {"uv": [14.03125, 1.125, 14, 1.46875], "texture": "#3"},
				"east": {"uv": [5.4375, 1.75, 4.5, 2.09375], "texture": "#3"},
				"south": {"uv": [1.28125, 14, 1.25, 14.34375], "texture": "#3"},
				"west": {"uv": [5.3125, 0.375, 4.375, 0.71875], "texture": "#3"},
				"up": {"uv": [9.5, 13.5625, 9.53125, 12.625], "texture": "#3"},
				"down": {"uv": [2, 12.75, 2.03125, 13.6875], "texture": "#3"}
			}
		},
		{
			"from": [8.25185, 3.83113, 20.37086],
			"to": [8.37777, 5.21631, 24.14861],
			"rotation": {"angle": -22.5, "axis": "x", "origin": [5.9852, -4.73177, 6.51911]},
			"faces": {
				"north": {"uv": [14.03125, 0.75, 14, 1.09375], "texture": "#3"},
				"east": {"uv": [5.3125, 0, 4.375, 0.34375], "texture": "#3"},
				"south": {"uv": [1.15625, 14, 1.125, 14.34375], "texture": "#3"},
				"west": {"uv": [3.8125, 4.375, 2.875, 4.71875], "texture": "#3"},
				"up": {"uv": [9.25, 13.5625, 9.28125, 12.625], "texture": "#3"},
				"down": {"uv": [12.75, 1.375, 12.78125, 2.3125], "texture": "#3"}
			}
		},
		{
			"from": [-1.82215, 3.45336, 13.69633],
			"to": [-1.69622, 3.95706, 16.34075],
			"rotation": {"angle": -45, "axis": "z", "origin": [8, -4.73177, 6.51911]},
			"faces": {
				"north": {"uv": [14.40625, 6.875, 14.375, 7], "texture": "#3"},
				"east": {"uv": [11.03125, 5.75, 10.375, 5.875], "texture": "#3"},
				"south": {"uv": [8.03125, 14.375, 8, 14.5], "texture": "#3"},
				"west": {"uv": [11.03125, 1.875, 10.375, 2], "texture": "#3"},
				"up": {"uv": [10.25, 13.90625, 10.28125, 13.25], "texture": "#3"},
				"down": {"uv": [10.375, 13.25, 10.40625, 13.90625], "texture": "#3"}
			}
		},
		{
			"from": [-1.69622, 3.45336, 13.69633],
			"to": [-0.43697, 3.70521, 16.34075],
			"rotation": {"angle": -45, "axis": "z", "origin": [8, -4.73177, 6.51911]},
			"faces": {
				"north": {"uv": [13.6875, 5.375, 13.375, 5.4375], "texture": "#3"},
				"east": {"uv": [12.65625, 12, 12, 12.0625], "texture": "#3"},
				"south": {"uv": [13.6875, 8, 13.375, 8.0625], "texture": "#3"},
				"west": {"uv": [12.65625, 9.125, 12, 9.1875], "texture": "#3"},
				"up": {"uv": [4.375, 7.03125, 4.6875, 6.375], "texture": "#3"},
				"down": {"uv": [4, 6.375, 4.3125, 7.03125], "texture": "#3"}
			}
		},
		{
			"from": [-0.68882, 4.96446, 13.69633],
			"to": [-0.18513, 5.09038, 16.34075],
			"rotation": {"angle": -45, "axis": "z", "origin": [8, -4.73177, 6.51911]},
			"faces": {
				"north": {"uv": [14.5, 6.75, 14.375, 6.78125], "texture": "#3"},
				"east": {"uv": [13.90625, 10.625, 13.25, 10.65625], "texture": "#3"},
				"south": {"uv": [8, 14.375, 7.875, 14.40625], "texture": "#3"},
				"west": {"uv": [13.90625, 10.5, 13.25, 10.53125], "texture": "#3"},
				"up": {"uv": [5, 11.03125, 5.125, 10.375], "texture": "#3"},
				"down": {"uv": [5.125, 10.375, 5.25, 11.03125], "texture": "#3"}
			}
		},
		{
			"from": [-1.69622, 3.83113, 15.08201],
			"to": [-0.68882, 4.96446, 15.83756],
			"rotation": {"angle": -45, "axis": "z", "origin": [8, -4.73177, 6.51911]},
			"faces": {
				"north": {"uv": [11.125, 3.625, 10.875, 3.90625], "texture": "#3"},
				"east": {"uv": [11.8125, 1.875, 11.625, 2.15625], "texture": "#3"},
				"south": {"uv": [6.75, 10.875, 6.5, 11.15625], "texture": "#3"},
				"west": {"uv": [2.0625, 11.625, 1.875, 11.90625], "texture": "#3"},
				"up": {"uv": [11.875, 6.8125, 12.125, 6.625], "texture": "#3"},
				"down": {"uv": [11.875, 6.875, 12.125, 7.0625], "texture": "#3"}
			}
		},
		{
			"from": [-1.5703, 3.70521, 15.0815],
			"to": [-0.68882, 3.95706, 16.0889],
			"rotation": {"angle": -45, "axis": "z", "origin": [8, -4.73177, 6.51911]},
			"faces": {
				"north": {"uv": [13.96875, 11.875, 13.75, 11.9375], "texture": "#3"},
				"east": {"uv": [10.875, 13.625, 10.625, 13.6875], "texture": "#3"},
				"south": {"uv": [13.59375, 13.75, 13.375, 13.8125], "texture": "#3"},
				"west": {"uv": [13.875, 9.875, 13.625, 9.9375], "texture": "#3"},
				"up": {"uv": [4.375, 11.75, 4.59375, 11.5], "texture": "#3"},
				"down": {"uv": [3.875, 11.5, 4.09375, 11.75], "texture": "#3"}
			}
		},
		{
			"from": [-0.68882, 3.70521, 15.0815],
			"to": [-0.43697, 4.83853, 16.0889],
			"rotation": {"angle": -45, "axis": "z", "origin": [8, -4.73177, 6.51911]},
			"faces": {
				"north": {"uv": [13.5625, 11.375, 13.5, 11.65625], "texture": "#3"},
				"east": {"uv": [2.875, 10.875, 2.625, 11.15625], "texture": "#3"},
				"south": {"uv": [2.5625, 13.625, 2.5, 13.90625], "texture": "#3"},
				"west": {"uv": [5.625, 10.875, 5.375, 11.15625], "texture": "#3"},
				"up": {"uv": [9.5, 13.875, 9.5625, 13.625], "texture": "#3"},
				"down": {"uv": [10.5, 13.625, 10.5625, 13.875], "texture": "#3"}
			}
		},
		{
			"from": [-0.43697, 3.45336, 13.69633],
			"to": [-0.18513, 4.96446, 16.34075],
			"rotation": {"angle": -45, "axis": "z", "origin": [8, -4.73177, 6.51911]},
			"faces": {
				"north": {"uv": [13.0625, 12.25, 13, 12.625], "texture": "#3"},
				"east": {"uv": [4.65625, 6, 4, 6.375], "texture": "#3"},
				"south": {"uv": [13.3125, 0.875, 13.25, 1.25], "texture": "#3"},
				"west": {"uv": [6.65625, 4.25, 6, 4.625], "texture": "#3"},
				"up": {"uv": [9.75, 12.65625, 9.8125, 12], "texture": "#3"},
				"down": {"uv": [10.625, 12, 10.6875, 12.65625], "texture": "#3"}
			}
		},
		{
			"from": [7.62222, 4.83853, 19.48938],
			"to": [8.37777, 5.21631, 20.37086],
			"rotation": {"angle": -22.5, "axis": "x", "origin": [5.9852, -4.73177, 6.51911]},
			"faces": {
				"north": {"uv": [13.6875, 10.375, 13.5, 10.46875], "texture": "#3"},
				"east": {"uv": [13.46875, 10, 13.25, 10.09375], "texture": "#3"},
				"south": {"uv": [13.6875, 11, 13.5, 11.09375], "texture": "#3"},
				"west": {"uv": [10.21875, 13.25, 10, 13.34375], "texture": "#3"},
				"up": {"uv": [11.75, 12.21875, 11.9375, 12], "texture": "#3"},
				"down": {"uv": [12, 11.75, 12.1875, 11.96875], "texture": "#3"}
			}
		},
		{
			"from": [7.62222, 5.21631, 18.48198],
			"to": [8.37777, 6.72741, 20.62271],
			"rotation": {"angle": -22.5, "axis": "x", "origin": [5.9852, -4.73177, 6.51911]},
			"faces": {
				"north": {"uv": [1.8125, 10.875, 1.625, 11.25], "texture": "#3"},
				"east": {"uv": [7.15625, 5, 6.625, 5.375], "texture": "#3"},
				"south": {"uv": [2.1875, 10.875, 2, 11.25], "texture": "#3"},
				"west": {"uv": [7.15625, 1.375, 6.625, 1.75], "texture": "#3"},
				"up": {"uv": [9.375, 10.28125, 9.5625, 9.75], "texture": "#3"},
				"down": {"uv": [9.625, 9.75, 9.8125, 10.28125], "texture": "#3"}
			}
		},
		{
			"from": [-1.44437, 3.83113, 7.90378],
			"to": [-0.5629, 4.71261, 9.91858],
			"rotation": {"angle": -45, "axis": "z", "origin": [8, -4.73177, 6.51911]},
			"faces": {
				"north": {"uv": [12.09375, 0, 11.875, 0.21875], "texture": "#3"},
				"east": {"uv": [1, 9.625, 0.5, 9.84375], "texture": "#3"},
				"south": {"uv": [12.09375, 0.25, 11.875, 0.46875], "texture": "#3"},
				"west": {"uv": [10.125, 0.25, 9.625, 0.46875], "texture": "#3"},
				"up": {"uv": [9.625, 2.875, 9.84375, 2.375], "texture": "#3"},
				"down": {"uv": [9.625, 2.875, 9.84375, 3.375], "texture": "#3"}
			}
		},
		{
			"from": [-1.5703, 3.70521, 9.91858],
			"to": [-0.43697, 4.83853, 11.42968],
			"rotation": {"angle": -45, "axis": "z", "origin": [8, -4.73177, 6.51911]},
			"faces": {
				"north": {"uv": [6.15625, 10.5, 5.875, 10.78125], "texture": "#3"},
				"east": {"uv": [10, 7.875, 9.625, 8.15625], "texture": "#3"},
				"south": {"uv": [6.65625, 10.5, 6.375, 10.78125], "texture": "#3"},
				"west": {"uv": [10, 7.5, 9.625, 7.78125], "texture": "#3"},
				"up": {"uv": [9.625, 8.625, 9.90625, 8.25], "texture": "#3"},
				"down": {"uv": [9, 9.625, 9.28125, 10], "texture": "#3"}
			}
		},
		{
			"from": [-1.69622, 3.57928, 11.42968],
			"to": [-0.31105, 4.96446, 13.69633],
			"rotation": {"angle": -45, "axis": "z", "origin": [8, -4.73177, 6.51911]},
			"faces": {
				"north": {"uv": [9.46875, 3.625, 9.125, 3.96875], "texture": "#3"},
				"east": {"uv": [7.3125, 4.25, 6.75, 4.59375], "texture": "#3"},
				"south": {"uv": [4.21875, 9.125, 3.875, 9.46875], "texture": "#3"},
				"west": {"uv": [7.1875, 5.375, 6.625, 5.71875], "texture": "#3"},
				"up": {"uv": [0.875, 7.4375, 1.21875, 6.875], "texture": "#3"},
				"down": {"uv": [1.25, 6.875, 1.59375, 7.4375], "texture": "#3"}
			}
		},
		{
			"from": [7.68519, 6.22371, 13.31906],
			"to": [8.31481, 7.35703, 14.70423],
			"rotation": {"angle": -22.5, "axis": "x", "origin": [5.9852, -4.73177, 6.51911]},
			"faces": {
				"north": {"uv": [0.65625, 12, 0.5, 12.28125], "texture": "#3"},
				"east": {"uv": [10.34375, 6.125, 10, 6.40625], "texture": "#3"},
				"south": {"uv": [1.03125, 12, 0.875, 12.28125], "texture": "#3"},
				"west": {"uv": [10.34375, 5.75, 10, 6.03125], "texture": "#3"},
				"up": {"uv": [11.625, 0.71875, 11.78125, 0.375], "texture": "#3"},
				"down": {"uv": [1.375, 11.625, 1.53125, 11.96875], "texture": "#3"}
			}
		},
		{
			"from": [7.68569, 8.00988, 3.26151],
			"to": [8.31431, 8.51358, 3.63929],
			"rotation": {"angle": 22.5, "axis": "x", "origin": [5.9852, -3.57522, 7.03926]},
			"faces": {
				"north": {"uv": [13.53125, 4.875, 13.375, 5], "texture": "#3"},
				"east": {"uv": [13.96875, 9.5, 13.875, 9.625], "texture": "#3"},
				"south": {"uv": [13.53125, 5.125, 13.375, 5.25], "texture": "#3"},
				"west": {"uv": [9.59375, 13.875, 9.5, 14], "texture": "#3"},
				"up": {"uv": [13.75, 2.96875, 13.90625, 2.875], "texture": "#3"},
				"down": {"uv": [13.75, 3, 13.90625, 3.09375], "texture": "#3"}
			}
		},
		{
			"from": [7.62172, 9.86717, 15.1639],
			"to": [8.37828, 11.25234, 23.2231],
			"rotation": {"angle": 0, "axis": "y", "origin": [5.9847, -4.74013, 6.47507]},
			"faces": {
				"north": {"uv": [7.4375, 7.5, 7.25, 7.84375], "texture": "#4"},
				"east": {"uv": [2, 1.875, 0, 2.21875], "texture": "#4"},
				"south": {"uv": [7.6875, 7.25, 7.5, 7.59375], "texture": "#4"},
				"west": {"uv": [2, 1.5, 0, 1.84375], "texture": "#4"},
				"up": {"uv": [2.5, 3.125, 2.6875, 1.125], "texture": "#4"},
				"down": {"uv": [0.75, 3.75, 0.9375, 5.75], "texture": "#3"}
			}
		},
		{
			"from": [7.87407, 7.86073, 9.91908],
			"to": [8.12592, 9.37183, 11.43018],
			"rotation": {"angle": 22.5, "axis": "z", "origin": [8, 9.37183, 6.51911]},
			"faces": {
				"north": {"uv": [5.4375, 9.125, 5.375, 9.5], "texture": "#4"},
				"east": {"uv": [5.625, 5.625, 5.25, 6], "texture": "#4"},
				"south": {"uv": [5.5625, 9.125, 5.5, 9.5], "texture": "#4"},
				"west": {"uv": [6, 5, 5.625, 5.375], "texture": "#4"},
				"up": {"uv": [9.125, 6.5, 9.1875, 6.125], "texture": "#4"},
				"down": {"uv": [6.5, 9.125, 6.5625, 9.5], "texture": "#4"}
			}
		},
		{
			"from": [8, 7.73481, 11.43018],
			"to": [8.25185, 9.37183, 13.82276],
			"rotation": {"angle": 22.5, "axis": "z", "origin": [8, 9.37183, 6.51911]},
			"faces": {
				"north": {"uv": [1.5625, 8.875, 1.5, 9.28125], "texture": "#4"},
				"east": {"uv": [4.84375, 3.25, 4.25, 3.65625], "texture": "#4"},
				"south": {"uv": [2.0625, 8.875, 2, 9.28125], "texture": "#4"},
				"west": {"uv": [2.21875, 4.25, 1.625, 4.65625], "texture": "#4"},
				"up": {"uv": [5.125, 9.09375, 5.1875, 8.5], "texture": "#4"},
				"down": {"uv": [5.25, 8.5, 5.3125, 9.09375], "texture": "#4"}
			}
		},
		{
			"from": [7.55926, 4.58668, 16.34126],
			"to": [8.44074, 6.97926, 18.48198],
			"rotation": {"angle": -22.5, "axis": "x", "origin": [5.9852, -4.73177, 6.51911]},
			"faces": {
				"north": {"uv": [4.71875, 5.75, 4.5, 6.34375], "texture": "#4"},
				"east": {"uv": [3.90625, 2.875, 3.375, 3.46875], "texture": "#4"},
				"south": {"uv": [4.96875, 5.75, 4.75, 6.34375], "texture": "#4"},
				"west": {"uv": [3.90625, 2.25, 3.375, 2.84375], "texture": "#4"},
				"up": {"uv": [2.25, 6.78125, 2.46875, 6.25], "texture": "#4"},
				"down": {"uv": [6.25, 2.375, 6.46875, 2.90625], "texture": "#4"}
			}
		},
		{
			"from": [7.74765, 7.73298, 5.50872],
			"to": [8.25235, 8.36443, 7.90428],
			"rotation": {"angle": 0, "axis": "y", "origin": [5.9852, -4.73177, 6.51911]},
			"faces": {
				"north": {"uv": [0.75, 9.375, 0.625, 9.53125], "texture": "#4"},
				"east": {"uv": [7.21875, 6.625, 6.625, 6.78125], "texture": "#4"},
				"south": {"uv": [0.875, 9.375, 0.75, 9.53125], "texture": "#4"},
				"west": {"uv": [7.21875, 6.125, 6.625, 6.28125], "texture": "#4"},
				"up": {"uv": [5.25, 7.84375, 5.375, 7.25], "texture": "#4"},
				"down": {"uv": [5.375, 7.25, 5.5, 7.84375], "texture": "#4"}
			}
		},
		{
			"from": [7.74815, 6.97926, 10.92648],
			"to": [8.25185, 7.60888, 12.81536],
			"rotation": {"angle": -22.5, "axis": "x", "origin": [5.9852, -4.73177, 6.51911]},
			"faces": {
				"north": {"uv": [0.5, 9.375, 0.375, 9.53125], "texture": "#4"},
				"east": {"uv": [0.46875, 7.375, 0, 7.53125], "texture": "#4"},
				"south": {"uv": [0.625, 9.375, 0.5, 9.53125], "texture": "#4"},
				"west": {"uv": [7.46875, 7.25, 7, 7.40625], "texture": "#4"},
				"up": {"uv": [4.875, 8.21875, 5, 7.75], "texture": "#4"},
				"down": {"uv": [5.875, 7.75, 6, 8.21875], "texture": "#4"}
			}
		},
		{
			"from": [7.74815, 7.60888, 10.54871],
			"to": [8.25185, 8.11258, 13.57091],
			"rotation": {"angle": -22.5, "axis": "x", "origin": [5.9852, -4.73177, 6.51911]},
			"faces": {
				"north": {"uv": [9.5, 9.5, 9.375, 9.625], "texture": "#4"},
				"east": {"uv": [7.375, 5.125, 6.625, 5.25], "texture": "#4"},
				"south": {"uv": [9.625, 9.375, 9.5, 9.5], "texture": "#4"},
				"west": {"uv": [7.375, 5, 6.625, 5.125], "texture": "#4"},
				"up": {"uv": [3.375, 7.375, 3.5, 6.625], "texture": "#4"},
				"down": {"uv": [4.5, 6.625, 4.625, 7.375], "texture": "#4"}
			}
		},
		{
			"from": [7.74865, 7.62845, 2.21148],
			"to": [8.25135, 8.98844, 2.76555],
			"rotation": {"angle": 22.5, "axis": "x", "origin": [5.9857, -4.76257, 6.49293]},
			"faces": {
				"north": {"uv": [8.375, 2, 8.25, 2.34375], "texture": "#4"},
				"east": {"uv": [8.375, 3.625, 8.25, 3.96875], "texture": "#4"},
				"south": {"uv": [3.25, 8.25, 3.125, 8.59375], "texture": "#4"},
				"west": {"uv": [8.375, 3, 8.25, 3.34375], "texture": "#4"},
				"up": {"uv": [9.25, 9.625, 9.375, 9.5], "texture": "#4"},
				"down": {"uv": [9.5, 9.25, 9.625, 9.375], "texture": "#4"}
			}
		}
	],
	"display": {
		"head": {
			"rotation": [0, 180, 0]
		}
	}
}