{
	"credit": "Made with Blockbench",
	"textures": {
		"3": "animated_java:item/valk_aj/main",
		"particle": "animated_java:item/valk_aj/texture"
	},
	"elements": [
		{
			"from": [7.48421, 10.32904, 14.722],
			"to": [8.51579, 12.04604, 22.9636],
			"rotation": {"angle": 0, "axis": "y", "origin": [8, 9.6431, 11.4]},
			"faces": {
				"north": {"uv": [10.6875, 11.25, 10.5, 11.5625], "texture": "#3"},
				"east": {"uv": [4.5, 2.125, 3, 2.4375], "texture": "#3"},
				"south": {"uv": [11.5625, 2.625, 11.375, 2.9375], "texture": "#3"},
				"west": {"uv": [4.5, 1.75, 3, 2.0625], "texture": "#3"},
				"up": {"uv": [1.375, 6.375, 1.5625, 4.875], "texture": "#3"},
				"down": {"uv": [1.875, 5.125, 2.0625, 6.625], "texture": "#3"}
			}
		},
		{
			"from": [8.3434, 7.67295, 14.70189],
			"to": [8.5151, 9.04655, 17.96419],
			"rotation": {"angle": -22.5, "axis": "x", "origin": [8, 9.6431, 11.4]},
			"faces": {
				"north": {"uv": [7.40625, 14.125, 7.375, 14.375], "texture": "#3"},
				"east": {"uv": [8.84375, 3.75, 8.25, 4], "texture": "#3"},
				"south": {"uv": [14.15625, 7.5, 14.125, 7.75], "texture": "#3"},
				"west": {"uv": [8.84375, 4.5, 8.25, 4.75], "texture": "#3"},
				"up": {"uv": [11.375, 13.96875, 11.40625, 13.375], "texture": "#3"},
				"down": {"uv": [12.5, 13.375, 12.53125, 13.96875], "texture": "#3"}
			}
		},
		{
			"from": [7.4849, 7.67295, 14.70189],
			"to": [7.6566, 9.04655, 17.96419],
			"rotation": {"angle": -22.5, "axis": "x", "origin": [8, 9.6431, 11.4]},
			"faces": {
				"north": {"uv": [7.28125, 14.125, 7.25, 14.375], "texture": "#3"},
				"east": {"uv": [8.84375, 4.25, 8.25, 4.5], "texture": "#3"},
				"south": {"uv": [14.15625, 7.25, 14.125, 7.5], "texture": "#3"},
				"west": {"uv": [8.71875, 7.5, 8.125, 7.75], "texture": "#3"},
				"up": {"uv": [11.125, 13.96875, 11.15625, 13.375], "texture": "#3"},
				"down": {"uv": [12.125, 13.375, 12.15625, 13.96875], "texture": "#3"}
			}
		},
		{
			"from": [7.6566, 8.01635, 12.98489],
			"to": [8.3434, 9.04655, 17.96419],
			"rotation": {"angle": -22.5, "axis": "x", "origin": [8, 9.6431, 11.4]},
			"faces": {
				"north": {"uv": [11.375, 13.125, 11.25, 13.3125], "texture": "#3"},
				"east": {"uv": [8.40625, 5.75, 7.5, 5.9375], "texture": "#3"},
				"south": {"uv": [13.25, 11.75, 13.125, 11.9375], "texture": "#3"},
				"west": {"uv": [8.40625, 0.75, 7.5, 0.9375], "texture": "#3"},
				"up": {"uv": [7.625, 10.28125, 7.75, 9.375], "texture": "#3"},
				"down": {"uv": [3.875, 9.5, 4, 10.40625], "texture": "#3"}
			}
		},
		{
			"from": [7.4849, 9.04655, 13.15659],
			"to": [8.5151, 10.59185, 15.38869],
			"rotation": {"angle": -22.5, "axis": "x", "origin": [8, 9.6431, 11.4]},
			"faces": {
				"north": {"uv": [2.8125, 11.625, 2.625, 11.90625], "texture": "#3"},
				"east": {"uv": [9.78125, 9.125, 9.375, 9.40625], "texture": "#3"},
				"south": {"uv": [11.8125, 2.625, 11.625, 2.90625], "texture": "#3"},
				"west": {"uv": [9.78125, 8.75, 9.375, 9.03125], "texture": "#3"},
				"up": {"uv": [3.125, 11.03125, 3.3125, 10.625], "texture": "#3"},
				"down": {"uv": [3.5, 10.625, 3.6875, 11.03125], "texture": "#3"}
			}
		},
		{
			"from": [7.58971, 7.99299, 13.1478],
			"to": [7.76141, 8.67979, 15.7233],
			"rotation": {"angle": -45, "axis": "z", "origin": [8, 9.6431, 11.4]},
			"faces": {
				"north": {"uv": [14.40625, 7.375, 14.375, 7.5], "texture": "#3"},
				"east": {"uv": [9.59375, 4.375, 9.125, 4.5], "texture": "#3"},
				"south": {"uv": [14.40625, 8.25, 14.375, 8.375], "texture": "#3"},
				"west": {"uv": [9.46875, 5.125, 9, 5.25], "texture": "#3"},
				"up": {"uv": [3, 14.21875, 3.03125, 13.75], "texture": "#3"},
				"down": {"uv": [3.875, 13.75, 3.90625, 14.21875], "texture": "#3"}
			}
		},
		{
			"from": [7.76141, 7.99299, 13.1478],
			"to": [9.30671, 8.33639, 15.7233],
			"rotation": {"angle": -45, "axis": "z", "origin": [8, 9.6431, 11.4]},
			"faces": {
				"north": {"uv": [1.03125, 13.625, 0.75, 13.6875], "texture": "#3"},
				"east": {"uv": [13.09375, 8.75, 12.625, 8.8125], "texture": "#3"},
				"south": {"uv": [13.90625, 4.125, 13.625, 4.1875], "texture": "#3"},
				"west": {"uv": [13.09375, 8.625, 12.625, 8.6875], "texture": "#3"},
				"up": {"uv": [8.25, 9.34375, 8.53125, 8.875], "texture": "#3"},
				"down": {"uv": [5, 8.875, 5.28125, 9.34375], "texture": "#3"}
			}
		},
		{
			"from": [8.96331, 9.88169, 13.1478],
			"to": [9.65011, 10.05339, 15.7233],
			"rotation": {"angle": -45, "axis": "z", "origin": [8, 9.6431, 11.4]},
			"faces": {
				"north": {"uv": [14.5, 7.25, 14.375, 7.28125], "texture": "#3"},
				"east": {"uv": [14.21875, 3.625, 13.75, 3.65625], "texture": "#3"},
				"south": {"uv": [8.25, 14.375, 8.125, 14.40625], "texture": "#3"},
				"west": {"uv": [14.21875, 3.5, 13.75, 3.53125], "texture": "#3"},
				"up": {"uv": [2.875, 8.96875, 3, 8.5], "texture": "#3"},
				"down": {"uv": [5.75, 11.25, 5.875, 11.71875], "texture": "#3"}
			}
		},
		{
			"from": [7.93311, 8.67979, 14.35038],
			"to": [8.96331, 9.70999, 15.03718],
			"rotation": {"angle": -45, "axis": "z", "origin": [8, 9.6431, 11.4]},
			"faces": {
				"north": {"uv": [12.5625, 8.625, 12.375, 8.8125], "texture": "#3"},
				"east": {"uv": [13.25, 7.875, 13.125, 8.0625], "texture": "#3"},
				"south": {"uv": [12.5625, 12.375, 12.375, 12.5625], "texture": "#3"},
				"west": {"uv": [13.25, 6.875, 13.125, 7.0625], "texture": "#3"},
				"up": {"uv": [13.125, 10.25, 13.3125, 10.125], "texture": "#3"},
				"down": {"uv": [13.125, 11.25, 13.3125, 11.375], "texture": "#3"}
			}
		},
		{
			"from": [7.93311, 8.16469, 14.6931],
			"to": [8.96331, 8.67979, 15.3799],
			"rotation": {"angle": -45, "axis": "z", "origin": [8, 9.6431, 11.4]},
			"faces": {
				"north": {"uv": [13.6875, 11.125, 13.5, 11.21875], "texture": "#3"},
				"east": {"uv": [14, 12.125, 13.875, 12.21875], "texture": "#3"},
				"south": {"uv": [4.0625, 13.625, 3.875, 13.71875], "texture": "#3"},
				"west": {"uv": [14, 10.125, 13.875, 10.21875], "texture": "#3"},
				"up": {"uv": [1, 13.375, 1.1875, 13.25], "texture": "#3"},
				"down": {"uv": [13.125, 4.875, 13.3125, 5], "texture": "#3"}
			}
		},
		{
			"from": [8.96331, 8.16469, 14.6931],
			"to": [9.30671, 9.88169, 15.3799],
			"rotation": {"angle": -45, "axis": "z", "origin": [8, 9.6431, 11.4]},
			"faces": {
				"north": {"uv": [6.5625, 13.375, 6.5, 13.6875], "texture": "#3"},
				"east": {"uv": [12.375, 9.5, 12.25, 9.8125], "texture": "#3"},
				"south": {"uv": [13.4375, 9.5, 13.375, 9.8125], "texture": "#3"},
				"west": {"uv": [12.375, 11.125, 12.25, 11.4375], "texture": "#3"},
				"up": {"uv": [14.125, 7, 14.1875, 6.875], "texture": "#3"},
				"down": {"uv": [14.125, 7, 14.1875, 7.125], "texture": "#3"}
			}
		},
		{
			"from": [9.30671, 7.99299, 13.1478],
			"to": [9.65011, 9.88169, 15.7233],
			"rotation": {"angle": -45, "axis": "z", "origin": [8, 9.6431, 11.4]},
			"faces": {
				"north": {"uv": [6.3125, 13.25, 6.25, 13.59375], "texture": "#3"},
				"east": {"uv": [8.46875, 0.375, 8, 0.71875], "texture": "#3"},
				"south": {"uv": [13.3125, 6.875, 13.25, 7.21875], "texture": "#3"},
				"west": {"uv": [1.96875, 8, 1.5, 8.34375], "texture": "#3"},
				"up": {"uv": [12.5, 13.09375, 12.5625, 12.625], "texture": "#3"},
				"down": {"uv": [12.625, 12.625, 12.6875, 13.09375], "texture": "#3"}
			}
		},
		{
			"from": [7.74021, 8.58276, 7.31068],
			"to": [8.08361, 9.61296, 9.37108],
			"rotation": {"angle": -22.5, "axis": "z", "origin": [8, 9.6431, 11.4]},
			"faces": {
				"north": {"uv": [13.9375, 11.125, 13.875, 11.3125], "texture": "#3"},
				"east": {"uv": [11.25, 4.875, 10.875, 5.0625], "texture": "#3"},
				"south": {"uv": [11.6875, 13.875, 11.625, 14.0625], "texture": "#3"},
				"west": {"uv": [11.25, 4.625, 10.875, 4.8125], "texture": "#3"},
				"up": {"uv": [13.125, 10.875, 13.1875, 10.5], "texture": "#3"},
				"down": {"uv": [13.125, 10.875, 13.1875, 11.25], "texture": "#3"}
			}
		},
		{
			"from": [7.56851, 8.58276, 9.37108],
			"to": [7.91191, 9.61296, 11.08808],
			"rotation": {"angle": -22.5, "axis": "z", "origin": [8, 9.6431, 11.4]},
			"faces": {
				"north": {"uv": [13.9375, 10.875, 13.875, 11.0625], "texture": "#3"},
				"east": {"uv": [10.4375, 11.25, 10.125, 11.4375], "texture": "#3"},
				"south": {"uv": [11.0625, 13.875, 11, 14.0625], "texture": "#3"},
				"west": {"uv": [11.5625, 9.375, 11.25, 9.5625], "texture": "#3"},
				"up": {"uv": [13.375, 6.5625, 13.4375, 6.25], "texture": "#3"},
				"down": {"uv": [6.375, 13.375, 6.4375, 13.6875], "texture": "#3"}
			}
		},
		{
			"from": [7.39681, 8.41106, 11.08808],
			"to": [7.74021, 10.47146, 13.14848],
			"rotation": {"angle": -22.5, "axis": "z", "origin": [8, 9.6431, 11.4]},
			"faces": {
				"north": {"uv": [8.8125, 13.125, 8.75, 13.5], "texture": "#3"},
				"east": {"uv": [4, 8.625, 3.625, 9], "texture": "#3"},
				"south": {"uv": [8.9375, 13.125, 8.875, 13.5], "texture": "#3"},
				"west": {"uv": [3.625, 8.625, 3.25, 9], "texture": "#3"},
				"up": {"uv": [13.125, 9.25, 13.1875, 8.875], "texture": "#3"},
				"down": {"uv": [13.125, 9.75, 13.1875, 10.125], "texture": "#3"}
			}
		},
		{
			"from": [8.25979, 8.41106, 11.08808],
			"to": [8.60319, 10.47146, 13.14848],
			"rotation": {"angle": 22.5, "axis": "z", "origin": [8, 9.6431, 11.4]},
			"faces": {
				"north": {"uv": [8.4375, 13.125, 8.375, 13.5], "texture": "#3"},
				"east": {"uv": [1.5, 8.625, 1.125, 9], "texture": "#3"},
				"south": {"uv": [8.5625, 13.125, 8.5, 13.5], "texture": "#3"},
				"west": {"uv": [1.125, 8.625, 0.75, 9], "texture": "#3"},
				"up": {"uv": [13.125, 8.875, 13.1875, 8.5], "texture": "#3"},
				"down": {"uv": [8.625, 13.125, 8.6875, 13.5], "texture": "#3"}
			}
		},
		{
			"from": [7.91639, 8.58276, 7.31068],
			"to": [8.25979, 9.61296, 9.37108],
			"rotation": {"angle": 22.5, "axis": "z", "origin": [8, 9.6431, 11.4]},
			"faces": {
				"north": {"uv": [10.8125, 13.875, 10.75, 14.0625], "texture": "#3"},
				"east": {"uv": [5, 10.875, 4.625, 11.0625], "texture": "#3"},
				"south": {"uv": [10.9375, 13.875, 10.875, 14.0625], "texture": "#3"},
				"west": {"uv": [11.25, 4.375, 10.875, 4.5625], "texture": "#3"},
				"up": {"uv": [7.5, 13.5, 7.5625, 13.125], "texture": "#3"},
				"down": {"uv": [13.125, 7.5, 13.1875, 7.875], "texture": "#3"}
			}
		},
		{
			"from": [8.08809, 8.58276, 9.37108],
			"to": [8.43149, 9.61296, 11.08808],
			"rotation": {"angle": 22.5, "axis": "z", "origin": [8, 9.6431, 11.4]},
			"faces": {
				"north": {"uv": [10.5625, 13.875, 10.5, 14.0625], "texture": "#3"},
				"east": {"uv": [9.1875, 11.25, 8.875, 11.4375], "texture": "#3"},
				"south": {"uv": [10.6875, 13.875, 10.625, 14.0625], "texture": "#3"},
				"west": {"uv": [8.8125, 11.25, 8.5, 11.4375], "texture": "#3"},
				"up": {"uv": [5.125, 13.6875, 5.1875, 13.375], "texture": "#3"},
				"down": {"uv": [6.125, 13.375, 6.1875, 13.6875], "texture": "#3"}
			}
		},
		{
			"from": [7.56851, 8.23936, 13.83528],
			"to": [7.91191, 10.47146, 15.38058],
			"rotation": {"angle": -22.5, "axis": "z", "origin": [8, 9.6431, 11.4]},
			"faces": {
				"north": {"uv": [11.4375, 12.875, 11.375, 13.28125], "texture": "#3"},
				"east": {"uv": [1.78125, 9.5, 1.5, 9.90625], "texture": "#3"},
				"south": {"uv": [0.4375, 13, 0.375, 13.40625], "texture": "#3"},
				"west": {"uv": [8.53125, 9.375, 8.25, 9.78125], "texture": "#3"},
				"up": {"uv": [0.5, 13.90625, 0.5625, 13.625], "texture": "#3"},
				"down": {"uv": [0.625, 13.625, 0.6875, 13.90625], "texture": "#3"}
			}
		},
		{
			"from": [7.22511, 8.23936, 13.14848],
			"to": [7.56851, 10.47146, 15.72398],
			"rotation": {"angle": -22.5, "axis": "z", "origin": [8, 9.6431, 11.4]},
			"faces": {
				"north": {"uv": [11.0625, 12.875, 11, 13.28125], "texture": "#3"},
				"east": {"uv": [7.71875, 2.375, 7.25, 2.78125], "texture": "#3"},
				"south": {"uv": [0.3125, 13, 0.25, 13.40625], "texture": "#3"},
				"west": {"uv": [7.46875, 6, 7, 6.40625], "texture": "#3"},
				"up": {"uv": [12.625, 12.59375, 12.6875, 12.125], "texture": "#3"},
				"down": {"uv": [12.375, 12.625, 12.4375, 13.09375], "texture": "#3"}
			}
		},
		{
			"from": [8.08809, 8.23936, 14.17868],
			"to": [8.43149, 10.47146, 15.38058],
			"rotation": {"angle": 22.5, "axis": "z", "origin": [8, 9.6431, 11.4]},
			"faces": {
				"north": {"uv": [10.9375, 12.875, 10.875, 13.28125], "texture": "#3"},
				"east": {"uv": [10.34375, 4.75, 10.125, 5.15625], "texture": "#3"},
				"south": {"uv": [0.0625, 13, 0, 13.40625], "texture": "#3"},
				"west": {"uv": [8.21875, 10.125, 8, 10.53125], "texture": "#3"},
				"up": {"uv": [12.75, 13.96875, 12.8125, 13.75], "texture": "#3"},
				"down": {"uv": [12.875, 13.75, 12.9375, 13.96875], "texture": "#3"}
			}
		},
		{
			"from": [8.43149, 8.23936, 13.14848],
			"to": [8.77489, 10.47146, 15.72398],
			"rotation": {"angle": 22.5, "axis": "z", "origin": [8, 9.6431, 11.4]},
			"faces": {
				"north": {"uv": [12.9375, 9.5, 12.875, 9.90625], "texture": "#3"},
				"east": {"uv": [3.71875, 7, 3.25, 7.40625], "texture": "#3"},
				"south": {"uv": [12.9375, 12.375, 12.875, 12.78125], "texture": "#3"},
				"west": {"uv": [4.46875, 7.125, 4, 7.53125], "texture": "#3"},
				"up": {"uv": [12.625, 11.59375, 12.6875, 11.125], "texture": "#3"},
				"down": {"uv": [11.25, 12.625, 11.3125, 13.09375], "texture": "#3"}
			}
		},
		{
			"from": [7.76141, 8.16469, 11.0874],
			"to": [9.47841, 9.88169, 13.1478],
			"rotation": {"angle": -45, "axis": "z", "origin": [8, 9.6431, 11.4]},
			"faces": {
				"north": {"uv": [10.3125, 4.375, 10, 4.6875], "texture": "#3"},
				"east": {"uv": [9.625, 3.25, 9.25, 3.5625], "texture": "#3"},
				"south": {"uv": [4.8125, 10, 4.5, 10.3125], "texture": "#3"},
				"west": {"uv": [9.625, 2.75, 9.25, 3.0625], "texture": "#3"},
				"up": {"uv": [9.25, 5.875, 9.5625, 5.5], "texture": "#3"},
				"down": {"uv": [9.25, 6.75, 9.5625, 7.125], "texture": "#3"}
			}
		},
		{
			"from": [7.39905, 8.53145, 11.09619],
			"to": [8.60095, 10.76355, 13.15659],
			"rotation": {"angle": -22.5, "axis": "x", "origin": [8, 9.6431, 11.4]},
			"faces": {
				"north": {"uv": [10.34375, 1.5, 10.125, 1.90625], "texture": "#3"},
				"east": {"uv": [7.625, 8.125, 7.25, 8.53125], "texture": "#3"},
				"south": {"uv": [2.59375, 10.125, 2.375, 10.53125], "texture": "#3"},
				"west": {"uv": [7.25, 8.125, 6.875, 8.53125], "texture": "#3"},
				"up": {"uv": [9.375, 10.75, 9.59375, 10.375], "texture": "#3"},
				"down": {"uv": [9.625, 10.375, 9.84375, 10.75], "texture": "#3"}
			}
		},
		{
			"from": [7.4849, 9.56165, 9.37919],
			"to": [8.5151, 11.10695, 11.09619],
			"rotation": {"angle": -22.5, "axis": "x", "origin": [8, 9.6431, 11.4]},
			"faces": {
				"north": {"uv": [2.3125, 11.625, 2.125, 11.90625], "texture": "#3"},
				"east": {"uv": [8.9375, 10.25, 8.625, 10.53125], "texture": "#3"},
				"south": {"uv": [11.8125, 2.25, 11.625, 2.53125], "texture": "#3"},
				"west": {"uv": [8.5625, 10.25, 8.25, 10.53125], "texture": "#3"},
				"up": {"uv": [5.375, 11.5625, 5.5625, 11.25], "texture": "#3"},
				"down": {"uv": [6.5, 11.25, 6.6875, 11.5625], "texture": "#3"}
			}
		},
		{
			"from": [7.93311, 8.33639, 9.3704],
			"to": [9.30671, 9.70999, 11.0874],
			"rotation": {"angle": -45, "axis": "z", "origin": [8, 9.6431, 11.4]},
			"faces": {
				"north": {"uv": [9.25, 7.875, 9, 8.125], "texture": "#3"},
				"east": {"uv": [1.8125, 10.625, 1.5, 10.875], "texture": "#3"},
				"south": {"uv": [9.5, 0.75, 9.25, 1], "texture": "#3"},
				"west": {"uv": [10.9375, 1, 10.625, 1.25], "texture": "#3"},
				"up": {"uv": [9.125, 10.8125, 9.375, 10.5], "texture": "#3"},
				"down": {"uv": [1, 10.625, 1.25, 10.9375], "texture": "#3"}
			}
		},
		{
			"from": [7.57144, 7.7126, 7.84328],
			"to": [8.42856, 8.3994, 8.35838],
			"rotation": {"angle": 22.5, "axis": "x", "origin": [8, 9.6431, 11.4]},
			"faces": {
				"north": {"uv": [5.78125, 13.375, 5.625, 13.5], "texture": "#3"},
				"east": {"uv": [13.96875, 10, 13.875, 10.125], "texture": "#3"},
				"south": {"uv": [13.53125, 5.625, 13.375, 5.75], "texture": "#3"},
				"west": {"uv": [10.09375, 13.875, 10, 14], "texture": "#3"},
				"up": {"uv": [13.75, 3.21875, 13.90625, 3.125], "texture": "#3"},
				"down": {"uv": [13.75, 3.25, 13.90625, 3.34375], "texture": "#3"}
			}
		},
		{
			"from": [7.57075, 10.07675, 8.00559],
			"to": [8.42925, 11.27865, 9.37919],
			"rotation": {"angle": -22.5, "axis": "x", "origin": [8, 9.6431, 11.4]},
			"faces": {
				"north": {"uv": [12.65625, 5.625, 12.5, 5.84375], "texture": "#3"},
				"east": {"uv": [11.75, 4.125, 11.5, 4.34375], "texture": "#3"},
				"south": {"uv": [12.65625, 5.875, 12.5, 6.09375], "texture": "#3"},
				"west": {"uv": [4.375, 11.5, 4.125, 11.71875], "texture": "#3"},
				"up": {"uv": [9, 12.5, 9.15625, 12.25], "texture": "#3"},
				"down": {"uv": [12.25, 9.25, 12.40625, 9.5], "texture": "#3"}
			}
		},
		{
			"from": [8.10481, 8.50809, 7.31],
			"to": [9.13501, 9.53829, 9.3704],
			"rotation": {"angle": -45, "axis": "z", "origin": [8, 9.6431, 11.4]},
			"faces": {
				"north": {"uv": [8.0625, 12.375, 7.875, 12.5625], "texture": "#3"},
				"east": {"uv": [11.25, 1.25, 10.875, 1.4375], "texture": "#3"},
				"south": {"uv": [8.5625, 12.375, 8.375, 12.5625], "texture": "#3"},
				"west": {"uv": [11.25, 0.5, 10.875, 0.6875], "texture": "#3"},
				"up": {"uv": [4.125, 11.25, 4.3125, 10.875], "texture": "#3"},
				"down": {"uv": [4.375, 10.875, 4.5625, 11.25], "texture": "#3"}
			}
		},
		{
			"from": [7.6566, 11.27865, 5.08669],
			"to": [8.3434, 11.62205, 5.60179],
			"rotation": {"angle": -22.5, "axis": "x", "origin": [8, 9.6431, 11.4]},
			"faces": {
				"north": {"uv": [14.25, 6.75, 14.125, 6.8125], "texture": "#3"},
				"east": {"uv": [14.34375, 7.375, 14.25, 7.4375], "texture": "#3"},
				"south": {"uv": [7, 14.125, 6.875, 14.1875], "texture": "#3"},
				"west": {"uv": [14.34375, 7.25, 14.25, 7.3125], "texture": "#3"},
				"up": {"uv": [9.875, 13.96875, 10, 13.875], "texture": "#3"},
				"down": {"uv": [13.875, 9.875, 14, 9.96875], "texture": "#3"}
			}
		},
		{
			"from": [7.6566, 10.93525, 5.60179],
			"to": [8.3434, 11.62205, 7.49049],
			"rotation": {"angle": -22.5, "axis": "x", "origin": [8, 9.6431, 11.4]},
			"faces": {
				"north": {"uv": [6.25, 11.125, 6.125, 11.25], "texture": "#3"},
				"east": {"uv": [5.96875, 12, 5.625, 12.125], "texture": "#3"},
				"south": {"uv": [11.625, 2.5, 11.5, 2.625], "texture": "#3"},
				"west": {"uv": [12.34375, 5.375, 12, 5.5], "texture": "#3"},
				"up": {"uv": [6, 12.34375, 6.125, 12], "texture": "#3"},
				"down": {"uv": [6.125, 12, 6.25, 12.34375], "texture": "#3"}
			}
		},
		{
			"from": [7.65591, 8.56599, 3.8976],
			"to": [8.34409, 9.08123, 7.31068],
			"rotation": {"angle": 0, "axis": "y", "origin": [8, 9.6431, 11.4]},
			"faces": {
				"north": {"uv": [9.875, 13.875, 9.75, 13.96875], "texture": "#3"},
				"east": {"uv": [8.75, 7.75, 8.125, 7.84375], "texture": "#3"},
				"south": {"uv": [14, 9.75, 13.875, 9.84375], "texture": "#3"},
				"west": {"uv": [7.625, 1, 7, 1.09375], "texture": "#3"},
				"up": {"uv": [2.5, 5.75, 2.625, 5.125], "texture": "#3"},
				"down": {"uv": [5.125, 3.75, 5.25, 4.375], "texture": "#3"}
			}
		},
		{
			"from": [7.65729, 7.16804, 7.15648],
			"to": [8.34271, 8.88504, 7.84328],
			"rotation": {"angle": 22.5, "axis": "x", "origin": [8, 9.6431, 11.4]},
			"faces": {
				"north": {"uv": [7.875, 12.25, 7.75, 12.5625], "texture": "#3"},
				"east": {"uv": [8.875, 12.25, 8.75, 12.5625], "texture": "#3"},
				"south": {"uv": [12.375, 8.625, 12.25, 8.9375], "texture": "#3"},
				"west": {"uv": [8.75, 12.25, 8.625, 12.5625], "texture": "#3"},
				"up": {"uv": [10.875, 2.75, 11, 2.625], "texture": "#3"},
				"down": {"uv": [11, 10, 11.125, 10.125], "texture": "#3"}
			}
		},
		{
			"from": [7.6566, 11.51903, 4.05649],
			"to": [8.3434, 11.62205, 4.22819],
			"rotation": {"angle": -22.5, "axis": "x", "origin": [8, 9.6431, 11.4]},
			"faces": {
				"north": {"uv": [14.5, 7, 14.375, 7.03125], "texture": "#3"},
				"east": {"uv": [14.53125, 11.75, 14.5, 11.78125], "texture": "#3"},
				"south": {"uv": [7.25, 14.375, 7.125, 14.40625], "texture": "#3"},
				"west": {"uv": [11.78125, 14.5, 11.75, 14.53125], "texture": "#3"},
				"up": {"uv": [14.375, 7.15625, 14.5, 7.125], "texture": "#3"},
				"down": {"uv": [7.25, 14.375, 7.375, 14.40625], "texture": "#3"}
			}
		},
		{
			"from": [7.6566, 11.62205, 4.05649],
			"to": [8.3434, 12.13715, 8.34899],
			"rotation": {"angle": -22.5, "axis": "x", "origin": [8, 9.6431, 11.4]},
			"faces": {
				"north": {"uv": [9.75, 13.875, 9.625, 13.96875], "texture": "#3"},
				"east": {"uv": [11.40625, 5.5, 10.625, 5.59375], "texture": "#3"},
				"south": {"uv": [14, 9.625, 13.875, 9.71875], "texture": "#3"},
				"west": {"uv": [11.40625, 1.75, 10.625, 1.84375], "texture": "#3"},
				"up": {"uv": [7, 10.53125, 7.125, 9.75], "texture": "#3"},
				"down": {"uv": [0.75, 9.875, 0.875, 10.65625], "texture": "#3"}
			}
		}
	],
	"display": {
		"head": {
			"rotation": [0, 180, 0]
		}
	}
}