{
	"credit": "Made with Blockbench",
	"textures": {
		"2": "animated_java:item/valk_aj/line",
		"10": "animated_java:item/valk_aj/texture",
		"particle": "animated_java:item/valk_aj/main"
	},
	"elements": [
		{
			"from": [7.4845, 9.21735, 13.1603],
			"to": [8.51619, 10.59385, 13.33236],
			"rotation": {"angle": -22.5, "axis": "x", "origin": [8, 9.6431, 11.4]},
			"faces": {
				"north": {"uv": [16, 16, 16, 16], "texture": "#missing"},
				"east": {"uv": [4, 7, 4.5, 3], "rotation": 180, "texture": "#2"},
				"south": {"uv": [16, 16, 16, 16], "texture": "#missing"},
				"west": {"uv": [4, 7, 4.5, 3], "rotation": 180, "texture": "#2"},
				"up": {"uv": [4.5, 0, 4, 3], "rotation": 270, "texture": "#2"},
				"down": {"uv": [16, 16, 16, 16], "texture": "#missing"}
			}
		},
		{
			"from": [7.58884, 7.98952, 13.15148],
			"to": [9.65359, 10.05426, 13.32354],
			"rotation": {"angle": -45, "axis": "z", "origin": [8, 9.6431, 11.4]},
			"faces": {
				"north": {"uv": [16, 16, 16, 16], "texture": "#missing"},
				"east": {"uv": [4.5, 6, 5, 0], "rotation": 180, "texture": "#2"},
				"south": {"uv": [16, 16, 16, 16], "texture": "#missing"},
				"west": {"uv": [4, 13.5, 4.5, 7.5], "rotation": 180, "texture": "#2"},
				"up": {"uv": [4.5, 7.5, 4, 13.5], "rotation": 270, "texture": "#2"},
				"down": {"uv": [5, 0, 4.5, 6], "rotation": 270, "texture": "#2"}
			}
		},
		{
			"from": [8.27709, 8.5057, 15.3876],
			"to": [9.1374, 9.36601, 15.3876],
			"rotation": {"angle": -45, "axis": "z", "origin": [8, 9.6431, 11.4]},
			"faces": {
				"north": {"uv": [16, 16, 16, 16], "texture": "#missing"},
				"east": {"uv": [0, 0, 0, 0.625], "texture": "#missing"},
				"south": {"uv": [10, 8.5, 7.5, 11], "texture": "#2"},
				"west": {"uv": [0, 0, 0, 0.15625], "texture": "#missing"},
				"up": {"uv": [0, 0, 0.625, 0], "texture": "#missing"},
				"down": {"uv": [0, 0, 0.625, 0], "texture": "#missing"}
			}
		},
		{
			"from": [7.93297, 8.16158, 15.73172],
			"to": [9.48152, 9.71014, 15.73172],
			"rotation": {"angle": -45, "axis": "z", "origin": [8, 9.6431, 11.4]},
			"faces": {
				"north": {"uv": [16, 16, 16, 16], "texture": "#missing"},
				"east": {"uv": [0, 0, 0, 1.125], "texture": "#missing"},
				"south": {"uv": [15.5, 6.5, 11, 11], "texture": "#2"},
				"west": {"uv": [0, 0, 0, 0.28125], "texture": "#missing"},
				"up": {"uv": [0, 0, 1.125, 0], "texture": "#missing"},
				"down": {"uv": [0, 0, 1.125, 0], "texture": "#missing"}
			}
		},
		{
			"from": [7.5676, 8.75259, 9.36681],
			"to": [7.5676, 9.44083, 9.53887],
			"rotation": {"angle": -22.5, "axis": "z", "origin": [8, 9.6431, 11.4]},
			"faces": {
				"north": {"uv": [0, 0, 0, 0.125], "texture": "#missing"},
				"east": {"uv": [16, 16, 16, 16], "texture": "#missing"},
				"south": {"uv": [0, 0, 0, 0.5], "texture": "#missing"},
				"west": {"uv": [3, 8.5, 3.5, 6.5], "rotation": 180, "texture": "#2"},
				"up": {"uv": [0, 0.03125, 0, 0], "texture": "#missing"},
				"down": {"uv": [0, 0, 0, 0.03125], "texture": "#missing"}
			}
		},
		{
			"from": [7.39553, 8.75259, 11.08743],
			"to": [7.39553, 9.6129, 11.25949],
			"rotation": {"angle": -22.5, "axis": "z", "origin": [8, 9.6431, 11.4]},
			"faces": {
				"north": {"uv": [0, 0, 0, 0.625], "texture": "#missing"},
				"east": {"uv": [16, 16, 16, 16], "texture": "#missing"},
				"south": {"uv": [0, 0, 0, 0.625], "texture": "#missing"},
				"west": {"uv": [3.5, 9.5, 4, 7], "rotation": 180, "texture": "#2"},
				"up": {"uv": [0, 0.03125, 0, 0], "texture": "#missing"},
				"down": {"uv": [0, 0, 0, 0.03125], "texture": "#missing"}
			}
		},
		{
			"from": [8.60447, 8.75259, 11.08743],
			"to": [8.60447, 9.6129, 11.25949],
			"rotation": {"angle": 22.5, "axis": "z", "origin": [8, 9.6431, 11.4]},
			"faces": {
				"north": {"uv": [0, 0, 0, 0.625], "texture": "#missing"},
				"east": {"uv": [3.5, 9.5, 4, 7], "rotation": 180, "texture": "#2"},
				"south": {"uv": [0, 0, 0, 0.15625], "texture": "#missing"},
				"west": {"uv": [16, 16, 16, 16], "texture": "#missing"},
				"up": {"uv": [0, 0.125, 0, 0], "texture": "#missing"},
				"down": {"uv": [0, 0, 0, 0.125], "texture": "#missing"}
			}
		},
		{
			"from": [8.4324, 8.75259, 9.36681],
			"to": [8.4324, 9.44083, 9.53887],
			"rotation": {"angle": 22.5, "axis": "z", "origin": [8, 9.6431, 11.4]},
			"faces": {
				"north": {"uv": [0, 0, 0, 0.5], "texture": "#missing"},
				"east": {"uv": [3, 8.5, 3.5, 6.5], "rotation": 180, "texture": "#2"},
				"south": {"uv": [0, 0, 0, 0.125], "texture": "#missing"},
				"west": {"uv": [16, 16, 16, 16], "texture": "#missing"},
				"up": {"uv": [0, 0.125, 0, 0], "texture": "#missing"},
				"down": {"uv": [0, 0, 0, 0.125], "texture": "#missing"}
			}
		},
		{
			"from": [7.73966, 8.58052, 15.38898],
			"to": [7.91172, 9.09671, 15.38898],
			"rotation": {"angle": -22.5, "axis": "z", "origin": [8, 9.6431, 11.4]},
			"faces": {
				"north": {"uv": [16, 16, 16, 16], "texture": "#missing"},
				"east": {"uv": [0, 0, 0, 0.375], "texture": "#missing"},
				"south": {"uv": [7.5, 8.5, 9, 8], "rotation": 270, "texture": "#2"},
				"west": {"uv": [0, 0, 0, 0.09375], "texture": "#missing"},
				"up": {"uv": [0, 0, 0.125, 0], "texture": "#missing"},
				"down": {"uv": [0, 0, 0.125, 0], "texture": "#missing"}
			}
		},
		{
			"from": [7.39553, 8.2364, 15.7331],
			"to": [7.5676, 8.92465, 15.7331],
			"rotation": {"angle": -22.5, "axis": "z", "origin": [8, 9.6431, 11.4]},
			"faces": {
				"north": {"uv": [16, 16, 16, 16], "texture": "#missing"},
				"east": {"uv": [0, 0, 0, 0.5], "texture": "#missing"},
				"south": {"uv": [11, 6.5, 13, 6], "rotation": 270, "texture": "#2"},
				"west": {"uv": [0, 0, 0, 0.125], "texture": "#missing"},
				"up": {"uv": [0, 0, 0.125, 0], "texture": "#missing"},
				"down": {"uv": [0, 0, 0.125, 0], "texture": "#missing"}
			}
		},
		{
			"from": [7.22347, 8.75259, 13.15217],
			"to": [7.22347, 10.30114, 13.32423],
			"rotation": {"angle": -22.5, "axis": "z", "origin": [8, 9.6431, 11.4]},
			"faces": {
				"north": {"uv": [0, 0, 0, 1.125], "texture": "#missing"},
				"east": {"uv": [16, 16, 16, 16], "texture": "#missing"},
				"south": {"uv": [0, 0, 0, 1.125], "texture": "#missing"},
				"west": {"uv": [4, 11.5, 4.5, 7], "rotation": 180, "texture": "#2"},
				"up": {"uv": [0, 0.03125, 0, 0], "texture": "#missing"},
				"down": {"uv": [0, 0, 0, 0.03125], "texture": "#missing"}
			}
		},
		{
			"from": [8.08828, 8.58052, 15.38898],
			"to": [8.26034, 9.09671, 15.38898],
			"rotation": {"angle": 22.5, "axis": "z", "origin": [8, 9.6431, 11.4]},
			"faces": {
				"north": {"uv": [16, 16, 16, 16], "texture": "#missing"},
				"east": {"uv": [0, 0, 0, 0.375], "texture": "#missing"},
				"south": {"uv": [7.5, 8.5, 9, 8], "rotation": 270, "texture": "#2"},
				"west": {"uv": [0, 0, 0, 0.09375], "texture": "#missing"},
				"up": {"uv": [0, 0, 0.125, 0], "texture": "#missing"},
				"down": {"uv": [0, 0, 0.125, 0], "texture": "#missing"}
			}
		},
		{
			"from": [8.4324, 8.2364, 15.7331],
			"to": [8.60447, 8.92465, 15.7331],
			"rotation": {"angle": 22.5, "axis": "z", "origin": [8, 9.6431, 11.4]},
			"faces": {
				"north": {"uv": [16, 16, 16, 16], "texture": "#missing"},
				"east": {"uv": [0, 0, 0, 0.5], "texture": "#missing"},
				"south": {"uv": [11, 6.5, 13, 6], "rotation": 270, "texture": "#2"},
				"west": {"uv": [0, 0, 0, 0.125], "texture": "#missing"},
				"up": {"uv": [0, 0, 0.125, 0], "texture": "#missing"},
				"down": {"uv": [0, 0, 0.125, 0], "texture": "#missing"}
			}
		},
		{
			"from": [8.77653, 8.75259, 13.15217],
			"to": [8.77653, 10.30114, 13.32423],
			"rotation": {"angle": 22.5, "axis": "z", "origin": [8, 9.6431, 11.4]},
			"faces": {
				"north": {"uv": [0, 0, 0, 1.125], "texture": "#missing"},
				"east": {"uv": [4, 11.5, 4.5, 7], "rotation": 180, "texture": "#2"},
				"south": {"uv": [0, 0, 0, 0.28125], "texture": "#missing"},
				"west": {"uv": [16, 16, 16, 16], "texture": "#missing"},
				"up": {"uv": [0, 0.125, 0, 0], "texture": "#missing"},
				"down": {"uv": [0, 0, 0, 0.125], "texture": "#missing"}
			}
		},
		{
			"from": [7.7609, 8.16158, 11.08674],
			"to": [9.48152, 9.8822, 11.2588],
			"rotation": {"angle": -45, "axis": "z", "origin": [8, 9.6431, 11.4]},
			"faces": {
				"north": {"uv": [16, 16, 16, 16], "texture": "#missing"},
				"east": {"uv": [3.5, 16, 4, 11], "rotation": 180, "texture": "#2"},
				"south": {"uv": [16, 16, 16, 16], "texture": "#missing"},
				"west": {"uv": [3.5, 11, 4, 6], "rotation": 180, "texture": "#2"},
				"up": {"uv": [4, 6, 3.5, 11], "rotation": 270, "texture": "#2"},
				"down": {"uv": [4, 11, 3.5, 16], "rotation": 270, "texture": "#2"}
			}
		},
		{
			"from": [7.39847, 9.56148, 11.09555],
			"to": [8.60222, 10.76591, 11.26761],
			"rotation": {"angle": -22.5, "axis": "x", "origin": [8, 9.6431, 11.4]},
			"faces": {
				"north": {"uv": [16, 16, 16, 16], "texture": "#missing"},
				"east": {"uv": [3.5, 7, 4, 3.5], "rotation": 180, "texture": "#2"},
				"south": {"uv": [16, 16, 16, 16], "texture": "#missing"},
				"west": {"uv": [3.5, 7, 4, 3.5], "rotation": 180, "texture": "#2"},
				"up": {"uv": [4, 0, 3.5, 3.5], "rotation": 270, "texture": "#2"},
				"down": {"uv": [16, 16, 16, 16], "texture": "#missing"}
			}
		},
		{
			"from": [7.4845, 9.9056, 9.37493],
			"to": [8.51619, 11.11004, 9.54699],
			"rotation": {"angle": -22.5, "axis": "x", "origin": [8, 9.6431, 11.4]},
			"faces": {
				"north": {"uv": [16, 16, 16, 16], "texture": "#missing"},
				"east": {"uv": [3, 6.5, 3.5, 3], "rotation": 180, "texture": "#2"},
				"south": {"uv": [16, 16, 16, 16], "texture": "#missing"},
				"west": {"uv": [3, 6.5, 3.5, 3], "rotation": 180, "texture": "#2"},
				"up": {"uv": [3.5, 0, 3, 3], "rotation": 270, "texture": "#2"},
				"down": {"uv": [16, 16, 16, 16], "texture": "#missing"}
			}
		},
		{
			"from": [7.93297, 8.33364, 9.36612],
			"to": [9.30946, 9.71014, 9.53818],
			"rotation": {"angle": -45, "axis": "z", "origin": [8, 9.6431, 11.4]},
			"faces": {
				"north": {"uv": [16, 16, 16, 16], "texture": "#missing"},
				"east": {"uv": [3, 13.5, 3.5, 9.5], "rotation": 180, "texture": "#2"},
				"south": {"uv": [16, 16, 16, 16], "texture": "#missing"},
				"west": {"uv": [3, 9.5, 3.5, 5.5], "rotation": 180, "texture": "#2"},
				"up": {"uv": [3.5, 5.5, 3, 9.5], "rotation": 270, "texture": "#2"},
				"down": {"uv": [3.5, 9.5, 3, 13.5], "rotation": 270, "texture": "#2"}
			}
		},
		{
			"from": [7.48313, 10.33048, 14.729],
			"to": [8.51687, 12.0511, 22.98798],
			"rotation": {"angle": 0, "axis": "y", "origin": [8, 9.6431, 11.4]},
			"faces": {
				"north": {"uv": [2.1875, 7.75, 2, 8.0625], "texture": "#10"},
				"east": {"uv": [3.75, 0.75, 2.25, 1.0625], "texture": "#10"},
				"south": {"uv": [3.6875, 7.75, 3.5, 8.0625], "texture": "#10"},
				"west": {"uv": [1.75, 2.25, 0.25, 2.5625], "texture": "#10"},
				"up": {"uv": [0.5, 5.125, 0.6875, 3.625], "texture": "#10"},
				"down": {"uv": [0.75, 3.625, 0.9375, 5.125], "texture": "#10"}
			}
		},
		{
			"from": [8.34412, 7.6688, 14.70885],
			"to": [8.51619, 9.04529, 17.97803],
			"rotation": {"angle": -22.5, "axis": "x", "origin": [8, 9.6431, 11.4]},
			"faces": {
				"north": {"uv": [0.15625, 10, 0.125, 10.25], "texture": "#10"},
				"east": {"uv": [3.71875, 5.25, 3.125, 5.5], "texture": "#10"},
				"south": {"uv": [0.28125, 10, 0.25, 10.25], "texture": "#10"},
				"west": {"uv": [5.84375, 2.375, 5.25, 2.625], "texture": "#10"},
				"up": {"uv": [9.375, 2.34375, 9.40625, 1.75], "texture": "#10"},
				"down": {"uv": [2, 9.375, 2.03125, 9.96875], "texture": "#10"}
			}
		},
		{
			"from": [7.48381, 7.6688, 14.70885],
			"to": [7.65588, 9.04529, 17.97803],
			"rotation": {"angle": -22.5, "axis": "x", "origin": [8, 9.6431, 11.4]},
			"faces": {
				"north": {"uv": [9.90625, 9.75, 9.875, 10], "texture": "#10"},
				"east": {"uv": [5.71875, 1.375, 5.125, 1.625], "texture": "#10"},
				"south": {"uv": [0.03125, 10, 0, 10.25], "texture": "#10"},
				"west": {"uv": [5.59375, 3, 5, 3.25], "texture": "#10"},
				"up": {"uv": [1.375, 9.96875, 1.40625, 9.375], "texture": "#10"},
				"down": {"uv": [1.5, 9.375, 1.53125, 9.96875], "texture": "#10"}
			}
		},
		{
			"from": [7.65588, 8.01292, 12.98823],
			"to": [8.34412, 9.04529, 17.97803],
			"rotation": {"angle": -22.5, "axis": "x", "origin": [8, 9.6431, 11.4]},
			"faces": {
				"north": {"uv": [9.25, 0.625, 9.125, 0.8125], "texture": "#10"},
				"east": {"uv": [5.78125, 3.25, 4.875, 3.4375], "texture": "#10"},
				"south": {"uv": [9.25, 1.125, 9.125, 1.3125], "texture": "#10"},
				"west": {"uv": [5.78125, 1.625, 4.875, 1.8125], "texture": "#10"},
				"up": {"uv": [2.5, 7.15625, 2.625, 6.25], "texture": "#10"},
				"down": {"uv": [2.625, 6.25, 2.75, 7.15625], "texture": "#10"}
			}
		},
		{
			"from": [7.48381, 9.04529, 13.1603],
			"to": [8.51619, 10.59385, 15.3971],
			"rotation": {"angle": -22.5, "axis": "x", "origin": [8, 9.6431, 11.4]},
			"faces": {
				"north": {"uv": [2.8125, 8, 2.625, 8.28125], "texture": "#10"},
				"east": {"uv": [6.78125, 1.5, 6.375, 1.78125], "texture": "#10"},
				"south": {"uv": [3.0625, 8, 2.875, 8.28125], "texture": "#10"},
				"west": {"uv": [6.78125, 0.375, 6.375, 0.65625], "texture": "#10"},
				"up": {"uv": [2.75, 7.65625, 2.9375, 7.25], "texture": "#10"},
				"down": {"uv": [3.5, 7.25, 3.6875, 7.65625], "texture": "#10"}
			}
		},
		{
			"from": [7.58884, 7.98952, 13.15148],
			"to": [7.7609, 8.67776, 15.73241],
			"rotation": {"angle": -45, "axis": "z", "origin": [8, 9.6431, 11.4]},
			"faces": {
				"north": {"uv": [7.28125, 10.125, 7.25, 10.25], "texture": "#10"},
				"east": {"uv": [8.21875, 1.25, 7.75, 1.375], "texture": "#10"},
				"south": {"uv": [10.15625, 7.25, 10.125, 7.375], "texture": "#10"},
				"west": {"uv": [2.71875, 4.25, 2.25, 4.375], "texture": "#10"},
				"up": {"uv": [1.125, 10.09375, 1.15625, 9.625], "texture": "#10"},
				"down": {"uv": [1.625, 9.625, 1.65625, 10.09375], "texture": "#10"}
			}
		},
		{
			"from": [7.7609, 7.98952, 13.15148],
			"to": [9.30946, 8.33364, 15.73241],
			"rotation": {"angle": -45, "axis": "z", "origin": [8, 9.6431, 11.4]},
			"faces": {
				"north": {"uv": [9.65625, 8.75, 9.375, 8.8125], "texture": "#10"},
				"east": {"uv": [9.09375, 7.625, 8.625, 7.6875], "texture": "#10"},
				"south": {"uv": [9.40625, 9.375, 9.125, 9.4375], "texture": "#10"},
				"west": {"uv": [9.09375, 7.5, 8.625, 7.5625], "texture": "#10"},
				"up": {"uv": [2, 6.21875, 2.28125, 5.75], "texture": "#10"},
				"down": {"uv": [2.375, 5.75, 2.65625, 6.21875], "texture": "#10"}
			}
		},
		{
			"from": [8.96534, 9.8822, 13.15148],
			"to": [9.65359, 10.05426, 15.73241],
			"rotation": {"angle": -45, "axis": "z", "origin": [8, 9.6431, 11.4]},
			"faces": {
				"north": {"uv": [7.25, 10.125, 7.125, 10.15625], "texture": "#10"},
				"east": {"uv": [10.09375, 3, 9.625, 3.03125], "texture": "#10"},
				"south": {"uv": [10.25, 7.125, 10.125, 7.15625], "texture": "#10"},
				"west": {"uv": [10.09375, 2.875, 9.625, 2.90625], "texture": "#10"},
				"up": {"uv": [3.25, 8.09375, 3.375, 7.625], "texture": "#10"},
				"down": {"uv": [4.375, 7.625, 4.5, 8.09375], "texture": "#10"}
			}
		},
		{
			"from": [7.93297, 8.67776, 14.3566],
			"to": [8.96534, 9.71014, 15.04485],
			"rotation": {"angle": -45, "axis": "z", "origin": [8, 9.6431, 11.4]},
			"faces": {
				"north": {"uv": [6.1875, 8.5, 6, 8.6875], "texture": "#10"},
				"east": {"uv": [9.125, 9, 9, 9.1875], "texture": "#10"},
				"south": {"uv": [8.6875, 6.125, 8.5, 6.3125], "texture": "#10"},
				"west": {"uv": [9.125, 6.75, 9, 6.9375], "texture": "#10"},
				"up": {"uv": [9, 1.625, 9.1875, 1.5], "texture": "#10"},
				"down": {"uv": [9, 1.875, 9.1875, 2], "texture": "#10"}
			}
		},
		{
			"from": [7.93297, 8.16158, 14.70004],
			"to": [8.96534, 8.67776, 15.38829],
			"rotation": {"angle": -45, "axis": "z", "origin": [8, 9.6431, 11.4]},
			"faces": {
				"north": {"uv": [9.5625, 8.625, 9.375, 8.71875], "texture": "#10"},
				"east": {"uv": [0.25, 9.75, 0.125, 9.84375], "texture": "#10"},
				"south": {"uv": [8.9375, 9.375, 8.75, 9.46875], "texture": "#10"},
				"west": {"uv": [0.125, 9.75, 0, 9.84375], "texture": "#10"},
				"up": {"uv": [9, 0.375, 9.1875, 0.25], "texture": "#10"},
				"down": {"uv": [9, 0.375, 9.1875, 0.5], "texture": "#10"}
			}
		},
		{
			"from": [8.96534, 8.16158, 14.70004],
			"to": [9.30946, 9.8822, 15.38829],
			"rotation": {"angle": -45, "axis": "z", "origin": [8, 9.6431, 11.4]},
			"faces": {
				"north": {"uv": [9.3125, 7.5, 9.25, 7.8125], "texture": "#10"},
				"east": {"uv": [3.125, 8.375, 3, 8.6875], "texture": "#10"},
				"south": {"uv": [7.6875, 9.25, 7.625, 9.5625], "texture": "#10"},
				"west": {"uv": [3, 8.375, 2.875, 8.6875], "texture": "#10"},
				"up": {"uv": [9.875, 9.75, 9.9375, 9.625], "texture": "#10"},
				"down": {"uv": [9.75, 9.875, 9.8125, 10], "texture": "#10"}
			}
		},
		{
			"from": [9.30946, 7.98952, 13.15148],
			"to": [9.65359, 9.8822, 15.73241],
			"rotation": {"angle": -45, "axis": "z", "origin": [8, 9.6431, 11.4]},
			"faces": {
				"north": {"uv": [0.3125, 9.25, 0.25, 9.59375], "texture": "#10"},
				"east": {"uv": [5.59375, 0.5, 5.125, 0.84375], "texture": "#10"},
				"south": {"uv": [9.3125, 0.25, 9.25, 0.59375], "texture": "#10"},
				"west": {"uv": [2.71875, 3.125, 2.25, 3.46875], "texture": "#10"},
				"up": {"uv": [2.875, 9.21875, 2.9375, 8.75], "texture": "#10"},
				"down": {"uv": [3, 8.75, 3.0625, 9.21875], "texture": "#10"}
			}
		},
		{
			"from": [7.73966, 8.58052, 7.30206],
			"to": [8.08378, 9.6129, 9.36681],
			"rotation": {"angle": -22.5, "axis": "z", "origin": [8, 9.6431, 11.4]},
			"faces": {
				"north": {"uv": [9.5625, 9.625, 9.5, 9.8125], "texture": "#10"},
				"east": {"uv": [7.875, 1.5, 7.5, 1.6875], "texture": "#10"},
				"south": {"uv": [9.6875, 9.5, 9.625, 9.6875], "texture": "#10"},
				"west": {"uv": [7.875, 0.5, 7.5, 0.6875], "texture": "#10"},
				"up": {"uv": [8.75, 9.375, 8.8125, 9], "texture": "#10"},
				"down": {"uv": [8.875, 9, 8.9375, 9.375], "texture": "#10"}
			}
		},
		{
			"from": [7.5676, 8.58052, 9.36681],
			"to": [7.91172, 9.6129, 11.08743],
			"rotation": {"angle": -22.5, "axis": "z", "origin": [8, 9.6431, 11.4]},
			"faces": {
				"north": {"uv": [9.6875, 9.25, 9.625, 9.4375], "texture": "#10"},
				"east": {"uv": [8.0625, 3.5, 7.75, 3.6875], "texture": "#10"},
				"south": {"uv": [9.4375, 9.625, 9.375, 9.8125], "texture": "#10"},
				"west": {"uv": [3.0625, 7.75, 2.75, 7.9375], "texture": "#10"},
				"up": {"uv": [6.75, 9.5625, 6.8125, 9.25], "texture": "#10"},
				"down": {"uv": [7, 9.25, 7.0625, 9.5625], "texture": "#10"}
			}
		},
		{
			"from": [7.39553, 8.40846, 11.08743],
			"to": [7.73966, 10.47321, 13.15217],
			"rotation": {"angle": -22.5, "axis": "z", "origin": [8, 9.6431, 11.4]},
			"faces": {
				"north": {"uv": [7.4375, 9, 7.375, 9.375], "texture": "#10"},
				"east": {"uv": [6, 0.375, 5.625, 0.75], "texture": "#10"},
				"south": {"uv": [9.0625, 7.875, 9, 8.25], "texture": "#10"},
				"west": {"uv": [5.875, 4.625, 5.5, 5], "texture": "#10"},
				"up": {"uv": [9, 8.625, 9.0625, 8.25], "texture": "#10"},
				"down": {"uv": [9, 8.625, 9.0625, 9], "texture": "#10"}
			}
		},
		{
			"from": [8.26034, 8.40846, 11.08743],
			"to": [8.60447, 10.47321, 13.15217],
			"rotation": {"angle": 22.5, "axis": "z", "origin": [8, 9.6431, 11.4]},
			"faces": {
				"north": {"uv": [6.3125, 9, 6.25, 9.375], "texture": "#10"},
				"east": {"uv": [5.875, 4.25, 5.5, 4.625], "texture": "#10"},
				"south": {"uv": [9.0625, 6.375, 9, 6.75], "texture": "#10"},
				"west": {"uv": [3.5, 5.5, 3.125, 5.875], "texture": "#10"},
				"up": {"uv": [9, 7.5, 9.0625, 7.125], "texture": "#10"},
				"down": {"uv": [7.25, 9, 7.3125, 9.375], "texture": "#10"}
			}
		},
		{
			"from": [7.91622, 8.58052, 7.30206],
			"to": [8.26034, 9.6129, 9.36681],
			"rotation": {"angle": 22.5, "axis": "z", "origin": [8, 9.6431, 11.4]},
			"faces": {
				"north": {"uv": [9.1875, 9.625, 9.125, 9.8125], "texture": "#10"},
				"east": {"uv": [7.875, 0.25, 7.5, 0.4375], "texture": "#10"},
				"south": {"uv": [9.3125, 9.625, 9.25, 9.8125], "texture": "#10"},
				"west": {"uv": [7.875, 0, 7.5, 0.1875], "texture": "#10"},
				"up": {"uv": [9, 5.5, 9.0625, 5.125], "texture": "#10"},
				"down": {"uv": [5.875, 9, 5.9375, 9.375], "texture": "#10"}
			}
		},
		{
			"from": [8.08828, 8.58052, 9.36681],
			"to": [8.4324, 9.6129, 11.08743],
			"rotation": {"angle": 22.5, "axis": "z", "origin": [8, 9.6431, 11.4]},
			"faces": {
				"north": {"uv": [9.0625, 9.625, 9, 9.8125], "texture": "#10"},
				"east": {"uv": [8.0625, 2.375, 7.75, 2.5625], "texture": "#10"},
				"south": {"uv": [9.6875, 9, 9.625, 9.1875], "texture": "#10"},
				"west": {"uv": [2.6875, 7.75, 2.375, 7.9375], "texture": "#10"},
				"up": {"uv": [6.125, 9.5625, 6.1875, 9.25], "texture": "#10"},
				"down": {"uv": [6.375, 9.25, 6.4375, 9.5625], "texture": "#10"}
			}
		},
		{
			"from": [7.5676, 8.2364, 13.84042],
			"to": [7.91172, 10.47321, 15.38898],
			"rotation": {"angle": -22.5, "axis": "z", "origin": [8, 9.6431, 11.4]},
			"faces": {
				"north": {"uv": [0.8125, 8.875, 0.75, 9.28125], "texture": "#10"},
				"east": {"uv": [6.53125, 5.875, 6.25, 6.28125], "texture": "#10"},
				"south": {"uv": [0.9375, 8.875, 0.875, 9.28125], "texture": "#10"},
				"west": {"uv": [6.53125, 4.75, 6.25, 5.15625], "texture": "#10"},
				"up": {"uv": [9.375, 8.15625, 9.4375, 7.875], "texture": "#10"},
				"down": {"uv": [9.375, 8.25, 9.4375, 8.53125], "texture": "#10"}
			}
		},
		{
			"from": [7.22347, 8.2364, 13.15217],
			"to": [7.5676, 10.47321, 15.7331],
			"rotation": {"angle": -22.5, "axis": "z", "origin": [8, 9.6431, 11.4]},
			"faces": {
				"north": {"uv": [0.5625, 8.875, 0.5, 9.28125], "texture": "#10"},
				"east": {"uv": [4.59375, 4.75, 4.125, 5.15625], "texture": "#10"},
				"south": {"uv": [0.6875, 8.875, 0.625, 9.28125], "texture": "#10"},
				"west": {"uv": [4.09375, 4.75, 3.625, 5.15625], "texture": "#10"},
				"up": {"uv": [2.625, 9.21875, 2.6875, 8.75], "texture": "#10"},
				"down": {"uv": [8.75, 2.625, 8.8125, 3.09375], "texture": "#10"}
			}
		},
		{
			"from": [8.08828, 8.2364, 14.18454],
			"to": [8.4324, 10.47321, 15.38898],
			"rotation": {"angle": 22.5, "axis": "z", "origin": [8, 9.6431, 11.4]},
			"faces": {
				"north": {"uv": [0.1875, 8.875, 0.125, 9.28125], "texture": "#10"},
				"east": {"uv": [5.71875, 6.75, 5.5, 7.15625], "texture": "#10"},
				"south": {"uv": [0.4375, 8.875, 0.375, 9.28125], "texture": "#10"},
				"west": {"uv": [5.46875, 6.75, 5.25, 7.15625], "texture": "#10"},
				"up": {"uv": [5.5, 9.84375, 5.5625, 9.625], "texture": "#10"},
				"down": {"uv": [9.625, 5.5, 9.6875, 5.71875], "texture": "#10"}
			}
		},
		{
			"from": [8.4324, 8.2364, 13.15217],
			"to": [8.77653, 10.47321, 15.7331],
			"rotation": {"angle": 22.5, "axis": "z", "origin": [8, 9.6431, 11.4]},
			"faces": {
				"north": {"uv": [8.6875, 8.75, 8.625, 9.15625], "texture": "#10"},
				"east": {"uv": [3.59375, 4.75, 3.125, 5.15625], "texture": "#10"},
				"south": {"uv": [0.0625, 8.875, 0, 9.28125], "texture": "#10"},
				"west": {"uv": [3.09375, 4.75, 2.625, 5.15625], "texture": "#10"},
				"up": {"uv": [2.375, 9.21875, 2.4375, 8.75], "texture": "#10"},
				"down": {"uv": [2.5, 8.75, 2.5625, 9.21875], "texture": "#10"}
			}
		},
		{
			"from": [7.7609, 8.16158, 11.08674],
			"to": [9.48152, 9.8822, 13.15148],
			"rotation": {"angle": -45, "axis": "z", "origin": [8, 9.6431, 11.4]},
			"faces": {
				"north": {"uv": [6.9375, 0, 6.625, 0.3125], "texture": "#10"},
				"east": {"uv": [6.5, 3.625, 6.125, 3.9375], "texture": "#10"},
				"south": {"uv": [1.4375, 6.625, 1.125, 6.9375], "texture": "#10"},
				"west": {"uv": [6.5, 3.25, 6.125, 3.5625], "texture": "#10"},
				"up": {"uv": [6.125, 4.375, 6.4375, 4], "texture": "#10"},
				"down": {"uv": [6.125, 4.375, 6.4375, 4.75], "texture": "#10"}
			}
		},
		{
			"from": [7.39778, 8.52911, 11.09555],
			"to": [8.60222, 10.76591, 13.1603],
			"rotation": {"angle": -22.5, "axis": "x", "origin": [8, 9.6431, 11.4]},
			"faces": {
				"north": {"uv": [3.71875, 6.75, 3.5, 7.15625], "texture": "#10"},
				"east": {"uv": [2, 5.25, 1.625, 5.65625], "texture": "#10"},
				"south": {"uv": [6.96875, 3.875, 6.75, 4.28125], "texture": "#10"},
				"west": {"uv": [5.5, 4.75, 5.125, 5.15625], "texture": "#10"},
				"up": {"uv": [6.5, 7.25, 6.71875, 6.875], "texture": "#10"},
				"down": {"uv": [6.75, 6.875, 6.96875, 7.25], "texture": "#10"}
			}
		},
		{
			"from": [7.48381, 9.56148, 9.37493],
			"to": [8.51619, 11.11004, 11.09555],
			"rotation": {"angle": -22.5, "axis": "x", "origin": [8, 9.6431, 11.4]},
			"faces": {
				"north": {"uv": [8.1875, 2, 8, 2.28125], "texture": "#10"},
				"east": {"uv": [7.1875, 2.375, 6.875, 2.65625], "texture": "#10"},
				"south": {"uv": [2.5625, 8, 2.375, 8.28125], "texture": "#10"},
				"west": {"uv": [2.3125, 6.875, 2, 7.15625], "texture": "#10"},
				"up": {"uv": [1.125, 8.0625, 1.3125, 7.75], "texture": "#10"},
				"down": {"uv": [1.5, 7.75, 1.6875, 8.0625], "texture": "#10"}
			}
		},
		{
			"from": [7.93297, 8.33364, 9.36612],
			"to": [9.30946, 9.71014, 11.08674],
			"rotation": {"angle": -45, "axis": "z", "origin": [8, 9.6431, 11.4]},
			"faces": {
				"north": {"uv": [4.25, 3.25, 4, 3.5], "texture": "#10"},
				"east": {"uv": [7.4375, 5.25, 7.125, 5.5], "texture": "#10"},
				"south": {"uv": [7.75, 5.75, 7.5, 6], "texture": "#10"},
				"west": {"uv": [4.9375, 7.125, 4.625, 7.375], "texture": "#10"},
				"up": {"uv": [5, 7.4375, 5.25, 7.125], "texture": "#10"},
				"down": {"uv": [7.25, 0, 7.5, 0.3125], "texture": "#10"}
			}
		},
		{
			"from": [7.57053, 7.70853, 7.83578],
			"to": [8.42947, 8.39678, 8.35197],
			"rotation": {"angle": 22.5, "axis": "x", "origin": [8, 9.6431, 11.4]},
			"faces": {
				"north": {"uv": [9.40625, 6.625, 9.25, 6.75], "texture": "#10"},
				"east": {"uv": [9.71875, 8.875, 9.625, 9], "texture": "#10"},
				"south": {"uv": [9.40625, 7, 9.25, 7.125], "texture": "#10"},
				"west": {"uv": [8.96875, 9.625, 8.875, 9.75], "texture": "#10"},
				"up": {"uv": [9.625, 2.34375, 9.78125, 2.25], "texture": "#10"},
				"down": {"uv": [9.625, 2.75, 9.78125, 2.84375], "texture": "#10"}
			}
		},
		{
			"from": [7.56985, 10.07766, 7.99844],
			"to": [8.43016, 11.2821, 9.37493],
			"rotation": {"angle": -22.5, "axis": "x", "origin": [8, 9.6431, 11.4]},
			"faces": {
				"north": {"uv": [8.65625, 8, 8.5, 8.21875], "texture": "#10"},
				"east": {"uv": [8.125, 2.75, 7.875, 2.96875], "texture": "#10"},
				"south": {"uv": [8.40625, 8.5, 8.25, 8.71875], "texture": "#10"},
				"west": {"uv": [8.125, 1.75, 7.875, 1.96875], "texture": "#10"},
				"up": {"uv": [2.375, 8.625, 2.53125, 8.375], "texture": "#10"},
				"down": {"uv": [2.625, 8.375, 2.78125, 8.625], "texture": "#10"}
			}
		},
		{
			"from": [8.10503, 8.5057, 7.30137],
			"to": [9.1374, 9.53807, 9.36612],
			"rotation": {"angle": -45, "axis": "z", "origin": [8, 9.6431, 11.4]},
			"faces": {
				"north": {"uv": [5.8125, 8.5, 5.625, 8.6875], "texture": "#10"},
				"east": {"uv": [7.75, 5, 7.375, 5.1875], "texture": "#10"},
				"south": {"uv": [8.6875, 5.75, 8.5, 5.9375], "texture": "#10"},
				"west": {"uv": [7.75, 4.125, 7.375, 4.3125], "texture": "#10"},
				"up": {"uv": [6.125, 7.75, 6.3125, 7.375], "texture": "#10"},
				"down": {"uv": [7.375, 6.875, 7.5625, 7.25], "texture": "#10"}
			}
		},
		{
			"from": [7.65588, 11.2821, 5.07338],
			"to": [8.34412, 11.62622, 5.58957],
			"rotation": {"angle": -22.5, "axis": "x", "origin": [8, 9.6431, 11.4]},
			"faces": {
				"north": {"uv": [9.625, 9.875, 9.5, 9.9375], "texture": "#10"},
				"east": {"uv": [7.34375, 10, 7.25, 10.0625], "texture": "#10"},
				"south": {"uv": [10, 9.5, 9.875, 9.5625], "texture": "#10"},
				"west": {"uv": [10.09375, 7.125, 10, 7.1875], "texture": "#10"},
				"up": {"uv": [9.625, 8.71875, 9.75, 8.625], "texture": "#10"},
				"down": {"uv": [8.75, 9.625, 8.875, 9.71875], "texture": "#10"}
			}
		},
		{
			"from": [7.65588, 10.93797, 5.58957],
			"to": [8.34412, 11.62622, 7.48225],
			"rotation": {"angle": -22.5, "axis": "x", "origin": [8, 9.6431, 11.4]},
			"faces": {
				"north": {"uv": [8.625, 1.375, 8.5, 1.5], "texture": "#10"},
				"east": {"uv": [8.46875, 2.75, 8.125, 2.875], "texture": "#10"},
				"south": {"uv": [9.125, 2.375, 9, 2.5], "texture": "#10"},
				"west": {"uv": [8.46875, 2.5, 8.125, 2.625], "texture": "#10"},
				"up": {"uv": [5.625, 8.46875, 5.75, 8.125], "texture": "#10"},
				"down": {"uv": [8.125, 5.625, 8.25, 5.96875], "texture": "#10"}
			}
		},
		{
			"from": [7.65519, 8.56372, 3.88178],
			"to": [8.34481, 9.08004, 7.30206],
			"rotation": {"angle": 0, "axis": "y", "origin": [8, 9.6431, 11.4]},
			"faces": {
				"north": {"uv": [9.75, 8.5, 9.625, 8.59375], "texture": "#10"},
				"east": {"uv": [8.25, 4, 7.625, 4.09375], "texture": "#10"},
				"south": {"uv": [8.75, 9.625, 8.625, 9.71875], "texture": "#10"},
				"west": {"uv": [8, 2.25, 7.375, 2.34375], "texture": "#10"},
				"up": {"uv": [1.375, 7.625, 1.5, 7], "texture": "#10"},
				"down": {"uv": [3.25, 7, 3.375, 7.625], "texture": "#10"}
			}
		},
		{
			"from": [7.65656, 7.16282, 7.14754],
			"to": [8.34344, 8.88344, 7.83578],
			"rotation": {"angle": 22.5, "axis": "x", "origin": [8, 9.6431, 11.4]},
			"faces": {
				"north": {"uv": [1.875, 8.375, 1.75, 8.6875], "texture": "#10"},
				"east": {"uv": [2.375, 8.375, 2.25, 8.6875], "texture": "#10"},
				"south": {"uv": [8.5, 2, 8.375, 2.3125], "texture": "#10"},
				"west": {"uv": [2, 8.375, 1.875, 8.6875], "texture": "#10"},
				"up": {"uv": [8.125, 3.75, 8.25, 3.625], "texture": "#10"},
				"down": {"uv": [8.5, 1.125, 8.625, 1.25], "texture": "#10"}
			}
		},
		{
			"from": [7.65588, 11.52298, 4.04101],
			"to": [8.34412, 11.62622, 4.21307],
			"rotation": {"angle": -22.5, "axis": "x", "origin": [8, 9.6431, 11.4]},
			"faces": {
				"north": {"uv": [10.25, 6.75, 10.125, 6.78125], "texture": "#10"},
				"east": {"uv": [3.53125, 10.375, 3.5, 10.40625], "texture": "#10"},
				"south": {"uv": [10.25, 6.875, 10.125, 6.90625], "texture": "#10"},
				"west": {"uv": [10.40625, 3.375, 10.375, 3.40625], "texture": "#10"},
				"up": {"uv": [7, 10.15625, 7.125, 10.125], "texture": "#10"},
				"down": {"uv": [10.125, 7, 10.25, 7.03125], "texture": "#10"}
			}
		},
		{
			"from": [7.65588, 11.62622, 4.04101],
			"to": [8.34412, 12.14241, 8.34256],
			"rotation": {"angle": -22.5, "axis": "x", "origin": [8, 9.6431, 11.4]},
			"faces": {
				"north": {"uv": [9.75, 8.375, 9.625, 8.46875], "texture": "#10"},
				"east": {"uv": [7.90625, 4.875, 7.125, 4.96875], "texture": "#10"},
				"south": {"uv": [8.625, 9.625, 8.5, 9.71875], "texture": "#10"},
				"west": {"uv": [7.90625, 0.75, 7.125, 0.84375], "texture": "#10"},
				"up": {"uv": [5.875, 7.15625, 6, 6.375], "texture": "#10"},
				"down": {"uv": [1, 6.625, 1.125, 7.40625], "texture": "#10"}
			}
		}
	],
	"display": {
		"head": {
			"rotation": [0, 180, 0]
		}
	}
}