{
	"credit": "Made with Blockbench",
	"textures": {
		"2": "animated_java:item/valk_aj/line",
		"3": "animated_java:item/valk_aj/main",
		"4": "animated_java:item/valk_aj/texture"
	},
	"elements": [
		{
			"from": [7.6507, 8.1474, -0.2777],
			"to": [8.3493, 9.8974, 0.4223],
			"rotation": {"angle": 22.5, "axis": "x", "origin": [15, -8.1276, 4.9723]},
			"faces": {
				"north": {"uv": [8.375, 6.75, 8.5, 7.0625], "texture": "#4"},
				"east": {"uv": [7, 8.375, 7.125, 8.6875], "texture": "#4"},
				"south": {"uv": [7.125, 8.375, 7.25, 8.6875], "texture": "#4"},
				"west": {"uv": [8.375, 7.125, 8.5, 7.4375], "texture": "#4"},
				"up": {"uv": [8.875, 9.625, 8.75, 9.5], "texture": "#4"},
				"down": {"uv": [9, 9.5, 8.875, 9.625], "texture": "#4"}
			}
		},
		{
			"from": [7.6493, 8.49529, 5.23973],
			"to": [8.3507, 9.02043, 7.14341],
			"rotation": {"angle": 0, "axis": "y", "origin": [15, -8.12957, 4.86841]},
			"faces": {
				"north": {"uv": [3.25, 9.75, 3.375, 9.84375], "texture": "#4"},
				"east": {"uv": [8.625, 0.625, 8.96875, 0.71875], "texture": "#4"},
				"south": {"uv": [9.75, 3.25, 9.875, 3.34375], "texture": "#4"},
				"west": {"uv": [8.625, 1.875, 8.96875, 1.96875], "texture": "#4"},
				"up": {"uv": [8.125, 8.46875, 8, 8.125], "texture": "#4"},
				"down": {"uv": [8.25, 8.125, 8.125, 8.46875], "texture": "#4"}
			}
		},
		{
			"from": [7.65, 7.09543, 11.69341],
			"to": [8.35, 7.79543, 13.61841],
			"rotation": {"angle": -22.5, "axis": "x", "origin": [15, -8.12957, 4.86841]},
			"faces": {
				"north": {"uv": [9.125, 9.5, 9.25, 9.625], "texture": "#4"},
				"east": {"uv": [8.125, 2.875, 8.46875, 3], "texture": "#4"},
				"south": {"uv": [9.5, 9.125, 9.625, 9.25], "texture": "#4"},
				"west": {"uv": [8.125, 3.5, 8.46875, 3.625], "texture": "#4"},
				"up": {"uv": [8.375, 0.34375, 8.25, 0], "texture": "#4"},
				"down": {"uv": [8.375, 0.75, 8.25, 1.09375], "texture": "#4"}
			}
		},
		{
			"from": [7.65, 7.79543, 11.69341],
			"to": [8.35, 8.32043, 14.49341],
			"rotation": {"angle": -22.5, "axis": "x", "origin": [15, -8.12957, 4.86841]},
			"faces": {
				"north": {"uv": [3, 9.75, 3.125, 9.84375], "texture": "#4"},
				"east": {"uv": [8.125, 0.625, 8.625, 0.71875], "texture": "#4"},
				"south": {"uv": [3.125, 9.75, 3.25, 9.84375], "texture": "#4"},
				"west": {"uv": [8.125, 1.75, 8.625, 1.84375], "texture": "#4"},
				"up": {"uv": [5.875, 8, 5.75, 7.5], "texture": "#4"},
				"down": {"uv": [0.125, 7.625, 0, 8.125], "texture": "#4"}
			}
		},
		{
			"from": [7.4743, 10.29222, 14.69717],
			"to": [8.5257, 12.04222, 18.89717],
			"rotation": {"angle": 0, "axis": "y", "origin": [15.0007, -8.08278, 4.89717]},
			"faces": {
				"north": {"uv": [5.5, 7.75, 5.6875, 8.0625], "texture": "#4"},
				"east": {"uv": [4, 0, 4.75, 0.3125], "texture": "#4"},
				"south": {"uv": [7.75, 5.75, 7.9375, 6.0625], "texture": "#4"},
				"west": {"uv": [2.25, 4.375, 3, 4.6875], "texture": "#4"},
				"up": {"uv": [1.5625, 6.125, 1.375, 5.375], "texture": "#4"},
				"down": {"uv": [3.6875, 5.5, 3.5, 6.25], "texture": "#4"}
			}
		},
		{
			"from": [7.3875, 4.64543, 17.29341],
			"to": [8.6125, 6.92043, 19.39341],
			"rotation": {"angle": -22.5, "axis": "x", "origin": [15, -8.12957, 4.86841]},
			"faces": {
				"north": {"uv": [0, 6.875, 0.21875, 7.28125], "texture": "#4"},
				"east": {"uv": [5.25, 1.875, 5.625, 2.28125], "texture": "#4"},
				"south": {"uv": [6.875, 0.375, 7.09375, 0.78125], "texture": "#4"},
				"west": {"uv": [2, 5.25, 2.375, 5.65625], "texture": "#4"},
				"up": {"uv": [1.34375, 7.375, 1.125, 7], "texture": "#4"},
				"down": {"uv": [7.21875, 1.125, 7, 1.5], "texture": "#4"}
			}
		},
		{
			"from": [7.475, 5.34543, 19.39341],
			"to": [8.5243, 6.74543, 19.56841],
			"rotation": {"angle": -22.5, "axis": "x", "origin": [15, -8.12957, 4.86841]},
			"faces": {
				"north": {"uv": [16, 16, 16, 16], "texture": "#3"},
				"east": {"uv": [4.5, 7, 4, 3], "rotation": 180, "texture": "#2"},
				"south": {"uv": [16, 16, 16, 16], "texture": "#3"},
				"west": {"uv": [4.5, 7, 4, 3], "rotation": 180, "texture": "#2"},
				"up": {"uv": [4.5, 3, 4, 0], "rotation": 270, "texture": "#2"},
				"down": {"uv": [16, 16, 16, 16], "texture": "#3"}
			}
		},
		{
			"from": [18.85, 2.72043, 13.09271],
			"to": [20.95, 4.82043, 13.26771],
			"rotation": {"angle": 45, "axis": "z", "origin": [8, -8.12957, 4.86841]},
			"faces": {
				"north": {"uv": [16, 16, 16, 16], "texture": "#3"},
				"east": {"uv": [4.5, 13.5, 4, 7.5], "rotation": 180, "texture": "#2"},
				"south": {"uv": [16, 16, 16, 16], "texture": "#3"},
				"west": {"uv": [5, 6, 4.5, 0], "rotation": 180, "texture": "#2"},
				"up": {"uv": [4.5, 13.5, 4, 7.5], "rotation": 270, "texture": "#2"},
				"down": {"uv": [5, 6, 4.5, 0], "rotation": 270, "texture": "#2"}
			}
		},
		{
			"from": [8.525, 8.67043, 9.24341],
			"to": [8.525, 9.37043, 9.41841],
			"rotation": {"angle": 22.5, "axis": "z", "origin": [8, 9.37043, 4.86841]},
			"faces": {
				"north": {"uv": [0, 0, 0, 0.125], "texture": "#missing"},
				"east": {"uv": [3.5, 8.5, 3, 6.5], "rotation": 180, "texture": "#2"},
				"south": {"uv": [0, 0, 0, 0.5], "texture": "#missing"},
				"west": {"uv": [16, 16, 16, 16], "texture": "#3"},
				"up": {"uv": [0, 0.03125, 0, 0], "texture": "#missing"},
				"down": {"uv": [0, 0, 0, 0.03125], "texture": "#missing"}
			}
		},
		{
			"from": [8.7, 8.67043, 10.99341],
			"to": [8.7, 9.54543, 11.16841],
			"rotation": {"angle": 22.5, "axis": "z", "origin": [8, 9.37043, 4.86841]},
			"faces": {
				"north": {"uv": [0, 0, 0, 0.625], "texture": "#missing"},
				"east": {"uv": [4, 9.5, 3.5, 7], "rotation": 180, "texture": "#2"},
				"south": {"uv": [0, 0, 0, 0.625], "texture": "#missing"},
				"west": {"uv": [16, 16, 16, 16], "texture": "#3"},
				"up": {"uv": [0, 0.03125, 0, 0], "texture": "#missing"},
				"down": {"uv": [0, 0, 0, 0.03125], "texture": "#missing"}
			}
		},
		{
			"from": [7.3, 8.67043, 10.99341],
			"to": [7.3, 9.54543, 11.16841],
			"rotation": {"angle": -22.5, "axis": "z", "origin": [8, 9.37043, 4.86841]},
			"faces": {
				"north": {"uv": [0, 0, 0, 0.625], "texture": "#missing"},
				"east": {"uv": [16, 16, 16, 16], "texture": "#3"},
				"south": {"uv": [0, 0, 0, 0.15625], "texture": "#missing"},
				"west": {"uv": [4, 9.5, 3.5, 7], "rotation": 180, "texture": "#2"},
				"up": {"uv": [0, 0.125, 0, 0], "texture": "#missing"},
				"down": {"uv": [0, 0, 0, 0.125], "texture": "#missing"}
			}
		},
		{
			"from": [7.475, 8.67043, 9.24341],
			"to": [7.475, 9.37043, 9.41841],
			"rotation": {"angle": -22.5, "axis": "z", "origin": [8, 9.37043, 4.86841]},
			"faces": {
				"north": {"uv": [0, 0, 0, 0.125], "texture": "#missing"},
				"east": {"uv": [16, 16, 16, 16], "texture": "#3"},
				"south": {"uv": [0, 0, 0, 0.125], "texture": "#missing"},
				"west": {"uv": [3.5, 8.5, 3, 6.5], "rotation": 180, "texture": "#2"},
				"up": {"uv": [0, 0.125, 0, 0], "texture": "#missing"},
				"down": {"uv": [0, 0, 0, 0.125], "texture": "#missing"}
			}
		},
		{
			"from": [8.875, 8.67043, 13.09341],
			"to": [8.875, 10.24543, 13.26841],
			"rotation": {"angle": 22.5, "axis": "z", "origin": [8, 9.37043, 4.86841]},
			"faces": {
				"north": {"uv": [0, 0, 0, 1.125], "texture": "#missing"},
				"east": {"uv": [4.5, 11.5, 4, 7], "rotation": 180, "texture": "#2"},
				"south": {"uv": [0, 0, 0, 1.125], "texture": "#missing"},
				"west": {"uv": [16, 16, 16, 16], "texture": "#3"},
				"up": {"uv": [0, 0.03125, 0, 0], "texture": "#missing"},
				"down": {"uv": [0, 0, 0, 0.03125], "texture": "#missing"}
			}
		},
		{
			"from": [7.125, 8.67043, 13.09341],
			"to": [7.125, 10.24543, 13.26841],
			"rotation": {"angle": -22.5, "axis": "z", "origin": [8, 9.37043, 4.86841]},
			"faces": {
				"north": {"uv": [0, 0, 0, 1.125], "texture": "#missing"},
				"east": {"uv": [16, 16, 16, 16], "texture": "#3"},
				"south": {"uv": [0, 0, 0, 0.28125], "texture": "#missing"},
				"west": {"uv": [4.5, 11.5, 4, 7], "rotation": 180, "texture": "#2"},
				"up": {"uv": [0, 0.125, 0, 0], "texture": "#missing"},
				"down": {"uv": [0, 0, 0, 0.125], "texture": "#missing"}
			}
		},
		{
			"from": [19.025, 2.89543, 10.99271],
			"to": [20.775, 4.64543, 11.16771],
			"rotation": {"angle": 45, "axis": "z", "origin": [8, -8.12957, 4.86841]},
			"faces": {
				"north": {"uv": [16, 16, 16, 16], "texture": "#3"},
				"east": {"uv": [4, 11, 3.5, 6], "rotation": 180, "texture": "#2"},
				"south": {"uv": [16, 16, 16, 16], "texture": "#3"},
				"west": {"uv": [4, 16, 3.5, 11], "rotation": 180, "texture": "#2"},
				"up": {"uv": [4, 11, 3.5, 6], "rotation": 270, "texture": "#2"},
				"down": {"uv": [4, 16, 3.5, 11], "rotation": 270, "texture": "#2"}
			}
		},
		{
			"from": [7.3875, 5.69543, 17.29341],
			"to": [8.6118, 6.92043, 17.46841],
			"rotation": {"angle": -22.5, "axis": "x", "origin": [15, -8.12957, 4.86841]},
			"faces": {
				"north": {"uv": [16, 16, 16, 16], "texture": "#3"},
				"east": {"uv": [4, 7, 3.5, 3.5], "rotation": 180, "texture": "#2"},
				"south": {"uv": [16, 16, 16, 16], "texture": "#3"},
				"west": {"uv": [4, 7, 3.5, 3.5], "rotation": 180, "texture": "#2"},
				"up": {"uv": [4, 3.5, 3.5, 0], "rotation": 270, "texture": "#2"},
				"down": {"uv": [16, 16, 16, 16], "texture": "#3"}
			}
		},
		{
			"from": [7.475, 6.04543, 15.54341],
			"to": [8.5243, 7.27043, 15.71841],
			"rotation": {"angle": -22.5, "axis": "x", "origin": [15, -8.12957, 4.86841]},
			"faces": {
				"north": {"uv": [16, 16, 16, 16], "texture": "#3"},
				"east": {"uv": [3.5, 6.5, 3, 3], "rotation": 180, "texture": "#2"},
				"south": {"uv": [16, 16, 16, 16], "texture": "#3"},
				"west": {"uv": [3.5, 6.5, 3, 3], "rotation": 180, "texture": "#2"},
				"up": {"uv": [3.5, 3, 3, 0], "rotation": 270, "texture": "#2"},
				"down": {"uv": [16, 16, 16, 16], "texture": "#3"}
			}
		},
		{
			"from": [19.2, 3.07043, 9.24271],
			"to": [20.6, 4.47043, 9.41771],
			"rotation": {"angle": 45, "axis": "z", "origin": [8, -8.12957, 4.86841]},
			"faces": {
				"north": {"uv": [16, 16, 16, 16], "texture": "#3"},
				"east": {"uv": [3.5, 9.5, 3, 5.5], "rotation": 180, "texture": "#2"},
				"south": {"uv": [16, 16, 16, 16], "texture": "#3"},
				"west": {"uv": [3.5, 13.5, 3, 9.5], "rotation": 180, "texture": "#2"},
				"up": {"uv": [3.5, 9.5, 3, 5.5], "rotation": 270, "texture": "#2"},
				"down": {"uv": [3.5, 13.5, 3, 9.5], "rotation": 270, "texture": "#2"}
			}
		},
		{
			"from": [7.475, 3.77043, 20.96841],
			"to": [7.65, 5.17043, 24.29341],
			"rotation": {"angle": -22.5, "axis": "x", "origin": [15, -8.12957, 4.86841]},
			"faces": {
				"north": {"uv": [0.125, 10, 0.15625, 10.25], "texture": "#4"},
				"east": {"uv": [8.25, 4.5, 8.84375, 4.75], "texture": "#3"},
				"south": {"uv": [0.25, 10, 0.28125, 10.25], "texture": "#4"},
				"west": {"uv": [3.125, 5.25, 3.71875, 5.5], "texture": "#4"},
				"up": {"uv": [9.40625, 2.34375, 9.375, 1.75], "texture": "#4"},
				"down": {"uv": [12.28125, 13.375, 12.25, 13.96875], "texture": "#3"}
			}
		},
		{
			"from": [8.35, 3.77043, 20.96841],
			"to": [8.525, 5.17043, 24.29341],
			"rotation": {"angle": -22.5, "axis": "x", "origin": [15, -8.12957, 4.86841]},
			"faces": {
				"north": {"uv": [9.875, 9.75, 9.90625, 10], "texture": "#4"},
				"east": {"uv": [5, 3, 5.59375, 3.25], "texture": "#4"},
				"south": {"uv": [0, 10, 0.03125, 10.25], "texture": "#4"},
				"west": {"uv": [8.25, 4.25, 8.84375, 4.5], "texture": "#3"},
				"up": {"uv": [1.40625, 9.96875, 1.375, 9.375], "texture": "#4"},
				"down": {"uv": [12.03125, 13.375, 12, 13.96875], "texture": "#3"}
			}
		},
		{
			"from": [7.65, 4.12043, 19.21841],
			"to": [8.35, 5.17043, 24.29341],
			"rotation": {"angle": -22.5, "axis": "x", "origin": [15, -8.12957, 4.86841]},
			"faces": {
				"north": {"uv": [9.125, 0.625, 9.25, 0.8125], "texture": "#4"},
				"east": {"uv": [4.875, 1.625, 5.78125, 1.8125], "texture": "#4"},
				"south": {"uv": [9.125, 1.125, 9.25, 1.3125], "texture": "#4"},
				"west": {"uv": [4.875, 3.25, 5.78125, 3.4375], "texture": "#4"},
				"up": {"uv": [2.625, 7.15625, 2.5, 6.25], "texture": "#4"},
				"down": {"uv": [4, 9.5, 3.875, 10.40625], "texture": "#3"}
			}
		},
		{
			"from": [7.475, 5.17043, 19.39341],
			"to": [8.525, 6.74543, 21.66841],
			"rotation": {"angle": -22.5, "axis": "x", "origin": [15, -8.12957, 4.86841]},
			"faces": {
				"north": {"uv": [2.625, 8, 2.8125, 8.28125], "texture": "#4"},
				"east": {"uv": [6.375, 0.375, 6.78125, 0.65625], "texture": "#4"},
				"south": {"uv": [2.875, 8, 3.0625, 8.28125], "texture": "#4"},
				"west": {"uv": [6.375, 1.5, 6.78125, 1.78125], "texture": "#4"},
				"up": {"uv": [2.9375, 7.65625, 2.75, 7.25], "texture": "#4"},
				"down": {"uv": [3.6875, 7.25, 3.5, 7.65625], "texture": "#4"}
			}
		},
		{
			"from": [20.775, 2.72043, 13.09271],
			"to": [20.95, 3.42043, 15.71771],
			"rotation": {"angle": 45, "axis": "z", "origin": [8, -8.12957, 4.86841]},
			"faces": {
				"north": {"uv": [7.25, 10.125, 7.28125, 10.25], "texture": "#4"},
				"east": {"uv": [2.25, 4.25, 2.71875, 4.375], "texture": "#4"},
				"south": {"uv": [14.375, 8.25, 14.40625, 8.375], "texture": "#3"},
				"west": {"uv": [7.75, 1.25, 8.21875, 1.375], "texture": "#4"},
				"up": {"uv": [1.15625, 10.09375, 1.125, 9.625], "texture": "#4"},
				"down": {"uv": [1.65625, 9.625, 1.625, 10.09375], "texture": "#4"}
			}
		},
		{
			"from": [19.2, 2.72043, 13.09271],
			"to": [20.775, 3.07043, 15.71771],
			"rotation": {"angle": 45, "axis": "z", "origin": [8, -8.12957, 4.86841]},
			"faces": {
				"north": {"uv": [9.375, 8.75, 9.65625, 8.8125], "texture": "#4"},
				"east": {"uv": [8.625, 7.5, 9.09375, 7.5625], "texture": "#4"},
				"south": {"uv": [13.625, 4.125, 13.90625, 4.1875], "texture": "#3"},
				"west": {"uv": [8.625, 7.625, 9.09375, 7.6875], "texture": "#4"},
				"up": {"uv": [8.53125, 9.34375, 8.25, 8.875], "texture": "#3"},
				"down": {"uv": [2.65625, 5.75, 2.375, 6.21875], "texture": "#4"}
			}
		},
		{
			"from": [18.85, 4.64543, 13.09271],
			"to": [19.55, 4.82043, 15.71771],
			"rotation": {"angle": 45, "axis": "z", "origin": [8, -8.12957, 4.86841]},
			"faces": {
				"north": {"uv": [7.125, 10.125, 7.25, 10.15625], "texture": "#4"},
				"east": {"uv": [9.625, 2.875, 10.09375, 2.90625], "texture": "#4"},
				"south": {"uv": [8.125, 14.375, 8.25, 14.40625], "texture": "#3"},
				"west": {"uv": [9.625, 3, 10.09375, 3.03125], "texture": "#4"},
				"up": {"uv": [3.375, 8.09375, 3.25, 7.625], "texture": "#4"},
				"down": {"uv": [4.5, 7.625, 4.375, 8.09375], "texture": "#4"}
			}
		},
		{
			"from": [19.55, 3.42043, 14.31841],
			"to": [20.6, 4.47043, 15.01841],
			"rotation": {"angle": 45, "axis": "z", "origin": [8, -8.12957, 4.86841]},
			"faces": {
				"north": {"uv": [6, 8.5, 6.1875, 8.6875], "texture": "#4"},
				"east": {"uv": [9, 6.75, 9.125, 6.9375], "texture": "#4"},
				"south": {"uv": [12.375, 12.375, 12.5625, 12.5625], "texture": "#3"},
				"west": {"uv": [9, 9, 9.125, 9.1875], "texture": "#4"},
				"up": {"uv": [9.1875, 1.625, 9, 1.5], "texture": "#4"},
				"down": {"uv": [9.1875, 1.875, 9, 2], "texture": "#4"}
			}
		},
		{
			"from": [19.55, 2.89543, 14.66771],
			"to": [20.6, 3.42043, 15.36771],
			"rotation": {"angle": 45, "axis": "z", "origin": [8, -8.12957, 4.86841]},
			"faces": {
				"north": {"uv": [9.375, 8.625, 9.5625, 8.71875], "texture": "#4"},
				"east": {"uv": [0, 9.75, 0.125, 9.84375], "texture": "#4"},
				"south": {"uv": [3.875, 13.625, 4.0625, 13.71875], "texture": "#3"},
				"west": {"uv": [0.125, 9.75, 0.25, 9.84375], "texture": "#4"},
				"up": {"uv": [1.1875, 13.375, 1, 13.25], "texture": "#3"},
				"down": {"uv": [9.1875, 0.375, 9, 0.5], "texture": "#4"}
			}
		},
		{
			"from": [19.2, 2.89543, 14.66771],
			"to": [19.55, 4.64543, 15.36771],
			"rotation": {"angle": 45, "axis": "z", "origin": [8, -8.12957, 4.86841]},
			"faces": {
				"north": {"uv": [9.25, 7.5, 9.3125, 7.8125], "texture": "#4"},
				"east": {"uv": [12.25, 11.125, 12.375, 11.4375], "texture": "#3"},
				"south": {"uv": [13.375, 9.5, 13.4375, 9.8125], "texture": "#3"},
				"west": {"uv": [3, 8.375, 3.125, 8.6875], "texture": "#4"},
				"up": {"uv": [9.9375, 9.75, 9.875, 9.625], "texture": "#4"},
				"down": {"uv": [9.8125, 9.875, 9.75, 10], "texture": "#4"}
			}
		},
		{
			"from": [18.85, 2.72043, 13.09271],
			"to": [19.2, 4.64543, 15.71771],
			"rotation": {"angle": 45, "axis": "z", "origin": [8, -8.12957, 4.86841]},
			"faces": {
				"north": {"uv": [0.25, 9.25, 0.3125, 9.59375], "texture": "#4"},
				"east": {"uv": [1.5, 8, 1.96875, 8.34375], "texture": "#3"},
				"south": {"uv": [13.25, 6.875, 13.3125, 7.21875], "texture": "#3"},
				"west": {"uv": [5.125, 0.5, 5.59375, 0.84375], "texture": "#4"},
				"up": {"uv": [2.9375, 9.21875, 2.875, 8.75], "texture": "#4"},
				"down": {"uv": [3.0625, 8.75, 3, 9.21875], "texture": "#4"}
			}
		},
		{
			"from": [8, 8.49543, 7.14341],
			"to": [8.35, 9.54543, 9.24341],
			"rotation": {"angle": 22.5, "axis": "z", "origin": [8, 9.37043, 4.86841]},
			"faces": {
				"north": {"uv": [9.5, 9.625, 9.5625, 9.8125], "texture": "#4"},
				"east": {"uv": [7.5, 0.5, 7.875, 0.6875], "texture": "#4"},
				"south": {"uv": [9.625, 9.5, 9.6875, 9.6875], "texture": "#4"},
				"west": {"uv": [7.5, 1.5, 7.875, 1.6875], "texture": "#4"},
				"up": {"uv": [8.8125, 9.375, 8.75, 9], "texture": "#4"},
				"down": {"uv": [8.9375, 9, 8.875, 9.375], "texture": "#4"}
			}
		},
		{
			"from": [8.175, 8.49543, 9.24341],
			"to": [8.525, 9.54543, 10.99341],
			"rotation": {"angle": 22.5, "axis": "z", "origin": [8, 9.37043, 4.86841]},
			"faces": {
				"north": {"uv": [9.625, 9.25, 9.6875, 9.4375], "texture": "#4"},
				"east": {"uv": [2.75, 7.75, 3.0625, 7.9375], "texture": "#4"},
				"south": {"uv": [9.375, 9.625, 9.4375, 9.8125], "texture": "#4"},
				"west": {"uv": [7.75, 3.5, 8.0625, 3.6875], "texture": "#4"},
				"up": {"uv": [6.8125, 9.5625, 6.75, 9.25], "texture": "#4"},
				"down": {"uv": [7.0625, 9.25, 7, 9.5625], "texture": "#4"}
			}
		},
		{
			"from": [8.35, 8.32043, 10.99341],
			"to": [8.7, 10.42043, 13.09341],
			"rotation": {"angle": 22.5, "axis": "z", "origin": [8, 9.37043, 4.86841]},
			"faces": {
				"north": {"uv": [7.375, 9, 7.4375, 9.375], "texture": "#4"},
				"east": {"uv": [5.5, 4.625, 5.875, 5], "texture": "#4"},
				"south": {"uv": [9, 7.875, 9.0625, 8.25], "texture": "#4"},
				"west": {"uv": [5.625, 0.375, 6, 0.75], "texture": "#4"},
				"up": {"uv": [9.0625, 8.625, 9, 8.25], "texture": "#4"},
				"down": {"uv": [9.0625, 8.625, 9, 9], "texture": "#4"}
			}
		},
		{
			"from": [7.3, 8.32043, 10.99341],
			"to": [7.65, 10.42043, 13.09341],
			"rotation": {"angle": -22.5, "axis": "z", "origin": [8, 9.37043, 4.86841]},
			"faces": {
				"north": {"uv": [6.25, 9, 6.3125, 9.375], "texture": "#4"},
				"east": {"uv": [3.125, 5.5, 3.5, 5.875], "texture": "#4"},
				"south": {"uv": [9, 6.375, 9.0625, 6.75], "texture": "#4"},
				"west": {"uv": [5.5, 4.25, 5.875, 4.625], "texture": "#4"},
				"up": {"uv": [9.0625, 7.5, 9, 7.125], "texture": "#4"},
				"down": {"uv": [7.3125, 9, 7.25, 9.375], "texture": "#4"}
			}
		},
		{
			"from": [7.65, 8.49543, 7.14341],
			"to": [8, 9.54543, 9.24341],
			"rotation": {"angle": -22.5, "axis": "z", "origin": [8, 9.37043, 4.86841]},
			"faces": {
				"north": {"uv": [9.125, 9.625, 9.1875, 9.8125], "texture": "#4"},
				"east": {"uv": [7.5, 0, 7.875, 0.1875], "texture": "#4"},
				"south": {"uv": [9.25, 9.625, 9.3125, 9.8125], "texture": "#4"},
				"west": {"uv": [7.5, 0.25, 7.875, 0.4375], "texture": "#4"},
				"up": {"uv": [9.0625, 5.5, 9, 5.125], "texture": "#4"},
				"down": {"uv": [5.9375, 9, 5.875, 9.375], "texture": "#4"}
			}
		},
		{
			"from": [7.475, 8.49543, 9.24341],
			"to": [7.825, 9.54543, 10.99341],
			"rotation": {"angle": -22.5, "axis": "z", "origin": [8, 9.37043, 4.86841]},
			"faces": {
				"north": {"uv": [9, 9.625, 9.0625, 9.8125], "texture": "#4"},
				"east": {"uv": [2.375, 7.75, 2.6875, 7.9375], "texture": "#4"},
				"south": {"uv": [9.625, 9, 9.6875, 9.1875], "texture": "#4"},
				"west": {"uv": [7.75, 2.375, 8.0625, 2.5625], "texture": "#4"},
				"up": {"uv": [6.1875, 9.5625, 6.125, 9.25], "texture": "#4"},
				"down": {"uv": [6.4375, 9.25, 6.375, 9.5625], "texture": "#4"}
			}
		},
		{
			"from": [8.175, 8.14543, 13.79341],
			"to": [8.525, 10.42043, 15.36841],
			"rotation": {"angle": 22.5, "axis": "z", "origin": [8, 9.37043, 4.86841]},
			"faces": {
				"north": {"uv": [0.75, 8.875, 0.8125, 9.28125], "texture": "#4"},
				"east": {"uv": [6.25, 4.75, 6.53125, 5.15625], "texture": "#4"},
				"south": {"uv": [0.375, 13, 0.4375, 13.40625], "texture": "#3"},
				"west": {"uv": [1.5, 9.5, 1.78125, 9.90625], "texture": "#3"},
				"up": {"uv": [9.4375, 8.15625, 9.375, 7.875], "texture": "#4"},
				"down": {"uv": [9.4375, 8.25, 9.375, 8.53125], "texture": "#4"}
			}
		},
		{
			"from": [8.525, 8.14543, 13.09341],
			"to": [8.875, 10.42043, 15.71841],
			"rotation": {"angle": 22.5, "axis": "z", "origin": [8, 9.37043, 4.86841]},
			"faces": {
				"north": {"uv": [0.5, 8.875, 0.5625, 9.28125], "texture": "#4"},
				"east": {"uv": [3.625, 4.75, 4.09375, 5.15625], "texture": "#4"},
				"south": {"uv": [0.125, 13, 0.1875, 13.40625], "texture": "#3"},
				"west": {"uv": [7.25, 2.375, 7.71875, 2.78125], "texture": "#3"},
				"up": {"uv": [2.6875, 9.21875, 2.625, 8.75], "texture": "#4"},
				"down": {"uv": [8.8125, 2.625, 8.75, 3.09375], "texture": "#4"}
			}
		},
		{
			"from": [7.475, 8.14543, 14.14341],
			"to": [7.825, 10.42043, 15.36841],
			"rotation": {"angle": -22.5, "axis": "z", "origin": [8, 9.37043, 4.86841]},
			"faces": {
				"north": {"uv": [0.125, 8.875, 0.1875, 9.28125], "texture": "#4"},
				"east": {"uv": [8, 10.125, 8.21875, 10.53125], "texture": "#3"},
				"south": {"uv": [0, 13, 0.0625, 13.40625], "texture": "#3"},
				"west": {"uv": [5.5, 6.75, 5.71875, 7.15625], "texture": "#4"},
				"up": {"uv": [5.5625, 9.84375, 5.5, 9.625], "texture": "#4"},
				"down": {"uv": [9.6875, 5.5, 9.625, 5.71875], "texture": "#4"}
			}
		},
		{
			"from": [7.125, 8.14543, 13.09341],
			"to": [7.475, 10.42043, 15.71841],
			"rotation": {"angle": -22.5, "axis": "z", "origin": [8, 9.37043, 4.86841]},
			"faces": {
				"north": {"uv": [8.625, 8.75, 8.6875, 9.15625], "texture": "#4"},
				"east": {"uv": [4, 7.125, 4.46875, 7.53125], "texture": "#3"},
				"south": {"uv": [12.25, 12.875, 12.3125, 13.28125], "texture": "#3"},
				"west": {"uv": [3.125, 4.75, 3.59375, 5.15625], "texture": "#4"},
				"up": {"uv": [2.4375, 9.21875, 2.375, 8.75], "texture": "#4"},
				"down": {"uv": [2.5625, 8.75, 2.5, 9.21875], "texture": "#4"}
			}
		},
		{
			"from": [19.025, 2.89543, 10.99271],
			"to": [20.775, 4.64543, 13.09271],
			"rotation": {"angle": 45, "axis": "z", "origin": [8, -8.12957, 4.86841]},
			"faces": {
				"north": {"uv": [6.625, 0, 6.9375, 0.3125], "texture": "#4"},
				"east": {"uv": [6.125, 3.25, 6.5, 3.5625], "texture": "#4"},
				"south": {"uv": [1.125, 6.625, 1.4375, 6.9375], "texture": "#4"},
				"west": {"uv": [6.125, 3.625, 6.5, 3.9375], "texture": "#4"},
				"up": {"uv": [6.4375, 4.375, 6.125, 4], "texture": "#4"},
				"down": {"uv": [6.4375, 4.375, 6.125, 4.75], "texture": "#4"}
			}
		},
		{
			"from": [7.475, 5.69543, 15.54341],
			"to": [8.525, 7.27043, 17.29341],
			"rotation": {"angle": -22.5, "axis": "x", "origin": [15, -8.12957, 4.86841]},
			"faces": {
				"north": {"uv": [8, 2, 8.1875, 2.28125], "texture": "#4"},
				"east": {"uv": [2, 6.875, 2.3125, 7.15625], "texture": "#4"},
				"south": {"uv": [2.375, 8, 2.5625, 8.28125], "texture": "#4"},
				"west": {"uv": [6.875, 2.375, 7.1875, 2.65625], "texture": "#4"},
				"up": {"uv": [1.3125, 8.0625, 1.125, 7.75], "texture": "#4"},
				"down": {"uv": [1.6875, 7.75, 1.5, 8.0625], "texture": "#4"}
			}
		},
		{
			"from": [19.2, 3.07043, 9.24271],
			"to": [20.6, 4.47043, 10.99271],
			"rotation": {"angle": 45, "axis": "z", "origin": [8, -8.12957, 4.86841]},
			"faces": {
				"north": {"uv": [4, 3.25, 4.25, 3.5], "texture": "#4"},
				"east": {"uv": [4.625, 7.125, 4.9375, 7.375], "texture": "#4"},
				"south": {"uv": [7.5, 5.75, 7.75, 6], "texture": "#4"},
				"west": {"uv": [7.125, 5.25, 7.4375, 5.5], "texture": "#4"},
				"up": {"uv": [5.25, 7.4375, 5, 7.125], "texture": "#4"},
				"down": {"uv": [7.5, 0, 7.25, 0.3125], "texture": "#4"}
			}
		},
		{
			"from": [7.5632, 8.96766, 0.13891],
			"to": [8.4368, 9.66766, 0.66391],
			"rotation": {"angle": 22.5, "axis": "x", "origin": [15, -8.70734, 4.16391]},
			"faces": {
				"north": {"uv": [9.25, 6.625, 9.40625, 6.75], "texture": "#4"},
				"east": {"uv": [8.875, 9.625, 8.96875, 9.75], "texture": "#4"},
				"south": {"uv": [9.25, 7, 9.40625, 7.125], "texture": "#4"},
				"west": {"uv": [9.625, 8.875, 9.71875, 9], "texture": "#4"},
				"up": {"uv": [9.78125, 2.34375, 9.625, 2.25], "texture": "#4"},
				"down": {"uv": [9.78125, 2.75, 9.625, 2.84375], "texture": "#4"}
			}
		},
		{
			"from": [7.5625, 6.22043, 14.14341],
			"to": [8.4375, 7.44543, 15.54341],
			"rotation": {"angle": -22.5, "axis": "x", "origin": [15, -8.12957, 4.86841]},
			"faces": {
				"north": {"uv": [8.5, 8, 8.65625, 8.21875], "texture": "#4"},
				"east": {"uv": [7.875, 1.75, 8.125, 1.96875], "texture": "#4"},
				"south": {"uv": [8.25, 8.5, 8.40625, 8.71875], "texture": "#4"},
				"west": {"uv": [7.875, 2.75, 8.125, 2.96875], "texture": "#4"},
				"up": {"uv": [2.53125, 8.625, 2.375, 8.375], "texture": "#4"},
				"down": {"uv": [2.78125, 8.375, 2.625, 8.625], "texture": "#4"}
			}
		},
		{
			"from": [19.375, 3.24543, 7.14271],
			"to": [20.425, 4.29543, 9.24271],
			"rotation": {"angle": 45, "axis": "z", "origin": [8, -8.12957, 4.86841]},
			"faces": {
				"north": {"uv": [5.625, 8.5, 5.8125, 8.6875], "texture": "#4"},
				"east": {"uv": [7.375, 4.125, 7.75, 4.3125], "texture": "#4"},
				"south": {"uv": [8.5, 5.75, 8.6875, 5.9375], "texture": "#4"},
				"west": {"uv": [7.375, 5, 7.75, 5.1875], "texture": "#4"},
				"up": {"uv": [6.3125, 7.75, 6.125, 7.375], "texture": "#4"},
				"down": {"uv": [7.5625, 6.875, 7.375, 7.25], "texture": "#4"}
			}
		}
	],
	"display": {
		"head": {
			"rotation": [0, 180, 0]
		}
	}
}