{
	"credit": "Made with Blockbench",
	"textures": {
		"3": "animated_java:item/valk_aj/main",
		"4": "animated_java:item/valk_aj/texture"
	},
	"elements": [
		{
			"from": [7.751, 1.31287, 7.60503],
			"to": [8.249, 2.56287, 8.60503],
			"rotation": {"angle": 45, "axis": "x", "origin": [8, 6.01287, 17.55503]},
			"faces": {
				"north": {"uv": [14, 3, 14.0625, 3.15625], "texture": "#3"},
				"east": {"uv": [13.25, 11.5, 13.375, 11.65625], "texture": "#3"},
				"south": {"uv": [3.125, 14, 3.1875, 14.15625], "texture": "#3"},
				"west": {"uv": [11.625, 13.25, 11.75, 13.40625], "texture": "#3"},
				"up": {"uv": [0.6875, 14.25, 0.625, 14.125], "texture": "#3"},
				"down": {"uv": [0.8125, 14.125, 0.75, 14.25], "texture": "#3"}
			}
		},
		{
			"from": [7.751, 2.275, 8.5],
			"to": [8.249, 4.525, 8.9],
			"rotation": {"angle": 45, "axis": "x", "origin": [8, 6.225, 18.05]},
			"faces": {
				"north": {"uv": [12.75, 13.375, 12.8125, 13.65625], "texture": "#3"},
				"east": {"uv": [12.875, 13.375, 12.9375, 13.65625], "texture": "#3"},
				"south": {"uv": [13, 13.375, 13.0625, 13.65625], "texture": "#3"},
				"west": {"uv": [13.375, 13, 13.4375, 13.28125], "texture": "#3"},
				"up": {"uv": [14.4375, 1.9375, 14.375, 1.875], "texture": "#3"},
				"down": {"uv": [2.0625, 14.375, 2, 14.4375], "texture": "#3"}
			}
		},
		{
			"from": [7.75, 13.775, 11.55],
			"to": [8.25, 14.025, 12.3],
			"rotation": {"angle": -22.5, "axis": "x", "origin": [8, 6.225, 18.05]},
			"faces": {
				"north": {"uv": [4, 14.5, 4.0625, 14.53125], "texture": "#3"},
				"east": {"uv": [14.375, 10.5, 14.46875, 10.53125], "texture": "#3"},
				"south": {"uv": [14.5, 4, 14.5625, 4.03125], "texture": "#3"},
				"west": {"uv": [10.625, 14.375, 10.71875, 14.40625], "texture": "#3"},
				"up": {"uv": [13.8125, 14.21875, 13.75, 14.125], "texture": "#3"},
				"down": {"uv": [14.1875, 13.75, 14.125, 13.84375], "texture": "#3"}
			}
		},
		{
			"from": [7.749, 7.475, 3.23284],
			"to": [8.251, 9.07139, 3.9],
			"rotation": {"angle": 0, "axis": "y", "origin": [8, 6.225, 18.05]},
			"faces": {
				"north": {"uv": [3.625, 13.875, 3.6875, 14.0625], "texture": "#3"},
				"east": {"uv": [13.375, 11.5, 13.46875, 11.6875], "texture": "#3"},
				"south": {"uv": [4.375, 13.875, 4.4375, 14.0625], "texture": "#3"},
				"west": {"uv": [12.625, 13.375, 12.71875, 13.5625], "texture": "#3"},
				"up": {"uv": [13.6875, 14.21875, 13.625, 14.125], "texture": "#3"},
				"down": {"uv": [14.1875, 13.625, 14.125, 13.71875], "texture": "#3"}
			}
		},
		{
			"from": [8.25, 7.875, 5.15],
			"to": [8.25, 8.225, 5.3],
			"rotation": {"angle": 0, "axis": "y", "origin": [8, 6.225, 18.05]},
			"faces": {
				"north": {"uv": [0, 0, 0, 0.03125], "texture": "#3"},
				"east": {"uv": [14.53125, 9.75, 14.5, 9.78125], "texture": "#3"},
				"south": {"uv": [0, 0, 0, 0.03125], "texture": "#3"},
				"west": {"uv": [9.78125, 14.5, 9.75, 14.53125], "texture": "#3"},
				"up": {"uv": [0, 0.03125, 0, 0], "texture": "#3"},
				"down": {"uv": [0, 0, 0, 0.03125], "texture": "#3"}
			}
		},
		{
			"from": [8.25, 7.875, 4.875],
			"to": [8.25, 8.225, 5.025],
			"rotation": {"angle": 0, "axis": "y", "origin": [8, 6.225, 18.05]},
			"faces": {
				"north": {"uv": [0, 0, 0, 0.03125], "texture": "#3"},
				"east": {"uv": [14.53125, 9.625, 14.5, 9.65625], "texture": "#3"},
				"south": {"uv": [0, 0, 0, 0.03125], "texture": "#3"},
				"west": {"uv": [9.65625, 14.5, 9.625, 14.53125], "texture": "#3"},
				"up": {"uv": [0, 0.03125, 0, 0], "texture": "#3"},
				"down": {"uv": [0, 0, 0, 0.03125], "texture": "#3"}
			}
		},
		{
			"from": [8.25, 7.875, 4.6],
			"to": [8.25, 8.225, 4.75],
			"rotation": {"angle": 0, "axis": "y", "origin": [8, 6.225, 18.05]},
			"faces": {
				"north": {"uv": [0, 0, 0, 0.03125], "texture": "#3"},
				"east": {"uv": [14.53125, 9.5, 14.5, 9.53125], "texture": "#3"},
				"south": {"uv": [0, 0, 0, 0.03125], "texture": "#3"},
				"west": {"uv": [9.53125, 14.5, 9.5, 14.53125], "texture": "#3"},
				"up": {"uv": [0, 0.03125, 0, 0], "texture": "#3"},
				"down": {"uv": [0, 0, 0, 0.03125], "texture": "#3"}
			}
		},
		{
			"from": [8.25, 7.875, 4.325],
			"to": [8.25, 8.225, 4.475],
			"rotation": {"angle": 0, "axis": "y", "origin": [8, 6.225, 18.05]},
			"faces": {
				"north": {"uv": [0, 0, 0, 0.03125], "texture": "#3"},
				"east": {"uv": [14.53125, 9.375, 14.5, 9.40625], "texture": "#3"},
				"south": {"uv": [0, 0, 0, 0.03125], "texture": "#3"},
				"west": {"uv": [9.40625, 14.5, 9.375, 14.53125], "texture": "#3"},
				"up": {"uv": [0, 0.03125, 0, 0], "texture": "#3"},
				"down": {"uv": [0, 0, 0, 0.03125], "texture": "#3"}
			}
		},
		{
			"from": [8.25, 7.875, 4.05],
			"to": [8.25, 8.225, 4.2],
			"rotation": {"angle": 0, "axis": "y", "origin": [8, 6.225, 18.05]},
			"faces": {
				"north": {"uv": [0, 0, 0, 0.03125], "texture": "#3"},
				"east": {"uv": [14.53125, 9.25, 14.5, 9.28125], "texture": "#3"},
				"south": {"uv": [0, 0, 0, 0.03125], "texture": "#3"},
				"west": {"uv": [9.28125, 14.5, 9.25, 14.53125], "texture": "#3"},
				"up": {"uv": [0, 0.03125, 0, 0], "texture": "#3"},
				"down": {"uv": [0, 0, 0, 0.03125], "texture": "#3"}
			}
		},
		{
			"from": [8.375, -0.99277, 8.56046],
			"to": [8.525, -0.74277, 9.06046],
			"rotation": {"angle": 45, "axis": "x", "origin": [8.1, 6.23223, 18.78546]},
			"faces": {
				"north": {"uv": [8.40625, 14.5, 8.375, 14.53125], "texture": "#3"},
				"east": {"uv": [14.5625, 2.625, 14.5, 2.65625], "texture": "#3"},
				"south": {"uv": [14.53125, 8.375, 14.5, 8.40625], "texture": "#3"},
				"west": {"uv": [2.6875, 14.5, 2.625, 14.53125], "texture": "#3"},
				"up": {"uv": [2.75, 14.5625, 2.78125, 14.5], "texture": "#3"},
				"down": {"uv": [14.5, 2.75, 14.53125, 2.8125], "texture": "#3"}
			}
		},
		{
			"from": [8.201, -1.275, 7.675],
			"to": [8.376, -0.025, 9.425],
			"rotation": {"angle": 45, "axis": "x", "origin": [8, 6.225, 18.05]},
			"faces": {
				"north": {"uv": [9.90625, 14.25, 9.875, 14.40625], "texture": "#3"},
				"east": {"uv": [12.71875, 1.5, 12.5, 1.65625], "texture": "#3"},
				"south": {"uv": [10.40625, 14.25, 10.375, 14.40625], "texture": "#3"},
				"west": {"uv": [12.71875, 1, 12.5, 1.15625], "texture": "#3"},
				"up": {"uv": [14.125, 10.84375, 14.15625, 10.625], "texture": "#3"},
				"down": {"uv": [10.75, 14.125, 10.78125, 14.34375], "texture": "#3"}
			}
		},
		{
			"from": [8.251, 8.225, 3.8],
			"to": [8.503, 8.725, 4.8],
			"rotation": {"angle": 0, "axis": "y", "origin": [8, 6.225, 18.05]},
			"faces": {
				"north": {"uv": [9.53125, 14.375, 9.5, 14.4375], "texture": "#3"},
				"east": {"uv": [14, 1.75, 13.875, 1.8125], "texture": "#3"},
				"south": {"uv": [14.40625, 9.5, 14.375, 9.59375], "texture": "#3"},
				"west": {"uv": [1.875, 13.875, 1.75, 13.96875], "texture": "#3"},
				"up": {"uv": [1.125, 14.5, 1.15625, 14.375], "texture": "#3"},
				"down": {"uv": [14.375, 1.125, 14.40625, 1.25], "texture": "#3"}
			}
		},
		{
			"from": [8.253, 13.26237, 5.58278],
			"to": [8.502, 13.56237, 6.33278],
			"rotation": {"angle": -22.5, "axis": "x", "origin": [8.002, 6.41237, 18.10778]},
			"faces": {
				"north": {"uv": [8.15625, 14.5, 8.125, 14.53125], "texture": "#3"},
				"east": {"uv": [14.5625, 1.875, 14.5, 1.90625], "texture": "#3"},
				"south": {"uv": [14.53125, 8.125, 14.5, 8.15625], "texture": "#3"},
				"west": {"uv": [1.9375, 14.5, 1.875, 14.53125], "texture": "#3"},
				"up": {"uv": [2, 14.5625, 2.03125, 14.5], "texture": "#3"},
				"down": {"uv": [14.5, 2, 14.53125, 2.0625], "texture": "#3"}
			}
		},
		{
			"from": [8.252, 13.25661, 5.85246],
			"to": [8.501, 14.00661, 6.60246],
			"rotation": {"angle": -22.5, "axis": "x", "origin": [8, 6.20661, 18.10246]},
			"faces": {
				"north": {"uv": [9.15625, 14.375, 9.125, 14.46875], "texture": "#3"},
				"east": {"uv": [8.46875, 14, 8.375, 14.09375], "texture": "#3"},
				"south": {"uv": [14.40625, 9.125, 14.375, 9.21875], "texture": "#3"},
				"west": {"uv": [14.09375, 8.25, 14, 8.34375], "texture": "#3"},
				"up": {"uv": [9.25, 14.46875, 9.28125, 14.375], "texture": "#3"},
				"down": {"uv": [9.375, 14.375, 9.40625, 14.46875], "texture": "#3"}
			}
		},
		{
			"from": [8.1, 8.6, 5.15],
			"to": [8.6, 9, 5.55],
			"rotation": {"angle": 0, "axis": "y", "origin": [8, 6.225, 18.05]},
			"faces": {
				"north": {"uv": [14.0625, 13.25, 14, 13.375], "texture": "#3"},
				"east": {"uv": [6.875, 3.25, 6.75, 3.375], "texture": "#3"},
				"south": {"uv": [14.0625, 13.375, 14, 13.5], "texture": "#3"},
				"west": {"uv": [6.625, 5.5, 6.5, 5.625], "texture": "#3"},
				"up": {"uv": [14, 13.625, 14.0625, 13.5], "texture": "#3"},
				"down": {"uv": [13.625, 14, 13.6875, 14.125], "texture": "#3"}
			}
		},
		{
			"from": [12.05, 8.475, 7.05],
			"to": [13.05, 9, 8.1],
			"rotation": {"angle": 22.5, "axis": "y", "origin": [8, 6.225, 18.05]},
			"faces": {
				"north": {"uv": [14.125, 12.875, 14, 12.9375], "texture": "#3"},
				"east": {"uv": [13.375, 14, 13.25, 14.0625], "texture": "#3"},
				"south": {"uv": [14.125, 13.125, 14, 13.1875], "texture": "#3"},
				"west": {"uv": [14.125, 13, 14, 13.0625], "texture": "#3"},
				"up": {"uv": [4, 6, 4.125, 5.875], "texture": "#3"},
				"down": {"uv": [2.375, 6, 2.5, 6.125], "texture": "#3"}
			}
		},
		{
			"from": [12.17104, 8.99629, 7.19259],
			"to": [13.17104, 9.74629, 8.17251],
			"rotation": {"angle": 22.5, "axis": "y", "origin": [7.99604, 6.24629, 18.04259]},
			"faces": {
				"north": {"uv": [14, 1.125, 13.875, 1.21875], "texture": "#3"},
				"east": {"uv": [14, 1.375, 13.875, 1.46875], "texture": "#3"},
				"south": {"uv": [14, 1.25, 13.875, 1.34375], "texture": "#3"},
				"west": {"uv": [1.375, 13.875, 1.25, 13.96875], "texture": "#3"},
				"up": {"uv": [2.875, 3.25, 3, 3.125], "texture": "#3"},
				"down": {"uv": [3.25, 5.75, 3.375, 5.875], "texture": "#3"}
			}
		},
		{
			"from": [8.501, 1.525, 8.55],
			"to": [8.999, 2.875, 9.05],
			"rotation": {"angle": 45, "axis": "x", "origin": [8, 6.225, 18.05]},
			"faces": {
				"north": {"uv": [2.1875, 14, 2.125, 14.15625], "texture": "#3"},
				"east": {"uv": [2.4375, 14, 2.375, 14.15625], "texture": "#3"},
				"south": {"uv": [14.0625, 2.25, 14, 2.40625], "texture": "#3"},
				"west": {"uv": [2.3125, 14, 2.25, 14.15625], "texture": "#3"},
				"up": {"uv": [0.875, 14.4375, 0.9375, 14.375], "texture": "#3"},
				"down": {"uv": [14.375, 0.875, 14.4375, 0.9375], "texture": "#3"}
			}
		},
		{
			"from": [8.5, 12.5681, 9.40697],
			"to": [9, 13.0681, 10.40697],
			"rotation": {"angle": -22.5, "axis": "x", "origin": [8, 6.0931, 17.65697]},
			"faces": {
				"north": {"uv": [0.8125, 14.375, 0.75, 14.4375], "texture": "#3"},
				"east": {"uv": [12.875, 14, 12.75, 14.0625], "texture": "#3"},
				"south": {"uv": [14.4375, 0.75, 14.375, 0.8125], "texture": "#3"},
				"west": {"uv": [14.125, 12.625, 14, 12.6875], "texture": "#3"},
				"up": {"uv": [14, 12.875, 14.0625, 12.75], "texture": "#3"},
				"down": {"uv": [12.875, 14, 12.9375, 14.125], "texture": "#3"}
			}
		},
		{
			"from": [8.549, 0.52491, 9.43611],
			"to": [9.049, 1.27491, 9.68611],
			"rotation": {"angle": 45, "axis": "x", "origin": [8.002, 6.22491, 17.86111]},
			"faces": {
				"north": {"uv": [12.9375, 14.125, 12.875, 14.21875], "texture": "#3"},
				"east": {"uv": [14.40625, 8.875, 14.375, 8.96875], "texture": "#3"},
				"south": {"uv": [13.0625, 14.125, 13, 14.21875], "texture": "#3"},
				"west": {"uv": [8.90625, 14.375, 8.875, 14.46875], "texture": "#3"},
				"up": {"uv": [1.625, 14.53125, 1.6875, 14.5], "texture": "#3"},
				"down": {"uv": [14.5, 1.625, 14.5625, 1.65625], "texture": "#3"}
			}
		},
		{
			"from": [8.525, 7.975, 6.8],
			"to": [9.05, 8.475, 8.05],
			"rotation": {"angle": 0, "axis": "y", "origin": [8, 6.225, 18.05]},
			"faces": {
				"north": {"uv": [0.6875, 14.375, 0.625, 14.4375], "texture": "#3"},
				"east": {"uv": [14.15625, 1.875, 14, 1.9375], "texture": "#3"},
				"south": {"uv": [14.4375, 0.625, 14.375, 0.6875], "texture": "#3"},
				"west": {"uv": [1.90625, 14, 1.75, 14.0625], "texture": "#3"},
				"up": {"uv": [2, 14.15625, 2.0625, 14], "texture": "#3"},
				"down": {"uv": [14, 2, 14.0625, 2.15625], "texture": "#3"}
			}
		},
		{
			"from": [8.551, 11.8, 9.2],
			"to": [9.051, 12.3, 11.7],
			"rotation": {"angle": -22.5, "axis": "x", "origin": [8, 6.225, 18.05]},
			"faces": {
				"north": {"uv": [0.5625, 14.375, 0.5, 14.4375], "texture": "#3"},
				"east": {"uv": [13.5625, 10.875, 13.25, 10.9375], "texture": "#3"},
				"south": {"uv": [14.4375, 0.5, 14.375, 0.5625], "texture": "#3"},
				"west": {"uv": [13.5625, 10.75, 13.25, 10.8125], "texture": "#3"},
				"up": {"uv": [10.75, 13.5625, 10.8125, 13.25], "texture": "#3"},
				"down": {"uv": [11.5, 13.25, 11.5625, 13.5625], "texture": "#3"}
			}
		},
		{
			"from": [8.5, 13.23074, 9.12462],
			"to": [9, 13.73074, 13.37462],
			"rotation": {"angle": -22.5, "axis": "x", "origin": [8, 6.25574, 18.04962]},
			"faces": {
				"north": {"uv": [14.3125, 14.125, 14.25, 14.1875], "texture": "#3"},
				"east": {"uv": [12.90625, 8.875, 12.375, 8.9375], "texture": "#3"},
				"south": {"uv": [0.4375, 14.375, 0.375, 14.4375], "texture": "#3"},
				"west": {"uv": [12.90625, 7.125, 12.375, 7.1875], "texture": "#3"},
				"up": {"uv": [7.375, 12.90625, 7.4375, 12.375], "texture": "#3"},
				"down": {"uv": [9.625, 12.375, 9.6875, 12.90625], "texture": "#3"}
			}
		},
		{
			"from": [7.75, 7.875, 5.15],
			"to": [7.75, 8.225, 5.3],
			"rotation": {"angle": 0, "axis": "y", "origin": [8, 6.225, 18.05]},
			"faces": {
				"north": {"uv": [0, 0, 0, 0.03125], "texture": "#3"},
				"east": {"uv": [9.75, 14.5, 9.78125, 14.53125], "texture": "#3"},
				"south": {"uv": [0, 0, 0, 0.03125], "texture": "#3"},
				"west": {"uv": [14.5, 9.75, 14.53125, 9.78125], "texture": "#3"},
				"up": {"uv": [0, 0.03125, 0, 0], "texture": "#3"},
				"down": {"uv": [0, 0, 0, 0.03125], "texture": "#3"}
			}
		},
		{
			"from": [7.75, 7.875, 4.875],
			"to": [7.75, 8.225, 5.025],
			"rotation": {"angle": 0, "axis": "y", "origin": [8, 6.225, 18.05]},
			"faces": {
				"north": {"uv": [0, 0, 0, 0.03125], "texture": "#3"},
				"east": {"uv": [9.625, 14.5, 9.65625, 14.53125], "texture": "#3"},
				"south": {"uv": [0, 0, 0, 0.03125], "texture": "#3"},
				"west": {"uv": [14.5, 9.625, 14.53125, 9.65625], "texture": "#3"},
				"up": {"uv": [0, 0.03125, 0, 0], "texture": "#3"},
				"down": {"uv": [0, 0, 0, 0.03125], "texture": "#3"}
			}
		},
		{
			"from": [7.75, 7.875, 4.6],
			"to": [7.75, 8.225, 4.75],
			"rotation": {"angle": 0, "axis": "y", "origin": [8, 6.225, 18.05]},
			"faces": {
				"north": {"uv": [0, 0, 0, 0.03125], "texture": "#3"},
				"east": {"uv": [9.5, 14.5, 9.53125, 14.53125], "texture": "#3"},
				"south": {"uv": [0, 0, 0, 0.03125], "texture": "#3"},
				"west": {"uv": [14.5, 9.5, 14.53125, 9.53125], "texture": "#3"},
				"up": {"uv": [0, 0.03125, 0, 0], "texture": "#3"},
				"down": {"uv": [0, 0, 0, 0.03125], "texture": "#3"}
			}
		},
		{
			"from": [7.75, 7.875, 4.325],
			"to": [7.75, 8.225, 4.475],
			"rotation": {"angle": 0, "axis": "y", "origin": [8, 6.225, 18.05]},
			"faces": {
				"north": {"uv": [0, 0, 0, 0.03125], "texture": "#3"},
				"east": {"uv": [9.375, 14.5, 9.40625, 14.53125], "texture": "#3"},
				"south": {"uv": [0, 0, 0, 0.03125], "texture": "#3"},
				"west": {"uv": [14.5, 9.375, 14.53125, 9.40625], "texture": "#3"},
				"up": {"uv": [0, 0.03125, 0, 0], "texture": "#3"},
				"down": {"uv": [0, 0, 0, 0.03125], "texture": "#3"}
			}
		},
		{
			"from": [7.75, 7.875, 4.05],
			"to": [7.75, 8.225, 4.2],
			"rotation": {"angle": 0, "axis": "y", "origin": [8, 6.225, 18.05]},
			"faces": {
				"north": {"uv": [0, 0, 0, 0.03125], "texture": "#3"},
				"east": {"uv": [9.25, 14.5, 9.28125, 14.53125], "texture": "#3"},
				"south": {"uv": [0, 0, 0, 0.03125], "texture": "#3"},
				"west": {"uv": [14.5, 9.25, 14.53125, 9.28125], "texture": "#3"},
				"up": {"uv": [0, 0.03125, 0, 0], "texture": "#3"},
				"down": {"uv": [0, 0, 0, 0.03125], "texture": "#3"}
			}
		},
		{
			"from": [7.175, 7.875, 5.925],
			"to": [7.475, 8.475, 6.5],
			"rotation": {"angle": 0, "axis": "y", "origin": [8, 6.225, 18.05]},
			"faces": {
				"north": {"uv": [3.75, 14.5, 3.78125, 14.5625], "texture": "#3"},
				"east": {"uv": [1.625, 14.375, 1.6875, 14.4375], "texture": "#3"},
				"south": {"uv": [14.5, 3.75, 14.53125, 3.8125], "texture": "#3"},
				"west": {"uv": [14.375, 1.625, 14.4375, 1.6875], "texture": "#3"},
				"up": {"uv": [3.90625, 14.5625, 3.875, 14.5], "texture": "#3"},
				"down": {"uv": [14.53125, 3.875, 14.5, 3.9375], "texture": "#3"}
			}
		},
		{
			"from": [6.875, 7.875, 6.5],
			"to": [7.475, 8.575, 6.75],
			"rotation": {"angle": 0, "axis": "y", "origin": [8, 6.225, 18.05]},
			"faces": {
				"north": {"uv": [14.125, 13.375, 14.1875, 13.46875], "texture": "#3"},
				"east": {"uv": [10.25, 14.375, 10.28125, 14.46875], "texture": "#3"},
				"south": {"uv": [14.125, 13.5, 14.1875, 13.59375], "texture": "#3"},
				"west": {"uv": [10.5, 14.375, 10.53125, 14.46875], "texture": "#3"},
				"up": {"uv": [3.6875, 14.53125, 3.625, 14.5], "texture": "#3"},
				"down": {"uv": [14.5625, 3.625, 14.5, 3.65625], "texture": "#3"}
			}
		},
		{
			"from": [6.874, 12.3, 8.3],
			"to": [7.374, 12.8, 11.05],
			"rotation": {"angle": -22.5, "axis": "x", "origin": [8, 6.225, 18.05]},
			"faces": {
				"north": {"uv": [1.5, 14.375, 1.5625, 14.4375], "texture": "#3"},
				"east": {"uv": [13.25, 2.875, 13.59375, 2.9375], "texture": "#3"},
				"south": {"uv": [14.375, 1.5, 14.4375, 1.5625], "texture": "#3"},
				"west": {"uv": [3, 13.25, 3.34375, 13.3125], "texture": "#3"},
				"up": {"uv": [2.8125, 13.59375, 2.75, 13.25], "texture": "#3"},
				"down": {"uv": [13.3125, 3, 13.25, 3.34375], "texture": "#3"}
			}
		},
		{
			"from": [7.45, 8.475, 7.35],
			"to": [8.55, 8.975, 8.85],
			"rotation": {"angle": 0, "axis": "y", "origin": [8, 6.225, 18.05]},
			"faces": {
				"north": {"uv": [14.125, 0.125, 14.25, 0.1875], "texture": "#3"},
				"east": {"uv": [3.125, 13.875, 3.3125, 13.9375], "texture": "#3"},
				"south": {"uv": [14.125, 0.25, 14.25, 0.3125], "texture": "#3"},
				"west": {"uv": [3.375, 13.875, 3.5625, 13.9375], "texture": "#3"},
				"up": {"uv": [1.125, 13.1875, 1, 13], "texture": "#3"},
				"down": {"uv": [1.375, 13, 1.25, 13.1875], "texture": "#3"}
			}
		},
		{
			"from": [7.45, 8.475, 4.625],
			"to": [8.55, 9, 7.375],
			"rotation": {"angle": 0, "axis": "y", "origin": [8, 6.225, 18.05]},
			"faces": {
				"north": {"uv": [0, 14.125, 0.125, 14.1875], "texture": "#3"},
				"east": {"uv": [13.25, 2.625, 13.59375, 2.6875], "texture": "#3"},
				"south": {"uv": [14.125, 0, 14.25, 0.0625], "texture": "#3"},
				"west": {"uv": [13.25, 2.75, 13.59375, 2.8125], "texture": "#3"},
				"up": {"uv": [5.875, 7.21875, 5.75, 6.875], "texture": "#3"},
				"down": {"uv": [7.25, 1.75, 7.125, 2.09375], "texture": "#3"}
			}
		},
		{
			"from": [7.375, 2.9058, 5.3346],
			"to": [7.475, 3.3058, 5.6096],
			"rotation": {"angle": 22.5, "axis": "x", "origin": [8, 6.1558, 18.2096]},
			"faces": {
				"north": {"uv": [3.375, 14.5, 3.40625, 14.5625], "texture": "#3"},
				"east": {"uv": [14.5, 3.375, 14.53125, 3.4375], "texture": "#3"},
				"south": {"uv": [3.5, 14.5, 3.53125, 14.5625], "texture": "#3"},
				"west": {"uv": [14.5, 3.5, 14.53125, 3.5625], "texture": "#3"},
				"up": {"uv": [9.15625, 14.53125, 9.125, 14.5], "texture": "#3"},
				"down": {"uv": [14.53125, 9.125, 14.5, 9.15625], "texture": "#3"}
			}
		},
		{
			"from": [7.375, 2.90579, 5.5846],
			"to": [7.475, 3.30579, 5.8596],
			"rotation": {"angle": 22.5, "axis": "x", "origin": [8, 6.15579, 18.4596]},
			"faces": {
				"north": {"uv": [3.125, 14.5, 3.15625, 14.5625], "texture": "#3"},
				"east": {"uv": [14.5, 3.125, 14.53125, 3.1875], "texture": "#3"},
				"south": {"uv": [3.25, 14.5, 3.28125, 14.5625], "texture": "#3"},
				"west": {"uv": [14.5, 3.25, 14.53125, 3.3125], "texture": "#3"},
				"up": {"uv": [9.03125, 14.53125, 9, 14.5], "texture": "#3"},
				"down": {"uv": [14.53125, 9, 14.5, 9.03125], "texture": "#3"}
			}
		},
		{
			"from": [7.125, 2.90579, 5.8596],
			"to": [7.474, 3.3058, 6.1209],
			"rotation": {"angle": 22.5, "axis": "x", "origin": [8, 6.1558, 18.4596]},
			"faces": {
				"north": {"uv": [2.875, 14.5, 2.90625, 14.5625], "texture": "#3"},
				"east": {"uv": [14.5, 2.875, 14.53125, 2.9375], "texture": "#3"},
				"south": {"uv": [3, 14.5, 3.03125, 14.5625], "texture": "#3"},
				"west": {"uv": [14.5, 3, 14.53125, 3.0625], "texture": "#3"},
				"up": {"uv": [8.90625, 14.53125, 8.875, 14.5], "texture": "#3"},
				"down": {"uv": [14.53125, 8.875, 14.5, 8.90625], "texture": "#3"}
			}
		},
		{
			"from": [7.125, 7.875, 5.8164],
			"to": [7.475, 8.225, 5.925],
			"rotation": {"angle": 0, "axis": "y", "origin": [8, 6.225, 18.05]},
			"faces": {
				"north": {"uv": [8.5, 14.5, 8.53125, 14.53125], "texture": "#3"},
				"east": {"uv": [14.5, 8.5, 14.53125, 8.53125], "texture": "#3"},
				"south": {"uv": [8.625, 14.5, 8.65625, 14.53125], "texture": "#3"},
				"west": {"uv": [14.5, 8.625, 14.53125, 8.65625], "texture": "#3"},
				"up": {"uv": [8.78125, 14.53125, 8.75, 14.5], "texture": "#3"},
				"down": {"uv": [14.53125, 8.75, 14.5, 8.78125], "texture": "#3"}
			}
		},
		{
			"from": [7.625, 8.226, 3.801],
			"to": [8.375, 8.476, 5.051],
			"rotation": {"angle": 0, "axis": "y", "origin": [8, 6.225, 18.05]},
			"faces": {
				"north": {"uv": [10.125, 14.375, 10.21875, 14.40625], "texture": "#3"},
				"east": {"uv": [14.25, 10.375, 14.40625, 10.40625], "texture": "#3"},
				"south": {"uv": [14.375, 10.125, 14.46875, 10.15625], "texture": "#3"},
				"west": {"uv": [10.5, 14.25, 10.65625, 14.28125], "texture": "#3"},
				"up": {"uv": [0.46875, 13.90625, 0.375, 13.75], "texture": "#3"},
				"down": {"uv": [0.84375, 13.75, 0.75, 13.90625], "texture": "#3"}
			}
		},
		{
			"from": [7.475, -0.99277, 8.56046],
			"to": [7.625, -0.74277, 9.06046],
			"rotation": {"angle": 45, "axis": "x", "origin": [7.9, 6.23223, 18.78546]},
			"faces": {
				"north": {"uv": [8.375, 14.5, 8.40625, 14.53125], "texture": "#3"},
				"east": {"uv": [2.625, 14.5, 2.6875, 14.53125], "texture": "#3"},
				"south": {"uv": [14.5, 8.375, 14.53125, 8.40625], "texture": "#3"},
				"west": {"uv": [14.5, 2.625, 14.5625, 2.65625], "texture": "#3"},
				"up": {"uv": [2.78125, 14.5625, 2.75, 14.5], "texture": "#3"},
				"down": {"uv": [14.53125, 2.75, 14.5, 2.8125], "texture": "#3"}
			}
		},
		{
			"from": [7.624, -1.275, 7.675],
			"to": [7.799, -0.025, 9.425],
			"rotation": {"angle": 45, "axis": "x", "origin": [8, 6.225, 18.05]},
			"faces": {
				"north": {"uv": [9.875, 14.25, 9.90625, 14.40625], "texture": "#3"},
				"east": {"uv": [12.5, 1, 12.71875, 1.15625], "texture": "#3"},
				"south": {"uv": [10.375, 14.25, 10.40625, 14.40625], "texture": "#3"},
				"west": {"uv": [12.5, 1.5, 12.71875, 1.65625], "texture": "#3"},
				"up": {"uv": [14.15625, 10.84375, 14.125, 10.625], "texture": "#3"},
				"down": {"uv": [10.78125, 14.125, 10.75, 14.34375], "texture": "#3"}
			}
		},
		{
			"from": [7.625, 3.475, 6.175],
			"to": [8.375, 4.725, 8.425],
			"rotation": {"angle": 22.5, "axis": "x", "origin": [8, 6.225, 18.05]},
			"faces": {
				"north": {"uv": [0, 13.75, 0.09375, 13.90625], "texture": "#3"},
				"east": {"uv": [11.875, 8.625, 12.15625, 8.78125], "texture": "#3"},
				"south": {"uv": [13.75, 0.25, 13.84375, 0.40625], "texture": "#3"},
				"west": {"uv": [11.875, 8.875, 12.15625, 9.03125], "texture": "#3"},
				"up": {"uv": [12.84375, 12.90625, 12.75, 12.625], "texture": "#3"},
				"down": {"uv": [12.96875, 0.25, 12.875, 0.53125], "texture": "#3"}
			}
		},
		{
			"from": [7.375, 8, 6.8],
			"to": [8.625, 8.5, 8.05],
			"rotation": {"angle": 0, "axis": "y", "origin": [8, 6.225, 18.05]},
			"faces": {
				"north": {"uv": [14, 2.625, 14.15625, 2.6875], "texture": "#3"},
				"east": {"uv": [2.75, 14, 2.90625, 14.0625], "texture": "#3"},
				"south": {"uv": [14, 2.75, 14.15625, 2.8125], "texture": "#3"},
				"west": {"uv": [14, 2.875, 14.15625, 2.9375], "texture": "#3"},
				"up": {"uv": [13.03125, 8.03125, 12.875, 7.875], "texture": "#3"},
				"down": {"uv": [13.03125, 10.5, 12.875, 10.65625], "texture": "#3"}
			}
		},
		{
			"from": [7.375, 8.224, 5.05],
			"to": [8.625, 8.474, 6.8],
			"rotation": {"angle": 0, "axis": "y", "origin": [8, 6.225, 18.05]},
			"faces": {
				"north": {"uv": [10.125, 14.25, 10.28125, 14.28125], "texture": "#3"},
				"east": {"uv": [10.5, 14.125, 10.71875, 14.15625], "texture": "#3"},
				"south": {"uv": [14.25, 10.25, 14.40625, 10.28125], "texture": "#3"},
				"west": {"uv": [14.125, 10.5, 14.34375, 10.53125], "texture": "#3"},
				"up": {"uv": [12.65625, 0.71875, 12.5, 0.5], "texture": "#3"},
				"down": {"uv": [12.65625, 0.75, 12.5, 0.96875], "texture": "#3"}
			}
		},
		{
			"from": [7.124, 7.974, 5.575],
			"to": [7.374, 8.474, 5.925],
			"rotation": {"angle": 0, "axis": "y", "origin": [8, 6.225, 18.05]},
			"faces": {
				"north": {"uv": [2.375, 14.5, 2.40625, 14.5625], "texture": "#3"},
				"east": {"uv": [14.5, 2.375, 14.53125, 2.4375], "texture": "#3"},
				"south": {"uv": [2.5, 14.5, 2.53125, 14.5625], "texture": "#3"},
				"west": {"uv": [14.5, 2.5, 14.53125, 2.5625], "texture": "#3"},
				"up": {"uv": [8.28125, 14.53125, 8.25, 14.5], "texture": "#3"},
				"down": {"uv": [14.53125, 8.25, 14.5, 8.28125], "texture": "#3"}
			}
		},
		{
			"from": [2.47714, 7.975, 5.94263],
			"to": [2.50891, 8.475, 6.89819],
			"rotation": {"angle": -22.5, "axis": "y", "origin": [8.00214, 6.225, 18.54819]},
			"faces": {
				"north": {"uv": [2.25, 14.5, 2.28125, 14.5625], "texture": "#3"},
				"east": {"uv": [14, 13.875, 14.125, 13.9375], "texture": "#3"},
				"south": {"uv": [14.5, 2.25, 14.53125, 2.3125], "texture": "#3"},
				"west": {"uv": [14, 14, 14.125, 14.0625], "texture": "#3"},
				"up": {"uv": [1.40625, 14.5, 1.375, 14.375], "texture": "#3"},
				"down": {"uv": [14.40625, 1.375, 14.375, 1.5], "texture": "#3"}
			}
		},
		{
			"from": [2.45732, 7.876, 7.16919],
			"to": [2.75732, 8.576, 7.82919],
			"rotation": {"angle": -22.5, "axis": "y", "origin": [8.00732, 6.225, 18.26919]},
			"faces": {
				"north": {"uv": [9.625, 14.375, 9.65625, 14.46875], "texture": "#3"},
				"east": {"uv": [8.5, 14, 8.59375, 14.09375], "texture": "#3"},
				"south": {"uv": [9.75, 14.375, 9.78125, 14.46875], "texture": "#3"},
				"west": {"uv": [8.75, 14, 8.84375, 14.09375], "texture": "#3"},
				"up": {"uv": [10.03125, 14.46875, 10, 14.375], "texture": "#3"},
				"down": {"uv": [14.40625, 10, 14.375, 10.09375], "texture": "#3"}
			}
		},
		{
			"from": [7.499, 7.975, 3.8],
			"to": [7.75, 8.725, 4.8],
			"rotation": {"angle": 0, "axis": "y", "origin": [8, 6.225, 18.05]},
			"faces": {
				"north": {"uv": [9.5, 14.375, 9.53125, 14.46875], "texture": "#3"},
				"east": {"uv": [1.75, 13.875, 1.875, 13.96875], "texture": "#3"},
				"south": {"uv": [14.375, 9.5, 14.40625, 9.59375], "texture": "#3"},
				"west": {"uv": [13.875, 1.75, 14, 1.84375], "texture": "#3"},
				"up": {"uv": [1.15625, 14.5, 1.125, 14.375], "texture": "#3"},
				"down": {"uv": [14.40625, 1.125, 14.375, 1.25], "texture": "#3"}
			}
		},
		{
			"from": [7.499, 13.16237, 5.58278],
			"to": [7.748, 13.31237, 6.08278],
			"rotation": {"angle": -22.5, "axis": "x", "origin": [7.999, 6.16237, 18.10778]},
			"faces": {
				"north": {"uv": [8.125, 14.5, 8.15625, 14.53125], "texture": "#3"},
				"east": {"uv": [1.875, 14.5, 1.9375, 14.53125], "texture": "#3"},
				"south": {"uv": [14.5, 8.125, 14.53125, 8.15625], "texture": "#3"},
				"west": {"uv": [14.5, 1.875, 14.5625, 1.90625], "texture": "#3"},
				"up": {"uv": [2.03125, 14.5625, 2, 14.5], "texture": "#3"},
				"down": {"uv": [14.53125, 2, 14.5, 2.0625], "texture": "#3"}
			}
		},
		{
			"from": [7.5, 13.25661, 5.85246],
			"to": [7.749, 14.00661, 6.60246],
			"rotation": {"angle": -22.5, "axis": "x", "origin": [8, 6.20661, 18.10246]},
			"faces": {
				"north": {"uv": [9.125, 14.375, 9.15625, 14.46875], "texture": "#3"},
				"east": {"uv": [14, 8.25, 14.09375, 8.34375], "texture": "#3"},
				"south": {"uv": [14.375, 9.125, 14.40625, 9.21875], "texture": "#3"},
				"west": {"uv": [8.375, 14, 8.46875, 14.09375], "texture": "#3"},
				"up": {"uv": [9.28125, 14.46875, 9.25, 14.375], "texture": "#3"},
				"down": {"uv": [9.40625, 14.375, 9.375, 14.46875], "texture": "#3"}
			}
		},
		{
			"from": [7.75, 13.775, 5.45],
			"to": [8.25, 14.525, 6.55],
			"rotation": {"angle": -22.5, "axis": "x", "origin": [8, 6.225, 18.05]},
			"faces": {
				"north": {"uv": [13.25, 14.125, 13.3125, 14.21875], "texture": "#3"},
				"east": {"uv": [13.875, 1.5, 14, 1.59375], "texture": "#3"},
				"south": {"uv": [14.125, 13.25, 14.1875, 13.34375], "texture": "#3"},
				"west": {"uv": [13.875, 1.625, 14, 1.71875], "texture": "#3"},
				"up": {"uv": [14.0625, 13.75, 14, 13.625], "texture": "#3"},
				"down": {"uv": [13.8125, 14, 13.75, 14.125], "texture": "#3"}
			}
		},
		{
			"from": [7.375, 9.4953, 6.03811],
			"to": [8.625, 9.7453, 6.28811],
			"rotation": {"angle": 0, "axis": "y", "origin": [8, 6.24629, 18.03811]},
			"faces": {
				"north": {"uv": [9.625, 14.25, 9.78125, 14.28125], "texture": "#3"},
				"east": {"uv": [8, 14.5, 8.03125, 14.53125], "texture": "#3"},
				"south": {"uv": [14.25, 9.625, 14.40625, 9.65625], "texture": "#3"},
				"west": {"uv": [14.5, 8, 14.53125, 8.03125], "texture": "#3"},
				"up": {"uv": [14.40625, 9.78125, 14.25, 9.75], "texture": "#3"},
				"down": {"uv": [14.40625, 9.875, 14.25, 9.90625], "texture": "#3"}
			}
		},
		{
			"from": [7.376, 8.99629, 5.28811],
			"to": [8.624, 9.24629, 6.28811],
			"rotation": {"angle": 0, "axis": "y", "origin": [8, 6.24629, 17.78811]},
			"faces": {
				"north": {"uv": [14.25, 9.25, 14.40625, 9.28125], "texture": "#3"},
				"east": {"uv": [1, 14.375, 1.125, 14.40625], "texture": "#3"},
				"south": {"uv": [14.25, 9.375, 14.40625, 9.40625], "texture": "#3"},
				"west": {"uv": [14.375, 1, 14.5, 1.03125], "texture": "#3"},
				"up": {"uv": [13.40625, 11.125, 13.25, 11], "texture": "#3"},
				"down": {"uv": [13.40625, 11.125, 13.25, 11.25], "texture": "#3"}
			}
		},
		{
			"from": [7.4, 8.6, 5.15],
			"to": [7.9, 9, 5.55],
			"rotation": {"angle": 0, "axis": "y", "origin": [8, 6.225, 18.05]},
			"faces": {
				"north": {"uv": [14, 13.25, 14.0625, 13.375], "texture": "#3"},
				"east": {"uv": [6.5, 5.5, 6.625, 5.625], "texture": "#3"},
				"south": {"uv": [14, 13.375, 14.0625, 13.5], "texture": "#3"},
				"west": {"uv": [6.75, 3.25, 6.875, 3.375], "texture": "#3"},
				"up": {"uv": [14.0625, 13.625, 14, 13.5], "texture": "#3"},
				"down": {"uv": [13.6875, 14, 13.625, 14.125], "texture": "#3"}
			}
		},
		{
			"from": [2.95, 8.475, 7.05],
			"to": [3.95, 9, 8.1],
			"rotation": {"angle": -22.5, "axis": "y", "origin": [8, 6.225, 18.05]},
			"faces": {
				"north": {"uv": [14, 12.875, 14.125, 12.9375], "texture": "#3"},
				"east": {"uv": [14, 13, 14.125, 13.0625], "texture": "#3"},
				"south": {"uv": [14, 13.125, 14.125, 13.1875], "texture": "#3"},
				"west": {"uv": [13.25, 14, 13.375, 14.0625], "texture": "#3"},
				"up": {"uv": [4.125, 6, 4, 5.875], "texture": "#3"},
				"down": {"uv": [2.5, 6, 2.375, 6.125], "texture": "#3"}
			}
		},
		{
			"from": [2.82896, 8.99629, 7.19259],
			"to": [3.82896, 9.74629, 8.17251],
			"rotation": {"angle": -22.5, "axis": "y", "origin": [8.00396, 6.24629, 18.04259]},
			"faces": {
				"north": {"uv": [13.875, 1.125, 14, 1.21875], "texture": "#3"},
				"east": {"uv": [1.25, 13.875, 1.375, 13.96875], "texture": "#3"},
				"south": {"uv": [13.875, 1.25, 14, 1.34375], "texture": "#3"},
				"west": {"uv": [13.875, 1.375, 14, 1.46875], "texture": "#3"},
				"up": {"uv": [3, 3.25, 2.875, 3.125], "texture": "#3"},
				"down": {"uv": [3.375, 5.75, 3.25, 5.875], "texture": "#3"}
			}
		},
		{
			"from": [7, 12.5681, 9.40697],
			"to": [7.5, 13.0681, 10.40697],
			"rotation": {"angle": -22.5, "axis": "x", "origin": [8, 6.0931, 17.65697]},
			"faces": {
				"north": {"uv": [0.75, 14.375, 0.8125, 14.4375], "texture": "#3"},
				"east": {"uv": [14, 12.625, 14.125, 12.6875], "texture": "#3"},
				"south": {"uv": [14.375, 0.75, 14.4375, 0.8125], "texture": "#3"},
				"west": {"uv": [12.75, 14, 12.875, 14.0625], "texture": "#3"},
				"up": {"uv": [14.0625, 12.875, 14, 12.75], "texture": "#3"},
				"down": {"uv": [12.9375, 14, 12.875, 14.125], "texture": "#3"}
			}
		},
		{
			"from": [6.876, -0.27509, 8.47606],
			"to": [7.476, 0.47491, 8.67606],
			"rotation": {"angle": 45, "axis": "x", "origin": [8, 6.12491, 17.55106]},
			"faces": {
				"north": {"uv": [14.125, 13, 14.1875, 13.09375], "texture": "#3"},
				"east": {"uv": [9, 14.375, 9.03125, 14.46875], "texture": "#3"},
				"south": {"uv": [14.125, 13.125, 14.1875, 13.21875], "texture": "#3"},
				"west": {"uv": [14.375, 9, 14.40625, 9.09375], "texture": "#3"},
				"up": {"uv": [1.8125, 14.53125, 1.75, 14.5], "texture": "#3"},
				"down": {"uv": [14.5625, 1.75, 14.5, 1.78125], "texture": "#3"}
			}
		},
		{
			"from": [6.951, 0.52491, 9.43611],
			"to": [7.451, 1.27491, 9.68611],
			"rotation": {"angle": 45, "axis": "x", "origin": [7.998, 6.22491, 17.86111]},
			"faces": {
				"north": {"uv": [12.875, 14.125, 12.9375, 14.21875], "texture": "#3"},
				"east": {"uv": [8.875, 14.375, 8.90625, 14.46875], "texture": "#3"},
				"south": {"uv": [13, 14.125, 13.0625, 14.21875], "texture": "#3"},
				"west": {"uv": [14.375, 8.875, 14.40625, 8.96875], "texture": "#3"},
				"up": {"uv": [1.6875, 14.53125, 1.625, 14.5], "texture": "#3"},
				"down": {"uv": [14.5625, 1.625, 14.5, 1.65625], "texture": "#3"}
			}
		},
		{
			"from": [6.95, 7.975, 6.8],
			"to": [7.475, 8.475, 8.05],
			"rotation": {"angle": 0, "axis": "y", "origin": [8, 6.225, 18.05]},
			"faces": {
				"north": {"uv": [0.625, 14.375, 0.6875, 14.4375], "texture": "#3"},
				"east": {"uv": [1.75, 14, 1.90625, 14.0625], "texture": "#3"},
				"south": {"uv": [14.375, 0.625, 14.4375, 0.6875], "texture": "#3"},
				"west": {"uv": [14, 1.875, 14.15625, 1.9375], "texture": "#3"},
				"up": {"uv": [2.0625, 14.15625, 2, 14], "texture": "#3"},
				"down": {"uv": [14.0625, 2, 14, 2.15625], "texture": "#3"}
			}
		},
		{
			"from": [6.949, 11.8, 9.2],
			"to": [7.449, 12.3, 11.7],
			"rotation": {"angle": -22.5, "axis": "x", "origin": [8, 6.225, 18.05]},
			"faces": {
				"north": {"uv": [0.5, 14.375, 0.5625, 14.4375], "texture": "#3"},
				"east": {"uv": [13.25, 10.75, 13.5625, 10.8125], "texture": "#3"},
				"south": {"uv": [14.375, 0.5, 14.4375, 0.5625], "texture": "#3"},
				"west": {"uv": [13.25, 10.875, 13.5625, 10.9375], "texture": "#3"},
				"up": {"uv": [10.8125, 13.5625, 10.75, 13.25], "texture": "#3"},
				"down": {"uv": [11.5625, 13.25, 11.5, 13.5625], "texture": "#3"}
			}
		},
		{
			"from": [7.001, 8.9953, 6.94344],
			"to": [8.999, 9.7453, 7.69344],
			"rotation": {"angle": 0, "axis": "y", "origin": [8, 6.24629, 18.03811]},
			"faces": {
				"north": {"uv": [12.875, 8.5, 13.125, 8.59375], "texture": "#3"},
				"east": {"uv": [8, 14, 8.09375, 14.09375], "texture": "#3"},
				"south": {"uv": [13, 2.75, 13.25, 2.84375], "texture": "#3"},
				"west": {"uv": [14, 8.125, 14.09375, 8.21875], "texture": "#3"},
				"up": {"uv": [13.25, 4.59375, 13, 4.5], "texture": "#3"},
				"down": {"uv": [13.25, 4.75, 13, 4.84375], "texture": "#3"}
			}
		},
		{
			"from": [7.374, 8.9703, 7.69344],
			"to": [8.624, 9.7453, 8.84344],
			"rotation": {"angle": 0, "axis": "y", "origin": [8.374, 6.2453, 18.19344]},
			"faces": {
				"north": {"uv": [13.625, 13.5, 13.78125, 13.59375], "texture": "#3"},
				"east": {"uv": [13.625, 13.625, 13.78125, 13.71875], "texture": "#3"},
				"south": {"uv": [13.75, 0, 13.90625, 0.09375], "texture": "#3"},
				"west": {"uv": [13.75, 0.125, 13.90625, 0.21875], "texture": "#3"},
				"up": {"uv": [13.03125, 6.65625, 12.875, 6.5], "texture": "#3"},
				"down": {"uv": [13.03125, 7.5, 12.875, 7.65625], "texture": "#3"}
			}
		},
		{
			"from": [7.125, 7.975, 8.05],
			"to": [8.875, 8.975, 8.85],
			"rotation": {"angle": 0, "axis": "y", "origin": [8, 6.225, 18.05]},
			"faces": {
				"north": {"uv": [9.625, 8.625, 9.84375, 8.75], "texture": "#3"},
				"east": {"uv": [13.875, 0.5, 13.96875, 0.625], "texture": "#3"},
				"south": {"uv": [9.75, 4.625, 9.96875, 4.75], "texture": "#3"},
				"west": {"uv": [1.125, 13.875, 1.21875, 14], "texture": "#3"},
				"up": {"uv": [13.46875, 4.84375, 13.25, 4.75], "texture": "#3"},
				"down": {"uv": [13.46875, 5, 13.25, 5.09375], "texture": "#3"}
			}
		},
		{
			"from": [7.75, 13.525, 9.05],
			"to": [8.25, 14.525, 11.55],
			"rotation": {"angle": -22.5, "axis": "x", "origin": [8, 6.225, 18.05]},
			"faces": {
				"north": {"uv": [14, 12.5, 14.0625, 12.625], "texture": "#3"},
				"east": {"uv": [12.125, 5.75, 12.4375, 5.875], "texture": "#3"},
				"south": {"uv": [12.625, 14, 12.6875, 14.125], "texture": "#3"},
				"west": {"uv": [6.375, 12.125, 6.6875, 12.25], "texture": "#3"},
				"up": {"uv": [10.5625, 13.5625, 10.5, 13.25], "texture": "#3"},
				"down": {"uv": [10.6875, 13.25, 10.625, 13.5625], "texture": "#3"}
			}
		},
		{
			"from": [7.75, 14.025, 11.55],
			"to": [8.25, 14.525, 13.05],
			"rotation": {"angle": -22.5, "axis": "x", "origin": [8, 6.225, 18.05]},
			"faces": {
				"north": {"uv": [1, 10.25, 1.0625, 10.3125], "texture": "#4"},
				"east": {"uv": [9.75, 5.375, 9.9375, 5.4375], "texture": "#4"},
				"south": {"uv": [1.125, 10.25, 1.1875, 10.3125], "texture": "#4"},
				"west": {"uv": [9.75, 5.5, 9.9375, 5.5625], "texture": "#4"},
				"up": {"uv": [9.8125, 5.8125, 9.75, 5.625], "texture": "#4"},
				"down": {"uv": [5.8125, 9.75, 5.75, 9.9375], "texture": "#4"}
			}
		},
		{
			"from": [13.49109, 8.225, 5.94263],
			"to": [13.52286, 8.475, 6.89819],
			"rotation": {"angle": 22.5, "axis": "y", "origin": [7.99786, 6.225, 18.54819]},
			"faces": {
				"north": {"uv": [10.375, 5.375, 10.40625, 5.40625], "texture": "#4"},
				"east": {"uv": [0.625, 10.25, 0.75, 10.28125], "texture": "#4"},
				"south": {"uv": [5.5, 10.375, 5.53125, 10.40625], "texture": "#4"},
				"west": {"uv": [10.25, 0.625, 10.375, 0.65625], "texture": "#4"},
				"up": {"uv": [0.78125, 10.375, 0.75, 10.25], "texture": "#4"},
				"down": {"uv": [0.90625, 10.25, 0.875, 10.375], "texture": "#4"}
			}
		},
		{
			"from": [8.525, 7.875, 5.925],
			"to": [8.825, 8.475, 6.5],
			"rotation": {"angle": 0, "axis": "y", "origin": [8, 6.225, 18.05]},
			"faces": {
				"north": {"uv": [10.375, 1.375, 10.40625, 1.4375], "texture": "#4"},
				"east": {"uv": [0.5, 10.25, 0.5625, 10.3125], "texture": "#4"},
				"south": {"uv": [1.5, 10.375, 1.53125, 10.4375], "texture": "#4"},
				"west": {"uv": [10.25, 0.5, 10.3125, 0.5625], "texture": "#4"},
				"up": {"uv": [10.40625, 1.5625, 10.375, 1.5], "texture": "#4"},
				"down": {"uv": [1.65625, 10.375, 1.625, 10.4375], "texture": "#4"}
			}
		},
		{
			"from": [8.524, -0.27509, 8.47606],
			"to": [9.124, 0.47491, 8.67606],
			"rotation": {"angle": 45, "axis": "x", "origin": [8, 6.12491, 17.55106]},
			"faces": {
				"north": {"uv": [10.125, 0, 10.1875, 0.09375], "texture": "#4"},
				"east": {"uv": [6, 10.25, 6.03125, 10.34375], "texture": "#4"},
				"south": {"uv": [10.125, 0.125, 10.1875, 0.21875], "texture": "#4"},
				"west": {"uv": [10.25, 6, 10.28125, 6.09375], "texture": "#4"},
				"up": {"uv": [10.4375, 1.28125, 10.375, 1.25], "texture": "#4"},
				"down": {"uv": [1.4375, 10.375, 1.375, 10.40625], "texture": "#4"}
			}
		},
		{
			"from": [8.526, 2.90579, 5.8596],
			"to": [8.875, 3.3058, 6.1209],
			"rotation": {"angle": 22.5, "axis": "x", "origin": [8, 6.1558, 18.4596]},
			"faces": {
				"north": {"uv": [10.375, 1, 10.40625, 1.0625], "texture": "#4"},
				"east": {"uv": [1.125, 10.375, 1.15625, 10.4375], "texture": "#4"},
				"south": {"uv": [10.375, 1.125, 10.40625, 1.1875], "texture": "#4"},
				"west": {"uv": [1.25, 10.375, 1.28125, 10.4375], "texture": "#4"},
				"up": {"uv": [10.40625, 5.28125, 10.375, 5.25], "texture": "#4"},
				"down": {"uv": [5.40625, 10.375, 5.375, 10.40625], "texture": "#4"}
			}
		},
		{
			"from": [8.525, 7.875, 5.8164],
			"to": [8.875, 8.225, 5.925],
			"rotation": {"angle": 0, "axis": "y", "origin": [8, 6.225, 18.05]},
			"faces": {
				"north": {"uv": [10.375, 4.875, 10.40625, 4.90625], "texture": "#4"},
				"east": {"uv": [5, 10.375, 5.03125, 10.40625], "texture": "#4"},
				"south": {"uv": [10.375, 5, 10.40625, 5.03125], "texture": "#4"},
				"west": {"uv": [5.125, 10.375, 5.15625, 10.40625], "texture": "#4"},
				"up": {"uv": [10.40625, 5.15625, 10.375, 5.125], "texture": "#4"},
				"down": {"uv": [5.28125, 10.375, 5.25, 10.40625], "texture": "#4"}
			}
		},
		{
			"from": [13.52286, 8.225, 5.89819],
			"to": [13.77286, 8.475, 6.89819],
			"rotation": {"angle": 22.5, "axis": "y", "origin": [7.99786, 6.225, 18.54819]},
			"faces": {
				"north": {"uv": [10.375, 4.75, 10.40625, 4.78125], "texture": "#4"},
				"east": {"uv": [0.125, 10.25, 0.25, 10.28125], "texture": "#4"},
				"south": {"uv": [4.875, 10.375, 4.90625, 10.40625], "texture": "#4"},
				"west": {"uv": [10.25, 0.125, 10.375, 0.15625], "texture": "#4"},
				"up": {"uv": [0.28125, 10.375, 0.25, 10.25], "texture": "#4"},
				"down": {"uv": [0.40625, 10.25, 0.375, 10.375], "texture": "#4"}
			}
		},
		{
			"from": [8.527, 7.973, 5.575],
			"to": [8.877, 8.473, 5.925],
			"rotation": {"angle": 0, "axis": "y", "origin": [8, 6.225, 18.05]},
			"faces": {
				"north": {"uv": [10.375, 0.75, 10.40625, 0.8125], "texture": "#4"},
				"east": {"uv": [0.875, 10.375, 0.90625, 10.4375], "texture": "#4"},
				"south": {"uv": [10.375, 0.875, 10.40625, 0.9375], "texture": "#4"},
				"west": {"uv": [1, 10.375, 1.03125, 10.4375], "texture": "#4"},
				"up": {"uv": [10.40625, 4.65625, 10.375, 4.625], "texture": "#4"},
				"down": {"uv": [4.78125, 10.375, 4.75, 10.40625], "texture": "#4"}
			}
		},
		{
			"from": [13.24268, 7.876, 7.16919],
			"to": [13.54268, 8.576, 7.82919],
			"rotation": {"angle": 22.5, "axis": "y", "origin": [7.99268, 6.225, 18.26919]},
			"faces": {
				"north": {"uv": [5.75, 10.25, 5.78125, 10.34375], "texture": "#4"},
				"east": {"uv": [9.875, 4.625, 9.96875, 4.71875], "texture": "#4"},
				"south": {"uv": [10.25, 5.75, 10.28125, 5.84375], "texture": "#4"},
				"west": {"uv": [4.75, 9.875, 4.84375, 9.96875], "texture": "#4"},
				"up": {"uv": [5.90625, 10.34375, 5.875, 10.25], "texture": "#4"},
				"down": {"uv": [10.28125, 5.875, 10.25, 5.96875], "texture": "#4"}
			}
		},
		{
			"from": [8.525, 7.875, 6.5],
			"to": [9.125, 8.575, 6.75],
			"rotation": {"angle": 0, "axis": "y", "origin": [8, 6.225, 18.05]},
			"faces": {
				"north": {"uv": [10, 9.875, 10.0625, 9.96875], "texture": "#4"},
				"east": {"uv": [5.625, 10.25, 5.65625, 10.34375], "texture": "#4"},
				"south": {"uv": [10, 10, 10.0625, 10.09375], "texture": "#4"},
				"west": {"uv": [10.25, 5.625, 10.28125, 5.71875], "texture": "#4"},
				"up": {"uv": [10.4375, 0.65625, 10.375, 0.625], "texture": "#4"},
				"down": {"uv": [0.8125, 10.375, 0.75, 10.40625], "texture": "#4"}
			}
		},
		{
			"from": [8.626, 12.3, 8.3],
			"to": [9.126, 12.8, 11.05],
			"rotation": {"angle": -22.5, "axis": "x", "origin": [8, 6.225, 18.05]},
			"faces": {
				"north": {"uv": [0, 10.25, 0.0625, 10.3125], "texture": "#4"},
				"east": {"uv": [9.25, 1.5, 9.59375, 1.5625], "texture": "#4"},
				"south": {"uv": [10.25, 0, 10.3125, 0.0625], "texture": "#4"},
				"west": {"uv": [9.25, 1.625, 9.59375, 1.6875], "texture": "#4"},
				"up": {"uv": [1.6875, 9.59375, 1.625, 9.25], "texture": "#4"},
				"down": {"uv": [9.3125, 1.75, 9.25, 2.09375], "texture": "#4"}
			}
		},
		{
			"from": [7.125, 12.8, 7.45],
			"to": [8.875, 13.05, 9.55],
			"rotation": {"angle": -22.5, "axis": "x", "origin": [8, 6.225, 18.05]},
			"faces": {
				"north": {"uv": [10, 4.5, 10.21875, 4.53125], "texture": "#4"},
				"east": {"uv": [10, 2.625, 10.25, 2.65625], "texture": "#4"},
				"south": {"uv": [10, 4.625, 10.21875, 4.65625], "texture": "#4"},
				"west": {"uv": [2.75, 10, 3, 10.03125], "texture": "#4"},
				"up": {"uv": [8.09375, 4.875, 7.875, 4.625], "texture": "#4"},
				"down": {"uv": [5.21875, 7.875, 5, 8.125], "texture": "#4"}
			}
		},
		{
			"from": [7.625, 13.575, 6.55],
			"to": [8.375, 14.575, 9.05],
			"rotation": {"angle": -22.5, "axis": "x", "origin": [8, 6.225, 18.05]},
			"faces": {
				"north": {"uv": [9.75, 5.125, 9.84375, 5.25], "texture": "#4"},
				"east": {"uv": [8.375, 4.625, 8.6875, 4.75], "texture": "#4"},
				"south": {"uv": [9.75, 5.25, 9.84375, 5.375], "texture": "#4"},
				"west": {"uv": [8.375, 5.125, 8.6875, 5.25], "texture": "#4"},
				"up": {"uv": [8.84375, 4.3125, 8.75, 4], "texture": "#4"},
				"down": {"uv": [8.84375, 5.125, 8.75, 5.4375], "texture": "#4"}
			}
		},
		{
			"from": [7.375, 2.9058, 5.3346],
			"to": [7.475, 3.3058, 5.6096],
			"rotation": {"angle": 22.5, "axis": "x", "origin": [8, 6.1558, 18.2096]},
			"faces": {
				"north": {"uv": [10.375, 0.375, 10.40625, 0.4375], "texture": "#4"},
				"east": {"uv": [0.5, 10.375, 0.53125, 10.4375], "texture": "#4"},
				"south": {"uv": [10.375, 0.5, 10.40625, 0.5625], "texture": "#4"},
				"west": {"uv": [0.625, 10.375, 0.65625, 10.4375], "texture": "#4"},
				"up": {"uv": [10.40625, 4.53125, 10.375, 4.5], "texture": "#4"},
				"down": {"uv": [4.65625, 10.375, 4.625, 10.40625], "texture": "#4"}
			}
		},
		{
			"from": [7.375, 8.224, 5.05],
			"to": [8.625, 8.474, 6.8],
			"rotation": {"angle": 0, "axis": "y", "origin": [8, 6.225, 18.05]},
			"faces": {
				"north": {"uv": [10.125, 3.25, 10.28125, 3.28125], "texture": "#4"},
				"east": {"uv": [10, 4.375, 10.21875, 4.40625], "texture": "#4"},
				"south": {"uv": [10.125, 3.625, 10.28125, 3.65625], "texture": "#4"},
				"west": {"uv": [4.5, 10, 4.71875, 10.03125], "texture": "#4"},
				"up": {"uv": [8.78125, 1.84375, 8.625, 1.625], "texture": "#4"},
				"down": {"uv": [2.15625, 8.625, 2, 8.84375], "texture": "#4"}
			}
		},
		{
			"from": [2.47714, 7.975, 5.94263],
			"to": [2.50891, 8.475, 6.89819],
			"rotation": {"angle": -22.5, "axis": "y", "origin": [8.00214, 6.225, 18.54819]},
			"faces": {
				"north": {"uv": [10.375, 0.25, 10.40625, 0.3125], "texture": "#4"},
				"east": {"uv": [10, 2.5, 10.125, 2.5625], "texture": "#4"},
				"south": {"uv": [0.375, 10.375, 0.40625, 10.4375], "texture": "#4"},
				"west": {"uv": [2.625, 10, 2.75, 10.0625], "texture": "#4"},
				"up": {"uv": [10.15625, 10.125, 10.125, 10], "texture": "#4"},
				"down": {"uv": [10.15625, 10.125, 10.125, 10.25], "texture": "#4"}
			}
		},
		{
			"from": [2.22714, 7.975, 5.89819],
			"to": [2.47714, 8.475, 6.89819],
			"rotation": {"angle": -22.5, "axis": "y", "origin": [8.00214, 6.225, 18.54819]},
			"faces": {
				"north": {"uv": [10.375, 0.125, 10.40625, 0.1875], "texture": "#4"},
				"east": {"uv": [10, 2.25, 10.125, 2.3125], "texture": "#4"},
				"south": {"uv": [0.25, 10.375, 0.28125, 10.4375], "texture": "#4"},
				"west": {"uv": [10, 2.375, 10.125, 2.4375], "texture": "#4"},
				"up": {"uv": [10.15625, 10, 10.125, 9.875], "texture": "#4"},
				"down": {"uv": [10.03125, 10.125, 10, 10.25], "texture": "#4"}
			}
		},
		{
			"from": [7.376, 8.99629, 5.28811],
			"to": [8.624, 9.24629, 6.28811],
			"rotation": {"angle": 0, "axis": "y", "origin": [8, 6.24629, 17.78811]},
			"faces": {
				"north": {"uv": [3.125, 10.125, 3.28125, 10.15625], "texture": "#4"},
				"east": {"uv": [10.125, 9.75, 10.25, 9.78125], "texture": "#4"},
				"south": {"uv": [10.125, 3.125, 10.28125, 3.15625], "texture": "#4"},
				"west": {"uv": [9.875, 10.125, 10, 10.15625], "texture": "#4"},
				"up": {"uv": [9.53125, 1.25, 9.375, 1.125], "texture": "#4"},
				"down": {"uv": [9.53125, 1.25, 9.375, 1.375], "texture": "#4"}
			}
		},
		{
			"from": [7.375, 13.575, 6.55],
			"to": [8.625, 14.075, 8.3],
			"rotation": {"angle": -22.5, "axis": "x", "origin": [8, 6.225, 18.05]},
			"faces": {
				"north": {"uv": [9.875, 1.25, 10.03125, 1.3125], "texture": "#4"},
				"east": {"uv": [9.625, 6.75, 9.84375, 6.8125], "texture": "#4"},
				"south": {"uv": [9.875, 1.375, 10.03125, 1.4375], "texture": "#4"},
				"west": {"uv": [9.625, 6.875, 9.84375, 6.9375], "texture": "#4"},
				"up": {"uv": [1.53125, 8.84375, 1.375, 8.625], "texture": "#4"},
				"down": {"uv": [8.78125, 1.375, 8.625, 1.59375], "texture": "#4"}
			}
		},
		{
			"from": [7.001, 1.525, 8.55],
			"to": [7.499, 2.875, 9.05],
			"rotation": {"angle": 45, "axis": "x", "origin": [8, 6.225, 18.05]},
			"faces": {
				"north": {"uv": [9.875, 0.5, 9.9375, 0.65625], "texture": "#4"},
				"east": {"uv": [0.75, 9.875, 0.8125, 10.03125], "texture": "#4"},
				"south": {"uv": [9.875, 0.75, 9.9375, 0.90625], "texture": "#4"},
				"west": {"uv": [9.875, 1, 9.9375, 1.15625], "texture": "#4"},
				"up": {"uv": [10.1875, 9.6875, 10.125, 9.625], "texture": "#4"},
				"down": {"uv": [9.8125, 10.125, 9.75, 10.1875], "texture": "#4"}
			}
		},
		{
			"from": [7, 13.23074, 9.12462],
			"to": [7.5, 13.73074, 11.62462],
			"rotation": {"angle": -22.5, "axis": "x", "origin": [8, 6.25574, 18.04962]},
			"faces": {
				"north": {"uv": [10.125, 9.5, 10.1875, 9.5625], "texture": "#4"},
				"east": {"uv": [9.375, 0.5, 9.6875, 0.5625], "texture": "#4"},
				"south": {"uv": [9.625, 10.125, 9.6875, 10.1875], "texture": "#4"},
				"west": {"uv": [9.375, 1, 9.6875, 1.0625], "texture": "#4"},
				"up": {"uv": [0.9375, 9.6875, 0.875, 9.375], "texture": "#4"},
				"down": {"uv": [1.0625, 9.375, 1, 9.6875], "texture": "#4"}
			}
		}
	],
	"display": {
		"head": {
			"rotation": [0, 180, 0]
		}
	}
}