{
	"credit": "Made with Blockbench",
	"textures": {
		"3": "animated_java:item/valk_aj/main",
		"4": "animated_java:item/valk_aj/texture"
	},
	"elements": [
		{
			"from": [7.625, 7.25, 4.65],
			"to": [8.375, 7.45, 5.15],
			"rotation": {"angle": 0, "axis": "y", "origin": [8, 6.05, 8.45]},
			"faces": {
				"north": {"uv": [14.375, 11.625, 14.46875, 11.65625], "texture": "#3"},
				"east": {"uv": [5.875, 14.5, 5.9375, 14.53125], "texture": "#3"},
				"south": {"uv": [11.75, 14.375, 11.84375, 14.40625], "texture": "#3"},
				"west": {"uv": [14.5, 5.875, 14.5625, 5.90625], "texture": "#3"},
				"up": {"uv": [0.71875, 14.3125, 0.625, 14.25], "texture": "#3"},
				"down": {"uv": [0.84375, 14.25, 0.75, 14.3125], "texture": "#3"}
			}
		},
		{
			"from": [7.75, 6.95, 4.2],
			"to": [8.25, 7.05, 4.45],
			"rotation": {"angle": 0, "axis": "y", "origin": [8, 6.05, 8.45]},
			"faces": {
				"north": {"uv": [5.625, 14.5, 5.6875, 14.53125], "texture": "#3"},
				"east": {"uv": [10.75, 14.5, 10.78125, 14.53125], "texture": "#3"},
				"south": {"uv": [14.5, 5.625, 14.5625, 5.65625], "texture": "#3"},
				"west": {"uv": [14.5, 10.75, 14.53125, 10.78125], "texture": "#3"},
				"up": {"uv": [5.8125, 14.53125, 5.75, 14.5], "texture": "#3"},
				"down": {"uv": [14.5625, 5.75, 14.5, 5.78125], "texture": "#3"}
			}
		},
		{
			"from": [7.625, 7.05, 4.2],
			"to": [8.375, 7.25, 5.15],
			"rotation": {"angle": 0, "axis": "y", "origin": [8, 6.05, 8.45]},
			"faces": {
				"north": {"uv": [14.375, 11.375, 14.46875, 11.40625], "texture": "#3"},
				"east": {"uv": [14.375, 2.75, 14.5, 2.78125], "texture": "#3"},
				"south": {"uv": [14.375, 11.5, 14.46875, 11.53125], "texture": "#3"},
				"west": {"uv": [2.875, 14.375, 3, 14.40625], "texture": "#3"},
				"up": {"uv": [4.71875, 14, 4.625, 13.875], "texture": "#3"},
				"down": {"uv": [13.96875, 4.625, 13.875, 4.75], "texture": "#3"}
			}
		},
		{
			"from": [8.25, 8.75, 6.275],
			"to": [8.25, 8.975, 6.425],
			"rotation": {"angle": -22.5, "axis": "x", "origin": [8, 6.05, 8.45]},
			"faces": {
				"north": {"uv": [0, 0, 0, 0.03125], "texture": "#3"},
				"east": {"uv": [14.53125, 10.625, 14.5, 10.65625], "texture": "#3"},
				"south": {"uv": [0, 0, 0, 0.03125], "texture": "#3"},
				"west": {"uv": [10.65625, 14.5, 10.625, 14.53125], "texture": "#3"},
				"up": {"uv": [0, 0.03125, 0, 0], "texture": "#3"},
				"down": {"uv": [0, 0, 0, 0.03125], "texture": "#3"}
			}
		},
		{
			"from": [8.25, 8.75, 6],
			"to": [8.25, 8.975, 6.15],
			"rotation": {"angle": -22.5, "axis": "x", "origin": [8, 6.05, 8.45]},
			"faces": {
				"north": {"uv": [0, 0, 0, 0.03125], "texture": "#3"},
				"east": {"uv": [14.53125, 10.5, 14.5, 10.53125], "texture": "#3"},
				"south": {"uv": [0, 0, 0, 0.03125], "texture": "#3"},
				"west": {"uv": [10.53125, 14.5, 10.5, 14.53125], "texture": "#3"},
				"up": {"uv": [0, 0.03125, 0, 0], "texture": "#3"},
				"down": {"uv": [0, 0, 0, 0.03125], "texture": "#3"}
			}
		},
		{
			"from": [8.25, 8.75, 5.725],
			"to": [8.25, 8.975, 5.875],
			"rotation": {"angle": -22.5, "axis": "x", "origin": [8, 6.05, 8.45]},
			"faces": {
				"north": {"uv": [0, 0, 0, 0.03125], "texture": "#3"},
				"east": {"uv": [14.53125, 10.375, 14.5, 10.40625], "texture": "#3"},
				"south": {"uv": [0, 0, 0, 0.03125], "texture": "#3"},
				"west": {"uv": [10.40625, 14.5, 10.375, 14.53125], "texture": "#3"},
				"up": {"uv": [0, 0.03125, 0, 0], "texture": "#3"},
				"down": {"uv": [0, 0, 0, 0.03125], "texture": "#3"}
			}
		},
		{
			"from": [8.25, 8.75, 5.175],
			"to": [8.25, 8.975, 5.325],
			"rotation": {"angle": -22.5, "axis": "x", "origin": [8, 6.05, 8.45]},
			"faces": {
				"north": {"uv": [0, 0, 0, 0.03125], "texture": "#3"},
				"east": {"uv": [14.53125, 10.25, 14.5, 10.28125], "texture": "#3"},
				"south": {"uv": [0, 0, 0, 0.03125], "texture": "#3"},
				"west": {"uv": [10.28125, 14.5, 10.25, 14.53125], "texture": "#3"},
				"up": {"uv": [0, 0.03125, 0, 0], "texture": "#3"},
				"down": {"uv": [0, 0, 0, 0.03125], "texture": "#3"}
			}
		},
		{
			"from": [8.25, 8.75, 5.45],
			"to": [8.25, 8.975, 5.6],
			"rotation": {"angle": -22.5, "axis": "x", "origin": [8, 6.05, 8.45]},
			"faces": {
				"north": {"uv": [0, 0, 0, 0.03125], "texture": "#3"},
				"east": {"uv": [14.53125, 10.125, 14.5, 10.15625], "texture": "#3"},
				"south": {"uv": [0, 0, 0, 0.03125], "texture": "#3"},
				"west": {"uv": [10.15625, 14.5, 10.125, 14.53125], "texture": "#3"},
				"up": {"uv": [0, 0.03125, 0, 0], "texture": "#3"},
				"down": {"uv": [0, 0, 0, 0.03125], "texture": "#3"}
			}
		},
		{
			"from": [8.66209, 7.2, 6.145],
			"to": [9.16209, 7.375, 6.645],
			"rotation": {"angle": 22.5, "axis": "y", "origin": [8.98709, 6.05, 8.27716]},
			"faces": {
				"north": {"uv": [5.1875, 14.5, 5.125, 14.53125], "texture": "#3"},
				"east": {"uv": [14.5625, 5.25, 14.5, 5.28125], "texture": "#3"},
				"south": {"uv": [5.3125, 14.5, 5.25, 14.53125], "texture": "#3"},
				"west": {"uv": [14.5625, 5.125, 14.5, 5.15625], "texture": "#3"},
				"up": {"uv": [14.375, 2.5625, 14.4375, 2.5], "texture": "#3"},
				"down": {"uv": [2.625, 14.375, 2.6875, 14.4375], "texture": "#3"}
			}
		},
		{
			"from": [8.225, 6.075, 6.05],
			"to": [8.4, 7.825, 6.8],
			"rotation": {"angle": 45, "axis": "x", "origin": [8, 6.05, 8.45]},
			"faces": {
				"north": {"uv": [14.15625, 11.625, 14.125, 11.84375], "texture": "#3"},
				"east": {"uv": [7.34375, 13.25, 7.25, 13.46875], "texture": "#3"},
				"south": {"uv": [11.78125, 14.125, 11.75, 14.34375], "texture": "#3"},
				"west": {"uv": [7.09375, 13.25, 7, 13.46875], "texture": "#3"},
				"up": {"uv": [10.75, 14.46875, 10.78125, 14.375], "texture": "#3"},
				"down": {"uv": [14.375, 10.875, 14.40625, 10.96875], "texture": "#3"}
			}
		},
		{
			"from": [8.225, 5.575, 5.55],
			"to": [8.4, 7.825, 6.05],
			"rotation": {"angle": 45, "axis": "x", "origin": [8, 6.05, 8.45]},
			"faces": {
				"north": {"uv": [9.28125, 14, 9.25, 14.28125], "texture": "#3"},
				"east": {"uv": [13.3125, 13.375, 13.25, 13.65625], "texture": "#3"},
				"south": {"uv": [9.40625, 14, 9.375, 14.28125], "texture": "#3"},
				"west": {"uv": [13.1875, 13.375, 13.125, 13.65625], "texture": "#3"},
				"up": {"uv": [4.25, 14.5625, 4.28125, 14.5], "texture": "#3"},
				"down": {"uv": [14.5, 4.25, 14.53125, 4.3125], "texture": "#3"}
			}
		},
		{
			"from": [8.225, 5.325, 5.3],
			"to": [8.4, 7.825, 5.55],
			"rotation": {"angle": 45, "axis": "x", "origin": [8, 6.05, 8.45]},
			"faces": {
				"north": {"uv": [3.28125, 14, 3.25, 14.3125], "texture": "#3"},
				"east": {"uv": [3.78125, 14, 3.75, 14.3125], "texture": "#3"},
				"south": {"uv": [3.53125, 14, 3.5, 14.3125], "texture": "#3"},
				"west": {"uv": [3.40625, 14, 3.375, 14.3125], "texture": "#3"},
				"up": {"uv": [9.875, 14.53125, 9.90625, 14.5], "texture": "#3"},
				"down": {"uv": [14.5, 9.875, 14.53125, 9.90625], "texture": "#3"}
			}
		},
		{
			"from": [7.75, 8.75, 6.275],
			"to": [7.75, 8.975, 6.425],
			"rotation": {"angle": -22.5, "axis": "x", "origin": [8, 6.05, 8.45]},
			"faces": {
				"north": {"uv": [0, 0, 0, 0.03125], "texture": "#3"},
				"east": {"uv": [10.625, 14.5, 10.65625, 14.53125], "texture": "#3"},
				"south": {"uv": [0, 0, 0, 0.03125], "texture": "#3"},
				"west": {"uv": [14.5, 10.625, 14.53125, 10.65625], "texture": "#3"},
				"up": {"uv": [0, 0.03125, 0, 0], "texture": "#3"},
				"down": {"uv": [0, 0, 0, 0.03125], "texture": "#3"}
			}
		},
		{
			"from": [7.75, 8.75, 6],
			"to": [7.75, 8.975, 6.15],
			"rotation": {"angle": -22.5, "axis": "x", "origin": [8, 6.05, 8.45]},
			"faces": {
				"north": {"uv": [0, 0, 0, 0.03125], "texture": "#3"},
				"east": {"uv": [10.5, 14.5, 10.53125, 14.53125], "texture": "#3"},
				"south": {"uv": [0, 0, 0, 0.03125], "texture": "#3"},
				"west": {"uv": [14.5, 10.5, 14.53125, 10.53125], "texture": "#3"},
				"up": {"uv": [0, 0.03125, 0, 0], "texture": "#3"},
				"down": {"uv": [0, 0, 0, 0.03125], "texture": "#3"}
			}
		},
		{
			"from": [7.75, 8.75, 5.725],
			"to": [7.75, 8.975, 5.875],
			"rotation": {"angle": -22.5, "axis": "x", "origin": [8, 6.05, 8.45]},
			"faces": {
				"north": {"uv": [0, 0, 0, 0.03125], "texture": "#3"},
				"east": {"uv": [10.375, 14.5, 10.40625, 14.53125], "texture": "#3"},
				"south": {"uv": [0, 0, 0, 0.03125], "texture": "#3"},
				"west": {"uv": [14.5, 10.375, 14.53125, 10.40625], "texture": "#3"},
				"up": {"uv": [0, 0.03125, 0, 0], "texture": "#3"},
				"down": {"uv": [0, 0, 0, 0.03125], "texture": "#3"}
			}
		},
		{
			"from": [7.75, 8.75, 5.175],
			"to": [7.75, 8.975, 5.325],
			"rotation": {"angle": -22.5, "axis": "x", "origin": [8, 6.05, 8.45]},
			"faces": {
				"north": {"uv": [0, 0, 0, 0.03125], "texture": "#3"},
				"east": {"uv": [10.25, 14.5, 10.28125, 14.53125], "texture": "#3"},
				"south": {"uv": [0, 0, 0, 0.03125], "texture": "#3"},
				"west": {"uv": [14.5, 10.25, 14.53125, 10.28125], "texture": "#3"},
				"up": {"uv": [0, 0.03125, 0, 0], "texture": "#3"},
				"down": {"uv": [0, 0, 0, 0.03125], "texture": "#3"}
			}
		},
		{
			"from": [7.75, 8.75, 5.45],
			"to": [7.75, 8.975, 5.6],
			"rotation": {"angle": -22.5, "axis": "x", "origin": [8, 6.05, 8.45]},
			"faces": {
				"north": {"uv": [0, 0, 0, 0.03125], "texture": "#3"},
				"east": {"uv": [10.125, 14.5, 10.15625, 14.53125], "texture": "#3"},
				"south": {"uv": [0, 0, 0, 0.03125], "texture": "#3"},
				"west": {"uv": [14.5, 10.125, 14.53125, 10.15625], "texture": "#3"},
				"up": {"uv": [0, 0.03125, 0, 0], "texture": "#3"},
				"down": {"uv": [0, 0, 0, 0.03125], "texture": "#3"}
			}
		},
		{
			"from": [7.53401, 7.42868, 4.2],
			"to": [7.78401, 7.70901, 6.7],
			"rotation": {"angle": -45, "axis": "z", "origin": [7.28401, 6.66612, 8.45]},
			"faces": {
				"north": {"uv": [10, 14.5, 10.03125, 14.53125], "texture": "#3"},
				"east": {"uv": [14, 4.375, 14.3125, 4.40625], "texture": "#3"},
				"south": {"uv": [14.5, 10, 14.53125, 10.03125], "texture": "#3"},
				"west": {"uv": [14, 4.5, 14.3125, 4.53125], "texture": "#3"},
				"up": {"uv": [4.15625, 14.3125, 4.125, 14], "texture": "#3"},
				"down": {"uv": [4.28125, 14, 4.25, 14.3125], "texture": "#3"}
			}
		},
		{
			"from": [8.21599, 7.17868, 4.2],
			"to": [8.46599, 7.70901, 6.7],
			"rotation": {"angle": 45, "axis": "z", "origin": [8.71599, 6.66612, 8.45]},
			"faces": {
				"north": {"uv": [5.375, 14.5, 5.40625, 14.5625], "texture": "#3"},
				"east": {"uv": [13.25, 11.75, 13.5625, 11.8125], "texture": "#3"},
				"south": {"uv": [14.5, 5.375, 14.53125, 5.4375], "texture": "#3"},
				"west": {"uv": [13.25, 11.875, 13.5625, 11.9375], "texture": "#3"},
				"up": {"uv": [4.03125, 14.3125, 4, 14], "texture": "#3"},
				"down": {"uv": [14.03125, 4, 14, 4.3125], "texture": "#3"}
			}
		},
		{
			"from": [8.31043, 6.95003, 8.45],
			"to": [9.29787, 7.70003, 8.95],
			"rotation": {"angle": 45, "axis": "z", "origin": [8.06043, 6.61457, 7.7]},
			"faces": {
				"north": {"uv": [13.875, 4.25, 14, 4.34375], "texture": "#3"},
				"east": {"uv": [14.125, 14.125, 14.1875, 14.21875], "texture": "#3"},
				"south": {"uv": [4.5, 13.875, 4.625, 13.96875], "texture": "#3"},
				"west": {"uv": [0, 14.25, 0.0625, 14.34375], "texture": "#3"},
				"up": {"uv": [14.25, 1.1875, 14.125, 1.125], "texture": "#3"},
				"down": {"uv": [14.25, 1.25, 14.125, 1.3125], "texture": "#3"}
			}
		},
		{
			"from": [8.06043, 6.70003, 6.7],
			"to": [8.31043, 7.93747, 8.95],
			"rotation": {"angle": 45, "axis": "z", "origin": [8.06043, 6.61457, 7.7]},
			"faces": {
				"north": {"uv": [10.875, 14.25, 10.90625, 14.40625], "texture": "#3"},
				"east": {"uv": [9, 11.875, 9.28125, 12.03125], "texture": "#3"},
				"south": {"uv": [11, 14.25, 11.03125, 14.40625], "texture": "#3"},
				"west": {"uv": [11.875, 9.25, 12.15625, 9.40625], "texture": "#3"},
				"up": {"uv": [14.03125, 9.90625, 14, 9.625], "texture": "#3"},
				"down": {"uv": [10.03125, 14, 10, 14.28125], "texture": "#3"}
			}
		},
		{
			"from": [6.83791, 7.2, 6.145],
			"to": [7.33791, 7.375, 6.645],
			"rotation": {"angle": -22.5, "axis": "y", "origin": [7.01291, 6.05, 8.27716]},
			"faces": {
				"north": {"uv": [5.125, 14.5, 5.1875, 14.53125], "texture": "#3"},
				"east": {"uv": [14.5, 5.125, 14.5625, 5.15625], "texture": "#3"},
				"south": {"uv": [5.25, 14.5, 5.3125, 14.53125], "texture": "#3"},
				"west": {"uv": [14.5, 5.25, 14.5625, 5.28125], "texture": "#3"},
				"up": {"uv": [14.4375, 2.5625, 14.375, 2.5], "texture": "#3"},
				"down": {"uv": [2.6875, 14.375, 2.625, 14.4375], "texture": "#3"}
			}
		},
		{
			"from": [6.68791, 7.375, 5.72716],
			"to": [7.18791, 7.55, 6.72716],
			"rotation": {"angle": -22.5, "axis": "y", "origin": [7.01291, 6.05, 8.27716]},
			"faces": {
				"north": {"uv": [5, 14.5, 5.0625, 14.53125], "texture": "#3"},
				"east": {"uv": [14.375, 2.375, 14.5, 2.40625], "texture": "#3"},
				"south": {"uv": [14.5, 5, 14.5625, 5.03125], "texture": "#3"},
				"west": {"uv": [2.5, 14.375, 2.625, 14.40625], "texture": "#3"},
				"up": {"uv": [0.9375, 14.25, 0.875, 14.125], "texture": "#3"},
				"down": {"uv": [14.1875, 1, 14.125, 1.125], "texture": "#3"}
			}
		},
		{
			"from": [6.51291, 7.549, 5.45216],
			"to": [7.01291, 7.799, 6.77716],
			"rotation": {"angle": -22.5, "axis": "y", "origin": [7.01291, 6.05, 8.27716]},
			"faces": {
				"north": {"uv": [4.875, 14.5, 4.9375, 14.53125], "texture": "#3"},
				"east": {"uv": [14.25, 10.625, 14.40625, 10.65625], "texture": "#3"},
				"south": {"uv": [14.5, 4.875, 14.5625, 4.90625], "texture": "#3"},
				"west": {"uv": [14.25, 10.75, 14.40625, 10.78125], "texture": "#3"},
				"up": {"uv": [14.0625, 3.40625, 14, 3.25], "texture": "#3"},
				"down": {"uv": [14.0625, 3.75, 14, 3.90625], "texture": "#3"}
			}
		},
		{
			"from": [7.8, 8.9, 5.275],
			"to": [8.2, 9.15, 5.95],
			"rotation": {"angle": -22.5, "axis": "x", "origin": [8, 6.05, 8.45]},
			"faces": {
				"north": {"uv": [4.75, 14.5, 4.8125, 14.53125], "texture": "#3"},
				"east": {"uv": [14.375, 11, 14.46875, 11.03125], "texture": "#3"},
				"south": {"uv": [14.5, 4.75, 14.5625, 4.78125], "texture": "#3"},
				"west": {"uv": [11.125, 14.375, 11.21875, 14.40625], "texture": "#3"},
				"up": {"uv": [14.0625, 14.21875, 14, 14.125], "texture": "#3"},
				"down": {"uv": [14.1875, 14, 14.125, 14.09375], "texture": "#3"}
			}
		},
		{
			"from": [7.775, 8.875, 5.95],
			"to": [8.225, 9.15, 6.55],
			"rotation": {"angle": -22.5, "axis": "x", "origin": [8, 6.05, 8.45]},
			"faces": {
				"north": {"uv": [4.5, 14.5, 4.5625, 14.53125], "texture": "#3"},
				"east": {"uv": [14.5, 4.5, 14.5625, 4.53125], "texture": "#3"},
				"south": {"uv": [4.625, 14.5, 4.6875, 14.53125], "texture": "#3"},
				"west": {"uv": [14.5, 4.625, 14.5625, 4.65625], "texture": "#3"},
				"up": {"uv": [14.4375, 2.3125, 14.375, 2.25], "texture": "#3"},
				"down": {"uv": [2.4375, 14.375, 2.375, 14.4375], "texture": "#3"}
			}
		},
		{
			"from": [7.7, 7.875, 5.5],
			"to": [8.3, 8.175, 7.75],
			"rotation": {"angle": 0, "axis": "y", "origin": [8, 6.05, 8.45]},
			"faces": {
				"north": {"uv": [4.375, 14.5, 4.4375, 14.53125], "texture": "#3"},
				"east": {"uv": [14, 9.5, 14.28125, 9.53125], "texture": "#3"},
				"south": {"uv": [14.5, 4.375, 14.5625, 4.40625], "texture": "#3"},
				"west": {"uv": [9.625, 14, 9.90625, 14.03125], "texture": "#3"},
				"up": {"uv": [0.1875, 13.78125, 0.125, 13.5], "texture": "#3"},
				"down": {"uv": [0.3125, 13.5, 0.25, 13.78125], "texture": "#3"}
			}
		},
		{
			"from": [7.125, 7.90828, 8.00395],
			"to": [8.875, 8.00828, 9.00395],
			"rotation": {"angle": -22.5, "axis": "x", "origin": [8, 6.00828, 8.25395]},
			"faces": {
				"north": {"uv": [14.125, 12, 14.34375, 12.03125], "texture": "#3"},
				"east": {"uv": [14.375, 2.125, 14.5, 2.15625], "texture": "#3"},
				"south": {"uv": [14.125, 12.125, 14.34375, 12.15625], "texture": "#3"},
				"west": {"uv": [2.25, 14.375, 2.375, 14.40625], "texture": "#3"},
				"up": {"uv": [4.21875, 12.875, 4, 12.75], "texture": "#3"},
				"down": {"uv": [12.96875, 4, 12.75, 4.125], "texture": "#3"}
			}
		},
		{
			"from": [7.6, 6.075, 6.05],
			"to": [7.775, 7.825, 6.8],
			"rotation": {"angle": 45, "axis": "x", "origin": [8, 6.05, 8.45]},
			"faces": {
				"north": {"uv": [14.125, 11.625, 14.15625, 11.84375], "texture": "#3"},
				"east": {"uv": [7, 13.25, 7.09375, 13.46875], "texture": "#3"},
				"south": {"uv": [11.75, 14.125, 11.78125, 14.34375], "texture": "#3"},
				"west": {"uv": [7.25, 13.25, 7.34375, 13.46875], "texture": "#3"},
				"up": {"uv": [10.78125, 14.46875, 10.75, 14.375], "texture": "#3"},
				"down": {"uv": [14.40625, 10.875, 14.375, 10.96875], "texture": "#3"}
			}
		},
		{
			"from": [7.6, 5.575, 5.55],
			"to": [7.775, 7.825, 6.05],
			"rotation": {"angle": 45, "axis": "x", "origin": [8, 6.05, 8.45]},
			"faces": {
				"north": {"uv": [9.25, 14, 9.28125, 14.28125], "texture": "#3"},
				"east": {"uv": [13.125, 13.375, 13.1875, 13.65625], "texture": "#3"},
				"south": {"uv": [9.375, 14, 9.40625, 14.28125], "texture": "#3"},
				"west": {"uv": [13.25, 13.375, 13.3125, 13.65625], "texture": "#3"},
				"up": {"uv": [4.28125, 14.5625, 4.25, 14.5], "texture": "#3"},
				"down": {"uv": [14.53125, 4.25, 14.5, 4.3125], "texture": "#3"}
			}
		},
		{
			"from": [7.6, 5.325, 5.3],
			"to": [7.775, 7.825, 5.55],
			"rotation": {"angle": 45, "axis": "x", "origin": [8, 6.05, 8.45]},
			"faces": {
				"north": {"uv": [3.25, 14, 3.28125, 14.3125], "texture": "#3"},
				"east": {"uv": [3.375, 14, 3.40625, 14.3125], "texture": "#3"},
				"south": {"uv": [3.5, 14, 3.53125, 14.3125], "texture": "#3"},
				"west": {"uv": [3.75, 14, 3.78125, 14.3125], "texture": "#3"},
				"up": {"uv": [9.90625, 14.53125, 9.875, 14.5], "texture": "#3"},
				"down": {"uv": [14.53125, 9.875, 14.5, 9.90625], "texture": "#3"}
			}
		},
		{
			"from": [7.125, 7.8, 8.54776],
			"to": [8.875, 8.56537, 8.95],
			"rotation": {"angle": 0, "axis": "y", "origin": [8, 6.05, 8.45]},
			"faces": {
				"north": {"uv": [13.25, 5.25, 13.46875, 5.34375], "texture": "#3"},
				"east": {"uv": [13.875, 14.125, 13.9375, 14.21875], "texture": "#3"},
				"south": {"uv": [13.25, 6, 13.46875, 6.09375], "texture": "#3"},
				"west": {"uv": [14.125, 13.875, 14.1875, 13.96875], "texture": "#3"},
				"up": {"uv": [13.96875, 4.5625, 13.75, 4.5], "texture": "#3"},
				"down": {"uv": [4.96875, 13.75, 4.75, 13.8125], "texture": "#3"}
			}
		},
		{
			"from": [7.125, 8.05, 8.04776],
			"to": [8.875, 8.3, 8.54776],
			"rotation": {"angle": 0, "axis": "y", "origin": [8, 6.05, 8.45]},
			"faces": {
				"north": {"uv": [11.5, 14.125, 11.71875, 14.15625], "texture": "#3"},
				"east": {"uv": [4.125, 14.5, 4.1875, 14.53125], "texture": "#3"},
				"south": {"uv": [14.125, 11.5, 14.34375, 11.53125], "texture": "#3"},
				"west": {"uv": [14.5, 4.125, 14.5625, 4.15625], "texture": "#3"},
				"up": {"uv": [13.96875, 4.4375, 13.75, 4.375], "texture": "#3"},
				"down": {"uv": [4.71875, 13.75, 4.5, 13.8125], "texture": "#3"}
			}
		},
		{
			"from": [7.125, 7.8, 7.54776],
			"to": [8.875, 8.05, 8.54776],
			"rotation": {"angle": 0, "axis": "y", "origin": [8, 6.05, 8.45]},
			"faces": {
				"north": {"uv": [14.125, 11.25, 14.34375, 11.28125], "texture": "#3"},
				"east": {"uv": [14.375, 2, 14.5, 2.03125], "texture": "#3"},
				"south": {"uv": [14.125, 11.375, 14.34375, 11.40625], "texture": "#3"},
				"west": {"uv": [2.125, 14.375, 2.25, 14.40625], "texture": "#3"},
				"up": {"uv": [12.96875, 3.875, 12.75, 3.75], "texture": "#3"},
				"down": {"uv": [12.96875, 3.875, 12.75, 4], "texture": "#3"}
			}
		},
		{
			"from": [7.625, 7.05, 5.15],
			"to": [8.375, 7.6, 5.475],
			"rotation": {"angle": 0, "axis": "y", "origin": [8, 6.05, 8.45]},
			"faces": {
				"north": {"uv": [10.125, 0.5, 10.21875, 0.5625], "texture": "#4"},
				"east": {"uv": [10.375, 1.875, 10.40625, 1.9375], "texture": "#4"},
				"south": {"uv": [10.125, 0.625, 10.21875, 0.6875], "texture": "#4"},
				"west": {"uv": [2, 10.375, 2.03125, 10.4375], "texture": "#4"},
				"up": {"uv": [6.34375, 10.28125, 6.25, 10.25], "texture": "#4"},
				"down": {"uv": [10.34375, 6.25, 10.25, 6.28125], "texture": "#4"}
			}
		},
		{
			"from": [7.624, 8.55176, 4.90981],
			"to": [8.376, 8.75176, 6.35981],
			"rotation": {"angle": -22.5, "axis": "x", "origin": [8, 6.05176, 8.30981]},
			"faces": {
				"north": {"uv": [6.125, 10.25, 6.21875, 10.28125], "texture": "#4"},
				"east": {"uv": [10.125, 0.25, 10.3125, 0.28125], "texture": "#4"},
				"south": {"uv": [10.25, 6.125, 10.34375, 6.15625], "texture": "#4"},
				"west": {"uv": [10.125, 0.375, 10.3125, 0.40625], "texture": "#4"},
				"up": {"uv": [9.59375, 4.8125, 9.5, 4.625], "texture": "#4"},
				"down": {"uv": [4.96875, 9.5, 4.875, 9.6875], "texture": "#4"}
			}
		},
		{
			"from": [8.31043, 6.70003, 6.7],
			"to": [9.29787, 6.95003, 8.95],
			"rotation": {"angle": 45, "axis": "z", "origin": [8.06043, 6.61457, 7.7]},
			"faces": {
				"north": {"uv": [1.5, 10.25, 1.625, 10.28125], "texture": "#4"},
				"east": {"uv": [5.125, 9.875, 5.40625, 9.90625], "texture": "#4"},
				"south": {"uv": [1.625, 10.25, 1.75, 10.28125], "texture": "#4"},
				"west": {"uv": [9.875, 5.125, 10.15625, 5.15625], "texture": "#4"},
				"up": {"uv": [6.5, 8.78125, 6.375, 8.5], "texture": "#4"},
				"down": {"uv": [8.625, 7.5, 8.5, 7.78125], "texture": "#4"}
			}
		},
		{
			"from": [8.81209, 7.375, 5.72716],
			"to": [9.31209, 7.55, 6.72716],
			"rotation": {"angle": 22.5, "axis": "y", "origin": [8.98709, 6.05, 8.27716]},
			"faces": {
				"north": {"uv": [10.375, 1.75, 10.4375, 1.78125], "texture": "#4"},
				"east": {"uv": [1.25, 10.25, 1.375, 10.28125], "texture": "#4"},
				"south": {"uv": [1.875, 10.375, 1.9375, 10.40625], "texture": "#4"},
				"west": {"uv": [1.375, 10.25, 1.5, 10.28125], "texture": "#4"},
				"up": {"uv": [10.0625, 3.25, 10, 3.125], "texture": "#4"},
				"down": {"uv": [10.0625, 3.25, 10, 3.375], "texture": "#4"}
			}
		},
		{
			"from": [8.98709, 7.549, 5.45216],
			"to": [9.48709, 7.799, 6.77716],
			"rotation": {"angle": 22.5, "axis": "y", "origin": [8.98709, 6.05, 8.27716]},
			"faces": {
				"north": {"uv": [10.375, 1.625, 10.4375, 1.65625], "texture": "#4"},
				"east": {"uv": [10.125, 3.75, 10.28125, 3.78125], "texture": "#4"},
				"south": {"uv": [1.75, 10.375, 1.8125, 10.40625], "texture": "#4"},
				"west": {"uv": [10.125, 3.875, 10.28125, 3.90625], "texture": "#4"},
				"up": {"uv": [9.9375, 1.65625, 9.875, 1.5], "texture": "#4"},
				"down": {"uv": [9.9375, 1.75, 9.875, 1.90625], "texture": "#4"}
			}
		},
		{
			"from": [7.625, 7.05, 5.475],
			"to": [8.375, 7.8, 6.975],
			"rotation": {"angle": 0, "axis": "y", "origin": [8, 6.05, 8.45]},
			"faces": {
				"north": {"uv": [5, 9.875, 5.09375, 9.96875], "texture": "#4"},
				"east": {"uv": [9.5, 0.875, 9.6875, 0.96875], "texture": "#4"},
				"south": {"uv": [9.875, 5, 9.96875, 5.09375], "texture": "#4"},
				"west": {"uv": [9.5, 1.375, 9.6875, 1.46875], "texture": "#4"},
				"up": {"uv": [4.59375, 9.6875, 4.5, 9.5], "texture": "#4"},
				"down": {"uv": [4.71875, 9.5, 4.625, 9.6875], "texture": "#4"}
			}
		},
		{
			"from": [7.124, 8.00828, 7.50395],
			"to": [8.876, 8.25828, 9.50395],
			"rotation": {"angle": -22.5, "axis": "x", "origin": [8, 6.00828, 8.25395]},
			"faces": {
				"north": {"uv": [10, 5, 10.21875, 5.03125], "texture": "#4"},
				"east": {"uv": [10, 2.75, 10.25, 2.78125], "texture": "#4"},
				"south": {"uv": [5.25, 10, 5.46875, 10.03125], "texture": "#4"},
				"west": {"uv": [3.125, 10, 3.375, 10.03125], "texture": "#4"},
				"up": {"uv": [5.46875, 8.125, 5.25, 7.875], "texture": "#4"},
				"down": {"uv": [8.09375, 5.25, 7.875, 5.5], "texture": "#4"}
			}
		},
		{
			"from": [7.125, 7.55, 6.7],
			"to": [8.875, 7.8, 8.95],
			"rotation": {"angle": 0, "axis": "y", "origin": [8, 6.05, 8.45]},
			"faces": {
				"north": {"uv": [4.75, 10, 4.96875, 10.03125], "texture": "#4"},
				"east": {"uv": [9.875, 4.75, 10.15625, 4.78125], "texture": "#4"},
				"south": {"uv": [5, 10, 5.21875, 10.03125], "texture": "#4"},
				"west": {"uv": [9.875, 4.875, 10.15625, 4.90625], "texture": "#4"},
				"up": {"uv": [7.84375, 6.53125, 7.625, 6.25], "texture": "#4"},
				"down": {"uv": [7.84375, 6.875, 7.625, 7.15625], "texture": "#4"}
			}
		}
	],
	"display": {
		"head": {
			"rotation": [0, 180, 0]
		}
	}
}