{
	"credit": "Made with Blockbench",
	"textures": {
		"1": "animated_java:item/valk_aj/head",
		"3": "animated_java:item/valk_aj/main",
		"4": "animated_java:item/valk_aj/texture"
	},
	"elements": [
		{
			"from": [8.75, 13.16044, 9.37676],
			"to": [8.75, 14.66044, 17.37676],
			"rotation": {"angle": -22.5, "axis": "x", "origin": [8.75, 6.66044, 20.37676]},
			"faces": {
				"north": {"uv": [0, 0, 0, 3], "texture": "#missing"},
				"east": {"uv": [16, 0, 0, 3], "texture": "#1"},
				"south": {"uv": [0, 0, 0, 3], "texture": "#missing"},
				"west": {"uv": [0, 0, 16, 3], "texture": "#1"},
				"up": {"uv": [0, 0, 0, 16], "texture": "#missing"},
				"down": {"uv": [0, 0, 0, 16], "texture": "#missing"}
			}
		},
		{
			"from": [7.25, 13.16044, 9.37676],
			"to": [7.25, 14.66044, 17.37676],
			"rotation": {"angle": -22.5, "axis": "x", "origin": [8.75, 6.66044, 20.37676]},
			"faces": {
				"north": {"uv": [0, 0, 0, 3], "texture": "#missing"},
				"east": {"uv": [16, 0, 0, 3], "texture": "#1"},
				"south": {"uv": [0, 0, 0, 3], "texture": "#missing"},
				"west": {"uv": [0, 0, 16, 3], "texture": "#1"},
				"up": {"uv": [0, 0, 0, 16], "texture": "#missing"},
				"down": {"uv": [0, 0, 0, 16], "texture": "#missing"}
			}
		},
		{
			"from": [8, 12.81082, 10.45146],
			"to": [8, 14.31082, 18.45146],
			"rotation": {"angle": -22.5, "axis": "x", "origin": [7.75, 6.31082, 17.45146]},
			"faces": {
				"north": {"uv": [0, 0, 0, 0.1875], "texture": "#missing"},
				"east": {"uv": [16, 0, 0, 3], "texture": "#1"},
				"south": {"uv": [0, 0, 0, 3], "texture": "#missing"},
				"west": {"uv": [0, 0, 16, 3], "texture": "#1"},
				"up": {"uv": [0, 0, 0, 16], "texture": "#missing"},
				"down": {"uv": [0, 0, 0, 16], "texture": "#missing"}
			}
		},
		{
			"from": [7.125, 7.975, 8.02821],
			"to": [8.875, 8.975, 8.82821],
			"rotation": {"angle": 0, "axis": "y", "origin": [8, 6.225, 18.02821]},
			"faces": {
				"north": {"uv": [9.625, 8.625, 9.84375, 8.75], "texture": "#3"},
				"east": {"uv": [13.875, 0.5, 13.96875, 0.625], "texture": "#3"},
				"south": {"uv": [9.75, 4.625, 9.96875, 4.75], "texture": "#3"},
				"west": {"uv": [1.125, 13.875, 1.21875, 14], "texture": "#3"},
				"up": {"uv": [13.46875, 4.84375, 13.25, 4.75], "texture": "#3"},
				"down": {"uv": [13.46875, 5, 13.25, 5.09375], "texture": "#3"}
			}
		},
		{
			"from": [7.749, 7.475, 3.21105],
			"to": [8.251, 9.07139, 3.87821],
			"rotation": {"angle": 0, "axis": "y", "origin": [8, 6.225, 18.02821]},
			"faces": {
				"north": {"uv": [3.625, 13.875, 3.6875, 14.0625], "texture": "#3"},
				"east": {"uv": [13.375, 11.5, 13.46875, 11.6875], "texture": "#3"},
				"south": {"uv": [4.375, 13.875, 4.4375, 14.0625], "texture": "#3"},
				"west": {"uv": [12.625, 13.375, 12.71875, 13.5625], "texture": "#3"},
				"up": {"uv": [13.6875, 14.21875, 13.625, 14.125], "texture": "#3"},
				"down": {"uv": [14.1875, 13.625, 14.125, 13.71875], "texture": "#3"}
			}
		},
		{
			"from": [8.25, 7.875, 5.12821],
			"to": [8.25, 8.225, 5.27821],
			"rotation": {"angle": 0, "axis": "y", "origin": [8, 6.225, 18.02821]},
			"faces": {
				"north": {"uv": [0, 0, 0, 0.03125], "texture": "#3"},
				"east": {"uv": [14.53125, 9.75, 14.5, 9.78125], "texture": "#3"},
				"south": {"uv": [0, 0, 0, 0.03125], "texture": "#3"},
				"west": {"uv": [9.78125, 14.5, 9.75, 14.53125], "texture": "#3"},
				"up": {"uv": [0, 0.03125, 0, 0], "texture": "#3"},
				"down": {"uv": [0, 0, 0, 0.03125], "texture": "#3"}
			}
		},
		{
			"from": [8.25, 7.875, 4.85321],
			"to": [8.25, 8.225, 5.00321],
			"rotation": {"angle": 0, "axis": "y", "origin": [8, 6.225, 18.02821]},
			"faces": {
				"north": {"uv": [0, 0, 0, 0.03125], "texture": "#3"},
				"east": {"uv": [14.53125, 9.625, 14.5, 9.65625], "texture": "#3"},
				"south": {"uv": [0, 0, 0, 0.03125], "texture": "#3"},
				"west": {"uv": [9.65625, 14.5, 9.625, 14.53125], "texture": "#3"},
				"up": {"uv": [0, 0.03125, 0, 0], "texture": "#3"},
				"down": {"uv": [0, 0, 0, 0.03125], "texture": "#3"}
			}
		},
		{
			"from": [8.25, 7.875, 4.57821],
			"to": [8.25, 8.225, 4.72821],
			"rotation": {"angle": 0, "axis": "y", "origin": [8, 6.225, 18.02821]},
			"faces": {
				"north": {"uv": [0, 0, 0, 0.03125], "texture": "#3"},
				"east": {"uv": [14.53125, 9.5, 14.5, 9.53125], "texture": "#3"},
				"south": {"uv": [0, 0, 0, 0.03125], "texture": "#3"},
				"west": {"uv": [9.53125, 14.5, 9.5, 14.53125], "texture": "#3"},
				"up": {"uv": [0, 0.03125, 0, 0], "texture": "#3"},
				"down": {"uv": [0, 0, 0, 0.03125], "texture": "#3"}
			}
		},
		{
			"from": [8.25, 7.875, 4.30321],
			"to": [8.25, 8.225, 4.45321],
			"rotation": {"angle": 0, "axis": "y", "origin": [8, 6.225, 18.02821]},
			"faces": {
				"north": {"uv": [0, 0, 0, 0.03125], "texture": "#3"},
				"east": {"uv": [14.53125, 9.375, 14.5, 9.40625], "texture": "#3"},
				"south": {"uv": [0, 0, 0, 0.03125], "texture": "#3"},
				"west": {"uv": [9.40625, 14.5, 9.375, 14.53125], "texture": "#3"},
				"up": {"uv": [0, 0.03125, 0, 0], "texture": "#3"},
				"down": {"uv": [0, 0, 0, 0.03125], "texture": "#3"}
			}
		},
		{
			"from": [8.25, 7.875, 4.02821],
			"to": [8.25, 8.225, 4.17821],
			"rotation": {"angle": 0, "axis": "y", "origin": [8, 6.225, 18.02821]},
			"faces": {
				"north": {"uv": [0, 0, 0, 0.03125], "texture": "#3"},
				"east": {"uv": [14.53125, 9.25, 14.5, 9.28125], "texture": "#3"},
				"south": {"uv": [0, 0, 0, 0.03125], "texture": "#3"},
				"west": {"uv": [9.28125, 14.5, 9.25, 14.53125], "texture": "#3"},
				"up": {"uv": [0, 0.03125, 0, 0], "texture": "#3"},
				"down": {"uv": [0, 0, 0, 0.03125], "texture": "#3"}
			}
		},
		{
			"from": [8.375, -0.99277, 8.53867],
			"to": [8.525, -0.74277, 9.03867],
			"rotation": {"angle": 45, "axis": "x", "origin": [8.1, 6.23223, 18.76367]},
			"faces": {
				"north": {"uv": [8.40625, 14.5, 8.375, 14.53125], "texture": "#3"},
				"east": {"uv": [14.5625, 2.625, 14.5, 2.65625], "texture": "#3"},
				"south": {"uv": [14.53125, 8.375, 14.5, 8.40625], "texture": "#3"},
				"west": {"uv": [2.6875, 14.5, 2.625, 14.53125], "texture": "#3"},
				"up": {"uv": [2.75, 14.5625, 2.78125, 14.5], "texture": "#3"},
				"down": {"uv": [14.5, 2.75, 14.53125, 2.8125], "texture": "#3"}
			}
		},
		{
			"from": [8.201, -1.275, 7.65321],
			"to": [8.376, -0.025, 9.40321],
			"rotation": {"angle": 45, "axis": "x", "origin": [8, 6.225, 18.02821]},
			"faces": {
				"north": {"uv": [9.90625, 14.25, 9.875, 14.40625], "texture": "#3"},
				"east": {"uv": [12.71875, 1.5, 12.5, 1.65625], "texture": "#3"},
				"south": {"uv": [10.40625, 14.25, 10.375, 14.40625], "texture": "#3"},
				"west": {"uv": [12.71875, 1, 12.5, 1.15625], "texture": "#3"},
				"up": {"uv": [14.125, 10.84375, 14.15625, 10.625], "texture": "#3"},
				"down": {"uv": [10.75, 14.125, 10.78125, 14.34375], "texture": "#3"}
			}
		},
		{
			"from": [8.251, 7.975, 3.77821],
			"to": [8.502, 8.725, 4.77821],
			"rotation": {"angle": 0, "axis": "y", "origin": [8, 6.225, 18.02821]},
			"faces": {
				"north": {"uv": [9.53125, 14.375, 9.5, 14.46875], "texture": "#3"},
				"east": {"uv": [14, 1.75, 13.875, 1.84375], "texture": "#3"},
				"south": {"uv": [14.40625, 9.5, 14.375, 9.59375], "texture": "#3"},
				"west": {"uv": [1.875, 13.875, 1.75, 13.96875], "texture": "#3"},
				"up": {"uv": [1.125, 14.5, 1.15625, 14.375], "texture": "#3"},
				"down": {"uv": [14.375, 1.125, 14.40625, 1.25], "texture": "#3"}
			}
		},
		{
			"from": [8.252, 13.16237, 5.56099],
			"to": [8.501, 13.31237, 6.06099],
			"rotation": {"angle": -22.5, "axis": "x", "origin": [8.001, 6.16237, 18.08599]},
			"faces": {
				"north": {"uv": [8.15625, 14.5, 8.125, 14.53125], "texture": "#3"},
				"east": {"uv": [14.5625, 1.875, 14.5, 1.90625], "texture": "#3"},
				"south": {"uv": [14.53125, 8.125, 14.5, 8.15625], "texture": "#3"},
				"west": {"uv": [1.9375, 14.5, 1.875, 14.53125], "texture": "#3"},
				"up": {"uv": [2, 14.5625, 2.03125, 14.5], "texture": "#3"},
				"down": {"uv": [14.5, 2, 14.53125, 2.0625], "texture": "#3"}
			}
		},
		{
			"from": [8.252, 13.25661, 5.83066],
			"to": [8.501, 14.00661, 6.58066],
			"rotation": {"angle": -22.5, "axis": "x", "origin": [8, 6.20661, 18.08066]},
			"faces": {
				"north": {"uv": [9.15625, 14.375, 9.125, 14.46875], "texture": "#3"},
				"east": {"uv": [8.46875, 14, 8.375, 14.09375], "texture": "#3"},
				"south": {"uv": [14.40625, 9.125, 14.375, 9.21875], "texture": "#3"},
				"west": {"uv": [14.09375, 8.25, 14, 8.34375], "texture": "#3"},
				"up": {"uv": [9.25, 14.46875, 9.28125, 14.375], "texture": "#3"},
				"down": {"uv": [9.375, 14.375, 9.40625, 14.46875], "texture": "#3"}
			}
		},
		{
			"from": [7.75, 7.875, 5.12821],
			"to": [7.75, 8.225, 5.27821],
			"rotation": {"angle": 0, "axis": "y", "origin": [8, 6.225, 18.02821]},
			"faces": {
				"north": {"uv": [0, 0, 0, 0.03125], "texture": "#3"},
				"east": {"uv": [9.75, 14.5, 9.78125, 14.53125], "texture": "#3"},
				"south": {"uv": [0, 0, 0, 0.03125], "texture": "#3"},
				"west": {"uv": [14.5, 9.75, 14.53125, 9.78125], "texture": "#3"},
				"up": {"uv": [0, 0.03125, 0, 0], "texture": "#3"},
				"down": {"uv": [0, 0, 0, 0.03125], "texture": "#3"}
			}
		},
		{
			"from": [7.75, 7.875, 4.85321],
			"to": [7.75, 8.225, 5.00321],
			"rotation": {"angle": 0, "axis": "y", "origin": [8, 6.225, 18.02821]},
			"faces": {
				"north": {"uv": [0, 0, 0, 0.03125], "texture": "#3"},
				"east": {"uv": [9.625, 14.5, 9.65625, 14.53125], "texture": "#3"},
				"south": {"uv": [0, 0, 0, 0.03125], "texture": "#3"},
				"west": {"uv": [14.5, 9.625, 14.53125, 9.65625], "texture": "#3"},
				"up": {"uv": [0, 0.03125, 0, 0], "texture": "#3"},
				"down": {"uv": [0, 0, 0, 0.03125], "texture": "#3"}
			}
		},
		{
			"from": [7.75, 7.875, 4.57821],
			"to": [7.75, 8.225, 4.72821],
			"rotation": {"angle": 0, "axis": "y", "origin": [8, 6.225, 18.02821]},
			"faces": {
				"north": {"uv": [0, 0, 0, 0.03125], "texture": "#3"},
				"east": {"uv": [9.5, 14.5, 9.53125, 14.53125], "texture": "#3"},
				"south": {"uv": [0, 0, 0, 0.03125], "texture": "#3"},
				"west": {"uv": [14.5, 9.5, 14.53125, 9.53125], "texture": "#3"},
				"up": {"uv": [0, 0.03125, 0, 0], "texture": "#3"},
				"down": {"uv": [0, 0, 0, 0.03125], "texture": "#3"}
			}
		},
		{
			"from": [7.75, 7.875, 4.30321],
			"to": [7.75, 8.225, 4.45321],
			"rotation": {"angle": 0, "axis": "y", "origin": [8, 6.225, 18.02821]},
			"faces": {
				"north": {"uv": [0, 0, 0, 0.03125], "texture": "#3"},
				"east": {"uv": [9.375, 14.5, 9.40625, 14.53125], "texture": "#3"},
				"south": {"uv": [0, 0, 0, 0.03125], "texture": "#3"},
				"west": {"uv": [14.5, 9.375, 14.53125, 9.40625], "texture": "#3"},
				"up": {"uv": [0, 0.03125, 0, 0], "texture": "#3"},
				"down": {"uv": [0, 0, 0, 0.03125], "texture": "#3"}
			}
		},
		{
			"from": [7.75, 7.875, 4.02821],
			"to": [7.75, 8.225, 4.17821],
			"rotation": {"angle": 0, "axis": "y", "origin": [8, 6.225, 18.02821]},
			"faces": {
				"north": {"uv": [0, 0, 0, 0.03125], "texture": "#3"},
				"east": {"uv": [9.25, 14.5, 9.28125, 14.53125], "texture": "#3"},
				"south": {"uv": [0, 0, 0, 0.03125], "texture": "#3"},
				"west": {"uv": [14.5, 9.25, 14.53125, 9.28125], "texture": "#3"},
				"up": {"uv": [0, 0.03125, 0, 0], "texture": "#3"},
				"down": {"uv": [0, 0, 0, 0.03125], "texture": "#3"}
			}
		},
		{
			"from": [7.625, 8.225, 3.77821],
			"to": [8.375, 8.475, 5.02821],
			"rotation": {"angle": 0, "axis": "y", "origin": [8, 6.225, 18.02821]},
			"faces": {
				"north": {"uv": [10.125, 14.375, 10.21875, 14.40625], "texture": "#3"},
				"east": {"uv": [14.25, 10.375, 14.40625, 10.40625], "texture": "#3"},
				"south": {"uv": [14.375, 10.125, 14.46875, 10.15625], "texture": "#3"},
				"west": {"uv": [10.5, 14.25, 10.65625, 14.28125], "texture": "#3"},
				"up": {"uv": [0.46875, 13.90625, 0.375, 13.75], "texture": "#3"},
				"down": {"uv": [0.84375, 13.75, 0.75, 13.90625], "texture": "#3"}
			}
		},
		{
			"from": [7.475, -0.99277, 8.53867],
			"to": [7.625, -0.74277, 9.03867],
			"rotation": {"angle": 45, "axis": "x", "origin": [7.9, 6.23223, 18.76367]},
			"faces": {
				"north": {"uv": [8.375, 14.5, 8.40625, 14.53125], "texture": "#3"},
				"east": {"uv": [2.625, 14.5, 2.6875, 14.53125], "texture": "#3"},
				"south": {"uv": [14.5, 8.375, 14.53125, 8.40625], "texture": "#3"},
				"west": {"uv": [14.5, 2.625, 14.5625, 2.65625], "texture": "#3"},
				"up": {"uv": [2.78125, 14.5625, 2.75, 14.5], "texture": "#3"},
				"down": {"uv": [14.53125, 2.75, 14.5, 2.8125], "texture": "#3"}
			}
		},
		{
			"from": [7.624, -1.275, 7.65321],
			"to": [7.799, -0.025, 9.40321],
			"rotation": {"angle": 45, "axis": "x", "origin": [8, 6.225, 18.02821]},
			"faces": {
				"north": {"uv": [9.875, 14.25, 9.90625, 14.40625], "texture": "#3"},
				"east": {"uv": [12.5, 1, 12.71875, 1.15625], "texture": "#3"},
				"south": {"uv": [10.375, 14.25, 10.40625, 14.40625], "texture": "#3"},
				"west": {"uv": [12.5, 1.5, 12.71875, 1.65625], "texture": "#3"},
				"up": {"uv": [14.15625, 10.84375, 14.125, 10.625], "texture": "#3"},
				"down": {"uv": [10.78125, 14.125, 10.75, 14.34375], "texture": "#3"}
			}
		},
		{
			"from": [7.625, 3.475, 6.15321],
			"to": [8.375, 4.725, 8.40321],
			"rotation": {"angle": 22.5, "axis": "x", "origin": [8, 6.225, 18.02821]},
			"faces": {
				"north": {"uv": [0, 13.75, 0.09375, 13.90625], "texture": "#3"},
				"east": {"uv": [11.875, 8.625, 12.15625, 8.78125], "texture": "#3"},
				"south": {"uv": [13.75, 0.25, 13.84375, 0.40625], "texture": "#3"},
				"west": {"uv": [11.875, 8.875, 12.15625, 9.03125], "texture": "#3"},
				"up": {"uv": [12.84375, 12.90625, 12.75, 12.625], "texture": "#3"},
				"down": {"uv": [12.96875, 0.25, 12.875, 0.53125], "texture": "#3"}
			}
		},
		{
			"from": [7.375, 8, 6.77821],
			"to": [8.625, 8.5, 8.02821],
			"rotation": {"angle": 0, "axis": "y", "origin": [8, 6.225, 18.02821]},
			"faces": {
				"north": {"uv": [14, 2.625, 14.15625, 2.6875], "texture": "#3"},
				"east": {"uv": [2.75, 14, 2.90625, 14.0625], "texture": "#3"},
				"south": {"uv": [14, 2.75, 14.15625, 2.8125], "texture": "#3"},
				"west": {"uv": [14, 2.875, 14.15625, 2.9375], "texture": "#3"},
				"up": {"uv": [13.03125, 8.03125, 12.875, 7.875], "texture": "#3"},
				"down": {"uv": [13.03125, 10.5, 12.875, 10.65625], "texture": "#3"}
			}
		},
		{
			"from": [7.375, 8.224, 5.02821],
			"to": [8.625, 8.474, 6.77821],
			"rotation": {"angle": 0, "axis": "y", "origin": [8, 6.225, 18.02821]},
			"faces": {
				"north": {"uv": [10.125, 14.25, 10.28125, 14.28125], "texture": "#3"},
				"east": {"uv": [10.5, 14.125, 10.71875, 14.15625], "texture": "#3"},
				"south": {"uv": [14.25, 10.25, 14.40625, 10.28125], "texture": "#3"},
				"west": {"uv": [14.125, 10.5, 14.34375, 10.53125], "texture": "#3"},
				"up": {"uv": [12.65625, 0.71875, 12.5, 0.5], "texture": "#3"},
				"down": {"uv": [12.65625, 0.75, 12.5, 0.96875], "texture": "#3"}
			}
		},
		{
			"from": [7.499, 7.975, 3.77821],
			"to": [7.75, 8.725, 4.77821],
			"rotation": {"angle": 0, "axis": "y", "origin": [8, 6.225, 18.02821]},
			"faces": {
				"north": {"uv": [9.5, 14.375, 9.53125, 14.46875], "texture": "#3"},
				"east": {"uv": [1.75, 13.875, 1.875, 13.96875], "texture": "#3"},
				"south": {"uv": [14.375, 9.5, 14.40625, 9.59375], "texture": "#3"},
				"west": {"uv": [13.875, 1.75, 14, 1.84375], "texture": "#3"},
				"up": {"uv": [1.15625, 14.5, 1.125, 14.375], "texture": "#3"},
				"down": {"uv": [14.40625, 1.125, 14.375, 1.25], "texture": "#3"}
			}
		},
		{
			"from": [7.499, 13.16237, 5.56099],
			"to": [7.748, 13.31237, 6.06099],
			"rotation": {"angle": -22.5, "axis": "x", "origin": [7.999, 6.16237, 18.08599]},
			"faces": {
				"north": {"uv": [8.125, 14.5, 8.15625, 14.53125], "texture": "#3"},
				"east": {"uv": [1.875, 14.5, 1.9375, 14.53125], "texture": "#3"},
				"south": {"uv": [14.5, 8.125, 14.53125, 8.15625], "texture": "#3"},
				"west": {"uv": [14.5, 1.875, 14.5625, 1.90625], "texture": "#3"},
				"up": {"uv": [2.03125, 14.5625, 2, 14.5], "texture": "#3"},
				"down": {"uv": [14.53125, 2, 14.5, 2.0625], "texture": "#3"}
			}
		},
		{
			"from": [7.5, 13.25661, 5.83066],
			"to": [7.749, 14.00661, 6.58066],
			"rotation": {"angle": -22.5, "axis": "x", "origin": [8, 6.20661, 18.08066]},
			"faces": {
				"north": {"uv": [9.125, 14.375, 9.15625, 14.46875], "texture": "#3"},
				"east": {"uv": [14, 8.25, 14.09375, 8.34375], "texture": "#3"},
				"south": {"uv": [14.375, 9.125, 14.40625, 9.21875], "texture": "#3"},
				"west": {"uv": [8.375, 14, 8.46875, 14.09375], "texture": "#3"},
				"up": {"uv": [9.28125, 14.46875, 9.25, 14.375], "texture": "#3"},
				"down": {"uv": [9.40625, 14.375, 9.375, 14.46875], "texture": "#3"}
			}
		},
		{
			"from": [7.75, 13.775, 5.42821],
			"to": [8.25, 14.525, 6.52821],
			"rotation": {"angle": -22.5, "axis": "x", "origin": [8, 6.225, 18.02821]},
			"faces": {
				"north": {"uv": [13.25, 14.125, 13.3125, 14.21875], "texture": "#3"},
				"east": {"uv": [13.875, 1.5, 14, 1.59375], "texture": "#3"},
				"south": {"uv": [14.125, 13.25, 14.1875, 13.34375], "texture": "#3"},
				"west": {"uv": [13.875, 1.625, 14, 1.71875], "texture": "#3"},
				"up": {"uv": [14.0625, 13.75, 14, 13.625], "texture": "#3"},
				"down": {"uv": [13.8125, 14, 13.75, 14.125], "texture": "#3"}
			}
		},
		{
			"from": [7.751, 1.31287, 7.58323],
			"to": [8.249, 2.56287, 8.58323],
			"rotation": {"angle": 45, "axis": "x", "origin": [8, 6.01287, 17.53323]},
			"faces": {
				"north": {"uv": [7.625, 9.75, 7.6875, 9.90625], "texture": "#4"},
				"east": {"uv": [9.25, 4.75, 9.375, 4.90625], "texture": "#4"},
				"south": {"uv": [7.875, 9.75, 7.9375, 9.90625], "texture": "#4"},
				"west": {"uv": [9.25, 5, 9.375, 5.15625], "texture": "#4"},
				"up": {"uv": [8.6875, 10, 8.625, 9.875], "texture": "#4"},
				"down": {"uv": [9.9375, 8.625, 9.875, 8.75], "texture": "#4"}
			}
		},
		{
			"from": [7.751, 2.275, 8.47821],
			"to": [8.249, 4.525, 8.87821],
			"rotation": {"angle": 45, "axis": "x", "origin": [8, 6.225, 18.02821]},
			"faces": {
				"north": {"uv": [2.375, 9.375, 2.4375, 9.65625], "texture": "#4"},
				"east": {"uv": [2.5, 9.375, 2.5625, 9.65625], "texture": "#4"},
				"south": {"uv": [2.75, 9.375, 2.8125, 9.65625], "texture": "#4"},
				"west": {"uv": [9.375, 2.75, 9.4375, 3.03125], "texture": "#4"},
				"up": {"uv": [10.1875, 5.9375, 10.125, 5.875], "texture": "#4"},
				"down": {"uv": [6.0625, 10.125, 6, 10.1875], "texture": "#4"}
			}
		},
		{
			"from": [7.75, 13.775, 11.52821],
			"to": [8.25, 14.025, 12.27821],
			"rotation": {"angle": -22.5, "axis": "x", "origin": [8, 6.225, 18.02821]},
			"faces": {
				"north": {"uv": [8.25, 10.25, 8.3125, 10.28125], "texture": "#4"},
				"east": {"uv": [3, 10.25, 3.09375, 10.28125], "texture": "#4"},
				"south": {"uv": [10.25, 8.25, 10.3125, 8.28125], "texture": "#4"},
				"west": {"uv": [3.125, 10.25, 3.21875, 10.28125], "texture": "#4"},
				"up": {"uv": [5.8125, 10.09375, 5.75, 10], "texture": "#4"},
				"down": {"uv": [10.0625, 5.75, 10, 5.84375], "texture": "#4"}
			}
		},
		{
			"from": [7.75, 14.025, 11.52821],
			"to": [8.25, 14.525, 14.52821],
			"rotation": {"angle": -22.5, "axis": "x", "origin": [8, 6.225, 18.02821]},
			"faces": {
				"north": {"uv": [10.125, 5.75, 10.1875, 5.8125], "texture": "#4"},
				"east": {"uv": [8.875, 4, 9.25, 4.0625], "texture": "#4"},
				"south": {"uv": [5.875, 10.125, 5.9375, 10.1875], "texture": "#4"},
				"west": {"uv": [8.875, 4.125, 9.25, 4.1875], "texture": "#4"},
				"up": {"uv": [2.1875, 9.25, 2.125, 8.875], "texture": "#4"},
				"down": {"uv": [8.9375, 5.125, 8.875, 5.5], "texture": "#4"}
			}
		},
		{
			"from": [8.525, 7.875, 5.90321],
			"to": [8.825, 8.475, 6.47821],
			"rotation": {"angle": 0, "axis": "y", "origin": [8, 6.225, 18.02821]},
			"faces": {
				"north": {"uv": [8.03125, 10.25, 8, 10.3125], "texture": "#4"},
				"east": {"uv": [5.8125, 10.125, 5.75, 10.1875], "texture": "#4"},
				"south": {"uv": [10.28125, 8, 10.25, 8.0625], "texture": "#4"},
				"west": {"uv": [10.1875, 5.625, 10.125, 5.6875], "texture": "#4"},
				"up": {"uv": [8.125, 10.3125, 8.15625, 10.25], "texture": "#4"},
				"down": {"uv": [10.25, 8.125, 10.28125, 8.1875], "texture": "#4"}
			}
		},
		{
			"from": [8.525, 7.875, 6.47821],
			"to": [9.125, 8.575, 6.72821],
			"rotation": {"angle": 0, "axis": "y", "origin": [8, 6.225, 18.02821]},
			"faces": {
				"north": {"uv": [5.6875, 10, 5.625, 10.09375], "texture": "#4"},
				"east": {"uv": [10.28125, 2.75, 10.25, 2.84375], "texture": "#4"},
				"south": {"uv": [10.0625, 5.625, 10, 5.71875], "texture": "#4"},
				"west": {"uv": [10.28125, 2.625, 10.25, 2.71875], "texture": "#4"},
				"up": {"uv": [7.875, 10.28125, 7.9375, 10.25], "texture": "#4"},
				"down": {"uv": [10.25, 7.875, 10.3125, 7.90625], "texture": "#4"}
			}
		},
		{
			"from": [8.626, 12.3, 8.27821],
			"to": [9.126, 12.8, 11.02821],
			"rotation": {"angle": -22.5, "axis": "x", "origin": [8, 6.225, 18.02821]},
			"faces": {
				"north": {"uv": [10.1875, 5.5, 10.125, 5.5625], "texture": "#4"},
				"east": {"uv": [9.46875, 7.125, 9.125, 7.1875], "texture": "#4"},
				"south": {"uv": [5.6875, 10.125, 5.625, 10.1875], "texture": "#4"},
				"west": {"uv": [9.46875, 6.875, 9.125, 6.9375], "texture": "#4"},
				"up": {"uv": [6.875, 9.46875, 6.9375, 9.125], "texture": "#4"},
				"down": {"uv": [7.125, 9.125, 7.1875, 9.46875], "texture": "#4"}
			}
		},
		{
			"from": [8.525, 2.9058, 5.31281],
			"to": [8.625, 3.3058, 5.58781],
			"rotation": {"angle": 22.5, "axis": "x", "origin": [8, 6.1558, 18.18781]},
			"faces": {
				"north": {"uv": [7.65625, 10.25, 7.625, 10.3125], "texture": "#4"},
				"east": {"uv": [10.28125, 7.75, 10.25, 7.8125], "texture": "#4"},
				"south": {"uv": [7.78125, 10.25, 7.75, 10.3125], "texture": "#4"},
				"west": {"uv": [10.28125, 7.625, 10.25, 7.6875], "texture": "#4"},
				"up": {"uv": [10.375, 2.90625, 10.40625, 2.875], "texture": "#4"},
				"down": {"uv": [3, 10.375, 3.03125, 10.40625], "texture": "#4"}
			}
		},
		{
			"from": [8.525, 2.90579, 5.56281],
			"to": [8.625, 3.30579, 5.83781],
			"rotation": {"angle": 22.5, "axis": "x", "origin": [8, 6.15579, 18.43781]},
			"faces": {
				"north": {"uv": [7.40625, 10.25, 7.375, 10.3125], "texture": "#4"},
				"east": {"uv": [10.28125, 7.5, 10.25, 7.5625], "texture": "#4"},
				"south": {"uv": [7.53125, 10.25, 7.5, 10.3125], "texture": "#4"},
				"west": {"uv": [10.28125, 7.375, 10.25, 7.4375], "texture": "#4"},
				"up": {"uv": [10.375, 2.78125, 10.40625, 2.75], "texture": "#4"},
				"down": {"uv": [2.875, 10.375, 2.90625, 10.40625], "texture": "#4"}
			}
		},
		{
			"from": [8.526, 2.90579, 5.83781],
			"to": [8.875, 3.3058, 6.0991],
			"rotation": {"angle": 22.5, "axis": "x", "origin": [8, 6.1558, 18.43781]},
			"faces": {
				"north": {"uv": [7.15625, 10.25, 7.125, 10.3125], "texture": "#4"},
				"east": {"uv": [10.28125, 7.25, 10.25, 7.3125], "texture": "#4"},
				"south": {"uv": [7.28125, 10.25, 7.25, 10.3125], "texture": "#4"},
				"west": {"uv": [10.28125, 7.125, 10.25, 7.1875], "texture": "#4"},
				"up": {"uv": [10.375, 2.65625, 10.40625, 2.625], "texture": "#4"},
				"down": {"uv": [2.75, 10.375, 2.78125, 10.40625], "texture": "#4"}
			}
		},
		{
			"from": [8.525, 7.875, 5.79461],
			"to": [8.875, 8.225, 5.90321],
			"rotation": {"angle": 0, "axis": "y", "origin": [8, 6.225, 18.02821]},
			"faces": {
				"north": {"uv": [10.40625, 2.25, 10.375, 2.28125], "texture": "#4"},
				"east": {"uv": [2.53125, 10.375, 2.5, 10.40625], "texture": "#4"},
				"south": {"uv": [10.40625, 2.375, 10.375, 2.40625], "texture": "#4"},
				"west": {"uv": [2.40625, 10.375, 2.375, 10.40625], "texture": "#4"},
				"up": {"uv": [10.375, 2.53125, 10.40625, 2.5], "texture": "#4"},
				"down": {"uv": [2.625, 10.375, 2.65625, 10.40625], "texture": "#4"}
			}
		},
		{
			"from": [8.626, 7.974, 5.55321],
			"to": [8.876, 8.474, 5.90321],
			"rotation": {"angle": 0, "axis": "y", "origin": [8, 6.225, 18.02821]},
			"faces": {
				"north": {"uv": [6.90625, 10.25, 6.875, 10.3125], "texture": "#4"},
				"east": {"uv": [10.28125, 7, 10.25, 7.0625], "texture": "#4"},
				"south": {"uv": [7.03125, 10.25, 7, 10.3125], "texture": "#4"},
				"west": {"uv": [10.28125, 6.875, 10.25, 6.9375], "texture": "#4"},
				"up": {"uv": [10.375, 2.15625, 10.40625, 2.125], "texture": "#4"},
				"down": {"uv": [2.25, 10.375, 2.28125, 10.40625], "texture": "#4"}
			}
		},
		{
			"from": [13.49109, 7.975, 5.92083],
			"to": [13.52286, 8.475, 6.8764],
			"rotation": {"angle": 22.5, "axis": "y", "origin": [7.99786, 6.225, 18.5264]},
			"faces": {
				"north": {"uv": [6.78125, 10.25, 6.75, 10.3125], "texture": "#4"},
				"east": {"uv": [10, 7.375, 9.875, 7.4375], "texture": "#4"},
				"south": {"uv": [10.28125, 6.75, 10.25, 6.8125], "texture": "#4"},
				"west": {"uv": [10, 7.25, 9.875, 7.3125], "texture": "#4"},
				"up": {"uv": [10.125, 5.5, 10.15625, 5.375], "texture": "#4"},
				"down": {"uv": [5.5, 10.125, 5.53125, 10.25], "texture": "#4"}
			}
		},
		{
			"from": [13.52286, 7.975, 5.8764],
			"to": [13.77286, 8.475, 6.8764],
			"rotation": {"angle": 22.5, "axis": "y", "origin": [7.99786, 6.225, 18.5264]},
			"faces": {
				"north": {"uv": [6.65625, 10.25, 6.625, 10.3125], "texture": "#4"},
				"east": {"uv": [10, 7.125, 9.875, 7.1875], "texture": "#4"},
				"south": {"uv": [10.28125, 6.625, 10.25, 6.6875], "texture": "#4"},
				"west": {"uv": [10, 7, 9.875, 7.0625], "texture": "#4"},
				"up": {"uv": [10.125, 5.375, 10.15625, 5.25], "texture": "#4"},
				"down": {"uv": [5.375, 10.125, 5.40625, 10.25], "texture": "#4"}
			}
		},
		{
			"from": [13.24268, 7.876, 7.1474],
			"to": [13.54268, 8.576, 7.8074],
			"rotation": {"angle": 22.5, "axis": "y", "origin": [7.99268, 6.225, 18.2474]},
			"faces": {
				"north": {"uv": [10.28125, 2.125, 10.25, 2.21875], "texture": "#4"},
				"east": {"uv": [2.34375, 9.875, 2.25, 9.96875], "texture": "#4"},
				"south": {"uv": [10.28125, 2.25, 10.25, 2.34375], "texture": "#4"},
				"west": {"uv": [9.96875, 2.125, 9.875, 2.21875], "texture": "#4"},
				"up": {"uv": [10.25, 2.46875, 10.28125, 2.375], "texture": "#4"},
				"down": {"uv": [2.5, 10.25, 2.53125, 10.34375], "texture": "#4"}
			}
		},
		{
			"from": [12.05, 8.475, 7.02821],
			"to": [13.05, 9, 8.07821],
			"rotation": {"angle": 22.5, "axis": "y", "origin": [8, 6.225, 18.02821]},
			"faces": {
				"north": {"uv": [10, 6.125, 9.875, 6.1875], "texture": "#4"},
				"east": {"uv": [10, 6.625, 9.875, 6.6875], "texture": "#4"},
				"south": {"uv": [10, 6.5, 9.875, 6.5625], "texture": "#4"},
				"west": {"uv": [10, 6.375, 9.875, 6.4375], "texture": "#4"},
				"up": {"uv": [3, 5.875, 3.125, 5.75], "texture": "#4"},
				"down": {"uv": [6.25, 1.5, 6.375, 1.625], "texture": "#4"}
			}
		},
		{
			"from": [12.17104, 8.99629, 7.1708],
			"to": [13.17104, 9.74629, 8.15072],
			"rotation": {"angle": 22.5, "axis": "y", "origin": [7.99604, 6.24629, 18.0208]},
			"faces": {
				"north": {"uv": [7.125, 9.625, 7, 9.71875], "texture": "#4"},
				"east": {"uv": [9.75, 7.125, 9.625, 7.21875], "texture": "#4"},
				"south": {"uv": [7.25, 9.625, 7.125, 9.71875], "texture": "#4"},
				"west": {"uv": [9.75, 7, 9.625, 7.09375], "texture": "#4"},
				"up": {"uv": [1.625, 4.25, 1.75, 4.125], "texture": "#4"},
				"down": {"uv": [5, 4.25, 5.125, 4.375], "texture": "#4"}
			}
		},
		{
			"from": [8.501, 1.525, 8.52821],
			"to": [8.999, 2.875, 9.02821],
			"rotation": {"angle": 45, "axis": "x", "origin": [8, 6.225, 18.02821]},
			"faces": {
				"north": {"uv": [7.1875, 9.75, 7.125, 9.90625], "texture": "#4"},
				"east": {"uv": [7.5625, 9.75, 7.5, 9.90625], "texture": "#4"},
				"south": {"uv": [7.4375, 9.75, 7.375, 9.90625], "texture": "#4"},
				"west": {"uv": [7.3125, 9.75, 7.25, 9.90625], "texture": "#4"},
				"up": {"uv": [4.875, 10.1875, 4.9375, 10.125], "texture": "#4"},
				"down": {"uv": [5, 10.125, 5.0625, 10.1875], "texture": "#4"}
			}
		},
		{
			"from": [8.5, 12.5681, 9.38518],
			"to": [9, 13.0681, 10.38518],
			"rotation": {"angle": -22.5, "axis": "x", "origin": [8, 6.0931, 17.63518]},
			"faces": {
				"north": {"uv": [4.6875, 10.125, 4.625, 10.1875], "texture": "#4"},
				"east": {"uv": [10, 5.625, 9.875, 5.6875], "texture": "#4"},
				"south": {"uv": [4.8125, 10.125, 4.75, 10.1875], "texture": "#4"},
				"west": {"uv": [5.75, 9.875, 5.625, 9.9375], "texture": "#4"},
				"up": {"uv": [9.875, 5.875, 9.9375, 5.75], "texture": "#4"},
				"down": {"uv": [6.125, 9.875, 6.1875, 10], "texture": "#4"}
			}
		},
		{
			"from": [8.524, -0.27509, 8.45426],
			"to": [9.124, 0.47491, 8.65426],
			"rotation": {"angle": 45, "axis": "x", "origin": [8, 6.12491, 17.52926]},
			"faces": {
				"north": {"uv": [5.5625, 10, 5.5, 10.09375], "texture": "#4"},
				"east": {"uv": [2.15625, 10.25, 2.125, 10.34375], "texture": "#4"},
				"south": {"uv": [10.0625, 5.5, 10, 5.59375], "texture": "#4"},
				"west": {"uv": [2.03125, 10.25, 2, 10.34375], "texture": "#4"},
				"up": {"uv": [6.5, 10.28125, 6.5625, 10.25], "texture": "#4"},
				"down": {"uv": [10.25, 6.5, 10.3125, 6.53125], "texture": "#4"}
			}
		},
		{
			"from": [8.549, 0.52491, 9.41431],
			"to": [9.049, 1.27491, 9.66431],
			"rotation": {"angle": 45, "axis": "x", "origin": [8.002, 6.22491, 17.83931]},
			"faces": {
				"north": {"uv": [10.0625, 5.25, 10, 5.34375], "texture": "#4"},
				"east": {"uv": [1.90625, 10.25, 1.875, 10.34375], "texture": "#4"},
				"south": {"uv": [10.0625, 5.375, 10, 5.46875], "texture": "#4"},
				"west": {"uv": [1.78125, 10.25, 1.75, 10.34375], "texture": "#4"},
				"up": {"uv": [6.375, 10.28125, 6.4375, 10.25], "texture": "#4"},
				"down": {"uv": [10.25, 6.375, 10.3125, 6.40625], "texture": "#4"}
			}
		},
		{
			"from": [8.525, 7.975, 6.77821],
			"to": [9.05, 8.475, 8.02821],
			"rotation": {"angle": 0, "axis": "y", "origin": [8, 6.225, 18.02821]},
			"faces": {
				"north": {"uv": [4.4375, 10.125, 4.375, 10.1875], "texture": "#4"},
				"east": {"uv": [7.03125, 9.75, 6.875, 9.8125], "texture": "#4"},
				"south": {"uv": [4.5625, 10.125, 4.5, 10.1875], "texture": "#4"},
				"west": {"uv": [9.90625, 6.25, 9.75, 6.3125], "texture": "#4"},
				"up": {"uv": [6.625, 9.90625, 6.6875, 9.75], "texture": "#4"},
				"down": {"uv": [9.75, 7, 9.8125, 7.15625], "texture": "#4"}
			}
		},
		{
			"from": [8.551, 11.8, 9.17821],
			"to": [9.051, 12.3, 11.67821],
			"rotation": {"angle": -22.5, "axis": "x", "origin": [8, 6.225, 18.02821]},
			"faces": {
				"north": {"uv": [4.1875, 10.125, 4.125, 10.1875], "texture": "#4"},
				"east": {"uv": [9.5625, 3.625, 9.25, 3.6875], "texture": "#4"},
				"south": {"uv": [4.3125, 10.125, 4.25, 10.1875], "texture": "#4"},
				"west": {"uv": [9.5625, 3.5, 9.25, 3.5625], "texture": "#4"},
				"up": {"uv": [4, 9.5625, 4.0625, 9.25], "texture": "#4"},
				"down": {"uv": [9.25, 4, 9.3125, 4.3125], "texture": "#4"}
			}
		},
		{
			"from": [8.5, 13.23074, 9.10283],
			"to": [9, 13.73074, 13.35283],
			"rotation": {"angle": -22.5, "axis": "x", "origin": [8, 6.25574, 18.02783]},
			"faces": {
				"north": {"uv": [4.0625, 10.125, 4, 10.1875], "texture": "#4"},
				"east": {"uv": [9.03125, 2.5, 8.5, 2.5625], "texture": "#4"},
				"south": {"uv": [10.1875, 4, 10.125, 4.0625], "texture": "#4"},
				"west": {"uv": [9.03125, 2.25, 8.5, 2.3125], "texture": "#4"},
				"up": {"uv": [0.25, 9.15625, 0.3125, 8.625], "texture": "#4"},
				"down": {"uv": [1.625, 8.625, 1.6875, 9.15625], "texture": "#4"}
			}
		},
		{
			"from": [7.175, 7.875, 5.90321],
			"to": [7.475, 8.475, 6.47821],
			"rotation": {"angle": 0, "axis": "y", "origin": [8, 6.225, 18.02821]},
			"faces": {
				"north": {"uv": [8, 10.25, 8.03125, 10.3125], "texture": "#4"},
				"east": {"uv": [10.125, 5.625, 10.1875, 5.6875], "texture": "#4"},
				"south": {"uv": [10.25, 8, 10.28125, 8.0625], "texture": "#4"},
				"west": {"uv": [5.75, 10.125, 5.8125, 10.1875], "texture": "#4"},
				"up": {"uv": [8.15625, 10.3125, 8.125, 10.25], "texture": "#4"},
				"down": {"uv": [10.28125, 8.125, 10.25, 8.1875], "texture": "#4"}
			}
		},
		{
			"from": [6.875, 7.875, 6.47821],
			"to": [7.475, 8.575, 6.72821],
			"rotation": {"angle": 0, "axis": "y", "origin": [8, 6.225, 18.02821]},
			"faces": {
				"north": {"uv": [5.625, 10, 5.6875, 10.09375], "texture": "#4"},
				"east": {"uv": [10.25, 2.625, 10.28125, 2.71875], "texture": "#4"},
				"south": {"uv": [10, 5.625, 10.0625, 5.71875], "texture": "#4"},
				"west": {"uv": [10.25, 2.75, 10.28125, 2.84375], "texture": "#4"},
				"up": {"uv": [7.9375, 10.28125, 7.875, 10.25], "texture": "#4"},
				"down": {"uv": [10.3125, 7.875, 10.25, 7.90625], "texture": "#4"}
			}
		},
		{
			"from": [7.125, 12.8, 7.42821],
			"to": [8.875, 13.05, 9.52821],
			"rotation": {"angle": -22.5, "axis": "x", "origin": [8, 6.225, 18.02821]},
			"faces": {
				"north": {"uv": [10, 3.375, 10.21875, 3.40625], "texture": "#4"},
				"east": {"uv": [8.25, 9.875, 8.5, 9.90625], "texture": "#4"},
				"south": {"uv": [10, 3.5, 10.21875, 3.53125], "texture": "#4"},
				"west": {"uv": [9.875, 8.5, 10.125, 8.53125], "texture": "#4"},
				"up": {"uv": [7.96875, 4.375, 7.75, 4.125], "texture": "#4"},
				"down": {"uv": [7.96875, 5, 7.75, 5.25], "texture": "#4"}
			}
		},
		{
			"from": [6.874, 12.3, 8.27821],
			"to": [7.374, 12.8, 11.02821],
			"rotation": {"angle": -22.5, "axis": "x", "origin": [8, 6.225, 18.02821]},
			"faces": {
				"north": {"uv": [10.125, 5.5, 10.1875, 5.5625], "texture": "#4"},
				"east": {"uv": [9.125, 6.875, 9.46875, 6.9375], "texture": "#4"},
				"south": {"uv": [5.625, 10.125, 5.6875, 10.1875], "texture": "#4"},
				"west": {"uv": [9.125, 7.125, 9.46875, 7.1875], "texture": "#4"},
				"up": {"uv": [6.9375, 9.46875, 6.875, 9.125], "texture": "#4"},
				"down": {"uv": [7.1875, 9.125, 7.125, 9.46875], "texture": "#4"}
			}
		},
		{
			"from": [7.625, 13.575, 6.52821],
			"to": [8.375, 14.575, 9.02821],
			"rotation": {"angle": -22.5, "axis": "x", "origin": [8, 6.225, 18.02821]},
			"faces": {
				"north": {"uv": [9.625, 7.5, 9.71875, 7.625], "texture": "#4"},
				"east": {"uv": [8.375, 0.375, 8.6875, 0.5], "texture": "#4"},
				"south": {"uv": [7.625, 9.625, 7.71875, 9.75], "texture": "#4"},
				"west": {"uv": [8.375, 0.5, 8.6875, 0.625], "texture": "#4"},
				"up": {"uv": [8.71875, 4.4375, 8.625, 4.125], "texture": "#4"},
				"down": {"uv": [4.84375, 8.625, 4.75, 8.9375], "texture": "#4"}
			}
		},
		{
			"from": [7.45, 8.475, 7.32821],
			"to": [8.55, 8.975, 8.82821],
			"rotation": {"angle": 0, "axis": "y", "origin": [8, 6.225, 18.02821]},
			"faces": {
				"north": {"uv": [8, 9.875, 8.125, 9.9375], "texture": "#4"},
				"east": {"uv": [9.625, 7.25, 9.8125, 7.3125], "texture": "#4"},
				"south": {"uv": [8.125, 9.875, 8.25, 9.9375], "texture": "#4"},
				"west": {"uv": [9.625, 7.375, 9.8125, 7.4375], "texture": "#4"},
				"up": {"uv": [7.125, 4.6875, 7, 4.5], "texture": "#4"},
				"down": {"uv": [8, 5.5, 7.875, 5.6875], "texture": "#4"}
			}
		},
		{
			"from": [7.45, 8.475, 4.60321],
			"to": [8.55, 9, 7.35321],
			"rotation": {"angle": 0, "axis": "y", "origin": [8, 6.225, 18.02821]},
			"faces": {
				"north": {"uv": [7.75, 9.875, 7.875, 9.9375], "texture": "#4"},
				"east": {"uv": [9.125, 5.875, 9.46875, 5.9375], "texture": "#4"},
				"south": {"uv": [9.875, 7.875, 10, 7.9375], "texture": "#4"},
				"west": {"uv": [9.125, 6.75, 9.46875, 6.8125], "texture": "#4"},
				"up": {"uv": [4.625, 8.46875, 4.5, 8.125], "texture": "#4"},
				"down": {"uv": [4.75, 8.125, 4.625, 8.46875], "texture": "#4"}
			}
		},
		{
			"from": [7.375, 2.9058, 5.31281],
			"to": [7.475, 3.3058, 5.58781],
			"rotation": {"angle": 22.5, "axis": "x", "origin": [8, 6.1558, 18.18781]},
			"faces": {
				"north": {"uv": [7.625, 10.25, 7.65625, 10.3125], "texture": "#4"},
				"east": {"uv": [10.25, 7.625, 10.28125, 7.6875], "texture": "#4"},
				"south": {"uv": [7.75, 10.25, 7.78125, 10.3125], "texture": "#4"},
				"west": {"uv": [10.25, 7.75, 10.28125, 7.8125], "texture": "#4"},
				"up": {"uv": [10.40625, 2.90625, 10.375, 2.875], "texture": "#4"},
				"down": {"uv": [3.03125, 10.375, 3, 10.40625], "texture": "#4"}
			}
		},
		{
			"from": [7.375, 2.90579, 5.56281],
			"to": [7.475, 3.30579, 5.83781],
			"rotation": {"angle": 22.5, "axis": "x", "origin": [8, 6.15579, 18.43781]},
			"faces": {
				"north": {"uv": [7.375, 10.25, 7.40625, 10.3125], "texture": "#4"},
				"east": {"uv": [10.25, 7.375, 10.28125, 7.4375], "texture": "#4"},
				"south": {"uv": [7.5, 10.25, 7.53125, 10.3125], "texture": "#4"},
				"west": {"uv": [10.25, 7.5, 10.28125, 7.5625], "texture": "#4"},
				"up": {"uv": [10.40625, 2.78125, 10.375, 2.75], "texture": "#4"},
				"down": {"uv": [2.90625, 10.375, 2.875, 10.40625], "texture": "#4"}
			}
		},
		{
			"from": [7.125, 2.90579, 5.83781],
			"to": [7.474, 3.3058, 6.0991],
			"rotation": {"angle": 22.5, "axis": "x", "origin": [8, 6.1558, 18.43781]},
			"faces": {
				"north": {"uv": [7.125, 10.25, 7.15625, 10.3125], "texture": "#4"},
				"east": {"uv": [10.25, 7.125, 10.28125, 7.1875], "texture": "#4"},
				"south": {"uv": [7.25, 10.25, 7.28125, 10.3125], "texture": "#4"},
				"west": {"uv": [10.25, 7.25, 10.28125, 7.3125], "texture": "#4"},
				"up": {"uv": [10.40625, 2.65625, 10.375, 2.625], "texture": "#4"},
				"down": {"uv": [2.78125, 10.375, 2.75, 10.40625], "texture": "#4"}
			}
		},
		{
			"from": [7.125, 7.875, 5.79461],
			"to": [7.475, 8.225, 5.90321],
			"rotation": {"angle": 0, "axis": "y", "origin": [8, 6.225, 18.02821]},
			"faces": {
				"north": {"uv": [10.375, 2.25, 10.40625, 2.28125], "texture": "#4"},
				"east": {"uv": [2.375, 10.375, 2.40625, 10.40625], "texture": "#4"},
				"south": {"uv": [10.375, 2.375, 10.40625, 2.40625], "texture": "#4"},
				"west": {"uv": [2.5, 10.375, 2.53125, 10.40625], "texture": "#4"},
				"up": {"uv": [10.40625, 2.53125, 10.375, 2.5], "texture": "#4"},
				"down": {"uv": [2.65625, 10.375, 2.625, 10.40625], "texture": "#4"}
			}
		},
		{
			"from": [7.124, 7.974, 5.55321],
			"to": [7.374, 8.474, 5.90321],
			"rotation": {"angle": 0, "axis": "y", "origin": [8, 6.225, 18.02821]},
			"faces": {
				"north": {"uv": [6.875, 10.25, 6.90625, 10.3125], "texture": "#4"},
				"east": {"uv": [10.25, 6.875, 10.28125, 6.9375], "texture": "#4"},
				"south": {"uv": [7, 10.25, 7.03125, 10.3125], "texture": "#4"},
				"west": {"uv": [10.25, 7, 10.28125, 7.0625], "texture": "#4"},
				"up": {"uv": [10.40625, 2.15625, 10.375, 2.125], "texture": "#4"},
				"down": {"uv": [2.28125, 10.375, 2.25, 10.40625], "texture": "#4"}
			}
		},
		{
			"from": [2.47714, 7.975, 5.92083],
			"to": [2.50891, 8.475, 6.8764],
			"rotation": {"angle": -22.5, "axis": "y", "origin": [8.00214, 6.225, 18.5264]},
			"faces": {
				"north": {"uv": [6.75, 10.25, 6.78125, 10.3125], "texture": "#4"},
				"east": {"uv": [9.875, 7.25, 10, 7.3125], "texture": "#4"},
				"south": {"uv": [10.25, 6.75, 10.28125, 6.8125], "texture": "#4"},
				"west": {"uv": [9.875, 7.375, 10, 7.4375], "texture": "#4"},
				"up": {"uv": [10.15625, 5.5, 10.125, 5.375], "texture": "#4"},
				"down": {"uv": [5.53125, 10.125, 5.5, 10.25], "texture": "#4"}
			}
		},
		{
			"from": [2.22714, 7.975, 5.8764],
			"to": [2.47714, 8.475, 6.8764],
			"rotation": {"angle": -22.5, "axis": "y", "origin": [8.00214, 6.225, 18.5264]},
			"faces": {
				"north": {"uv": [6.625, 10.25, 6.65625, 10.3125], "texture": "#4"},
				"east": {"uv": [9.875, 7, 10, 7.0625], "texture": "#4"},
				"south": {"uv": [10.25, 6.625, 10.28125, 6.6875], "texture": "#4"},
				"west": {"uv": [9.875, 7.125, 10, 7.1875], "texture": "#4"},
				"up": {"uv": [10.15625, 5.375, 10.125, 5.25], "texture": "#4"},
				"down": {"uv": [5.40625, 10.125, 5.375, 10.25], "texture": "#4"}
			}
		},
		{
			"from": [2.45732, 7.876, 7.1474],
			"to": [2.75732, 8.576, 7.8074],
			"rotation": {"angle": -22.5, "axis": "y", "origin": [8.00732, 6.225, 18.2474]},
			"faces": {
				"north": {"uv": [10.25, 2.125, 10.28125, 2.21875], "texture": "#4"},
				"east": {"uv": [9.875, 2.125, 9.96875, 2.21875], "texture": "#4"},
				"south": {"uv": [10.25, 2.25, 10.28125, 2.34375], "texture": "#4"},
				"west": {"uv": [2.25, 9.875, 2.34375, 9.96875], "texture": "#4"},
				"up": {"uv": [10.28125, 2.46875, 10.25, 2.375], "texture": "#4"},
				"down": {"uv": [2.53125, 10.25, 2.5, 10.34375], "texture": "#4"}
			}
		},
		{
			"from": [7.375, 9.4953, 6.01632],
			"to": [8.625, 9.7453, 6.26632],
			"rotation": {"angle": 0, "axis": "y", "origin": [8, 6.24629, 18.01632]},
			"faces": {
				"north": {"uv": [10.125, 0.875, 10.28125, 0.90625], "texture": "#4"},
				"east": {"uv": [10.375, 2, 10.40625, 2.03125], "texture": "#4"},
				"south": {"uv": [1, 10.125, 1.15625, 10.15625], "texture": "#4"},
				"west": {"uv": [2.125, 10.375, 2.15625, 10.40625], "texture": "#4"},
				"up": {"uv": [10.28125, 1.03125, 10.125, 1], "texture": "#4"},
				"down": {"uv": [10.28125, 1.125, 10.125, 1.15625], "texture": "#4"}
			}
		},
		{
			"from": [7.376, 8.99629, 5.26632],
			"to": [8.624, 9.24629, 6.26632],
			"rotation": {"angle": 0, "axis": "y", "origin": [8, 6.24629, 17.76632]},
			"faces": {
				"north": {"uv": [0.75, 10.125, 0.90625, 10.15625], "texture": "#4"},
				"east": {"uv": [5.125, 10.125, 5.25, 10.15625], "texture": "#4"},
				"south": {"uv": [10.125, 0.75, 10.28125, 0.78125], "texture": "#4"},
				"west": {"uv": [5.25, 10.125, 5.375, 10.15625], "texture": "#4"},
				"up": {"uv": [9.40625, 4.5, 9.25, 4.375], "texture": "#4"},
				"down": {"uv": [9.40625, 4.625, 9.25, 4.75], "texture": "#4"}
			}
		},
		{
			"from": [7.375, 13.575, 6.52821],
			"to": [8.625, 14.075, 8.27821],
			"rotation": {"angle": -22.5, "axis": "x", "origin": [8, 6.225, 18.02821]},
			"faces": {
				"north": {"uv": [9.75, 7.5, 9.90625, 7.5625], "texture": "#4"},
				"east": {"uv": [9.625, 3.125, 9.84375, 3.1875], "texture": "#4"},
				"south": {"uv": [9.75, 7.625, 9.90625, 7.6875], "texture": "#4"},
				"west": {"uv": [3.875, 9.625, 4.09375, 9.6875], "texture": "#4"},
				"up": {"uv": [7.90625, 8.71875, 7.75, 8.5], "texture": "#4"},
				"down": {"uv": [8.15625, 8.5, 8, 8.71875], "texture": "#4"}
			}
		},
		{
			"from": [7.4, 8.6, 5.12821],
			"to": [7.9, 8.7, 5.52821],
			"rotation": {"angle": 0, "axis": "y", "origin": [8, 6.225, 18.02821]},
			"faces": {
				"north": {"uv": [6.875, 3.84375, 7, 3.875], "texture": "#4"},
				"east": {"uv": [6.875, 3.84375, 7, 3.875], "texture": "#4"},
				"south": {"uv": [6.875, 3.84375, 7, 3.875], "texture": "#4"},
				"west": {"uv": [6.875, 3.84375, 7, 3.875], "texture": "#4"},
				"up": {"uv": [6.875, 3.84375, 7, 3.875], "texture": "#4"},
				"down": {"uv": [6.875, 3.84375, 7, 3.875], "texture": "#4"}
			}
		},
		{
			"from": [8.1, 8.6, 5.12821],
			"to": [8.6, 8.7, 5.52821],
			"rotation": {"angle": 0, "axis": "y", "origin": [8, 6.225, 18.02821]},
			"faces": {
				"north": {"uv": [7, 3.84375, 6.875, 3.875], "texture": "#4"},
				"east": {"uv": [7, 3.84375, 6.875, 3.875], "texture": "#4"},
				"south": {"uv": [7, 3.84375, 6.875, 3.875], "texture": "#4"},
				"west": {"uv": [7, 3.84375, 6.875, 3.875], "texture": "#4"},
				"up": {"uv": [7, 3.84375, 6.875, 3.875], "texture": "#4"},
				"down": {"uv": [6.9375, 3.78125, 6.90625, 3.8125], "texture": "#4"}
			}
		},
		{
			"from": [2.95, 8.475, 7.02821],
			"to": [3.95, 9, 8.07821],
			"rotation": {"angle": -22.5, "axis": "y", "origin": [8, 6.225, 18.02821]},
			"faces": {
				"north": {"uv": [9.875, 6.125, 10, 6.1875], "texture": "#4"},
				"east": {"uv": [9.875, 6.375, 10, 6.4375], "texture": "#4"},
				"south": {"uv": [9.875, 6.5, 10, 6.5625], "texture": "#4"},
				"west": {"uv": [9.875, 6.625, 10, 6.6875], "texture": "#4"},
				"up": {"uv": [3.125, 5.875, 3, 5.75], "texture": "#4"},
				"down": {"uv": [6.375, 1.5, 6.25, 1.625], "texture": "#4"}
			}
		},
		{
			"from": [2.82896, 8.99629, 7.1708],
			"to": [3.82896, 9.74629, 8.15072],
			"rotation": {"angle": -22.5, "axis": "y", "origin": [8.00396, 6.24629, 18.0208]},
			"faces": {
				"north": {"uv": [7, 9.625, 7.125, 9.71875], "texture": "#4"},
				"east": {"uv": [9.625, 7, 9.75, 7.09375], "texture": "#4"},
				"south": {"uv": [7.125, 9.625, 7.25, 9.71875], "texture": "#4"},
				"west": {"uv": [9.625, 7.125, 9.75, 7.21875], "texture": "#4"},
				"up": {"uv": [1.75, 4.25, 1.625, 4.125], "texture": "#4"},
				"down": {"uv": [5.125, 4.25, 5, 4.375], "texture": "#4"}
			}
		},
		{
			"from": [7.001, 1.525, 8.52821],
			"to": [7.499, 2.875, 9.02821],
			"rotation": {"angle": 45, "axis": "x", "origin": [8, 6.225, 18.02821]},
			"faces": {
				"north": {"uv": [7.125, 9.75, 7.1875, 9.90625], "texture": "#4"},
				"east": {"uv": [7.25, 9.75, 7.3125, 9.90625], "texture": "#4"},
				"south": {"uv": [7.375, 9.75, 7.4375, 9.90625], "texture": "#4"},
				"west": {"uv": [7.5, 9.75, 7.5625, 9.90625], "texture": "#4"},
				"up": {"uv": [4.9375, 10.1875, 4.875, 10.125], "texture": "#4"},
				"down": {"uv": [5.0625, 10.125, 5, 10.1875], "texture": "#4"}
			}
		},
		{
			"from": [7, 12.5681, 9.38518],
			"to": [7.5, 13.0681, 10.38518],
			"rotation": {"angle": -22.5, "axis": "x", "origin": [8, 6.0931, 17.63518]},
			"faces": {
				"north": {"uv": [4.625, 10.125, 4.6875, 10.1875], "texture": "#4"},
				"east": {"uv": [5.625, 9.875, 5.75, 9.9375], "texture": "#4"},
				"south": {"uv": [4.75, 10.125, 4.8125, 10.1875], "texture": "#4"},
				"west": {"uv": [9.875, 5.625, 10, 5.6875], "texture": "#4"},
				"up": {"uv": [9.9375, 5.875, 9.875, 5.75], "texture": "#4"},
				"down": {"uv": [6.1875, 9.875, 6.125, 10], "texture": "#4"}
			}
		},
		{
			"from": [6.876, -0.27509, 8.45426],
			"to": [7.476, 0.47491, 8.65426],
			"rotation": {"angle": 45, "axis": "x", "origin": [8, 6.12491, 17.52926]},
			"faces": {
				"north": {"uv": [5.5, 10, 5.5625, 10.09375], "texture": "#4"},
				"east": {"uv": [2, 10.25, 2.03125, 10.34375], "texture": "#4"},
				"south": {"uv": [10, 5.5, 10.0625, 5.59375], "texture": "#4"},
				"west": {"uv": [2.125, 10.25, 2.15625, 10.34375], "texture": "#4"},
				"up": {"uv": [6.5625, 10.28125, 6.5, 10.25], "texture": "#4"},
				"down": {"uv": [10.3125, 6.5, 10.25, 6.53125], "texture": "#4"}
			}
		},
		{
			"from": [6.951, 0.52491, 9.41431],
			"to": [7.451, 1.27491, 9.66431],
			"rotation": {"angle": 45, "axis": "x", "origin": [7.998, 6.22491, 17.83931]},
			"faces": {
				"north": {"uv": [10, 5.25, 10.0625, 5.34375], "texture": "#4"},
				"east": {"uv": [1.75, 10.25, 1.78125, 10.34375], "texture": "#4"},
				"south": {"uv": [10, 5.375, 10.0625, 5.46875], "texture": "#4"},
				"west": {"uv": [1.875, 10.25, 1.90625, 10.34375], "texture": "#4"},
				"up": {"uv": [6.4375, 10.28125, 6.375, 10.25], "texture": "#4"},
				"down": {"uv": [10.3125, 6.375, 10.25, 6.40625], "texture": "#4"}
			}
		},
		{
			"from": [6.95, 7.975, 6.77821],
			"to": [7.475, 8.475, 8.02821],
			"rotation": {"angle": 0, "axis": "y", "origin": [8, 6.225, 18.02821]},
			"faces": {
				"north": {"uv": [4.375, 10.125, 4.4375, 10.1875], "texture": "#4"},
				"east": {"uv": [9.75, 6.25, 9.90625, 6.3125], "texture": "#4"},
				"south": {"uv": [4.5, 10.125, 4.5625, 10.1875], "texture": "#4"},
				"west": {"uv": [6.875, 9.75, 7.03125, 9.8125], "texture": "#4"},
				"up": {"uv": [6.6875, 9.90625, 6.625, 9.75], "texture": "#4"},
				"down": {"uv": [9.8125, 7, 9.75, 7.15625], "texture": "#4"}
			}
		},
		{
			"from": [6.949, 11.8, 9.17821],
			"to": [7.449, 12.3, 11.67821],
			"rotation": {"angle": -22.5, "axis": "x", "origin": [8, 6.225, 18.02821]},
			"faces": {
				"north": {"uv": [4.125, 10.125, 4.1875, 10.1875], "texture": "#4"},
				"east": {"uv": [9.25, 3.5, 9.5625, 3.5625], "texture": "#4"},
				"south": {"uv": [4.25, 10.125, 4.3125, 10.1875], "texture": "#4"},
				"west": {"uv": [9.25, 3.625, 9.5625, 3.6875], "texture": "#4"},
				"up": {"uv": [4.0625, 9.5625, 4, 9.25], "texture": "#4"},
				"down": {"uv": [9.3125, 4, 9.25, 4.3125], "texture": "#4"}
			}
		},
		{
			"from": [7, 13.23074, 9.10283],
			"to": [7.5, 13.73074, 13.35283],
			"rotation": {"angle": -22.5, "axis": "x", "origin": [8, 6.25574, 18.02783]},
			"faces": {
				"north": {"uv": [4, 10.125, 4.0625, 10.1875], "texture": "#4"},
				"east": {"uv": [8.5, 2.25, 9.03125, 2.3125], "texture": "#4"},
				"south": {"uv": [10.125, 4, 10.1875, 4.0625], "texture": "#4"},
				"west": {"uv": [8.5, 2.5, 9.03125, 2.5625], "texture": "#4"},
				"up": {"uv": [0.3125, 9.15625, 0.25, 8.625], "texture": "#4"},
				"down": {"uv": [1.6875, 8.625, 1.625, 9.15625], "texture": "#4"}
			}
		},
		{
			"from": [7.001, 8.9953, 6.92165],
			"to": [8.999, 9.7453, 7.67165],
			"rotation": {"angle": 0, "axis": "y", "origin": [8, 6.24629, 18.01632]},
			"faces": {
				"north": {"uv": [5.625, 0.75, 5.875, 0.84375], "texture": "#4"},
				"east": {"uv": [9.875, 2, 9.96875, 2.09375], "texture": "#4"},
				"south": {"uv": [6, 2.875, 6.25, 2.96875], "texture": "#4"},
				"west": {"uv": [2.125, 9.875, 2.21875, 9.96875], "texture": "#4"},
				"up": {"uv": [1.625, 6.21875, 1.375, 6.125], "texture": "#4"},
				"down": {"uv": [9.125, 3.875, 8.875, 3.96875], "texture": "#4"}
			}
		},
		{
			"from": [7.374, 8.9703, 7.67165],
			"to": [8.624, 9.7453, 8.82165],
			"rotation": {"angle": 0, "axis": "y", "origin": [8.374, 6.2453, 18.17165]},
			"faces": {
				"north": {"uv": [9.625, 0.25, 9.78125, 0.34375], "texture": "#4"},
				"east": {"uv": [0.375, 9.625, 0.53125, 9.71875], "texture": "#4"},
				"south": {"uv": [9.625, 0.375, 9.78125, 0.46875], "texture": "#4"},
				"west": {"uv": [0.625, 9.625, 0.78125, 9.71875], "texture": "#4"},
				"up": {"uv": [9.03125, 1.78125, 8.875, 1.625], "texture": "#4"},
				"down": {"uv": [9.03125, 2.625, 8.875, 2.78125], "texture": "#4"}
			}
		},
		{
			"from": [7.75, 13.525, 9.02821],
			"to": [8.25, 14.525, 11.52821],
			"rotation": {"angle": -22.5, "axis": "x", "origin": [8, 6.225, 18.02821]},
			"faces": {
				"north": {"uv": [9.875, 5.25, 9.9375, 5.375], "texture": "#4"},
				"east": {"uv": [8.375, 0.25, 8.6875, 0.375], "texture": "#4"},
				"south": {"uv": [5.5, 9.875, 5.5625, 10], "texture": "#4"},
				"west": {"uv": [0.375, 8.375, 0.6875, 8.5], "texture": "#4"},
				"up": {"uv": [3.8125, 9.5625, 3.75, 9.25], "texture": "#4"},
				"down": {"uv": [3.9375, 9.25, 3.875, 9.5625], "texture": "#4"}
			}
		}
	],
	"display": {
		"head": {
			"rotation": [0, 180, 0]
		}
	}
}