{
	"credit": "Made with Blockbench",
	"textures": {
		"3": "animated_java:item/valk_aj/main",
		"4": "animated_java:item/valk_aj/texture"
	},
	"elements": [
		{
			"from": [7.624, 4.75, 7.78343],
			"to": [8.376, 8.25, 8.05843],
			"rotation": {"angle": 0, "axis": "y", "origin": [6, 12.25, -12.94157]},
			"faces": {
				"north": {"uv": [7.21875, 12, 7.125, 12.4375], "texture": "#3"},
				"east": {"uv": [13.78125, 10.875, 13.75, 11.3125], "texture": "#3"},
				"south": {"uv": [8.96875, 12, 8.875, 12.4375], "texture": "#3"},
				"west": {"uv": [10.15625, 13.75, 10.125, 14.1875], "texture": "#3"},
				"up": {"uv": [0.375, 14.53125, 0.46875, 14.5], "texture": "#3"},
				"down": {"uv": [14.5, 0.375, 14.59375, 0.40625], "texture": "#3"}
			}
		},
		{
			"from": [7.625, 15.75, 8.80843],
			"to": [8.375, 17.25, 9.05843],
			"rotation": {"angle": 22.5, "axis": "x", "origin": [6, 12.25, -12.94157]},
			"faces": {
				"north": {"uv": [13.59375, 8.75, 13.5, 8.9375], "texture": "#3"},
				"east": {"uv": [6.15625, 14.25, 6.125, 14.4375], "texture": "#3"},
				"south": {"uv": [8.96875, 13.5, 8.875, 13.6875], "texture": "#3"},
				"west": {"uv": [14.28125, 5.875, 14.25, 6.0625], "texture": "#3"},
				"up": {"uv": [14.5, 0.15625, 14.59375, 0.125], "texture": "#3"},
				"down": {"uv": [14.5, 0.25, 14.59375, 0.28125], "texture": "#3"}
			}
		},
		{
			"from": [7.625, 0.075, 4.83343],
			"to": [8.375, 0.5, 6.33343],
			"rotation": {"angle": -22.5, "axis": "x", "origin": [6, 12.25, -12.94157]},
			"faces": {
				"north": {"uv": [14.34375, 5.75, 14.25, 5.8125], "texture": "#3"},
				"east": {"uv": [14.0625, 8.75, 13.875, 8.8125], "texture": "#3"},
				"south": {"uv": [5.96875, 14.25, 5.875, 14.3125], "texture": "#3"},
				"west": {"uv": [8.9375, 13.875, 8.75, 13.9375], "texture": "#3"},
				"up": {"uv": [8.625, 13.6875, 8.71875, 13.5], "texture": "#3"},
				"down": {"uv": [8.75, 13.5, 8.84375, 13.6875], "texture": "#3"}
			}
		},
		{
			"from": [7.625, 7.90003, 7.26091],
			"to": [8.375, 8.25, 7.78343],
			"rotation": {"angle": 0, "axis": "y", "origin": [6, 13.15003, -14.73909]},
			"faces": {
				"north": {"uv": [14.34375, 14.375, 14.25, 14.40625], "texture": "#3"},
				"east": {"uv": [14.5625, 7, 14.5, 7.03125], "texture": "#3"},
				"south": {"uv": [14.46875, 14.25, 14.375, 14.28125], "texture": "#3"},
				"west": {"uv": [7.0625, 14.5, 7, 14.53125], "texture": "#3"},
				"up": {"uv": [14.25, 5.6875, 14.34375, 5.625], "texture": "#3"},
				"down": {"uv": [5.75, 14.25, 5.84375, 14.3125], "texture": "#3"}
			}
		},
		{
			"from": [7.625, -1, 4.05843],
			"to": [8.375, 0.5, 4.30843],
			"rotation": {"angle": -22.5, "axis": "x", "origin": [6, 12.25, -12.94157]},
			"faces": {
				"north": {"uv": [8.09375, 13.5, 8, 13.6875], "texture": "#3"},
				"east": {"uv": [5.65625, 14.25, 5.625, 14.4375], "texture": "#3"},
				"south": {"uv": [13.59375, 8.5, 13.5, 8.6875], "texture": "#3"},
				"west": {"uv": [14.28125, 5.375, 14.25, 5.5625], "texture": "#3"},
				"up": {"uv": [14.125, 14.40625, 14.21875, 14.375], "texture": "#3"},
				"down": {"uv": [14.375, 14.125, 14.46875, 14.15625], "texture": "#3"}
			}
		},
		{
			"from": [7.25, 0, 4.80843],
			"to": [8.75, 0.5, 4.95843],
			"rotation": {"angle": -22.5, "axis": "x", "origin": [6, 12.25, -12.94157]},
			"faces": {
				"north": {"uv": [14.0625, 8.5, 13.875, 8.5625], "texture": "#3"},
				"east": {"uv": [14.53125, 6.875, 14.5, 6.9375], "texture": "#3"},
				"south": {"uv": [14.0625, 8.625, 13.875, 8.6875], "texture": "#3"},
				"west": {"uv": [6.90625, 14.5, 6.875, 14.5625], "texture": "#3"},
				"up": {"uv": [14.25, 5.28125, 14.4375, 5.25], "texture": "#3"},
				"down": {"uv": [5.375, 14.25, 5.5625, 14.28125], "texture": "#3"}
			}
		},
		{
			"from": [7.25, -1, 4.30843],
			"to": [8.75, 0.5, 4.80843],
			"rotation": {"angle": -22.5, "axis": "x", "origin": [6, 12.25, -12.94157]},
			"faces": {
				"north": {"uv": [6.1875, 12.375, 6, 12.5625], "texture": "#3"},
				"east": {"uv": [8.3125, 13.875, 8.25, 14.0625], "texture": "#3"},
				"south": {"uv": [6.5625, 12.375, 6.375, 12.5625], "texture": "#3"},
				"west": {"uv": [13.9375, 8.125, 13.875, 8.3125], "texture": "#3"},
				"up": {"uv": [8.375, 13.9375, 8.5625, 13.875], "texture": "#3"},
				"down": {"uv": [13.875, 8.375, 14.0625, 8.4375], "texture": "#3"}
			}
		},
		{
			"from": [7.249, 4.75, 8.05843],
			"to": [8.751, 8.25, 8.55843],
			"rotation": {"angle": 0, "axis": "y", "origin": [6, 12.25, -12.94157]},
			"faces": {
				"north": {"uv": [4.6875, 10.375, 4.5, 10.8125], "texture": "#3"},
				"east": {"uv": [11.6875, 12.75, 11.625, 13.1875], "texture": "#3"},
				"south": {"uv": [4.9375, 10.375, 4.75, 10.8125], "texture": "#3"},
				"west": {"uv": [11.5625, 12.75, 11.5, 13.1875], "texture": "#3"},
				"up": {"uv": [13.875, 7.8125, 14.0625, 7.75], "texture": "#3"},
				"down": {"uv": [13.875, 7.875, 14.0625, 7.9375], "texture": "#3"}
			}
		},
		{
			"from": [22.08162, 4.751, 0.31238],
			"to": [23.14228, 8.249, 1.37304],
			"rotation": {"angle": -45, "axis": "y", "origin": [5.99228, 12.25, -12.93762]},
			"faces": {
				"north": {"uv": [6.375, 7.75, 6.25, 8.1875], "texture": "#4"},
				"east": {"uv": [0.625, 7.875, 0.5, 8.3125], "texture": "#4"},
				"south": {"uv": [0.5, 7.875, 0.375, 8.3125], "texture": "#4"},
				"west": {"uv": [8, 0, 7.875, 0.4375], "texture": "#4"},
				"up": {"uv": [0.875, 7.5, 1, 7.375], "texture": "#4"},
				"down": {"uv": [7.5, 2, 7.625, 2.125], "texture": "#4"}
			}
		},
		{
			"from": [7.625, 15.25, 9.05843],
			"to": [8.375, 17.5, 9.30843],
			"rotation": {"angle": 22.5, "axis": "x", "origin": [6, 12.25, -12.94157]},
			"faces": {
				"north": {"uv": [8.84375, 6.75, 8.75, 7.03125], "texture": "#4"},
				"east": {"uv": [3.03125, 9.875, 3, 10.15625], "texture": "#4"},
				"south": {"uv": [7.21875, 8.75, 7.125, 9.03125], "texture": "#4"},
				"west": {"uv": [2.53125, 9.875, 2.5, 10.15625], "texture": "#4"},
				"up": {"uv": [4.125, 10.28125, 4.21875, 10.25], "texture": "#4"},
				"down": {"uv": [10.25, 4.125, 10.34375, 4.15625], "texture": "#4"}
			}
		}
	],
	"display": {
		"head": {
			"rotation": [0, 180, 0]
		}
	}
}