{
	"credit": "Made with Blockbench",
	"textures": {
		"3": "animated_java:item/valk_aj/main",
		"4": "animated_java:item/valk_aj/texture"
	},
	"elements": [
		{
			"from": [8.573, 21.25, 7.27767],
			"to": [8.823, 22.5, 8.52767],
			"rotation": {"angle": 45, "axis": "x", "origin": [5.95, 12.5, -7.49733]},
			"faces": {
				"north": {"uv": [13.40625, 14.25, 13.375, 14.40625], "texture": "#3"},
				"east": {"uv": [13.15625, 2, 13, 2.15625], "texture": "#3"},
				"south": {"uv": [13.53125, 14.25, 13.5, 14.40625], "texture": "#3"},
				"west": {"uv": [13.15625, 1.75, 13, 1.90625], "texture": "#3"},
				"up": {"uv": [14.25, 13.65625, 14.28125, 13.5], "texture": "#3"},
				"down": {"uv": [13.625, 14.25, 13.65625, 14.40625], "texture": "#3"}
			}
		},
		{
			"from": [8.572, 20.45495, 6.82158],
			"to": [8.824, 21.5, 7.77767],
			"rotation": {"angle": 45, "axis": "x", "origin": [5.95, 12.5, -7.49733]},
			"faces": {
				"north": {"uv": [5.53125, 14.375, 5.5, 14.5], "texture": "#3"},
				"east": {"uv": [9.875, 2.25, 9.75, 2.375], "texture": "#3"},
				"south": {"uv": [14.40625, 5.5, 14.375, 5.625], "texture": "#3"},
				"west": {"uv": [9.75, 5.75, 9.625, 5.875], "texture": "#3"},
				"up": {"uv": [14.375, 5.75, 14.40625, 5.625], "texture": "#3"},
				"down": {"uv": [5.75, 14.375, 5.78125, 14.5], "texture": "#3"}
			}
		},
		{
			"from": [7.077, 8.5, 9.50267],
			"to": [7.327, 8.75, 10.75267],
			"rotation": {"angle": 0, "axis": "y", "origin": [5.95, 12.5, -7.49733]},
			"faces": {
				"north": {"uv": [11.15625, 14.5, 11.125, 14.53125], "texture": "#3"},
				"east": {"uv": [14.40625, 13.125, 14.25, 13.15625], "texture": "#3"},
				"south": {"uv": [14.53125, 11.125, 14.5, 11.15625], "texture": "#3"},
				"west": {"uv": [13.28125, 14.25, 13.125, 14.28125], "texture": "#3"},
				"up": {"uv": [12, 14.40625, 12.03125, 14.25], "texture": "#3"},
				"down": {"uv": [14.25, 13.25, 14.28125, 13.40625], "texture": "#3"}
			}
		},
		{
			"from": [7.074, 8, 8.25267],
			"to": [8.826, 8.5, 12.00267],
			"rotation": {"angle": 0, "axis": "y", "origin": [5.95, 12.5, -7.49733]},
			"faces": {
				"north": {"uv": [13.96875, 10.75, 13.75, 10.8125], "texture": "#3"},
				"east": {"uv": [13.09375, 7.75, 12.625, 7.8125], "texture": "#3"},
				"south": {"uv": [11.09375, 13.75, 10.875, 13.8125], "texture": "#3"},
				"west": {"uv": [13.09375, 4.875, 12.625, 4.9375], "texture": "#3"},
				"up": {"uv": [9.75, 4.09375, 9.96875, 3.625], "texture": "#3"},
				"down": {"uv": [9.75, 4.125, 9.96875, 4.59375], "texture": "#3"}
			}
		},
		{
			"from": [10.10976, 10.25483, 7.50367],
			"to": [10.99506, 11.14013, 13.50167],
			"rotation": {"angle": -45, "axis": "z", "origin": [5.99506, 12.49013, -7.49733]},
			"faces": {
				"north": {"uv": [9.75, 1.5, 9.625, 1.625], "texture": "#3"},
				"east": {"uv": [10.875, 1.375, 10.125, 1.5], "texture": "#3"},
				"south": {"uv": [9.75, 4.375, 9.625, 4.5], "texture": "#3"},
				"west": {"uv": [10.875, 1.25, 10.125, 1.375], "texture": "#3"},
				"up": {"uv": [7.375, 10.75, 7.5, 10], "texture": "#3"},
				"down": {"uv": [9, 10, 9.125, 10.75], "texture": "#3"}
			}
		},
		{
			"from": [7.076, 15.74778, 9.99748],
			"to": [8.824, 16.24778, 11.99748],
			"rotation": {"angle": 22.5, "axis": "x", "origin": [5.95, 12.49778, -7.50252]},
			"faces": {
				"north": {"uv": [13.96875, 10.375, 13.75, 10.4375], "texture": "#3"},
				"east": {"uv": [13.875, 8.625, 13.625, 8.6875], "texture": "#3"},
				"south": {"uv": [10.84375, 13.75, 10.625, 13.8125], "texture": "#3"},
				"west": {"uv": [13.875, 8.5, 13.625, 8.5625], "texture": "#3"},
				"up": {"uv": [11.5, 1.25, 11.71875, 1], "texture": "#3"},
				"down": {"uv": [11.5, 1.25, 11.71875, 1.5], "texture": "#3"}
			}
		},
		{
			"from": [7.075, 2.28294, 5.51107],
			"to": [8.825, 2.78294, 7.51107],
			"rotation": {"angle": -22.5, "axis": "x", "origin": [5.95, 12.53294, -7.48893]},
			"faces": {
				"north": {"uv": [10.09375, 13.75, 9.875, 13.8125], "texture": "#3"},
				"east": {"uv": [13.875, 8.375, 13.625, 8.4375], "texture": "#3"},
				"south": {"uv": [13.96875, 10.25, 13.75, 10.3125], "texture": "#3"},
				"west": {"uv": [8.625, 13.625, 8.375, 13.6875], "texture": "#3"},
				"up": {"uv": [11.5, 1, 11.71875, 0.75], "texture": "#3"},
				"down": {"uv": [0.875, 11.5, 1.09375, 11.75], "texture": "#3"}
			}
		},
		{
			"from": [7.325, 2.51234, 4.91436],
			"to": [8.575, 3.26234, 7.66436],
			"rotation": {"angle": -22.5, "axis": "x", "origin": [5.95, 12.51234, -7.58564]},
			"faces": {
				"north": {"uv": [9.78125, 1.75, 9.625, 1.84375], "texture": "#4"},
				"east": {"uv": [8.84375, 4.75, 8.5, 4.84375], "texture": "#4"},
				"south": {"uv": [9.78125, 1.875, 9.625, 1.96875], "texture": "#4"},
				"west": {"uv": [8.84375, 3.5, 8.5, 3.59375], "texture": "#4"},
				"up": {"uv": [6.75, 8.21875, 6.90625, 7.875], "texture": "#4"},
				"down": {"uv": [7.875, 6.875, 8.03125, 7.21875], "texture": "#4"}
			}
		},
		{
			"from": [7.326, 16.22718, 9.73001],
			"to": [8.574, 16.72718, 12.73001],
			"rotation": {"angle": 22.5, "axis": "x", "origin": [5.95, 12.47718, -7.51999]},
			"faces": {
				"north": {"uv": [9.90625, 9.125, 9.75, 9.1875], "texture": "#4"},
				"east": {"uv": [9.25, 7, 8.875, 7.0625], "texture": "#4"},
				"south": {"uv": [9.90625, 9.25, 9.75, 9.3125], "texture": "#4"},
				"west": {"uv": [9.25, 6, 8.875, 6.0625], "texture": "#4"},
				"up": {"uv": [7.5, 8, 7.65625, 7.625], "texture": "#4"},
				"down": {"uv": [7.75, 0.875, 7.90625, 1.25], "texture": "#4"}
			}
		},
		{
			"from": [7.324, 8, 7.50267],
			"to": [8.576, 8.75, 13.50267],
			"rotation": {"angle": 0, "axis": "y", "origin": [5.95, 12.5, -7.49733]},
			"faces": {
				"north": {"uv": [9.78125, 1.5, 9.625, 1.59375], "texture": "#4"},
				"east": {"uv": [8, 2.625, 7.25, 2.71875], "texture": "#4"},
				"south": {"uv": [9.78125, 1.625, 9.625, 1.71875], "texture": "#4"},
				"west": {"uv": [8, 1.375, 7.25, 1.46875], "texture": "#4"},
				"up": {"uv": [6, 6.625, 6.15625, 5.875], "texture": "#4"},
				"down": {"uv": [0, 6.125, 0.15625, 6.875], "texture": "#4"}
			}
		}
	],
	"display": {
		"head": {
			"rotation": [0, 180, 0]
		}
	}
}