{
	"credit": "Made with Blockbench",
	"textures": {
		"4": "animated_java:item/valk_aj/texture"
	},
	"elements": [
		{
			"from": [7.662, 1, 8.7625],
			"to": [8.912, 1.575, 9.0125],
			"rotation": {"angle": 0, "axis": "y", "origin": [5.412, 5.825, -6.4875]},
			"faces": {
				"north": {"uv": [9.90625, 8.875, 9.75, 8.9375], "texture": "#4"},
				"east": {"uv": [10.28125, 8.625, 10.25, 8.6875], "texture": "#4"},
				"south": {"uv": [9.90625, 9, 9.75, 9.0625], "texture": "#4"},
				"west": {"uv": [8.65625, 10.25, 8.625, 10.3125], "texture": "#4"},
				"up": {"uv": [1.75, 10.15625, 1.90625, 10.125], "texture": "#4"},
				"down": {"uv": [10.125, 1.75, 10.28125, 1.78125], "texture": "#4"}
			}
		},
		{
			"from": [7.163, 1.575, 8.5125],
			"to": [8.163, 3.575, 9.0125],
			"rotation": {"angle": 0, "axis": "y", "origin": [5.412, 5.825, -6.4875]},
			"faces": {
				"north": {"uv": [5, 3.5, 4.875, 3.75], "texture": "#4"},
				"east": {"uv": [9.5625, 6.625, 9.5, 6.875], "texture": "#4"},
				"south": {"uv": [5.625, 5, 5.5, 5.25], "texture": "#4"},
				"west": {"uv": [6.5625, 9.5, 6.5, 9.75], "texture": "#4"},
				"up": {"uv": [9.375, 9.9375, 9.5, 9.875], "texture": "#4"},
				"down": {"uv": [9.875, 9.375, 10, 9.4375], "texture": "#4"}
			}
		},
		{
			"from": [8.163, 1.575, 8.5125],
			"to": [9.413, 10.325, 9.0125],
			"rotation": {"angle": 0, "axis": "y", "origin": [5.412, 5.825, -6.4875]},
			"faces": {
				"north": {"uv": [0.40625, 4.625, 0.25, 5.71875], "texture": "#4"},
				"east": {"uv": [6.4375, 7.375, 6.375, 8.46875], "texture": "#4"},
				"south": {"uv": [5.03125, 0.5, 4.875, 1.59375], "texture": "#4"},
				"west": {"uv": [3.4375, 7.375, 3.375, 8.46875], "texture": "#4"},
				"up": {"uv": [8.625, 9.8125, 8.78125, 9.75], "texture": "#4"},
				"down": {"uv": [9.75, 8.75, 9.90625, 8.8125], "texture": "#4"}
			}
		},
		{
			"from": [7.662, -4.62825, 5.86081],
			"to": [8.912, -3.87825, 5.96081],
			"rotation": {"angle": -22.5, "axis": "x", "origin": [5.412, 5.87175, -6.63919]},
			"faces": {
				"north": {"uv": [9.78125, 1.125, 9.625, 1.21875], "texture": "#4"},
				"east": {"uv": [3.90625, 10.25, 3.875, 10.34375], "texture": "#4"},
				"south": {"uv": [9.78125, 1.25, 9.625, 1.34375], "texture": "#4"},
				"west": {"uv": [3.78125, 10.25, 3.75, 10.34375], "texture": "#4"},
				"up": {"uv": [10.125, 1.53125, 10.28125, 1.5], "texture": "#4"},
				"down": {"uv": [10.125, 1.625, 10.28125, 1.65625], "texture": "#4"}
			}
		},
		{
			"from": [7.662, -4.62825, 5.11081],
			"to": [8.912, -0.12825, 5.86081],
			"rotation": {"angle": -22.5, "axis": "x", "origin": [5.412, 5.87175, -6.63919]},
			"faces": {
				"north": {"uv": [7.03125, 1.5, 6.875, 2.0625], "texture": "#4"},
				"east": {"uv": [0.96875, 8, 0.875, 8.5625], "texture": "#4"},
				"south": {"uv": [1.90625, 6.875, 1.75, 7.4375], "texture": "#4"},
				"west": {"uv": [4.09375, 7.875, 4, 8.4375], "texture": "#4"},
				"up": {"uv": [9.625, 0.71875, 9.78125, 0.625], "texture": "#4"},
				"down": {"uv": [9.625, 0.75, 9.78125, 0.84375], "texture": "#4"}
			}
		},
		{
			"from": [7.162, -2.80056, 6.24455],
			"to": [9.412, -0.05056, 6.74455],
			"rotation": {"angle": -22.5, "axis": "x", "origin": [5.412, 5.69944, -6.50545]},
			"faces": {
				"north": {"uv": [6.90625, 1.125, 6.625, 1.46875], "texture": "#4"},
				"east": {"uv": [9.1875, 9, 9.125, 9.34375], "texture": "#4"},
				"south": {"uv": [3.28125, 6.625, 3, 6.96875], "texture": "#4"},
				"west": {"uv": [9.1875, 8.625, 9.125, 8.96875], "texture": "#4"},
				"up": {"uv": [9.375, 5.4375, 9.65625, 5.375], "texture": "#4"},
				"down": {"uv": [9.375, 6, 9.65625, 6.0625], "texture": "#4"}
			}
		},
		{
			"from": [7.162, -4.05056, 5.74455],
			"to": [9.412, -0.05056, 6.24455],
			"rotation": {"angle": -22.5, "axis": "x", "origin": [5.412, 5.69944, -6.50545]},
			"faces": {
				"north": {"uv": [4.78125, 5.25, 4.5, 5.75], "texture": "#4"},
				"east": {"uv": [8.6875, 3, 8.625, 3.5], "texture": "#4"},
				"south": {"uv": [5.15625, 5.25, 4.875, 5.75], "texture": "#4"},
				"west": {"uv": [2.8125, 8.625, 2.75, 9.125], "texture": "#4"},
				"up": {"uv": [9.375, 5.1875, 9.65625, 5.125], "texture": "#4"},
				"down": {"uv": [9.375, 5.25, 9.65625, 5.3125], "texture": "#4"}
			}
		},
		{
			"from": [7.163, 3.575, 8.5125],
			"to": [7.663, 7.075, 9.0125],
			"rotation": {"angle": 0, "axis": "y", "origin": [5.412, 5.825, -6.4875]},
			"faces": {
				"north": {"uv": [5.6875, 8.75, 5.625, 9.1875], "texture": "#4"},
				"east": {"uv": [6.1875, 8.75, 6.125, 9.1875], "texture": "#4"},
				"south": {"uv": [6.0625, 8.75, 6, 9.1875], "texture": "#4"},
				"west": {"uv": [5.8125, 8.75, 5.75, 9.1875], "texture": "#4"},
				"up": {"uv": [10.125, 6.1875, 10.1875, 6.125], "texture": "#4"},
				"down": {"uv": [6.25, 10.125, 6.3125, 10.1875], "texture": "#4"}
			}
		},
		{
			"from": [7.162, 7.075, 7.0125],
			"to": [7.662, 8.325, 9.0125],
			"rotation": {"angle": 0, "axis": "y", "origin": [5.412, 5.825, -6.4875]},
			"faces": {
				"north": {"uv": [8.5625, 9.75, 8.5, 9.90625], "texture": "#4"},
				"east": {"uv": [8.625, 1.5, 8.375, 1.65625], "texture": "#4"},
				"south": {"uv": [9.8125, 8.5, 9.75, 8.65625], "texture": "#4"},
				"west": {"uv": [1.75, 8.375, 1.5, 8.53125], "texture": "#4"},
				"up": {"uv": [5.75, 9.75, 5.8125, 9.5], "texture": "#4"},
				"down": {"uv": [6, 9.5, 6.0625, 9.75], "texture": "#4"}
			}
		},
		{
			"from": [7.163, 5.075, 7.0125],
			"to": [9.413, 7.075, 7.7625],
			"rotation": {"angle": 0, "axis": "y", "origin": [5.412, 5.825, -6.4875]},
			"faces": {
				"north": {"uv": [7.65625, 3.5, 7.375, 3.75], "texture": "#4"},
				"east": {"uv": [6.96875, 8.875, 6.875, 9.125], "texture": "#4"},
				"south": {"uv": [4.03125, 7.375, 3.75, 7.625], "texture": "#4"},
				"west": {"uv": [8.96875, 6.75, 8.875, 7], "texture": "#4"},
				"up": {"uv": [8.75, 6.34375, 9.03125, 6.25], "texture": "#4"},
				"down": {"uv": [6.75, 8.75, 7.03125, 8.84375], "texture": "#4"}
			}
		},
		{
			"from": [7.163, 4.075, 7.7625],
			"to": [9.413, 8.075, 8.5125],
			"rotation": {"angle": 0, "axis": "y", "origin": [5.412, 5.825, -6.4875]},
			"faces": {
				"north": {"uv": [4.03125, 5.25, 3.75, 5.75], "texture": "#4"},
				"east": {"uv": [0.34375, 8.125, 0.25, 8.625], "texture": "#4"},
				"south": {"uv": [4.40625, 5.25, 4.125, 5.75], "texture": "#4"},
				"west": {"uv": [5.84375, 8, 5.75, 8.5], "texture": "#4"},
				"up": {"uv": [8.75, 5.96875, 9.03125, 5.875], "texture": "#4"},
				"down": {"uv": [8.75, 6.125, 9.03125, 6.21875], "texture": "#4"}
			}
		},
		{
			"from": [8.162, 12.14295, 6.03417],
			"to": [9.412, 14.89295, 6.53417],
			"rotation": {"angle": 22.5, "axis": "x", "origin": [5.412, 5.89295, -6.46583]},
			"faces": {
				"north": {"uv": [8.03125, 6.125, 7.875, 6.46875], "texture": "#4"},
				"east": {"uv": [9.1875, 8.25, 9.125, 8.59375], "texture": "#4"},
				"south": {"uv": [6.65625, 7.875, 6.5, 8.21875], "texture": "#4"},
				"west": {"uv": [9.1875, 7.875, 9.125, 8.21875], "texture": "#4"},
				"up": {"uv": [9.75, 8.3125, 9.90625, 8.25], "texture": "#4"},
				"down": {"uv": [9.75, 8.375, 9.90625, 8.4375], "texture": "#4"}
			}
		},
		{
			"from": [8.162, 15.64295, 6.03417],
			"to": [9.412, 15.89295, 6.13417],
			"rotation": {"angle": 22.5, "axis": "x", "origin": [5.412, 5.89295, -6.46583]},
			"faces": {
				"north": {"uv": [1.40625, 10.125, 1.25, 10.15625], "texture": "#4"},
				"east": {"uv": [3.15625, 10.375, 3.125, 10.40625], "texture": "#4"},
				"south": {"uv": [10.28125, 1.25, 10.125, 1.28125], "texture": "#4"},
				"west": {"uv": [10.40625, 3, 10.375, 3.03125], "texture": "#4"},
				"up": {"uv": [10.125, 1.40625, 10.28125, 1.375], "texture": "#4"},
				"down": {"uv": [1.5, 10.125, 1.65625, 10.15625], "texture": "#4"}
			}
		},
		{
			"from": [8.162, 12.14295, 5.53417],
			"to": [9.412, 15.89295, 6.03417],
			"rotation": {"angle": 22.5, "axis": "x", "origin": [5.412, 5.89295, -6.46583]},
			"faces": {
				"north": {"uv": [5.65625, 7.25, 5.5, 7.71875], "texture": "#4"},
				"east": {"uv": [1.1875, 8.75, 1.125, 9.21875], "texture": "#4"},
				"south": {"uv": [7.40625, 5.5, 7.25, 5.96875], "texture": "#4"},
				"west": {"uv": [4.9375, 8.625, 4.875, 9.09375], "texture": "#4"},
				"up": {"uv": [9.75, 8.1875, 9.90625, 8.125], "texture": "#4"},
				"down": {"uv": [8.25, 9.75, 8.40625, 9.8125], "texture": "#4"}
			}
		},
		{
			"from": [17.68192, 2.825, 1.70615],
			"to": [19.27291, 8.325, 3.29714],
			"rotation": {"angle": -45, "axis": "y", "origin": [5.52291, 7.825, -6.54385]},
			"faces": {
				"north": {"uv": [5.1875, 5.75, 5, 6.4375], "texture": "#4"},
				"east": {"uv": [6.0625, 4.25, 5.875, 4.9375], "texture": "#4"},
				"south": {"uv": [3.4375, 5.875, 3.25, 6.5625], "texture": "#4"},
				"west": {"uv": [3.1875, 5.875, 3, 6.5625], "texture": "#4"},
				"up": {"uv": [8.5, 2.1875, 8.6875, 2], "texture": "#4"},
				"down": {"uv": [8.5, 2.75, 8.6875, 2.9375], "texture": "#4"}
			}
		},
		{
			"from": [5.12647, 9.10013, 6.5135],
			"to": [6.12647, 10.10013, 9.0115],
			"rotation": {"angle": -45, "axis": "z", "origin": [5.37647, 5.85013, -6.4875]},
			"faces": {
				"north": {"uv": [7.25, 5.75, 7.125, 5.875], "texture": "#4"},
				"east": {"uv": [8.6875, 0.875, 8.375, 1], "texture": "#4"},
				"south": {"uv": [6, 7.25, 5.875, 7.375], "texture": "#4"},
				"west": {"uv": [8.6875, 0.75, 8.375, 0.875], "texture": "#4"},
				"up": {"uv": [1.125, 8.6875, 1.25, 8.375], "texture": "#4"},
				"down": {"uv": [1.25, 8.375, 1.375, 8.6875], "texture": "#4"}
			}
		},
		{
			"from": [7.662, 4.825, 6.5125],
			"to": [8.912, 8.325, 9.0125],
			"rotation": {"angle": 0, "axis": "y", "origin": [5.412, 5.825, -6.4875]},
			"faces": {
				"north": {"uv": [1.03125, 7.5, 0.875, 7.9375], "texture": "#4"},
				"east": {"uv": [1.9375, 5.75, 1.625, 6.1875], "texture": "#4"},
				"south": {"uv": [1.90625, 7.5, 1.75, 7.9375], "texture": "#4"},
				"west": {"uv": [1.3125, 5.75, 1, 6.1875], "texture": "#4"},
				"up": {"uv": [8, 6.8125, 8.15625, 6.5], "texture": "#4"},
				"down": {"uv": [8, 7.25, 8.15625, 7.5625], "texture": "#4"}
			}
		}
	],
	"display": {
		"head": {
			"rotation": [0, 180, 0]
		}
	}
}