{
  "bgm.lobby": {
    "sounds": ["bgm/lobby"]
  },
  "bgm.ending": {
    "sounds": ["bgm/ending"]
  },
  "bgm.gameover": {
    "sounds": ["bgm/gameover"]
  },
  "bgm.stage1_1": {
    "sounds": ["bgm/stage1_1"]
  },
  "bgm.stage1_2": {
    "sounds": ["bgm/stage1_2"]
  },
  "bgm.stage2_1": {
    "sounds": ["bgm/stage2_1"]
  },
  "bgm.stage2_2": {
    "sounds": ["bgm/stage2_2"]
  },
  "bgm.stage3_1": {
    "sounds": ["bgm/stage3_1"]
  },
  "bgm.stage3_2": {
    "sounds": ["bgm/stage3_2"]
  },
  "bgm.stage4_1": {
    "sounds": ["bgm/stage4_1"]
  },
  "bgm.stage4_2": {
    "sounds": ["bgm/stage4_2"]
  },
  "bgm.win": {
    "sounds": ["bgm/win"]
  },
  "sfx.1up": {
    "sounds": ["sfx/1up"]
  },
  "sfx.banana": {
    "sounds": ["sfx/banana"]
  },
  "sfx.death": {
    "sounds": ["sfx/death"]
  },
  "sfx.dk": {
    "sounds": ["sfx/dk"]
  },
  "sfx.help": {
    "sounds": ["sfx/help"]
  }
}