{
	"format_version": "1.9.0",
	"credit": "Made with Blockbench",
	"textures": {
		"0": "item/weapon/bowmaster",
		"particle": "item/weapon/bowmaster"
	},
	"elements": [
		{
			"from": [7.9, -12, 11.60343],
			"to": [8.1, 28, 11.70343],
			"rotation": {"angle": 0, "axis": "y", "origin": [6.5, 12, 10.70343]},
			"faces": {
				"north": {"uv": [1.2, 5.6, 2.2, 6.6], "texture": "#0"},
				"east": {"uv": [1.2, 5.6, 2.2, 6.6], "texture": "#0"},
				"south": {"uv": [1.2, 5.6, 2.2, 6.6], "texture": "#0"},
				"west": {"uv": [1.2, 5.6, 2.2, 6.6], "texture": "#0"},
				"up": {"uv": [1.2, 5.6, 2.2, 6.6], "texture": "#0"},
				"down": {"uv": [1.2, 5.6, 2.2, 6.6], "texture": "#0"}
			}
		},
		{
			"from": [7.4, 6.2, 8.40999],
			"to": [8.6, 9.8, 9.60999],
			"rotation": {"angle": 0, "axis": "y", "origin": [6.5, 7.5, 8.50999]},
			"faces": {
				"north": {"uv": [0, 0, 1.2, 3.6], "texture": "#0"},
				"east": {"uv": [0, 0, 1.2, 3.6], "texture": "#0"},
				"south": {"uv": [0, 0, 1.2, 3.6], "texture": "#0"},
				"west": {"uv": [0, 0, 1.2, 3.6], "texture": "#0"},
				"up": {"uv": [0, 0, 1.2, 1.2], "texture": "#0"},
				"down": {"uv": [0, 0, 1.2, 1.2], "texture": "#0"}
			}
		},
		{
			"from": [7.5, 9.0412, 8.30343],
			"to": [8.5, 15.0412, 9.30343],
			"rotation": {"angle": -22.5, "axis": "x", "origin": [6.5, 10.0412, 8.30343]},
			"faces": {
				"north": {"uv": [5, 1, 6.8, 2.8], "texture": "#0"},
				"east": {"uv": [5, 1, 6.8, 2.8], "texture": "#0"},
				"south": {"uv": [5, 1, 6.8, 2.8], "texture": "#0"},
				"west": {"uv": [5, 1, 6.8, 2.8], "texture": "#0"},
				"up": {"uv": [5, 1, 6.8, 2.8], "texture": "#0"},
				"down": {"uv": [5, 1, 6.8, 2.8], "texture": "#0"}
			}
		},
		{
			"from": [7.6, 14.66059, 6.39001],
			"to": [8.4, 17.66059, 7.39001],
			"rotation": {"angle": 0, "axis": "y", "origin": [6.5, 15.66059, 6.39001]},
			"faces": {
				"north": {"uv": [5.4, 5, 7.2, 6.8], "texture": "#0"},
				"east": {"uv": [5.4, 5, 7.2, 6.8], "texture": "#0"},
				"south": {"uv": [5.4, 5, 7.2, 6.8], "texture": "#0"},
				"west": {"uv": [5.4, 5, 7.2, 6.8], "texture": "#0"},
				"up": {"uv": [5.4, 5, 7.2, 6.8], "texture": "#0"},
				"down": {"uv": [5.4, 5, 7.2, 6.8], "texture": "#0"}
			}
		},
		{
			"from": [7.7, 17.43223, 7.53806],
			"to": [8.3, 29.43223, 8.53806],
			"rotation": {"angle": 22.5, "axis": "x", "origin": [6.5, 20.43223, 7.53806]},
			"faces": {
				"north": {"uv": [5.4, 9.4, 7.2, 11.2], "texture": "#0"},
				"east": {"uv": [5.4, 9.4, 7.2, 11.2], "texture": "#0"},
				"south": {"uv": [5.4, 9.4, 7.2, 11.2], "texture": "#0"},
				"west": {"uv": [5.4, 9.4, 7.2, 11.2], "texture": "#0"},
				"up": {"uv": [5.4, 9.4, 7.2, 11.2], "texture": "#0"},
				"down": {"uv": [5.4, 9.4, 7.2, 11.2], "texture": "#0"}
			}
		},
		{
			"from": [7.7, 27.90566, 10.59953],
			"to": [8.3, 28.90566, 11.59953],
			"rotation": {"angle": -22.5, "axis": "x", "origin": [6.5, 28.90566, 10.59953]},
			"faces": {
				"north": {"uv": [5, 9.4, 6.8, 11.2], "texture": "#0"},
				"east": {"uv": [5, 9.4, 6.8, 11.2], "texture": "#0"},
				"south": {"uv": [5, 9.4, 6.8, 11.2], "texture": "#0"},
				"west": {"uv": [5, 9.4, 6.8, 11.2], "texture": "#0"},
				"up": {"uv": [5, 9.4, 6.8, 11.2], "texture": "#0"},
				"down": {"uv": [5, 9.4, 6.8, 11.2], "texture": "#0"}
			}
		},
		{
			"from": [7.5, 1.11104, 7.53806],
			"to": [8.5, 7.11104, 8.53806],
			"rotation": {"angle": 22.5, "axis": "x", "origin": [6.5, 4.11104, 7.53806]},
			"faces": {
				"north": {"uv": [5, 1, 6.8, 2.8], "texture": "#0"},
				"east": {"uv": [5, 1, 6.8, 2.8], "texture": "#0"},
				"south": {"uv": [5, 1, 6.8, 2.8], "texture": "#0"},
				"west": {"uv": [5, 1, 6.8, 2.8], "texture": "#0"},
				"up": {"uv": [5, 1, 6.8, 2.8], "texture": "#0"},
				"down": {"uv": [5, 1, 6.8, 2.8], "texture": "#0"}
			}
		},
		{
			"from": [7.6, -1.66059, 6.39001],
			"to": [8.4, 1.33941, 7.39001],
			"rotation": {"angle": 0, "axis": "y", "origin": [6.5, -0.66059, 6.39001]},
			"faces": {
				"north": {"uv": [5, 5.4, 6.8, 7.2], "texture": "#0"},
				"east": {"uv": [5, 5.4, 6.8, 7.2], "texture": "#0"},
				"south": {"uv": [5, 5.4, 6.8, 7.2], "texture": "#0"},
				"west": {"uv": [5, 5.4, 6.8, 7.2], "texture": "#0"},
				"up": {"uv": [5, 5.4, 6.8, 7.2], "texture": "#0"},
				"down": {"uv": [5, 5.4, 6.8, 7.2], "texture": "#0"}
			}
		},
		{
			"from": [7.7, -13.27999, 8.30343],
			"to": [8.3, -1.27999, 9.30343],
			"rotation": {"angle": -22.5, "axis": "x", "origin": [6.5, -6.27999, 8.30343]},
			"faces": {
				"north": {"uv": [5.4, 9.4, 7.2, 11.2], "texture": "#0"},
				"east": {"uv": [5.4, 9.4, 7.2, 11.2], "texture": "#0"},
				"south": {"uv": [5.4, 9.4, 7.2, 11.2], "texture": "#0"},
				"west": {"uv": [5.4, 9.4, 7.2, 11.2], "texture": "#0"},
				"up": {"uv": [5.4, 9.4, 7.2, 11.2], "texture": "#0"},
				"down": {"uv": [5.4, 9.4, 7.2, 11.2], "texture": "#0"}
			}
		},
		{
			"from": [7.7, -12.98178, 10.98221],
			"to": [8.3, -11.98178, 11.98221],
			"rotation": {"angle": 22.5, "axis": "x", "origin": [6.5, -11.98178, 10.98221]},
			"faces": {
				"north": {"uv": [5.4, 9.4, 7.2, 11.2], "texture": "#0"},
				"east": {"uv": [5.4, 9.4, 7.2, 11.2], "texture": "#0"},
				"south": {"uv": [5.4, 9.4, 7.2, 11.2], "texture": "#0"},
				"west": {"uv": [5.4, 9.4, 7.2, 11.2], "texture": "#0"},
				"up": {"uv": [5.4, 9.4, 7.2, 11.2], "texture": "#0"},
				"down": {"uv": [5.4, 9.4, 7.2, 11.2], "texture": "#0"}
			}
		},
		{
			"from": [7, 11.38033, 8.0505],
			"to": [7.5, 15.38033, 9.0505],
			"rotation": {"angle": -22.5, "axis": "x", "origin": [8, 14.88033, 8.5505]},
			"faces": {
				"north": {"uv": [9, 1.8, 10, 2.8], "texture": "#0"},
				"east": {"uv": [9, 1.8, 10, 2.8], "texture": "#0"},
				"south": {"uv": [9, 1.8, 10, 2.8], "texture": "#0"},
				"west": {"uv": [9, 1.8, 10, 2.8], "texture": "#0"},
				"up": {"uv": [9, 1.8, 10, 2.8], "texture": "#0"},
				"down": {"uv": [9, 1.8, 10, 2.8], "texture": "#0"}
			}
		},
		{
			"from": [7, 15.15093, 7.89722],
			"to": [7.5, 17.15093, 8.89722],
			"rotation": {"angle": 0, "axis": "y", "origin": [7, 18.616, 9.58647]},
			"faces": {
				"north": {"uv": [9, 1.8, 10, 2.8], "texture": "#0"},
				"east": {"uv": [9, 1.8, 10, 2.8], "texture": "#0"},
				"south": {"uv": [9, 1.8, 10, 2.8], "texture": "#0"},
				"west": {"uv": [9, 1.8, 10, 2.8], "texture": "#0"},
				"up": {"uv": [9, 1.8, 10, 2.8], "texture": "#0"},
				"down": {"uv": [9, 1.8, 10, 2.8], "texture": "#0"}
			}
		},
		{
			"from": [7.075, 16.84541, 8.43319],
			"to": [7.475, 24.84541, 9.43319],
			"rotation": {"angle": 22.5, "axis": "x", "origin": [7.975, 18.34541, 8.93319]},
			"faces": {
				"north": {"uv": [9.8, 5.8, 10.8, 6.8], "texture": "#0"},
				"east": {"uv": [9.8, 5.8, 10.8, 6.8], "texture": "#0"},
				"south": {"uv": [9.8, 5.8, 10.8, 6.8], "texture": "#0"},
				"west": {"uv": [9.8, 5.8, 10.8, 6.8], "texture": "#0"},
				"up": {"uv": [9.8, 5.8, 10.8, 6.8], "texture": "#0"},
				"down": {"uv": [9.8, 5.8, 10.8, 6.8], "texture": "#0"}
			}
		},
		{
			"from": [7.15, 23.70048, 10.57601],
			"to": [7.45, 24.70048, 11.57601],
			"rotation": {"angle": -22.5, "axis": "x", "origin": [5.95, 24.70048, 10.57601]},
			"faces": {
				"north": {"uv": [9.4, 9.4, 10.4, 10.4], "texture": "#0"},
				"east": {"uv": [9.4, 9.4, 10.4, 10.4], "texture": "#0"},
				"south": {"uv": [9.4, 9.4, 10.4, 10.4], "texture": "#0"},
				"west": {"uv": [9.4, 9.4, 10.4, 10.4], "texture": "#0"},
				"up": {"uv": [9.4, 9.4, 10.4, 10.4], "texture": "#0"},
				"down": {"uv": [9.4, 9.4, 10.4, 10.4], "texture": "#0"}
			}
		},
		{
			"from": [8.55, 23.70048, 10.57601],
			"to": [8.825, 24.70048, 11.57601],
			"rotation": {"angle": -22.5, "axis": "x", "origin": [7.525, 24.70048, 10.57601]},
			"faces": {
				"north": {"uv": [9.4, 9.4, 10.4, 10.4], "texture": "#0"},
				"east": {"uv": [9.4, 9.4, 10.4, 10.4], "texture": "#0"},
				"south": {"uv": [9.4, 9.4, 10.4, 10.4], "texture": "#0"},
				"west": {"uv": [9.4, 9.4, 10.4, 10.4], "texture": "#0"},
				"up": {"uv": [9.4, 9.4, 10.4, 10.4], "texture": "#0"},
				"down": {"uv": [9.4, 9.4, 10.4, 10.4], "texture": "#0"}
			}
		},
		{
			"from": [8.525, 16.616, 8.58647],
			"to": [8.925, 24.616, 9.58647],
			"rotation": {"angle": 22.5, "axis": "x", "origin": [7.025, 18.616, 9.58647]},
			"faces": {
				"north": {"uv": [9.8, 5.8, 10.8, 6.8], "texture": "#0"},
				"east": {"uv": [9.8, 5.8, 10.8, 6.8], "texture": "#0"},
				"south": {"uv": [9.8, 5.8, 10.8, 6.8], "texture": "#0"},
				"west": {"uv": [9.8, 5.8, 10.8, 6.8], "texture": "#0"},
				"up": {"uv": [9.8, 5.8, 10.8, 6.8], "texture": "#0"},
				"down": {"uv": [9.8, 5.8, 10.8, 6.8], "texture": "#0"}
			}
		},
		{
			"from": [8.5, 15.15093, 7.89722],
			"to": [9, 17.15093, 8.89722],
			"rotation": {"angle": 0, "axis": "y", "origin": [8, 16.65093, 8.39722]},
			"faces": {
				"north": {"uv": [9, 1.8, 10, 2.8], "texture": "#0"},
				"east": {"uv": [9, 1.8, 10, 2.8], "texture": "#0"},
				"south": {"uv": [9, 1.8, 10, 2.8], "texture": "#0"},
				"west": {"uv": [9, 1.8, 10, 2.8], "texture": "#0"},
				"up": {"uv": [9, 1.8, 10, 2.8], "texture": "#0"},
				"down": {"uv": [9, 1.8, 10, 2.8], "texture": "#0"}
			}
		},
		{
			"from": [8.5, 11.38033, 8.0505],
			"to": [9, 15.38033, 9.0505],
			"rotation": {"angle": -22.5, "axis": "x", "origin": [8, 14.88033, 8.5505]},
			"faces": {
				"north": {"uv": [9, 1.8, 10, 2.8], "texture": "#0"},
				"east": {"uv": [9, 1.8, 10, 2.8], "texture": "#0"},
				"south": {"uv": [9, 1.8, 10, 2.8], "texture": "#0"},
				"west": {"uv": [9, 1.8, 10, 2.8], "texture": "#0"},
				"up": {"uv": [9, 1.8, 10, 2.8], "texture": "#0"},
				"down": {"uv": [9, 1.8, 10, 2.8], "texture": "#0"}
			}
		},
		{
			"from": [7, 0.61967, 8.0505],
			"to": [7.5, 4.61967, 9.0505],
			"rotation": {"angle": 22.5, "axis": "x", "origin": [8, 1.11967, 8.5505]},
			"faces": {
				"north": {"uv": [9, 1.8, 10, 2.8], "texture": "#0"},
				"east": {"uv": [9, 1.8, 10, 2.8], "texture": "#0"},
				"south": {"uv": [9, 1.8, 10, 2.8], "texture": "#0"},
				"west": {"uv": [9, 1.8, 10, 2.8], "texture": "#0"},
				"up": {"uv": [9, 1.8, 10, 2.8], "texture": "#0"},
				"down": {"uv": [9, 1.8, 10, 2.8], "texture": "#0"}
			}
		},
		{
			"from": [7.075, 1.52125, 7.67225],
			"to": [7.475, 4.52125, 8.67225],
			"rotation": {"angle": -45, "axis": "x", "origin": [7.975, 3.02125, 8.17225]},
			"faces": {
				"north": {"uv": [9.4, 5.4, 10.4, 6.4], "texture": "#0"},
				"east": {"uv": [9.4, 5.4, 10.4, 6.4], "texture": "#0"},
				"south": {"uv": [9.4, 5.4, 10.4, 6.4], "texture": "#0"},
				"west": {"uv": [9.4, 5.4, 10.4, 6.4], "texture": "#0"},
				"up": {"uv": [9.4, 5.4, 10.4, 6.4], "texture": "#0"},
				"down": {"uv": [9.4, 5.4, 10.4, 6.4], "texture": "#0"}
			}
		},
		{
			"from": [7.15, 3.72836, 6.75804],
			"to": [7.45, 6.72836, 7.75804],
			"rotation": {"angle": -22.5, "axis": "x", "origin": [5.45, 3.72836, 6.75804]},
			"faces": {
				"north": {"uv": [9.8, 9.4, 10.8, 10.4], "texture": "#0"},
				"east": {"uv": [9.8, 9.4, 10.8, 10.4], "texture": "#0"},
				"south": {"uv": [9.8, 9.4, 10.8, 10.4], "texture": "#0"},
				"west": {"uv": [9.8, 9.4, 10.8, 10.4], "texture": "#0"},
				"up": {"uv": [9.8, 9.4, 10.8, 10.4], "texture": "#0"},
				"down": {"uv": [9.8, 9.4, 10.8, 10.4], "texture": "#0"}
			}
		},
		{
			"from": [7.225, 6.5, 5.60999],
			"to": [7.425, 9.5, 6.60999],
			"rotation": {"angle": 0, "axis": "y", "origin": [5.425, 7.5, 5.60999]},
			"faces": {
				"north": {"uv": [9.8, 13, 10.8, 14], "texture": "#0"},
				"east": {"uv": [9.8, 13, 10.8, 14], "texture": "#0"},
				"south": {"uv": [9.8, 13, 10.8, 14], "texture": "#0"},
				"west": {"uv": [9.8, 13, 10.8, 14], "texture": "#0"},
				"up": {"uv": [9.8, 13, 10.8, 14], "texture": "#0"},
				"down": {"uv": [9.8, 13, 10.8, 14], "texture": "#0"}
			}
		},
		{
			"from": [7.15, 9.34776, 6.37536],
			"to": [7.45, 12.34776, 7.37536],
			"rotation": {"angle": 22.5, "axis": "x", "origin": [5.45, 11.34776, 6.37536]},
			"faces": {
				"north": {"uv": [9.4, 9.8, 10.4, 10.8], "texture": "#0"},
				"east": {"uv": [9.4, 9.8, 10.4, 10.8], "texture": "#0"},
				"south": {"uv": [9.4, 9.8, 10.4, 10.8], "texture": "#0"},
				"west": {"uv": [9.4, 9.8, 10.4, 10.8], "texture": "#0"},
				"up": {"uv": [9.4, 9.8, 10.4, 10.8], "texture": "#0"},
				"down": {"uv": [9.4, 9.8, 10.4, 10.8], "texture": "#0"}
			}
		},
		{
			"from": [7.075, 11.47875, 7.67225],
			"to": [7.475, 14.47875, 8.67225],
			"rotation": {"angle": 45, "axis": "x", "origin": [7.975, 12.97875, 8.17225]},
			"faces": {
				"north": {"uv": [9, 5.4, 10, 6.4], "texture": "#0"},
				"east": {"uv": [9, 5.4, 10, 6.4], "texture": "#0"},
				"south": {"uv": [9, 5.4, 10, 6.4], "texture": "#0"},
				"west": {"uv": [9, 5.4, 10, 6.4], "texture": "#0"},
				"up": {"uv": [9, 5.4, 10, 6.4], "texture": "#0"},
				"down": {"uv": [9, 5.4, 10, 6.4], "texture": "#0"}
			}
		},
		{
			"from": [8.55, 9.34776, 6.37536],
			"to": [8.85, 12.34776, 7.37536],
			"rotation": {"angle": 22.5, "axis": "x", "origin": [7.55, 11.34776, 6.37536]},
			"faces": {
				"north": {"uv": [9.4, 9.8, 10.4, 10.8], "texture": "#0"},
				"east": {"uv": [9.4, 9.8, 10.4, 10.8], "texture": "#0"},
				"south": {"uv": [9.4, 9.8, 10.4, 10.8], "texture": "#0"},
				"west": {"uv": [9.4, 9.8, 10.4, 10.8], "texture": "#0"},
				"up": {"uv": [9.4, 9.8, 10.4, 10.8], "texture": "#0"},
				"down": {"uv": [9.4, 9.8, 10.4, 10.8], "texture": "#0"}
			}
		},
		{
			"from": [8.525, 11.47875, 7.67225],
			"to": [8.925, 14.47875, 8.67225],
			"rotation": {"angle": 45, "axis": "x", "origin": [8.025, 12.97875, 8.17225]},
			"faces": {
				"north": {"uv": [9, 5.4, 10, 6.4], "texture": "#0"},
				"east": {"uv": [9, 5.4, 10, 6.4], "texture": "#0"},
				"south": {"uv": [9, 5.4, 10, 6.4], "texture": "#0"},
				"west": {"uv": [9, 5.4, 10, 6.4], "texture": "#0"},
				"up": {"uv": [9, 5.4, 10, 6.4], "texture": "#0"},
				"down": {"uv": [9, 5.4, 10, 6.4], "texture": "#0"}
			}
		},
		{
			"from": [8.575, 6.5, 5.60999],
			"to": [8.775, 9.5, 6.60999],
			"rotation": {"angle": 0, "axis": "y", "origin": [7.575, 7.5, 5.60999]},
			"faces": {
				"north": {"uv": [9.8, 13, 10.8, 14], "texture": "#0"},
				"east": {"uv": [9.8, 13, 10.8, 14], "texture": "#0"},
				"south": {"uv": [9.8, 13, 10.8, 14], "texture": "#0"},
				"west": {"uv": [9.8, 13, 10.8, 14], "texture": "#0"},
				"up": {"uv": [9.8, 13, 10.8, 14], "texture": "#0"},
				"down": {"uv": [9.8, 13, 10.8, 14], "texture": "#0"}
			}
		},
		{
			"from": [8.55, 3.72836, 6.75804],
			"to": [8.85, 6.72836, 7.75804],
			"rotation": {"angle": -22.5, "axis": "x", "origin": [7.55, 3.72836, 6.75804]},
			"faces": {
				"north": {"uv": [9.8, 9.4, 10.8, 10.4], "texture": "#0"},
				"east": {"uv": [9.8, 9.4, 10.8, 10.4], "texture": "#0"},
				"south": {"uv": [9.8, 9.4, 10.8, 10.4], "texture": "#0"},
				"west": {"uv": [9.8, 9.4, 10.8, 10.4], "texture": "#0"},
				"up": {"uv": [9.8, 9.4, 10.8, 10.4], "texture": "#0"},
				"down": {"uv": [9.8, 9.4, 10.8, 10.4], "texture": "#0"}
			}
		},
		{
			"from": [8.525, 1.52125, 7.67225],
			"to": [8.925, 4.52125, 8.67225],
			"rotation": {"angle": -45, "axis": "x", "origin": [8.025, 3.02125, 8.17225]},
			"faces": {
				"north": {"uv": [9.4, 5.4, 10.4, 6.4], "texture": "#0"},
				"east": {"uv": [9.4, 5.4, 10.4, 6.4], "texture": "#0"},
				"south": {"uv": [9.4, 5.4, 10.4, 6.4], "texture": "#0"},
				"west": {"uv": [9.4, 5.4, 10.4, 6.4], "texture": "#0"},
				"up": {"uv": [9.4, 5.4, 10.4, 6.4], "texture": "#0"},
				"down": {"uv": [9.4, 5.4, 10.4, 6.4], "texture": "#0"}
			}
		},
		{
			"from": [8.5, 0.61967, 8.0505],
			"to": [9, 4.61967, 9.0505],
			"rotation": {"angle": 22.5, "axis": "x", "origin": [8, 1.11967, 8.5505]},
			"faces": {
				"north": {"uv": [9, 1.8, 10, 2.8], "texture": "#0"},
				"east": {"uv": [9, 1.8, 10, 2.8], "texture": "#0"},
				"south": {"uv": [9, 1.8, 10, 2.8], "texture": "#0"},
				"west": {"uv": [9, 1.8, 10, 2.8], "texture": "#0"},
				"up": {"uv": [9, 1.8, 10, 2.8], "texture": "#0"},
				"down": {"uv": [9, 1.8, 10, 2.8], "texture": "#0"}
			}
		},
		{
			"from": [8.5, -1.15093, 7.89722],
			"to": [9, 0.84907, 8.89722],
			"rotation": {"angle": 0, "axis": "y", "origin": [8, -0.65093, 8.39722]},
			"faces": {
				"north": {"uv": [9, 1.8, 10, 2.8], "texture": "#0"},
				"east": {"uv": [9, 1.8, 10, 2.8], "texture": "#0"},
				"south": {"uv": [9, 1.8, 10, 2.8], "texture": "#0"},
				"west": {"uv": [9, 1.8, 10, 2.8], "texture": "#0"},
				"up": {"uv": [9, 1.8, 10, 2.8], "texture": "#0"},
				"down": {"uv": [9, 1.8, 10, 2.8], "texture": "#0"}
			}
		},
		{
			"from": [8.525, -8.616, 8.58647],
			"to": [8.925, -0.616, 9.58647],
			"rotation": {"angle": -22.5, "axis": "x", "origin": [7.025, -2.616, 9.58647]},
			"faces": {
				"north": {"uv": [9.4, 5.8, 10.4, 6.8], "texture": "#0"},
				"east": {"uv": [9.4, 5.8, 10.4, 6.8], "texture": "#0"},
				"south": {"uv": [9.4, 5.8, 10.4, 6.8], "texture": "#0"},
				"west": {"uv": [9.4, 5.8, 10.4, 6.8], "texture": "#0"},
				"up": {"uv": [9.4, 5.8, 10.4, 6.8], "texture": "#0"},
				"down": {"uv": [9.4, 5.8, 10.4, 6.8], "texture": "#0"}
			}
		},
		{
			"from": [8.55, -8.70048, 10.57601],
			"to": [8.85, -7.70048, 11.57601],
			"rotation": {"angle": 22.5, "axis": "x", "origin": [7.55, -8.70048, 10.57601]},
			"faces": {
				"north": {"uv": [9.8, 9.4, 10.8, 10.4], "texture": "#0"},
				"east": {"uv": [9.8, 9.4, 10.8, 10.4], "texture": "#0"},
				"south": {"uv": [9.8, 9.4, 10.8, 10.4], "texture": "#0"},
				"west": {"uv": [9.8, 9.4, 10.8, 10.4], "texture": "#0"},
				"up": {"uv": [9.8, 9.4, 10.8, 10.4], "texture": "#0"},
				"down": {"uv": [9.8, 9.4, 10.8, 10.4], "texture": "#0"}
			}
		},
		{
			"from": [7.15, -8.70048, 10.57601],
			"to": [7.45, -7.70048, 11.57601],
			"rotation": {"angle": 22.5, "axis": "x", "origin": [5.95, -8.70048, 10.57601]},
			"faces": {
				"north": {"uv": [9.8, 9.4, 10.8, 10.4], "texture": "#0"},
				"east": {"uv": [9.8, 9.4, 10.8, 10.4], "texture": "#0"},
				"south": {"uv": [9.8, 9.4, 10.8, 10.4], "texture": "#0"},
				"west": {"uv": [9.8, 9.4, 10.8, 10.4], "texture": "#0"},
				"up": {"uv": [9.8, 9.4, 10.8, 10.4], "texture": "#0"},
				"down": {"uv": [9.8, 9.4, 10.8, 10.4], "texture": "#0"}
			}
		},
		{
			"from": [7.075, -8.84541, 8.43319],
			"to": [7.475, -0.84541, 9.43319],
			"rotation": {"angle": -22.5, "axis": "x", "origin": [7.975, -2.34541, 8.93319]},
			"faces": {
				"north": {"uv": [9.4, 5.8, 10.4, 6.8], "texture": "#0"},
				"east": {"uv": [9.4, 5.8, 10.4, 6.8], "texture": "#0"},
				"south": {"uv": [9.4, 5.8, 10.4, 6.8], "texture": "#0"},
				"west": {"uv": [9.4, 5.8, 10.4, 6.8], "texture": "#0"},
				"up": {"uv": [9.4, 5.8, 10.4, 6.8], "texture": "#0"},
				"down": {"uv": [9.4, 5.8, 10.4, 6.8], "texture": "#0"}
			}
		},
		{
			"from": [7, -1.15093, 7.89722],
			"to": [7.5, 0.84907, 8.89722],
			"rotation": {"angle": 0, "axis": "y", "origin": [7, -2.616, 9.58647]},
			"faces": {
				"north": {"uv": [9, 1.8, 10, 2.8], "texture": "#0"},
				"east": {"uv": [9, 1.8, 10, 2.8], "texture": "#0"},
				"south": {"uv": [9, 1.8, 10, 2.8], "texture": "#0"},
				"west": {"uv": [9, 1.8, 10, 2.8], "texture": "#0"},
				"up": {"uv": [9, 1.8, 10, 2.8], "texture": "#0"},
				"down": {"uv": [9, 1.8, 10, 2.8], "texture": "#0"}
			}
		},
		{
			"from": [6.9, 11.2969, 5.19751],
			"to": [7.4, 12.2969, 9.19751],
			"rotation": {"angle": 22.5, "axis": "x", "origin": [5.4, 11.2969, 7.19751]},
			"faces": {
				"north": {"uv": [13, 1, 14, 2], "rotation": 180, "texture": "#0"},
				"east": {"uv": [13, 1, 14, 2], "rotation": 90, "texture": "#0"},
				"south": {"uv": [13, 1, 14, 2], "texture": "#0"},
				"west": {"uv": [13, 1, 14, 2], "rotation": 270, "texture": "#0"},
				"up": {"uv": [13, 1, 14, 2], "texture": "#0"},
				"down": {"uv": [13, 1, 14, 2], "rotation": 180, "texture": "#0"}
			}
		},
		{
			"from": [6.9, 11.2969, 5.26736],
			"to": [7.4, 12.2969, 6.26736],
			"rotation": {"angle": -22.5, "axis": "x", "origin": [5.4, 11.2969, 4.26736]},
			"faces": {
				"north": {"uv": [13, 1, 14, 2], "rotation": 180, "texture": "#0"},
				"east": {"uv": [13, 1, 14, 2], "rotation": 90, "texture": "#0"},
				"south": {"uv": [13, 1, 14, 2], "texture": "#0"},
				"west": {"uv": [13, 1, 14, 2], "rotation": 270, "texture": "#0"},
				"up": {"uv": [13, 1, 14, 2], "texture": "#0"},
				"down": {"uv": [13, 1, 14, 2], "rotation": 180, "texture": "#0"}
			}
		},
		{
			"from": [8.6, 11.2969, 5.26736],
			"to": [9.1, 12.2969, 6.26736],
			"rotation": {"angle": -22.5, "axis": "x", "origin": [7.1, 11.2969, 4.26736]},
			"faces": {
				"north": {"uv": [13, 1, 14, 2], "rotation": 180, "texture": "#0"},
				"east": {"uv": [13, 1, 14, 2], "rotation": 90, "texture": "#0"},
				"south": {"uv": [13, 1, 14, 2], "texture": "#0"},
				"west": {"uv": [13, 1, 14, 2], "rotation": 270, "texture": "#0"},
				"up": {"uv": [13, 1, 14, 2], "texture": "#0"},
				"down": {"uv": [13, 1, 14, 2], "rotation": 180, "texture": "#0"}
			}
		},
		{
			"from": [8.6, 11.2969, 5.19751],
			"to": [9.1, 12.2969, 9.19751],
			"rotation": {"angle": 22.5, "axis": "x", "origin": [7.1, 11.2969, 7.19751]},
			"faces": {
				"north": {"uv": [13, 1, 14, 2], "rotation": 180, "texture": "#0"},
				"east": {"uv": [13, 1, 14, 2], "rotation": 90, "texture": "#0"},
				"south": {"uv": [13, 1, 14, 2], "texture": "#0"},
				"west": {"uv": [13, 1, 14, 2], "rotation": 270, "texture": "#0"},
				"up": {"uv": [13, 1, 14, 2], "texture": "#0"},
				"down": {"uv": [13, 1, 14, 2], "rotation": 180, "texture": "#0"}
			}
		},
		{
			"from": [6.9, 3.7031, 5.19751],
			"to": [7.4, 4.7031, 9.19751],
			"rotation": {"angle": -22.5, "axis": "x", "origin": [5.4, 4.7031, 7.19751]},
			"faces": {
				"north": {"uv": [13, 1, 14, 2], "rotation": 180, "texture": "#0"},
				"east": {"uv": [13, 1, 14, 2], "rotation": 90, "texture": "#0"},
				"south": {"uv": [13, 1, 14, 2], "texture": "#0"},
				"west": {"uv": [13, 1, 14, 2], "rotation": 270, "texture": "#0"},
				"up": {"uv": [13, 1, 14, 2], "rotation": 180, "texture": "#0"},
				"down": {"uv": [13, 1, 14, 2], "texture": "#0"}
			}
		},
		{
			"from": [8.6, 3.7031, 5.19751],
			"to": [9.1, 4.7031, 9.19751],
			"rotation": {"angle": -22.5, "axis": "x", "origin": [7.1, 4.7031, 7.19751]},
			"faces": {
				"north": {"uv": [13, 1, 14, 2], "rotation": 180, "texture": "#0"},
				"east": {"uv": [13, 1, 14, 2], "rotation": 90, "texture": "#0"},
				"south": {"uv": [13, 1, 14, 2], "texture": "#0"},
				"west": {"uv": [13, 1, 14, 2], "rotation": 270, "texture": "#0"},
				"up": {"uv": [13, 1, 14, 2], "rotation": 180, "texture": "#0"},
				"down": {"uv": [13, 1, 14, 2], "texture": "#0"}
			}
		},
		{
			"from": [8.6, 3.7031, 5.26736],
			"to": [9.1, 4.7031, 6.26736],
			"rotation": {"angle": 22.5, "axis": "x", "origin": [7.1, 4.7031, 4.26736]},
			"faces": {
				"north": {"uv": [13, 1, 14, 2], "rotation": 180, "texture": "#0"},
				"east": {"uv": [13, 1, 14, 2], "rotation": 90, "texture": "#0"},
				"south": {"uv": [13, 1, 14, 2], "texture": "#0"},
				"west": {"uv": [13, 1, 14, 2], "rotation": 270, "texture": "#0"},
				"up": {"uv": [13, 1, 14, 2], "rotation": 180, "texture": "#0"},
				"down": {"uv": [13, 1, 14, 2], "texture": "#0"}
			}
		},
		{
			"from": [6.9, 3.7031, 5.26736],
			"to": [7.4, 4.7031, 6.26736],
			"rotation": {"angle": 22.5, "axis": "x", "origin": [5.4, 4.7031, 4.26736]},
			"faces": {
				"north": {"uv": [13, 1, 14, 2], "rotation": 180, "texture": "#0"},
				"east": {"uv": [13, 1, 14, 2], "rotation": 90, "texture": "#0"},
				"south": {"uv": [13, 1, 14, 2], "texture": "#0"},
				"west": {"uv": [13, 1, 14, 2], "rotation": 270, "texture": "#0"},
				"up": {"uv": [13, 1, 14, 2], "rotation": 180, "texture": "#0"},
				"down": {"uv": [13, 1, 14, 2], "texture": "#0"}
			}
		}
	],
	"display": {
		"thirdperson_righthand": {
			"scale": [0, 0, 0]
		},
		"thirdperson_lefthand": {
			"translation": [0, -1.75, 0]
		},
		"firstperson_righthand": {
			"scale": [0, 0, 0]
		},
		"gui": {
			"rotation": [90, 45, -90],
			"translation": [-1.25, 1.25, 0],
			"scale": [0.55, 0.55, 0.55]
		}
	},
	"groups": [
		{
			"name": "group",
			"origin": [6.5, 7.5, 8.50999],
			"color": 0,
			"children": [0, 1]
		},
		{
			"name": "group",
			"origin": [6.5, -11.98178, 10.98221],
			"color": 0,
			"children": [2, 3, 4, 5, 6, 7, 8, 9]
		},
		{
			"name": "group",
			"origin": [7, -2.616, 9.58647],
			"color": 0,
			"children": [10, 11, 12, 13, 14, 15, 16, 17, 18, 19, 20, 21, 22, 23, 24, 25, 26, 27, 28, 29, 30, 31, 32, 33, 34, 35]
		},
		{
			"name": "group",
			"origin": [5.4, 4.7031, 4.26736],
			"color": 0,
			"children": [36, 37, 38, 39, 40, 41, 42, 43]
		}
	]
}