{
	"format_version": "1.9.0",
	"credit": "Made with Blockbench",
	"textures": {
		"0": "item/weapon/bowmaster",
		"1": "item/skill/bowmaster_arrow",
		"particle": "item/weapon/bowmaster"
	},
	"elements": [
		{
			"from": [7.4, 6.2, 8.40999],
			"to": [8.6, 9.8, 9.60999],
			"rotation": {"angle": 0, "axis": "y", "origin": [6.5, 7.5, 8.50999]},
			"faces": {
				"north": {"uv": [0, 0, 1.2, 3.6], "texture": "#0"},
				"east": {"uv": [0, 0, 1.2, 3.6], "texture": "#0"},
				"south": {"uv": [0, 0, 1.2, 3.6], "texture": "#0"},
				"west": {"uv": [0, 0, 1.2, 3.6], "texture": "#0"},
				"up": {"uv": [0, 0, 1.2, 1.2], "texture": "#0"},
				"down": {"uv": [0, 0, 1.2, 1.2], "texture": "#0"}
			}
		},
		{
			"from": [7.5, 9.0412, 8.30343],
			"to": [8.5, 15.0412, 9.30343],
			"rotation": {"angle": -22.5, "axis": "x", "origin": [6.5, 10.0412, 8.30343]},
			"faces": {
				"north": {"uv": [5, 1, 6.8, 2.8], "texture": "#0"},
				"east": {"uv": [5, 1, 6.8, 2.8], "texture": "#0"},
				"south": {"uv": [5, 1, 6.8, 2.8], "texture": "#0"},
				"west": {"uv": [5, 1, 6.8, 2.8], "texture": "#0"},
				"up": {"uv": [5, 1, 6.8, 2.8], "texture": "#0"},
				"down": {"uv": [5, 1, 6.8, 2.8], "texture": "#0"}
			}
		},
		{
			"from": [7.6, 13.0455, 9.14681],
			"to": [8.4, 16.0455, 10.14681],
			"rotation": {"angle": 22.5, "axis": "x", "origin": [8, 20.78274, 11.82821]},
			"faces": {
				"north": {"uv": [5.4, 5, 7.2, 6.8], "texture": "#0"},
				"east": {"uv": [5.4, 5, 7.2, 6.8], "texture": "#0"},
				"south": {"uv": [5.4, 5, 7.2, 6.8], "texture": "#0"},
				"west": {"uv": [5.4, 5, 7.2, 6.8], "texture": "#0"},
				"up": {"uv": [5.4, 5, 7.2, 6.8], "texture": "#0"},
				"down": {"uv": [5.4, 5, 7.2, 6.8], "texture": "#0"}
			}
		},
		{
			"from": [7.7, 15.37998, 11.16378],
			"to": [8.3, 27.37998, 12.16378],
			"rotation": {"angle": 45, "axis": "x", "origin": [8, 20.78274, 11.82821]},
			"faces": {
				"north": {"uv": [5.4, 9.4, 7.2, 11.2], "texture": "#0"},
				"east": {"uv": [5.4, 9.4, 7.2, 11.2], "texture": "#0"},
				"south": {"uv": [5.4, 9.4, 7.2, 11.2], "texture": "#0"},
				"west": {"uv": [5.4, 9.4, 7.2, 11.2], "texture": "#0"},
				"up": {"uv": [5.4, 9.4, 7.2, 11.2], "texture": "#0"},
				"down": {"uv": [5.4, 9.4, 7.2, 11.2], "texture": "#0"}
			}
		},
		{
			"from": [7.7, 25.21041, 15.73045],
			"to": [8.3, 26.21041, 16.73045],
			"rotation": {"angle": 0, "axis": "y", "origin": [8, 20.78274, 11.82821]},
			"faces": {
				"north": {"uv": [5, 9.4, 6.8, 11.2], "texture": "#0"},
				"east": {"uv": [5, 9.4, 6.8, 11.2], "texture": "#0"},
				"south": {"uv": [5, 9.4, 6.8, 11.2], "texture": "#0"},
				"west": {"uv": [5, 9.4, 6.8, 11.2], "texture": "#0"},
				"up": {"uv": [5, 9.4, 6.8, 11.2], "texture": "#0"},
				"down": {"uv": [5, 9.4, 6.8, 11.2], "texture": "#0"}
			}
		},
		{
			"from": [7.5, 1.11104, 7.53806],
			"to": [8.5, 7.11104, 8.53806],
			"rotation": {"angle": 22.5, "axis": "x", "origin": [6.5, 4.11104, 7.53806]},
			"faces": {
				"north": {"uv": [5, 1, 6.8, 2.8], "texture": "#0"},
				"east": {"uv": [5, 1, 6.8, 2.8], "texture": "#0"},
				"south": {"uv": [5, 1, 6.8, 2.8], "texture": "#0"},
				"west": {"uv": [5, 1, 6.8, 2.8], "texture": "#0"},
				"up": {"uv": [5, 1, 6.8, 2.8], "texture": "#0"},
				"down": {"uv": [5, 1, 6.8, 2.8], "texture": "#0"}
			}
		},
		{
			"from": [7.6, -0.0455, 9.14681],
			"to": [8.4, 2.9545, 10.14681],
			"rotation": {"angle": -22.5, "axis": "x", "origin": [8, -4.78274, 11.82821]},
			"faces": {
				"north": {"uv": [5, 5.4, 6.8, 7.2], "texture": "#0"},
				"east": {"uv": [5, 5.4, 6.8, 7.2], "texture": "#0"},
				"south": {"uv": [5, 5.4, 6.8, 7.2], "texture": "#0"},
				"west": {"uv": [5, 5.4, 6.8, 7.2], "texture": "#0"},
				"up": {"uv": [5, 5.4, 6.8, 7.2], "texture": "#0"},
				"down": {"uv": [5, 5.4, 6.8, 7.2], "texture": "#0"}
			}
		},
		{
			"from": [7.7, -11.37998, 11.16378],
			"to": [8.3, 0.62002, 12.16378],
			"rotation": {"angle": -45, "axis": "x", "origin": [8, -4.78274, 11.82821]},
			"faces": {
				"north": {"uv": [5.4, 9.4, 7.2, 11.2], "texture": "#0"},
				"east": {"uv": [5.4, 9.4, 7.2, 11.2], "texture": "#0"},
				"south": {"uv": [5.4, 9.4, 7.2, 11.2], "texture": "#0"},
				"west": {"uv": [5.4, 9.4, 7.2, 11.2], "texture": "#0"},
				"up": {"uv": [5.4, 9.4, 7.2, 11.2], "texture": "#0"},
				"down": {"uv": [5.4, 9.4, 7.2, 11.2], "texture": "#0"}
			}
		},
		{
			"from": [7.7, -10.21041, 15.73045],
			"to": [8.3, -9.21041, 16.73045],
			"rotation": {"angle": 0, "axis": "y", "origin": [8, -4.78274, 11.82821]},
			"faces": {
				"north": {"uv": [5.4, 9.4, 7.2, 11.2], "texture": "#0"},
				"east": {"uv": [5.4, 9.4, 7.2, 11.2], "texture": "#0"},
				"south": {"uv": [5.4, 9.4, 7.2, 11.2], "texture": "#0"},
				"west": {"uv": [5.4, 9.4, 7.2, 11.2], "texture": "#0"},
				"up": {"uv": [5.4, 9.4, 7.2, 11.2], "texture": "#0"},
				"down": {"uv": [5.4, 9.4, 7.2, 11.2], "texture": "#0"}
			}
		},
		{
			"from": [6.9, 11.45541, 9.42795],
			"to": [7.4, 15.45541, 10.42795],
			"rotation": {"angle": 0, "axis": "y", "origin": [8, 18.10416, 12.99262]},
			"faces": {
				"north": {"uv": [9, 1.8, 10, 2.8], "texture": "#0"},
				"east": {"uv": [9, 1.8, 10, 2.8], "texture": "#0"},
				"south": {"uv": [9, 1.8, 10, 2.8], "texture": "#0"},
				"west": {"uv": [9, 1.8, 10, 2.8], "texture": "#0"},
				"up": {"uv": [9, 1.8, 10, 2.8], "texture": "#0"},
				"down": {"uv": [9, 1.8, 10, 2.8], "texture": "#0"}
			}
		},
		{
			"from": [6.9, 14.2929, 10.71293],
			"to": [7.4, 16.2929, 11.71293],
			"rotation": {"angle": 22.5, "axis": "x", "origin": [8, 18.10416, 12.99262]},
			"faces": {
				"north": {"uv": [9, 1.8, 10, 2.8], "texture": "#0"},
				"east": {"uv": [9, 1.8, 10, 2.8], "texture": "#0"},
				"south": {"uv": [9, 1.8, 10, 2.8], "texture": "#0"},
				"west": {"uv": [9, 1.8, 10, 2.8], "texture": "#0"},
				"up": {"uv": [9, 1.8, 10, 2.8], "texture": "#0"},
				"down": {"uv": [9, 1.8, 10, 2.8], "texture": "#0"}
			}
		},
		{
			"from": [6.975, 18.51718, 10.44683],
			"to": [7.375, 19.51718, 18.44683],
			"rotation": {"angle": -45, "axis": "x", "origin": [8, 18.10416, 12.99262]},
			"faces": {
				"north": {"uv": [9.8, 5.8, 10.8, 6.8], "rotation": 180, "texture": "#0"},
				"east": {"uv": [9.8, 5.8, 10.8, 6.8], "rotation": 270, "texture": "#0"},
				"south": {"uv": [9.8, 5.8, 10.8, 6.8], "texture": "#0"},
				"west": {"uv": [9.8, 5.8, 10.8, 6.8], "rotation": 90, "texture": "#0"},
				"up": {"uv": [9.8, 5.8, 10.8, 6.8], "rotation": 180, "texture": "#0"},
				"down": {"uv": [9.8, 5.8, 10.8, 6.8], "texture": "#0"}
			}
		},
		{
			"from": [7.05, 22.25292, 15.55728],
			"to": [7.35, 23.25292, 16.55728],
			"rotation": {"angle": 0, "axis": "y", "origin": [8, 18.10416, 12.99262]},
			"faces": {
				"north": {"uv": [9.4, 9.4, 10.4, 10.4], "texture": "#0"},
				"east": {"uv": [9.4, 9.4, 10.4, 10.4], "texture": "#0"},
				"south": {"uv": [9.4, 9.4, 10.4, 10.4], "texture": "#0"},
				"west": {"uv": [9.4, 9.4, 10.4, 10.4], "texture": "#0"},
				"up": {"uv": [9.4, 9.4, 10.4, 10.4], "texture": "#0"},
				"down": {"uv": [9.4, 9.4, 10.4, 10.4], "texture": "#0"}
			}
		},
		{
			"from": [8.65, 22.25292, 15.55728],
			"to": [8.925, 23.25292, 16.55728],
			"rotation": {"angle": 0, "axis": "y", "origin": [8, 18.10416, 12.99262]},
			"faces": {
				"north": {"uv": [9.4, 9.4, 10.4, 10.4], "texture": "#0"},
				"east": {"uv": [9.4, 9.4, 10.4, 10.4], "texture": "#0"},
				"south": {"uv": [9.4, 9.4, 10.4, 10.4], "texture": "#0"},
				"west": {"uv": [9.4, 9.4, 10.4, 10.4], "texture": "#0"},
				"up": {"uv": [9.4, 9.4, 10.4, 10.4], "texture": "#0"},
				"down": {"uv": [9.4, 9.4, 10.4, 10.4], "texture": "#0"}
			}
		},
		{
			"from": [8.625, 18.51718, 10.44683],
			"to": [9.025, 19.51718, 18.44683],
			"rotation": {"angle": -45, "axis": "x", "origin": [8, 18.10416, 12.99262]},
			"faces": {
				"north": {"uv": [9.8, 5.8, 10.8, 6.8], "rotation": 180, "texture": "#0"},
				"east": {"uv": [9.8, 5.8, 10.8, 6.8], "rotation": 270, "texture": "#0"},
				"south": {"uv": [9.8, 5.8, 10.8, 6.8], "texture": "#0"},
				"west": {"uv": [9.8, 5.8, 10.8, 6.8], "rotation": 90, "texture": "#0"},
				"up": {"uv": [9.8, 5.8, 10.8, 6.8], "rotation": 180, "texture": "#0"},
				"down": {"uv": [9.8, 5.8, 10.8, 6.8], "texture": "#0"}
			}
		},
		{
			"from": [8.6, 14.2929, 10.71293],
			"to": [9.1, 16.2929, 11.71293],
			"rotation": {"angle": 22.5, "axis": "x", "origin": [8, 18.10416, 12.99262]},
			"faces": {
				"north": {"uv": [9, 1.8, 10, 2.8], "texture": "#0"},
				"east": {"uv": [9, 1.8, 10, 2.8], "texture": "#0"},
				"south": {"uv": [9, 1.8, 10, 2.8], "texture": "#0"},
				"west": {"uv": [9, 1.8, 10, 2.8], "texture": "#0"},
				"up": {"uv": [9, 1.8, 10, 2.8], "texture": "#0"},
				"down": {"uv": [9, 1.8, 10, 2.8], "texture": "#0"}
			}
		},
		{
			"from": [8.6, 11.45541, 9.42795],
			"to": [9.1, 15.45541, 10.42795],
			"rotation": {"angle": 0, "axis": "y", "origin": [8, 18.10416, 12.99262]},
			"faces": {
				"north": {"uv": [9, 1.8, 10, 2.8], "texture": "#0"},
				"east": {"uv": [9, 1.8, 10, 2.8], "texture": "#0"},
				"south": {"uv": [9, 1.8, 10, 2.8], "texture": "#0"},
				"west": {"uv": [9, 1.8, 10, 2.8], "texture": "#0"},
				"up": {"uv": [9, 1.8, 10, 2.8], "texture": "#0"},
				"down": {"uv": [9, 1.8, 10, 2.8], "texture": "#0"}
			}
		},
		{
			"from": [7.075, 1.52125, 7.67225],
			"to": [7.475, 4.52125, 8.67225],
			"rotation": {"angle": -45, "axis": "x", "origin": [7.975, 3.02125, 8.17225]},
			"faces": {
				"north": {"uv": [9.4, 5.4, 10.4, 6.4], "texture": "#0"},
				"east": {"uv": [9.4, 5.4, 10.4, 6.4], "texture": "#0"},
				"south": {"uv": [9.4, 5.4, 10.4, 6.4], "texture": "#0"},
				"west": {"uv": [9.4, 5.4, 10.4, 6.4], "texture": "#0"},
				"up": {"uv": [9.4, 5.4, 10.4, 6.4], "texture": "#0"},
				"down": {"uv": [9.4, 5.4, 10.4, 6.4], "texture": "#0"}
			}
		},
		{
			"from": [7.15, 3.72836, 6.75804],
			"to": [7.45, 6.72836, 7.75804],
			"rotation": {"angle": -22.5, "axis": "x", "origin": [5.45, 3.72836, 6.75804]},
			"faces": {
				"north": {"uv": [9.8, 9.4, 10.8, 10.4], "texture": "#0"},
				"east": {"uv": [9.8, 9.4, 10.8, 10.4], "texture": "#0"},
				"south": {"uv": [9.8, 9.4, 10.8, 10.4], "texture": "#0"},
				"west": {"uv": [9.8, 9.4, 10.8, 10.4], "texture": "#0"},
				"up": {"uv": [9.8, 9.4, 10.8, 10.4], "texture": "#0"},
				"down": {"uv": [9.8, 9.4, 10.8, 10.4], "texture": "#0"}
			}
		},
		{
			"from": [7.225, 6.5, 5.60999],
			"to": [7.425, 9.5, 6.60999],
			"rotation": {"angle": 0, "axis": "y", "origin": [5.425, 7.5, 5.60999]},
			"faces": {
				"north": {"uv": [9.8, 13, 10.8, 14], "texture": "#0"},
				"east": {"uv": [9.8, 13, 10.8, 14], "texture": "#0"},
				"south": {"uv": [9.8, 13, 10.8, 14], "texture": "#0"},
				"west": {"uv": [9.8, 13, 10.8, 14], "texture": "#0"},
				"up": {"uv": [9.8, 13, 10.8, 14], "texture": "#0"},
				"down": {"uv": [9.8, 13, 10.8, 14], "texture": "#0"}
			}
		},
		{
			"from": [7.15, 9.34776, 6.37536],
			"to": [7.45, 12.34776, 7.37536],
			"rotation": {"angle": 22.5, "axis": "x", "origin": [5.45, 11.34776, 6.37536]},
			"faces": {
				"north": {"uv": [9.4, 9.8, 10.4, 10.8], "texture": "#0"},
				"east": {"uv": [9.4, 9.8, 10.4, 10.8], "texture": "#0"},
				"south": {"uv": [9.4, 9.8, 10.4, 10.8], "texture": "#0"},
				"west": {"uv": [9.4, 9.8, 10.4, 10.8], "texture": "#0"},
				"up": {"uv": [9.4, 9.8, 10.4, 10.8], "texture": "#0"},
				"down": {"uv": [9.4, 9.8, 10.4, 10.8], "texture": "#0"}
			}
		},
		{
			"from": [7.075, 11.47875, 7.67225],
			"to": [7.475, 14.47875, 8.67225],
			"rotation": {"angle": 45, "axis": "x", "origin": [7.975, 12.97875, 8.17225]},
			"faces": {
				"north": {"uv": [9, 5.4, 10, 6.4], "texture": "#0"},
				"east": {"uv": [9, 5.4, 10, 6.4], "texture": "#0"},
				"south": {"uv": [9, 5.4, 10, 6.4], "texture": "#0"},
				"west": {"uv": [9, 5.4, 10, 6.4], "texture": "#0"},
				"up": {"uv": [9, 5.4, 10, 6.4], "texture": "#0"},
				"down": {"uv": [9, 5.4, 10, 6.4], "texture": "#0"}
			}
		},
		{
			"from": [8.55, 9.34776, 6.37536],
			"to": [8.85, 12.34776, 7.37536],
			"rotation": {"angle": 22.5, "axis": "x", "origin": [7.55, 11.34776, 6.37536]},
			"faces": {
				"north": {"uv": [9.4, 9.8, 10.4, 10.8], "texture": "#0"},
				"east": {"uv": [9.4, 9.8, 10.4, 10.8], "texture": "#0"},
				"south": {"uv": [9.4, 9.8, 10.4, 10.8], "texture": "#0"},
				"west": {"uv": [9.4, 9.8, 10.4, 10.8], "texture": "#0"},
				"up": {"uv": [9.4, 9.8, 10.4, 10.8], "texture": "#0"},
				"down": {"uv": [9.4, 9.8, 10.4, 10.8], "texture": "#0"}
			}
		},
		{
			"from": [8.525, 11.47875, 7.67225],
			"to": [8.925, 14.47875, 8.67225],
			"rotation": {"angle": 45, "axis": "x", "origin": [8.025, 12.97875, 8.17225]},
			"faces": {
				"north": {"uv": [9, 5.4, 10, 6.4], "texture": "#0"},
				"east": {"uv": [9, 5.4, 10, 6.4], "texture": "#0"},
				"south": {"uv": [9, 5.4, 10, 6.4], "texture": "#0"},
				"west": {"uv": [9, 5.4, 10, 6.4], "texture": "#0"},
				"up": {"uv": [9, 5.4, 10, 6.4], "texture": "#0"},
				"down": {"uv": [9, 5.4, 10, 6.4], "texture": "#0"}
			}
		},
		{
			"from": [8.575, 6.5, 5.60999],
			"to": [8.775, 9.5, 6.60999],
			"rotation": {"angle": 0, "axis": "y", "origin": [7.575, 7.5, 5.60999]},
			"faces": {
				"north": {"uv": [9.8, 13, 10.8, 14], "texture": "#0"},
				"east": {"uv": [9.8, 13, 10.8, 14], "texture": "#0"},
				"south": {"uv": [9.8, 13, 10.8, 14], "texture": "#0"},
				"west": {"uv": [9.8, 13, 10.8, 14], "texture": "#0"},
				"up": {"uv": [9.8, 13, 10.8, 14], "texture": "#0"},
				"down": {"uv": [9.8, 13, 10.8, 14], "texture": "#0"}
			}
		},
		{
			"from": [8.55, 3.72836, 6.75804],
			"to": [8.85, 6.72836, 7.75804],
			"rotation": {"angle": -22.5, "axis": "x", "origin": [7.55, 3.72836, 6.75804]},
			"faces": {
				"north": {"uv": [9.8, 9.4, 10.8, 10.4], "texture": "#0"},
				"east": {"uv": [9.8, 9.4, 10.8, 10.4], "texture": "#0"},
				"south": {"uv": [9.8, 9.4, 10.8, 10.4], "texture": "#0"},
				"west": {"uv": [9.8, 9.4, 10.8, 10.4], "texture": "#0"},
				"up": {"uv": [9.8, 9.4, 10.8, 10.4], "texture": "#0"},
				"down": {"uv": [9.8, 9.4, 10.8, 10.4], "texture": "#0"}
			}
		},
		{
			"from": [8.525, 1.52125, 7.67225],
			"to": [8.925, 4.52125, 8.67225],
			"rotation": {"angle": -45, "axis": "x", "origin": [8.025, 3.02125, 8.17225]},
			"faces": {
				"north": {"uv": [9.4, 5.4, 10.4, 6.4], "texture": "#0"},
				"east": {"uv": [9.4, 5.4, 10.4, 6.4], "texture": "#0"},
				"south": {"uv": [9.4, 5.4, 10.4, 6.4], "texture": "#0"},
				"west": {"uv": [9.4, 5.4, 10.4, 6.4], "texture": "#0"},
				"up": {"uv": [9.4, 5.4, 10.4, 6.4], "texture": "#0"},
				"down": {"uv": [9.4, 5.4, 10.4, 6.4], "texture": "#0"}
			}
		},
		{
			"from": [6.9, 11.2969, 5.19751],
			"to": [7.4, 12.2969, 9.19751],
			"rotation": {"angle": 22.5, "axis": "x", "origin": [5.4, 11.2969, 7.19751]},
			"faces": {
				"north": {"uv": [13, 1, 14, 2], "rotation": 180, "texture": "#0"},
				"east": {"uv": [13, 1, 14, 2], "rotation": 90, "texture": "#0"},
				"south": {"uv": [13, 1, 14, 2], "texture": "#0"},
				"west": {"uv": [13, 1, 14, 2], "rotation": 270, "texture": "#0"},
				"up": {"uv": [13, 1, 14, 2], "texture": "#0"},
				"down": {"uv": [13, 1, 14, 2], "rotation": 180, "texture": "#0"}
			}
		},
		{
			"from": [6.9, 11.2969, 5.26736],
			"to": [7.4, 12.2969, 6.26736],
			"rotation": {"angle": -22.5, "axis": "x", "origin": [5.4, 11.2969, 4.26736]},
			"faces": {
				"north": {"uv": [13, 1, 14, 2], "rotation": 180, "texture": "#0"},
				"east": {"uv": [13, 1, 14, 2], "rotation": 90, "texture": "#0"},
				"south": {"uv": [13, 1, 14, 2], "texture": "#0"},
				"west": {"uv": [13, 1, 14, 2], "rotation": 270, "texture": "#0"},
				"up": {"uv": [13, 1, 14, 2], "texture": "#0"},
				"down": {"uv": [13, 1, 14, 2], "rotation": 180, "texture": "#0"}
			}
		},
		{
			"from": [8.6, 11.2969, 5.26736],
			"to": [9.1, 12.2969, 6.26736],
			"rotation": {"angle": -22.5, "axis": "x", "origin": [7.1, 11.2969, 4.26736]},
			"faces": {
				"north": {"uv": [13, 1, 14, 2], "rotation": 180, "texture": "#0"},
				"east": {"uv": [13, 1, 14, 2], "rotation": 90, "texture": "#0"},
				"south": {"uv": [13, 1, 14, 2], "texture": "#0"},
				"west": {"uv": [13, 1, 14, 2], "rotation": 270, "texture": "#0"},
				"up": {"uv": [13, 1, 14, 2], "texture": "#0"},
				"down": {"uv": [13, 1, 14, 2], "rotation": 180, "texture": "#0"}
			}
		},
		{
			"from": [6.9, 3.7031, 5.19751],
			"to": [7.4, 4.7031, 9.19751],
			"rotation": {"angle": -22.5, "axis": "x", "origin": [5.4, 4.7031, 7.19751]},
			"faces": {
				"north": {"uv": [13, 1, 14, 2], "rotation": 180, "texture": "#0"},
				"east": {"uv": [13, 1, 14, 2], "rotation": 90, "texture": "#0"},
				"south": {"uv": [13, 1, 14, 2], "texture": "#0"},
				"west": {"uv": [13, 1, 14, 2], "rotation": 270, "texture": "#0"},
				"up": {"uv": [13, 1, 14, 2], "rotation": 180, "texture": "#0"},
				"down": {"uv": [13, 1, 14, 2], "texture": "#0"}
			}
		},
		{
			"from": [8.6, 3.7031, 5.19751],
			"to": [9.1, 4.7031, 9.19751],
			"rotation": {"angle": -22.5, "axis": "x", "origin": [7.1, 4.7031, 7.19751]},
			"faces": {
				"north": {"uv": [13, 1, 14, 2], "rotation": 180, "texture": "#0"},
				"east": {"uv": [13, 1, 14, 2], "rotation": 90, "texture": "#0"},
				"south": {"uv": [13, 1, 14, 2], "texture": "#0"},
				"west": {"uv": [13, 1, 14, 2], "rotation": 270, "texture": "#0"},
				"up": {"uv": [13, 1, 14, 2], "rotation": 180, "texture": "#0"},
				"down": {"uv": [13, 1, 14, 2], "texture": "#0"}
			}
		},
		{
			"from": [8.6, 3.7031, 5.26736],
			"to": [9.1, 4.7031, 6.26736],
			"rotation": {"angle": 22.5, "axis": "x", "origin": [7.1, 4.7031, 4.26736]},
			"faces": {
				"north": {"uv": [13, 1, 14, 2], "rotation": 180, "texture": "#0"},
				"east": {"uv": [13, 1, 14, 2], "rotation": 90, "texture": "#0"},
				"south": {"uv": [13, 1, 14, 2], "texture": "#0"},
				"west": {"uv": [13, 1, 14, 2], "rotation": 270, "texture": "#0"},
				"up": {"uv": [13, 1, 14, 2], "rotation": 180, "texture": "#0"},
				"down": {"uv": [13, 1, 14, 2], "texture": "#0"}
			}
		},
		{
			"from": [6.9, 3.7031, 5.26736],
			"to": [7.4, 4.7031, 6.26736],
			"rotation": {"angle": 22.5, "axis": "x", "origin": [5.4, 4.7031, 4.26736]},
			"faces": {
				"north": {"uv": [13, 1, 14, 2], "rotation": 180, "texture": "#0"},
				"east": {"uv": [13, 1, 14, 2], "rotation": 90, "texture": "#0"},
				"south": {"uv": [13, 1, 14, 2], "texture": "#0"},
				"west": {"uv": [13, 1, 14, 2], "rotation": 270, "texture": "#0"},
				"up": {"uv": [13, 1, 14, 2], "rotation": 180, "texture": "#0"},
				"down": {"uv": [13, 1, 14, 2], "texture": "#0"}
			}
		},
		{
			"from": [8.6, 0.54459, 9.42795],
			"to": [9.1, 4.54459, 10.42795],
			"rotation": {"angle": 0, "axis": "y", "origin": [8.81875, -2.24333, 12.65665]},
			"faces": {
				"north": {"uv": [9, 2.8, 10, 1.8], "texture": "#0"},
				"east": {"uv": [9, 2.8, 10, 1.8], "texture": "#0"},
				"south": {"uv": [9, 2.8, 10, 1.8], "texture": "#0"},
				"west": {"uv": [9, 2.8, 10, 1.8], "texture": "#0"},
				"up": {"uv": [9, 2.8, 10, 1.8], "texture": "#0"},
				"down": {"uv": [9, 2.8, 10, 1.8], "texture": "#0"}
			}
		},
		{
			"from": [6.9, 0.54459, 9.42795],
			"to": [7.4, 4.54459, 10.42795],
			"rotation": {"angle": 0, "axis": "y", "origin": [7.175, -2.24333, 12.65665]},
			"faces": {
				"north": {"uv": [9, 2.8, 10, 1.8], "texture": "#0"},
				"east": {"uv": [9, 2.8, 10, 1.8], "texture": "#0"},
				"south": {"uv": [9, 2.8, 10, 1.8], "texture": "#0"},
				"west": {"uv": [9, 2.8, 10, 1.8], "texture": "#0"},
				"up": {"uv": [9, 2.8, 10, 1.8], "texture": "#0"},
				"down": {"uv": [9, 2.8, 10, 1.8], "texture": "#0"}
			}
		},
		{
			"from": [6.9, -0.43206, 10.74061],
			"to": [7.4, 1.56794, 11.74061],
			"rotation": {"angle": -22.5, "axis": "x", "origin": [7.175, -2.24333, 12.65665]},
			"faces": {
				"north": {"uv": [9, 2.8, 10, 1.8], "texture": "#0"},
				"east": {"uv": [9, 2.8, 10, 1.8], "texture": "#0"},
				"south": {"uv": [9, 2.8, 10, 1.8], "texture": "#0"},
				"west": {"uv": [9, 2.8, 10, 1.8], "texture": "#0"},
				"up": {"uv": [9, 2.8, 10, 1.8], "texture": "#0"},
				"down": {"uv": [9, 2.8, 10, 1.8], "texture": "#0"}
			}
		},
		{
			"from": [8.6, -0.43206, 10.74061],
			"to": [9.1, 1.56794, 11.74061],
			"rotation": {"angle": -22.5, "axis": "x", "origin": [8.81875, -2.24333, 12.65665]},
			"faces": {
				"north": {"uv": [9, 2.8, 10, 1.8], "texture": "#0"},
				"east": {"uv": [9, 2.8, 10, 1.8], "texture": "#0"},
				"south": {"uv": [9, 2.8, 10, 1.8], "texture": "#0"},
				"west": {"uv": [9, 2.8, 10, 1.8], "texture": "#0"},
				"up": {"uv": [9, 2.8, 10, 1.8], "texture": "#0"},
				"down": {"uv": [9, 2.8, 10, 1.8], "texture": "#0"}
			}
		},
		{
			"from": [8.625, -7.8367, 11.57961],
			"to": [9.025, 0.1633, 12.57961],
			"rotation": {"angle": -45, "axis": "x", "origin": [8.81875, -2.24333, 12.65665]},
			"faces": {
				"north": {"uv": [9.8, 6.8, 10.8, 5.8], "texture": "#0"},
				"east": {"uv": [9.8, 6.8, 10.8, 5.8], "texture": "#0"},
				"south": {"uv": [9.8, 6.8, 10.8, 5.8], "texture": "#0"},
				"west": {"uv": [9.8, 6.8, 10.8, 5.8], "texture": "#0"},
				"up": {"uv": [9.8, 6.8, 10.8, 5.8], "texture": "#0"},
				"down": {"uv": [9.8, 6.8, 10.8, 5.8], "texture": "#0"}
			}
		},
		{
			"from": [6.975, -7.8367, 11.57961],
			"to": [7.375, 0.1633, 12.57961],
			"rotation": {"angle": -45, "axis": "x", "origin": [7.175, -2.24333, 12.65665]},
			"faces": {
				"north": {"uv": [9.8, 6.8, 10.8, 5.8], "texture": "#0"},
				"east": {"uv": [9.8, 6.8, 10.8, 5.8], "texture": "#0"},
				"south": {"uv": [9.8, 6.8, 10.8, 5.8], "texture": "#0"},
				"west": {"uv": [9.8, 6.8, 10.8, 5.8], "texture": "#0"},
				"up": {"uv": [9.8, 6.8, 10.8, 5.8], "texture": "#0"},
				"down": {"uv": [9.8, 6.8, 10.8, 5.8], "texture": "#0"}
			}
		},
		{
			"from": [7.05, -7.25292, 15.55728],
			"to": [7.35, -6.25292, 16.55728],
			"rotation": {"angle": 0, "axis": "y", "origin": [7.175, -2.24333, 12.65665]},
			"faces": {
				"north": {"uv": [9.4, 10.4, 10.4, 9.4], "texture": "#0"},
				"east": {"uv": [9.4, 10.4, 10.4, 9.4], "texture": "#0"},
				"south": {"uv": [9.4, 10.4, 10.4, 9.4], "texture": "#0"},
				"west": {"uv": [9.4, 10.4, 10.4, 9.4], "texture": "#0"},
				"up": {"uv": [9.4, 10.4, 10.4, 9.4], "texture": "#0"},
				"down": {"uv": [9.4, 10.4, 10.4, 9.4], "texture": "#0"}
			}
		},
		{
			"from": [8.65, -7.25292, 15.55728],
			"to": [8.925, -6.25292, 16.55728],
			"rotation": {"angle": 0, "axis": "y", "origin": [8.81875, -2.24333, 12.65665]},
			"faces": {
				"north": {"uv": [9.4, 10.4, 10.4, 9.4], "texture": "#0"},
				"east": {"uv": [9.4, 10.4, 10.4, 9.4], "texture": "#0"},
				"south": {"uv": [9.4, 10.4, 10.4, 9.4], "texture": "#0"},
				"west": {"uv": [9.4, 10.4, 10.4, 9.4], "texture": "#0"},
				"up": {"uv": [9.4, 10.4, 10.4, 9.4], "texture": "#0"},
				"down": {"uv": [9.4, 10.4, 10.4, 9.4], "texture": "#0"}
			}
		},
		{
			"from": [8.6, 11.2969, 5.19751],
			"to": [9.1, 12.2969, 9.19751],
			"rotation": {"angle": 22.5, "axis": "x", "origin": [7.1, 11.2969, 7.19751]},
			"faces": {
				"north": {"uv": [13, 1, 14, 2], "rotation": 180, "texture": "#0"},
				"east": {"uv": [13, 1, 14, 2], "rotation": 90, "texture": "#0"},
				"south": {"uv": [13, 1, 14, 2], "texture": "#0"},
				"west": {"uv": [13, 1, 14, 2], "rotation": 270, "texture": "#0"},
				"up": {"uv": [13, 1, 14, 2], "texture": "#0"},
				"down": {"uv": [13, 1, 14, 2], "rotation": 180, "texture": "#0"}
			}
		},
		{
			"from": [7.9, 7.275, 21.80343],
			"to": [8.1, 26, 21.90343],
			"rotation": {"angle": -22.5, "axis": "x", "origin": [6.5, 12, 20.90343]},
			"faces": {
				"north": {"uv": [1.2, 5.6, 2.2, 6.6], "texture": "#0"},
				"east": {"uv": [1.2, 5.6, 2.2, 6.6], "texture": "#0"},
				"south": {"uv": [1.2, 5.6, 2.2, 6.6], "texture": "#0"},
				"west": {"uv": [1.2, 5.6, 2.2, 6.6], "texture": "#0"},
				"up": {"uv": [1.2, 5.6, 2.2, 6.6], "texture": "#0"},
				"down": {"uv": [1.2, 5.6, 2.2, 6.6], "texture": "#0"}
			}
		},
		{
			"from": [7.9, -10.63197, 23.26185],
			"to": [8.1, 8.09303, 23.36185],
			"rotation": {"angle": 22.5, "axis": "x", "origin": [8, 7.36803, 23.31185]},
			"faces": {
				"north": {"uv": [1.2, 5.6, 2.2, 6.6], "texture": "#0"},
				"east": {"uv": [1.2, 5.6, 2.2, 6.6], "texture": "#0"},
				"south": {"uv": [1.2, 5.6, 2.2, 6.6], "texture": "#0"},
				"west": {"uv": [1.2, 5.6, 2.2, 6.6], "texture": "#0"},
				"up": {"uv": [1.2, 5.6, 2.2, 6.6], "texture": "#0"},
				"down": {"uv": [1.2, 5.6, 2.2, 6.6], "texture": "#0"}
			}
		},
		{
			"name": "cross_2",
			"from": [5.25, 8, 0],
			"to": [9.25, 8, 24],
			"rotation": {"angle": -45, "axis": "z", "origin": [7.25, 8, 4]},
			"faces": {
				"up": {"uv": [16, 0, 8, 2.5], "rotation": 90, "texture": "#1", "tintindex": 0},
				"down": {"uv": [8, 0, 16, 2.5], "rotation": 90, "texture": "#1", "tintindex": 0}
			}
		},
		{
			"name": "back",
			"from": [5.25, 6, 22.5],
			"to": [9.25, 10, 22.5],
			"rotation": {"angle": -45, "axis": "z", "origin": [7.25, 8, 9.5]},
			"faces": {
				"north": {"uv": [10.5, 2.5, 8, 5], "texture": "#1", "tintindex": 0},
				"south": {"uv": [10.5, 2.5, 8, 5], "texture": "#1", "tintindex": 0}
			}
		},
		{
			"name": "cross_1",
			"from": [5.25, 8, 0],
			"to": [9.25, 8, 24],
			"rotation": {"angle": 45, "axis": "z", "origin": [7.25, 8, 4]},
			"faces": {
				"up": {"uv": [16, 0, 8, 2.5], "rotation": 90, "texture": "#1", "tintindex": 0},
				"down": {"uv": [8, 0, 16, 2.5], "rotation": 90, "texture": "#1", "tintindex": 0}
			}
		}
	],
	"display": {
		"thirdperson_righthand": {
			"translation": [0, -2, 0]
		},
		"thirdperson_lefthand": {
			"rotation": [0, 0, -165],
			"translation": [0, -1.75, 0]
		},
		"firstperson_lefthand": {
			"rotation": [15, 5, 90],
			"translation": [-5.75, 2, -12]
		},
		"gui": {
			"scale": [0, 0, 0]
		}
	},
	"groups": [
		{
			"name": "group",
			"origin": [6.5, 7.5, 8.50999],
			"color": 0,
			"children": [0]
		},
		{
			"name": "group",
			"origin": [6.5, -11.98178, 10.98221],
			"color": 0,
			"children": [1, 2, 3, 4, 5, 6, 7, 8]
		},
		{
			"name": "group",
			"origin": [7, -2.616, 9.58647],
			"color": 0,
			"children": [9, 10, 11, 12, 13, 14, 15, 16, 17, 18, 19, 20, 21, 22, 23, 24, 25, 26]
		},
		{
			"name": "group",
			"origin": [5.4, 4.7031, 4.26736],
			"color": 0,
			"children": [27, 28, 29, 30, 31, 32, 33]
		},
		{
			"name": "group",
			"origin": [8.81875, -2.24333, 12.65665],
			"color": 0,
			"children": [34, 35, 36, 37, 38, 39, 40, 41]
		},
		42,
		43,
		44,
		{
			"name": "group",
			"origin": [8, 8, 4],
			"color": 0,
			"children": [45, 46, 47]
		}
	]
}