{
	"format_version": "1.21.6",
	"credit": "Made with Blockbench",
	"texture_size": [64, 64],
	"textures": {
		"0": "item/weapon/flamewizard_book",
		"particle": "item/weapon/flamewizard_book"
	},
	"elements": [
		{
			"from": [7, 0, 4],
			"to": [9, 1, 12],
			"rotation": {"angle": 0, "axis": "y", "origin": [7, 0, 4]},
			"faces": {
				"north": {"uv": [2.25, 5, 2.75, 5.25], "texture": "#0"},
				"east": {"uv": [0, 5, 2, 5.25], "texture": "#0"},
				"south": {"uv": [5.25, 5, 5.75, 5.25], "texture": "#0"},
				"west": {"uv": [3, 5, 5, 5.25], "texture": "#0"},
				"up": {"uv": [0, 2.75, 0.5, 4.75], "texture": "#0"},
				"down": {"uv": [0.75, 2.75, 1.25, 4.75], "texture": "#0"}
			}
		},
		{
			"from": [9, 0, 4],
			"to": [14, 1, 12],
			"rotation": {"angle": 22.5, "axis": "z", "origin": [9, 0, 4]},
			"faces": {
				"north": {"uv": [2.25, 2.25, 3.5, 2.5], "texture": "#0"},
				"east": {"uv": [0, 2.25, 2, 2.5], "texture": "#0"},
				"south": {"uv": [6, 2.25, 7.25, 2.5], "texture": "#0"},
				"west": {"uv": [3.75, 2.25, 5.75, 2.5], "texture": "#0"},
				"up": {"uv": [0, 0, 1.25, 2], "texture": "#0"},
				"down": {"uv": [1.5, 0, 2.75, 2], "texture": "#0"}
			}
		},
		{
			"from": [2, 0, 4],
			"to": [7, 1, 12],
			"rotation": {"angle": -22.5, "axis": "z", "origin": [7, 0, 4]},
			"faces": {
				"north": {"uv": [2.25, 2.25, 3.5, 2.5], "texture": "#0"},
				"east": {"uv": [0, 2.25, 2, 2.5], "texture": "#0"},
				"south": {"uv": [6, 2.25, 7.25, 2.5], "texture": "#0"},
				"west": {"uv": [3.75, 2.25, 5.75, 2.5], "texture": "#0"},
				"up": {"uv": [0, 0, 1.25, 2], "texture": "#0"},
				"down": {"uv": [3, 0, 4.25, 2], "texture": "#0"}
			}
		},
		{
			"from": [2.5, 1, 4.5],
			"to": [7.5, 3, 11.5],
			"rotation": {"angle": -22.5, "axis": "z", "origin": [7, 0, 4]},
			"faces": {
				"north": {"uv": [2, 11.5, 3.25, 12], "texture": "#0"},
				"east": {"uv": [0, 11.5, 1.75, 12], "texture": "#0"},
				"south": {"uv": [5.5, 11.5, 6.75, 12], "texture": "#0"},
				"west": {"uv": [3.5, 11.5, 5.25, 12], "texture": "#0"},
				"up": {"uv": [0, 9.5, 1.25, 11.25], "texture": "#0"},
				"down": {"uv": [1.5, 9.5, 2.75, 11.25], "texture": "#0"}
			}
		},
		{
			"from": [8.5, 1, 4.5],
			"to": [13.5, 2, 11.5],
			"rotation": {"angle": 22.5, "axis": "z", "origin": [9, 0, 4]},
			"faces": {
				"north": {"uv": [2, 9, 3.25, 9.25], "texture": "#0"},
				"east": {"uv": [0, 9, 1.75, 9.25], "texture": "#0"},
				"south": {"uv": [5.5, 9, 6.75, 9.25], "texture": "#0"},
				"west": {"uv": [3.5, 9, 5.25, 9.25], "texture": "#0"},
				"up": {"uv": [0, 7, 1.25, 8.75], "texture": "#0"},
				"down": {"uv": [1.5, 7, 2.75, 8.75], "texture": "#0"}
			}
		},
		{
			"from": [8.5, 0, 11.5],
			"to": [9.5, 2, 13.5],
			"rotation": {"angle": 22.5, "axis": "z", "origin": [9, 0, 4]},
			"faces": {
				"north": {"uv": [0.75, 6.25, 1, 6.75], "texture": "#0"},
				"east": {"uv": [0, 6.25, 0.5, 6.75], "texture": "#0"},
				"south": {"uv": [2, 6.25, 2.25, 6.75], "texture": "#0"},
				"west": {"uv": [1.25, 6.25, 1.75, 6.75], "texture": "#0"},
				"up": {"uv": [0, 5.5, 0.25, 6], "texture": "#0"},
				"down": {"uv": [0.5, 5.5, 0.75, 6], "texture": "#0"}
			}
		}
	],
	"display": {
		"thirdperson_righthand": {
			"rotation": [45, 0, 0],
			"translation": [0, 7, 5]
		},
		"thirdperson_lefthand": {
			"rotation": [75, 0, 0],
			"translation": [0, 4.5, 7.5]
		},
		"firstperson_righthand": {
			"rotation": [45, 0, 30],
			"translation": [-3, 5, 0]
		},
		"firstperson_lefthand": {
			"rotation": [45, 0, 30],
			"translation": [0, 1, 0]
		},
		"ground": {
			"rotation": [30, 30, 30],
			"translation": [-3, 12, 3],
			"scale": [0.65, 0.65, 0.65]
		},
		"gui": {
			"rotation": [60, -15, 15],
			"translation": [-1, 4.25, 0]
		}
	}
}