{
	"format_version": "1.9.0",
	"credit": "Made by Caneko-chan",
	"texture_size": [64, 64],
	"textures": {
		"1": "item/weapon/fortress",
		"particle": "item/weapon/fortress"
	},
	"elements": [
		{
			"from": [8, 3, 7],
			"to": [10, 15, 8],
			"rotation": {"angle": -45, "axis": "y", "origin": [9, 0, 8]},
			"faces": {
				"north": {"uv": [5, 0, 5.5, 3], "texture": "#1"},
				"east": {"uv": [5, 5.5, 5.25, 8.5], "texture": "#1"},
				"south": {"uv": [3, 5, 3.5, 8], "texture": "#1"},
				"west": {"uv": [5.25, 5.5, 5.5, 8.5], "texture": "#1"},
				"up": {"uv": [6, 3, 5.5, 2.75], "texture": "#1"},
				"down": {"uv": [8.5, 7.25, 8, 7.5], "texture": "#1"}
			}
		},
		{
			"from": [9, 3, 8],
			"to": [10, 15, 9],
			"rotation": {"angle": -45, "axis": "y", "origin": [9, 0, 8]},
			"faces": {
				"north": {"uv": [5.5, 5.5, 5.75, 8.5], "texture": "#1"},
				"east": {"uv": [5.75, 5.5, 6, 8.5], "texture": "#1"},
				"south": {"uv": [6, 0, 6.25, 3], "texture": "#1"},
				"west": {"uv": [6, 3, 6.25, 6], "texture": "#1"},
				"up": {"uv": [8.5, 3.25, 8.25, 3], "texture": "#1"},
				"down": {"uv": [2.5, 8.75, 2.25, 9], "texture": "#1"}
			}
		},
		{
			"from": [8.29289, 3, 3.29289],
			"to": [9.29289, 14, 7.29289],
			"rotation": {"angle": 0, "axis": "y", "origin": [8.29289, 0, 7.29289]},
			"faces": {
				"north": {"uv": [4, 6.5, 4.25, 9.25], "texture": "#1"},
				"east": {"uv": [2, 0, 3, 2.75], "texture": "#1"},
				"south": {"uv": [4.25, 6.5, 4.5, 9.25], "texture": "#1"},
				"west": {"uv": [0, 2.75, 1, 5.5], "texture": "#1"},
				"up": {"uv": [7, 8.5, 6.75, 7.5], "texture": "#1"},
				"down": {"uv": [7.75, 7.5, 7.5, 8.5], "texture": "#1"}
			}
		},
		{
			"from": [8.29289, 3, 8.70711],
			"to": [9.29289, 14, 12.70711],
			"rotation": {"angle": 0, "axis": "y", "origin": [8.29289, 0, 8.70711]},
			"faces": {
				"north": {"uv": [6.25, 2.25, 6.5, 5], "texture": "#1"},
				"east": {"uv": [0, 0, 1, 2.75], "texture": "#1"},
				"south": {"uv": [6.5, 2.25, 6.75, 5], "texture": "#1"},
				"west": {"uv": [1, 0, 2, 2.75], "texture": "#1"},
				"up": {"uv": [7.75, 4, 7.5, 3], "texture": "#1"},
				"down": {"uv": [7.75, 4, 7.5, 5], "texture": "#1"}
			}
		},
		{
			"from": [9, -8, 8],
			"to": [10, 18, 9],
			"rotation": {"angle": -45, "axis": "y", "origin": [10, 0, 8]},
			"faces": {
				"north": {"uv": [4, 0, 4.25, 6.5], "texture": "#1"},
				"east": {"uv": [4.25, 0, 4.5, 6.5], "texture": "#1"},
				"south": {"uv": [4.5, 0, 4.75, 6.5], "texture": "#1"},
				"west": {"uv": [4.75, 0, 5, 6.5], "texture": "#1"},
				"up": {"uv": [3.5, 9, 3.25, 8.75], "texture": "#1"},
				"down": {"uv": [9, 3.5, 8.75, 3.75], "texture": "#1"}
			}
		},
		{
			"from": [8.29289, -6, 3.29289],
			"to": [9.29289, 3, 5.29289],
			"rotation": {"angle": -22.5, "axis": "x", "origin": [9.29289, 3, 3.29289]},
			"faces": {
				"north": {"uv": [4.5, 6.5, 4.75, 8.75], "texture": "#1"},
				"east": {"uv": [3.5, 5, 4, 7.25], "texture": "#1"},
				"south": {"uv": [4.75, 6.5, 5, 8.75], "texture": "#1"},
				"west": {"uv": [1, 5.25, 1.5, 7.5], "texture": "#1"},
				"up": {"uv": [8.5, 2.5, 8.25, 2], "texture": "#1"},
				"down": {"uv": [2.5, 8.25, 2.25, 8.75], "texture": "#1"}
			}
		},
		{
			"from": [8.29289, -1, 5.29289],
			"to": [9.29289, 3, 7.29289],
			"rotation": {"angle": -22.5, "axis": "x", "origin": [9.29289, 3, 3.29289]},
			"faces": {
				"north": {"uv": [7.5, 5, 7.75, 6], "texture": "#1"},
				"east": {"uv": [7, 3, 7.5, 4], "texture": "#1"},
				"south": {"uv": [7.5, 6, 7.75, 7], "texture": "#1"},
				"west": {"uv": [7, 4, 7.5, 5], "texture": "#1"},
				"up": {"uv": [2, 8.75, 1.75, 8.25], "texture": "#1"},
				"down": {"uv": [2.25, 8.25, 2, 8.75], "texture": "#1"}
			}
		},
		{
			"from": [8.29289, -3.25, 5.29289],
			"to": [9.29289, -1, 6.29289],
			"rotation": {"angle": -22.5, "axis": "x", "origin": [9.29289, 3, 3.29289]},
			"faces": {
				"north": {"uv": [6.75, 4.5, 7, 5], "texture": "#1"},
				"east": {"uv": [8.25, 0, 8.5, 0.5], "texture": "#1"},
				"south": {"uv": [8.25, 0.5, 8.5, 1], "texture": "#1"},
				"west": {"uv": [1.5, 8.25, 1.75, 8.75], "texture": "#1"},
				"up": {"uv": [9, 4, 8.75, 3.75], "texture": "#1"},
				"down": {"uv": [9, 4.25, 8.75, 4.5], "texture": "#1"}
			}
		},
		{
			"from": [8.29289, -3.25, 9.70711],
			"to": [9.29289, -1, 10.70711],
			"rotation": {"angle": 22.5, "axis": "x", "origin": [9.29289, 3, 12.70711]},
			"faces": {
				"north": {"uv": [8.25, 2.5, 8.5, 3], "texture": "#1"},
				"east": {"uv": [8.25, 5.25, 8.5, 5.75], "texture": "#1"},
				"south": {"uv": [8.25, 7.5, 8.5, 8], "texture": "#1"},
				"west": {"uv": [8.25, 8, 8.5, 8.5], "texture": "#1"},
				"up": {"uv": [4.75, 9, 4.5, 8.75], "texture": "#1"},
				"down": {"uv": [9, 4.5, 8.75, 4.75], "texture": "#1"}
			}
		},
		{
			"from": [8.29289, -1, 8.70711],
			"to": [9.29289, 3, 10.70711],
			"rotation": {"angle": 22.5, "axis": "x", "origin": [9.29289, 3, 12.70711]},
			"faces": {
				"north": {"uv": [6.25, 7.5, 6.5, 8.5], "texture": "#1"},
				"east": {"uv": [7, 6, 7.5, 7], "texture": "#1"},
				"south": {"uv": [6.5, 7.5, 6.75, 8.5], "texture": "#1"},
				"west": {"uv": [7, 7, 7.5, 8], "texture": "#1"},
				"up": {"uv": [0.25, 9, 0, 8.5], "texture": "#1"},
				"down": {"uv": [8.75, 0, 8.5, 0.5], "texture": "#1"}
			}
		},
		{
			"from": [8.29289, -6, 10.70711],
			"to": [9.29289, 3, 12.70711],
			"rotation": {"angle": 22.5, "axis": "x", "origin": [9.29289, 3, 12.70711]},
			"faces": {
				"north": {"uv": [6.75, 2.25, 7, 4.5], "texture": "#1"},
				"east": {"uv": [1.5, 5.25, 2, 7.5], "texture": "#1"},
				"south": {"uv": [6, 6.75, 6.25, 9], "texture": "#1"},
				"west": {"uv": [2, 5.25, 2.5, 7.5], "texture": "#1"},
				"up": {"uv": [0.5, 9, 0.25, 8.5], "texture": "#1"},
				"down": {"uv": [0.75, 8.5, 0.5, 9], "texture": "#1"}
			}
		},
		{
			"from": [8.29289, -4, 7.29291],
			"to": [9.29289, 3, 8.70711],
			"rotation": {"angle": 0, "axis": "y", "origin": [8.29289, 0, 7.29291]},
			"faces": {
				"north": {"uv": [3.5, 7.25, 3.75, 9], "texture": "#1"},
				"east": {"uv": [3.75, 7.25, 4, 9], "texture": "#1"},
				"south": {"uv": [1, 7.5, 1.25, 9.25], "texture": "#1"},
				"west": {"uv": [1.25, 7.5, 1.5, 9.25], "texture": "#1"},
				"up": {"uv": [5, 9, 4.75, 8.75], "texture": "#1"},
				"down": {"uv": [9, 4.75, 8.75, 5], "texture": "#1"}
			}
		},
		{
			"from": [8.29289, -5.31492, 6.73704],
			"to": [9.29289, -4.31492, 9.26304],
			"rotation": {"angle": 0, "axis": "y", "origin": [8.29289, -5.31492, 6.73704]},
			"faces": {
				"north": {"uv": [8.75, 5, 9, 5.25], "texture": "#1"},
				"east": {"uv": [8, 4.75, 8.75, 5], "texture": "#1"},
				"south": {"uv": [8.75, 5.25, 9, 5.5], "texture": "#1"},
				"west": {"uv": [8, 5, 8.75, 5.25], "texture": "#1"},
				"up": {"uv": [3.5, 8.75, 3.25, 8], "texture": "#1"},
				"down": {"uv": [8.25, 5.25, 8, 6], "texture": "#1"}
			}
		},
		{
			"from": [8.29289, -5.31492, 6.73704],
			"to": [9.29289, -3.52992, 8.52204],
			"rotation": {"angle": 45, "axis": "x", "origin": [8.29289, -5.31492, 6.73704]},
			"faces": {
				"north": {"uv": [8.5, 0.5, 8.75, 1], "texture": "#1"},
				"east": {"uv": [5.5, 2.25, 6, 2.75], "texture": "#1"},
				"south": {"uv": [0.75, 8.5, 1, 9], "texture": "#1"},
				"west": {"uv": [7.5, 7, 8, 7.5], "texture": "#1"},
				"up": {"uv": [8.75, 1.5, 8.5, 1], "texture": "#1"},
				"down": {"uv": [8.75, 2, 8.5, 2.5], "texture": "#1"}
			}
		},
		{
			"from": [9.25, -10, 8.25],
			"to": [9.75, -8, 8.75],
			"rotation": {"angle": -45, "axis": "y", "origin": [10, -2, 8]},
			"faces": {
				"north": {"uv": [8.5, 2.5, 8.75, 3], "texture": "#1"},
				"east": {"uv": [8.5, 3, 8.75, 3.5], "texture": "#1"},
				"south": {"uv": [8.5, 3.5, 8.75, 4], "texture": "#1"},
				"west": {"uv": [5, 8.5, 5.25, 9], "texture": "#1"},
				"up": {"uv": [9, 5.75, 8.75, 5.5], "texture": "#1"},
				"down": {"uv": [9, 5.75, 8.75, 6], "texture": "#1"}
			}
		},
		{
			"from": [9.25, 18, 8.25],
			"to": [9.75, 20, 8.75],
			"rotation": {"angle": -45, "axis": "y", "origin": [10, 25, 8]},
			"faces": {
				"north": {"uv": [5.25, 8.5, 5.5, 9], "texture": "#1"},
				"east": {"uv": [8.5, 5.25, 8.75, 5.75], "texture": "#1"},
				"south": {"uv": [5.5, 8.5, 5.75, 9], "texture": "#1"},
				"west": {"uv": [5.75, 8.5, 6, 9], "texture": "#1"},
				"up": {"uv": [9, 6.25, 8.75, 6], "texture": "#1"},
				"down": {"uv": [6.5, 8.75, 6.25, 9], "texture": "#1"}
			}
		},
		{
			"from": [8.29289, 14, 8.70711],
			"to": [9.29289, 15, 9.70711],
			"rotation": {"angle": 0, "axis": "y", "origin": [8.29289, -1, 8.70711]},
			"faces": {
				"north": {"uv": [8.75, 6.25, 9, 6.5], "texture": "#1"},
				"east": {"uv": [6.5, 8.75, 6.75, 9], "texture": "#1"},
				"south": {"uv": [8.75, 6.5, 9, 6.75], "texture": "#1"},
				"west": {"uv": [8.75, 6.75, 9, 7], "texture": "#1"},
				"up": {"uv": [7.25, 9, 7, 8.75], "texture": "#1"},
				"down": {"uv": [9, 7, 8.75, 7.25], "texture": "#1"}
			}
		},
		{
			"from": [8.29289, 14, 6.29289],
			"to": [9.29289, 15, 7.29289],
			"rotation": {"angle": 0, "axis": "y", "origin": [8.29289, -1, 7.29289]},
			"faces": {
				"north": {"uv": [7.25, 8.75, 7.5, 9], "texture": "#1"},
				"east": {"uv": [7.75, 8.75, 8, 9], "texture": "#1"},
				"south": {"uv": [8, 8.75, 8.25, 9], "texture": "#1"},
				"west": {"uv": [8.25, 8.75, 8.5, 9], "texture": "#1"},
				"up": {"uv": [8.75, 9, 8.5, 8.75], "texture": "#1"},
				"down": {"uv": [9, 8.5, 8.75, 8.75], "texture": "#1"}
			}
		},
		{
			"from": [8.29289, 14.075, 3.29289],
			"to": [9.29289, 15, 6.29289],
			"rotation": {"angle": -22.5, "axis": "x", "origin": [8.29289, 15, 6.29289]},
			"faces": {
				"north": {"uv": [8.75, 8.75, 9, 9], "texture": "#1"},
				"east": {"uv": [8, 6, 8.75, 6.25], "texture": "#1"},
				"south": {"uv": [0, 9, 0.25, 9.25], "texture": "#1"},
				"west": {"uv": [8, 6.25, 8.75, 6.5], "texture": "#1"},
				"up": {"uv": [7.25, 8.75, 7, 8], "texture": "#1"},
				"down": {"uv": [7.5, 8, 7.25, 8.75], "texture": "#1"}
			}
		},
		{
			"from": [8.29289, 14.075, 9.70711],
			"to": [9.29289, 15, 12.70711],
			"rotation": {"angle": 22.5, "axis": "x", "origin": [8.29289, 15, 9.70711]},
			"faces": {
				"north": {"uv": [0.25, 9, 0.5, 9.25], "texture": "#1"},
				"east": {"uv": [8, 6.5, 8.75, 6.75], "texture": "#1"},
				"south": {"uv": [0.5, 9, 0.75, 9.25], "texture": "#1"},
				"west": {"uv": [8, 7, 8.75, 7.25], "texture": "#1"},
				"up": {"uv": [8, 8.75, 7.75, 8], "texture": "#1"},
				"down": {"uv": [8.25, 8, 8, 8.75], "texture": "#1"}
			}
		},
		{
			"from": [4.79289, 5, 5.50001],
			"to": [8.79289, 7, 10.50001],
			"rotation": {"angle": 0, "axis": "y", "origin": [8.29289, 6, 7.29291]},
			"faces": {
				"north": {"uv": [7.25, 0, 8.25, 0.5], "texture": "#1"},
				"east": {"uv": [6.25, 5, 7.5, 5.5], "texture": "#1"},
				"south": {"uv": [7.25, 0.5, 8.25, 1], "texture": "#1"},
				"west": {"uv": [6.25, 5.5, 7.5, 6], "texture": "#1"},
				"up": {"uv": [6, 4.25, 5, 3], "texture": "#1"},
				"down": {"uv": [6, 4.25, 5, 5.5], "texture": "#1"}
			}
		},
		{
			"from": [8, 11.5, 7.125],
			"to": [10.375, 12.5, 8],
			"rotation": {"angle": -45, "axis": "y", "origin": [9.5, 2.5, 8]},
			"faces": {
				"north": {"uv": [8.25, 5.75, 8.75, 6], "texture": "#1"},
				"east": {"uv": [0.75, 9, 1, 9.25], "texture": "#1"},
				"south": {"uv": [8.5, 4, 9, 4.25], "texture": "#1"},
				"west": {"uv": [1.5, 9, 1.75, 9.25], "texture": "#1"},
				"up": {"uv": [6.75, 8.75, 6.25, 8.5], "texture": "#1"},
				"down": {"uv": [9, 7.25, 8.5, 7.5], "texture": "#1"}
			}
		},
		{
			"from": [9.5, 11.5, 8],
			"to": [10.375, 12.5, 9.5],
			"rotation": {"angle": -45, "axis": "y", "origin": [9.5, 2.5, 8]},
			"faces": {
				"north": {"uv": [9, 1.5, 9.25, 1.75], "texture": "#1"},
				"east": {"uv": [8.5, 7.5, 9, 7.75], "texture": "#1"},
				"south": {"uv": [1.75, 9, 2, 9.25], "texture": "#1"},
				"west": {"uv": [8.5, 7.75, 9, 8], "texture": "#1"},
				"up": {"uv": [7, 9, 6.75, 8.5], "texture": "#1"},
				"down": {"uv": [7.75, 8.5, 7.5, 9], "texture": "#1"}
			}
		},
		{
			"from": [9.29289, 11.5, 3.29289],
			"to": [9.54289, 12.5, 7.29289],
			"rotation": {"angle": 0, "axis": "y", "origin": [8.29289, 2.5, 7.29289]},
			"faces": {
				"north": {"uv": [9, 1.75, 9.25, 2], "texture": "#1"},
				"east": {"uv": [7.25, 2, 8.25, 2.25], "texture": "#1"},
				"south": {"uv": [9, 2, 9.25, 2.25], "texture": "#1"},
				"west": {"uv": [0, 7.75, 1, 8], "texture": "#1"},
				"up": {"uv": [8, 3.25, 7.75, 2.25], "texture": "#1"},
				"down": {"uv": [8, 3.25, 7.75, 4.25], "texture": "#1"}
			}
		},
		{
			"from": [9.29289, 11.5, 8.70711],
			"to": [9.54289, 12.5, 12.70711],
			"rotation": {"angle": 0, "axis": "y", "origin": [8.29289, 2.5, 8.70711]},
			"faces": {
				"north": {"uv": [2.25, 9, 2.5, 9.25], "texture": "#1"},
				"east": {"uv": [7.75, 4.25, 8.75, 4.5], "texture": "#1"},
				"south": {"uv": [9, 2.25, 9.25, 2.5], "texture": "#1"},
				"west": {"uv": [7.75, 4.5, 8.75, 4.75], "texture": "#1"},
				"up": {"uv": [8, 5.75, 7.75, 4.75], "texture": "#1"},
				"down": {"uv": [8, 5.75, 7.75, 6.75], "texture": "#1"}
			}
		},
		{
			"from": [9.29289, 4.5, 8.70711],
			"to": [9.54289, 5.5, 12.70711],
			"rotation": {"angle": 0, "axis": "y", "origin": [8.29289, -4.5, 8.70711]},
			"faces": {
				"north": {"uv": [2.5, 9, 2.75, 9.25], "texture": "#1"},
				"east": {"uv": [7.75, 6.75, 8.75, 7], "texture": "#1"},
				"south": {"uv": [2.75, 9, 3, 9.25], "texture": "#1"},
				"west": {"uv": [1.5, 8, 2.5, 8.25], "texture": "#1"},
				"up": {"uv": [8.25, 3.25, 8, 2.25], "texture": "#1"},
				"down": {"uv": [2.75, 8, 2.5, 9], "texture": "#1"}
			}
		},
		{
			"from": [8, 4.5, 7.125],
			"to": [10.375, 5.5, 8],
			"rotation": {"angle": -45, "axis": "y", "origin": [9.5, -4.5, 8]},
			"faces": {
				"north": {"uv": [8.75, 2.5, 9.25, 2.75], "texture": "#1"},
				"east": {"uv": [3.5, 9, 3.75, 9.25], "texture": "#1"},
				"south": {"uv": [8.75, 2.75, 9.25, 3], "texture": "#1"},
				"west": {"uv": [9, 3.5, 9.25, 3.75], "texture": "#1"},
				"up": {"uv": [9.25, 3.25, 8.75, 3], "texture": "#1"},
				"down": {"uv": [9.25, 3.25, 8.75, 3.5], "texture": "#1"}
			}
		},
		{
			"from": [9.29289, 4.5, 3.29289],
			"to": [9.54289, 5.5, 7.29289],
			"rotation": {"angle": 0, "axis": "y", "origin": [8.29289, -4.5, 7.29289]},
			"faces": {
				"north": {"uv": [3.75, 9, 4, 9.25], "texture": "#1"},
				"east": {"uv": [8, 1.5, 9, 1.75], "texture": "#1"},
				"south": {"uv": [9, 3.75, 9.25, 4], "texture": "#1"},
				"west": {"uv": [8, 1.75, 9, 2], "texture": "#1"},
				"up": {"uv": [3, 9, 2.75, 8], "texture": "#1"},
				"down": {"uv": [3.25, 8, 3, 9], "texture": "#1"}
			}
		},
		{
			"from": [9.5, 4.5, 8],
			"to": [10.375, 5.5, 9.5],
			"rotation": {"angle": -45, "axis": "y", "origin": [9.5, -4.5, 8]},
			"faces": {
				"north": {"uv": [3, 9, 3.25, 9.25], "texture": "#1"},
				"east": {"uv": [8.75, 1.25, 9.25, 1.5], "texture": "#1"},
				"south": {"uv": [3.25, 9, 3.5, 9.25], "texture": "#1"},
				"west": {"uv": [1.5, 8.75, 2, 9], "texture": "#1"},
				"up": {"uv": [2.25, 9.25, 2, 8.75], "texture": "#1"},
				"down": {"uv": [9, 2, 8.75, 2.5], "texture": "#1"}
			}
		},
		{
			"from": [8.33579, 0.5, 7.125],
			"to": [9.96079, 1.5, 8.75],
			"rotation": {"angle": -45, "axis": "y", "origin": [9.08579, -8.5, 8]},
			"faces": {
				"north": {"uv": [8.5, 8, 9, 8.25], "texture": "#1"},
				"east": {"uv": [8.25, 8.5, 8.75, 8.75], "texture": "#1"},
				"south": {"uv": [8.5, 8.25, 9, 8.5], "texture": "#1"},
				"west": {"uv": [8.75, 0, 9.25, 0.25], "texture": "#1"},
				"up": {"uv": [8.25, 8, 7.75, 7.5], "texture": "#1"},
				"down": {"uv": [0.5, 8, 0, 8.5], "texture": "#1"}
			}
		},
		{
			"from": [8.33579, -4.5, 7.125],
			"to": [9.96079, -3.5, 8.75],
			"rotation": {"angle": -45, "axis": "y", "origin": [9.08579, -13.5, 8]},
			"faces": {
				"north": {"uv": [8.75, 0.25, 9.25, 0.5], "texture": "#1"},
				"east": {"uv": [8.75, 0.5, 9.25, 0.75], "texture": "#1"},
				"south": {"uv": [8.75, 0.75, 9.25, 1], "texture": "#1"},
				"west": {"uv": [8.75, 1, 9.25, 1.25], "texture": "#1"},
				"up": {"uv": [1, 8.5, 0.5, 8], "texture": "#1"},
				"down": {"uv": [8.5, 1, 8, 1.5], "texture": "#1"}
			}
		},
		{
			"name": "cube inverted",
			"from": [8.79289, 7, 9.50001],
			"to": [5.79289, 5, 6.50001],
			"rotation": {"angle": 0, "axis": "y", "origin": [8.29289, 6, 7.29291]},
			"faces": {
				"north": {"uv": [7.25, 1, 8, 1.5], "texture": "#1"},
				"east": {"uv": [7.25, 1.5, 8, 2], "texture": "#1"},
				"south": {"uv": [1.5, 7.5, 2.25, 8], "texture": "#1"},
				"west": {"uv": [2.25, 7.5, 3, 8], "texture": "#1"},
				"up": {"uv": [7, 7.5, 6.25, 6.75], "texture": "#1"},
				"down": {"uv": [7.75, 2.25, 7, 3], "texture": "#1"}
			}
		},
		{
			"from": [8.29289, 4.5, 12.70711],
			"to": [9.29289, 5.5, 12.95711],
			"rotation": {"angle": 0, "axis": "y", "origin": [8.29289, -4.5, 8.70711]},
			"faces": {
				"north": {"uv": [9, 4, 9.25, 4.25], "texture": "#1"},
				"east": {"uv": [9, 4.25, 9.25, 4.5], "texture": "#1"},
				"south": {"uv": [4.5, 9, 4.75, 9.25], "texture": "#1"},
				"west": {"uv": [9, 4.5, 9.25, 4.75], "texture": "#1"},
				"up": {"uv": [5, 9.25, 4.75, 9], "texture": "#1"},
				"down": {"uv": [9.25, 4.75, 9, 5], "texture": "#1"}
			}
		},
		{
			"from": [9.29289, 4.5, 12.70711],
			"to": [9.64689, 5.5, 12.95711],
			"rotation": {"angle": 45, "axis": "y", "origin": [9.29289, 5.5, 12.95711]},
			"faces": {
				"north": {"uv": [5, 9, 5.25, 9.25], "texture": "#1"},
				"east": {"uv": [9, 5, 9.25, 5.25], "texture": "#1"},
				"south": {"uv": [5.25, 9, 5.5, 9.25], "texture": "#1"},
				"west": {"uv": [9, 5.25, 9.25, 5.5], "texture": "#1"},
				"up": {"uv": [5.75, 9.25, 5.5, 9], "texture": "#1"},
				"down": {"uv": [9.25, 5.5, 9, 5.75], "texture": "#1"}
			}
		},
		{
			"from": [9.29289, 11.5, 12.70711],
			"to": [9.64689, 12.5, 12.95711],
			"rotation": {"angle": 45, "axis": "y", "origin": [9.29289, 12.5, 12.95711]},
			"faces": {
				"north": {"uv": [5.75, 9, 6, 9.25], "texture": "#1"},
				"east": {"uv": [9, 5.75, 9.25, 6], "texture": "#1"},
				"south": {"uv": [6, 9, 6.25, 9.25], "texture": "#1"},
				"west": {"uv": [9, 6, 9.25, 6.25], "texture": "#1"},
				"up": {"uv": [6.5, 9.25, 6.25, 9], "texture": "#1"},
				"down": {"uv": [9.25, 6.25, 9, 6.5], "texture": "#1"}
			}
		},
		{
			"from": [8.29289, 11.5, 12.70711],
			"to": [9.29289, 12.5, 12.95711],
			"rotation": {"angle": 0, "axis": "y", "origin": [8.29289, 2.5, 8.70711]},
			"faces": {
				"north": {"uv": [6.5, 9, 6.75, 9.25], "texture": "#1"},
				"east": {"uv": [9, 6.5, 9.25, 6.75], "texture": "#1"},
				"south": {"uv": [6.75, 9, 7, 9.25], "texture": "#1"},
				"west": {"uv": [9, 6.75, 9.25, 7], "texture": "#1"},
				"up": {"uv": [7.25, 9.25, 7, 9], "texture": "#1"},
				"down": {"uv": [9.25, 7, 9, 7.25], "texture": "#1"}
			}
		},
		{
			"from": [9.29289, 11.5, 3.04289],
			"to": [9.64689, 12.5, 3.29289],
			"rotation": {"angle": -45, "axis": "y", "origin": [9.29289, 12.5, 3.04289]},
			"faces": {
				"north": {"uv": [7.25, 9, 7.5, 9.25], "texture": "#1"},
				"east": {"uv": [9, 7.25, 9.25, 7.5], "texture": "#1"},
				"south": {"uv": [7.5, 9, 7.75, 9.25], "texture": "#1"},
				"west": {"uv": [9, 7.5, 9.25, 7.75], "texture": "#1"},
				"up": {"uv": [8, 9.25, 7.75, 9], "texture": "#1"},
				"down": {"uv": [9.25, 7.75, 9, 8], "texture": "#1"}
			}
		},
		{
			"from": [8.29289, 11.5, 3.04289],
			"to": [9.29289, 12.5, 3.29289],
			"rotation": {"angle": 0, "axis": "y", "origin": [8.29289, 2.5, 7.29289]},
			"faces": {
				"north": {"uv": [8, 9, 8.25, 9.25], "texture": "#1"},
				"east": {"uv": [9, 8, 9.25, 8.25], "texture": "#1"},
				"south": {"uv": [8.25, 9, 8.5, 9.25], "texture": "#1"},
				"west": {"uv": [9, 8.25, 9.25, 8.5], "texture": "#1"},
				"up": {"uv": [8.75, 9.25, 8.5, 9], "texture": "#1"},
				"down": {"uv": [9.25, 8.5, 9, 8.75], "texture": "#1"}
			}
		},
		{
			"from": [9.29289, 4.5, 3.04289],
			"to": [9.64689, 5.5, 3.29289],
			"rotation": {"angle": -45, "axis": "y", "origin": [9.29289, 5.5, 3.04289]},
			"faces": {
				"north": {"uv": [8.75, 9, 9, 9.25], "texture": "#1"},
				"east": {"uv": [9, 8.75, 9.25, 9], "texture": "#1"},
				"south": {"uv": [9, 9, 9.25, 9.25], "texture": "#1"},
				"west": {"uv": [0, 9.25, 0.25, 9.5], "texture": "#1"},
				"up": {"uv": [9.5, 0.25, 9.25, 0], "texture": "#1"},
				"down": {"uv": [0.5, 9.25, 0.25, 9.5], "texture": "#1"}
			}
		},
		{
			"from": [8.29289, 4.5, 3.04289],
			"to": [9.29289, 5.5, 3.29289],
			"rotation": {"angle": 0, "axis": "y", "origin": [8.29289, -4.5, 7.29289]},
			"faces": {
				"north": {"uv": [9.25, 0.25, 9.5, 0.5], "texture": "#1"},
				"east": {"uv": [0.5, 9.25, 0.75, 9.5], "texture": "#1"},
				"south": {"uv": [9.25, 0.5, 9.5, 0.75], "texture": "#1"},
				"west": {"uv": [0.75, 9.25, 1, 9.5], "texture": "#1"},
				"up": {"uv": [9.5, 1, 9.25, 0.75], "texture": "#1"},
				"down": {"uv": [1.25, 9.25, 1, 9.5], "texture": "#1"}
			}
		},
		{
			"from": [9.31789, -5, 8.45711],
			"to": [9.31789, 5, 12.70711],
			"rotation": {"angle": 0, "axis": "y", "origin": [8.31789, 0, 8.70711]},
			"faces": {
				"north": {"uv": [0, 0, 0, 2.5], "texture": "#1"},
				"east": {"uv": [1, 2.75, 2, 5.25], "texture": "#1"},
				"south": {"uv": [0, 0, 0, 2.5], "texture": "#1"},
				"west": {"uv": [2, 2.75, 3, 5.25], "texture": "#1"},
				"up": {"uv": [0, 1, 0, 0], "texture": "#1"},
				"down": {"uv": [0, 0, 0, 1], "texture": "#1"}
			}
		},
		{
			"from": [9.31789, -5, 3.29289],
			"to": [9.31789, 5, 7.54289],
			"rotation": {"angle": 0, "axis": "y", "origin": [8.31789, 0, 7.29289]},
			"faces": {
				"north": {"uv": [0, 0, 0, 2.5], "texture": "#1"},
				"east": {"uv": [3, 0, 4, 2.5], "texture": "#1"},
				"south": {"uv": [0, 0, 0, 2.5], "texture": "#1"},
				"west": {"uv": [3, 2.5, 4, 5], "texture": "#1"},
				"up": {"uv": [0, 1, 0, 0], "texture": "#1"},
				"down": {"uv": [0, 0, 0, 1], "texture": "#1"}
			}
		},
		{
			"from": [9.31789, -5.31492, 6.73704],
			"to": [9.31789, -3.52992, 8.52204],
			"rotation": {"angle": 45, "axis": "x", "origin": [8.31789, -5.31492, 6.73704]},
			"faces": {
				"north": {"uv": [0, 0, 0, 0.5], "texture": "#1"},
				"east": {"uv": [8, 3.25, 8.5, 3.75], "texture": "#1"},
				"south": {"uv": [0, 0, 0, 0.5], "texture": "#1"},
				"west": {"uv": [8, 3.75, 8.5, 4.25], "texture": "#1"},
				"up": {"uv": [0, 0.5, 0, 0], "texture": "#1"},
				"down": {"uv": [0, 0, 0, 0.5], "texture": "#1"}
			}
		},
		{
			"from": [9.31789, -6, 3.29289],
			"to": [9.31789, 3, 5.29289],
			"rotation": {"angle": -22.5, "axis": "x", "origin": [9.31789, 3, 3.29289]},
			"faces": {
				"north": {"uv": [0, 0, 0, 2.25], "texture": "#1"},
				"east": {"uv": [5.5, 0, 6, 2.25], "texture": "#1"},
				"south": {"uv": [0, 0, 0, 2.25], "texture": "#1"},
				"west": {"uv": [0.5, 5.5, 1, 7.75], "texture": "#1"},
				"up": {"uv": [0, 0.5, 0, 0], "texture": "#1"},
				"down": {"uv": [0, 0, 0, 0.5], "texture": "#1"}
			}
		},
		{
			"from": [9.31789, -6, 10.70711],
			"to": [9.31789, 3, 12.70711],
			"rotation": {"angle": 22.5, "axis": "x", "origin": [9.31789, 3, 12.70711]},
			"faces": {
				"north": {"uv": [0, 0, 0, 2.25], "texture": "#1"},
				"east": {"uv": [2.5, 5.25, 3, 7.5], "texture": "#1"},
				"south": {"uv": [0, 0, 0, 2.25], "texture": "#1"},
				"west": {"uv": [0, 5.5, 0.5, 7.75], "texture": "#1"},
				"up": {"uv": [0, 0.5, 0, 0], "texture": "#1"},
				"down": {"uv": [0, 0, 0, 0.5], "texture": "#1"}
			}
		},
		{
			"from": [9.31789, 12, 8.70711],
			"to": [9.31789, 15, 12.70711],
			"rotation": {"angle": 0, "axis": "y", "origin": [8.31789, 0, 8.70711]},
			"faces": {
				"north": {"uv": [0, 0, 0, 0.75], "texture": "#1"},
				"east": {"uv": [6, 6, 7, 6.75], "texture": "#1"},
				"south": {"uv": [0, 0, 0, 0.75], "texture": "#1"},
				"west": {"uv": [6.25, 0, 7.25, 0.75], "texture": "#1"},
				"up": {"uv": [0, 1, 0, 0], "texture": "#1"},
				"down": {"uv": [0, 0, 0, 1], "texture": "#1"}
			}
		},
		{
			"from": [9.31789, 12, 3.29289],
			"to": [9.31789, 15, 7.29289],
			"rotation": {"angle": 0, "axis": "y", "origin": [8.31789, 0, 7.29289]},
			"faces": {
				"north": {"uv": [0, 0, 0, 0.75], "texture": "#1"},
				"east": {"uv": [6.25, 0.75, 7.25, 1.5], "texture": "#1"},
				"south": {"uv": [0, 0, 0, 0.75], "texture": "#1"},
				"west": {"uv": [6.25, 1.5, 7.25, 2.25], "texture": "#1"},
				"up": {"uv": [0, 1, 0, 0], "texture": "#1"},
				"down": {"uv": [0, 0, 0, 1], "texture": "#1"}
			}
		}
	],
	"display": {
		"thirdperson_righthand": {
			"rotation": [90, 0, 0],
			"translation": [1.25, -2, 6.5]
		},
		"thirdperson_lefthand": {
			"rotation": [90, -180, 0],
			"translation": [1.25, -2, 6.5]
		},
		"firstperson_righthand": {
			"rotation": [-169.74, 77, -140],
			"translation": [2.25, 0, 0]
		},
		"firstperson_lefthand": {
			"rotation": [169.74, -77, 140]
		},
		"ground": {
			"rotation": [33.55, 3.09, 79.82],
			"translation": [0, 1, 0]
		},
		"gui": {
			"rotation": [90, -45, 90],
			"translation": [-1.75, 1.75, 2],
			"scale": [0.75, 0.75, 0.75]
		},
		"fixed": {
			"rotation": [0, 90, 0],
			"translation": [0, 2.5, 0]
		}
	},
	"groups": [
		0,
		1,
		2,
		3,
		4,
		5,
		6,
		7,
		8,
		9,
		10,
		11,
		12,
		13,
		14,
		15,
		16,
		17,
		18,
		19,
		20,
		21,
		22,
		23,
		24,
		25,
		26,
		27,
		28,
		29,
		30,
		31,
		32,
		33,
		34,
		35,
		36,
		37,
		38,
		39,
		{
			"name": "group",
			"origin": [8.31789, 0, 8.70711],
			"color": 0,
			"children": [40, 41]
		},
		42,
		43,
		44,
		45,
		46
	]
}