{
	"format_version": "1.21.6",
	"credit": "Made with Blockbench",
	"texture_size": [64, 64],
	"textures": {
		"0": "item/weapon/savior",
		"1": "item/weapon/savior1",
		"3": "item/weapon/savior2",
		"particle": "item/weapon/savior"
	},
	"elements": [
		{
			"from": [7.5, -5, 7.5],
			"to": [8.5, 3, 8.5],
			"rotation": {"angle": 0, "axis": "y", "origin": [7, 3, 7.5]},
			"faces": {
				"north": {"uv": [0, 0.5, 0.25, 2.5], "texture": "#0"},
				"east": {"uv": [0, 0.5, 0.25, 2.5], "texture": "#0"},
				"south": {"uv": [0, 0.5, 0.25, 2.5], "texture": "#0"},
				"west": {"uv": [0, 0.5, 0.25, 2.5], "texture": "#0"},
				"up": {"uv": [0, 0, 0.25, 0.25], "texture": "#0"},
				"down": {"uv": [0.5, 0, 0.75, 0.25], "texture": "#0"}
			}
		},
		{
			"from": [8, 8, 6],
			"to": [9, 24, 7],
			"rotation": {"angle": -45, "axis": "y", "origin": [8, 8, 6]},
			"faces": {
				"north": {"uv": [4.5, 0.5, 4.75, 4.5], "texture": "#0"},
				"east": {"uv": [4.5, 0.5, 4.75, 4.5], "texture": "#0"},
				"south": {"uv": [4.5, 0.5, 4.75, 4.5], "texture": "#0"},
				"west": {"uv": [4.5, 0.5, 4.75, 4.5], "texture": "#0"},
				"up": {"uv": [4.5, 0, 4.75, 0.25], "texture": "#0"},
				"down": {"uv": [5, 0, 5.25, 0.25], "texture": "#0"}
			}
		},
		{
			"from": [8, 8, 9],
			"to": [9, 24, 10],
			"rotation": {"angle": 45, "axis": "y", "origin": [8, 8, 10]},
			"faces": {
				"north": {"uv": [5.5, 0.5, 5.75, 4.5], "texture": "#0"},
				"east": {"uv": [5.5, 0.5, 5.75, 4.5], "texture": "#0"},
				"south": {"uv": [5.5, 0.5, 5.75, 4.5], "texture": "#0"},
				"west": {"uv": [5.5, 0.5, 5.75, 4.5], "texture": "#0"},
				"up": {"uv": [5.5, 0, 5.75, 0.25], "texture": "#0"},
				"down": {"uv": [6, 0, 6.25, 0.25], "texture": "#0"}
			}
		},
		{
			"from": [6.5, 7, 6],
			"to": [9.5, 8, 10],
			"rotation": {"angle": 0, "axis": "y", "origin": [7.5, 8, 8]},
			"faces": {
				"north": {"uv": [1.25, 10.5, 2, 10.75], "texture": "#0"},
				"east": {"uv": [0, 10.5, 1, 10.75], "texture": "#0"},
				"south": {"uv": [3.5, 10.5, 4.25, 10.75], "texture": "#0"},
				"west": {"uv": [2.25, 10.5, 3.25, 10.75], "texture": "#0"},
				"up": {"uv": [0, 9.25, 0.75, 10.25], "texture": "#0"},
				"down": {"uv": [1, 9.25, 1.75, 10.25], "texture": "#0"}
			}
		},
		{
			"from": [6.5, 4, 6],
			"to": [9.5, 5, 10],
			"rotation": {"angle": 0, "axis": "y", "origin": [7.5, 8, 8]},
			"faces": {
				"north": {"uv": [1.25, 10.5, 2, 10.75], "texture": "#0"},
				"east": {"uv": [0, 10.5, 1, 10.75], "texture": "#0"},
				"south": {"uv": [3.5, 10.5, 4.25, 10.75], "texture": "#0"},
				"west": {"uv": [2.25, 10.5, 3.25, 10.75], "texture": "#0"},
				"up": {"uv": [0, 9.25, 0.75, 10.25], "texture": "#0"},
				"down": {"uv": [1, 9.25, 1.75, 10.25], "texture": "#0"}
			}
		},
		{
			"from": [7, 7, 10],
			"to": [9, 8, 14],
			"rotation": {"angle": 45, "axis": "x", "origin": [7, 8, 10]},
			"faces": {
				"north": {"uv": [1.25, 12.25, 1.75, 12.5], "texture": "#0"},
				"east": {"uv": [0, 12.25, 1, 12.5], "texture": "#0"},
				"south": {"uv": [3.25, 12.25, 3.75, 12.5], "texture": "#0"},
				"west": {"uv": [2, 12.25, 3, 12.5], "texture": "#0"},
				"up": {"uv": [0, 11, 0.5, 12], "texture": "#0"},
				"down": {"uv": [0.75, 11, 1.25, 12], "texture": "#0"}
			}
		},
		{
			"from": [7, 7, 14],
			"to": [9, 9, 15],
			"rotation": {"angle": 45, "axis": "x", "origin": [7, 8, 10]},
			"faces": {
				"north": {"uv": [0.5, 13.25, 1, 13.75], "texture": "#0"},
				"east": {"uv": [0, 13.25, 0.25, 13.75], "texture": "#0"},
				"south": {"uv": [1.75, 13.25, 2.25, 13.75], "texture": "#0"},
				"west": {"uv": [1.25, 13.25, 1.5, 13.75], "texture": "#0"},
				"up": {"uv": [0, 12.75, 0.5, 13], "texture": "#0"},
				"down": {"uv": [0.75, 12.75, 1.25, 13], "texture": "#0"}
			}
		},
		{
			"from": [7.5, 8, 6.5],
			"to": [8.5, 24, 9.5],
			"rotation": {"angle": 0, "axis": "y", "origin": [7, -12, 7.5]},
			"faces": {
				"east": {"uv": [3.5, 4.75, 4.25, 8.75], "texture": "#0"},
				"west": {"uv": [4.25, 4.75, 3.5, 8.75], "texture": "#0"}
			}
		},
		{
			"from": [7, 22.5, 6.5],
			"to": [9, 25.5, 9.5],
			"rotation": {"angle": 45, "axis": "x", "origin": [8, 24, 8]},
			"faces": {
				"north": {"uv": [7, 1.5, 7.5, 2.25], "texture": "#0"},
				"east": {"uv": [6, 1.5, 6.75, 2.25], "texture": "#0"},
				"south": {"uv": [8.75, 1.5, 9.25, 2.25], "texture": "#0"},
				"west": {"uv": [7.75, 1.5, 8.5, 2.25], "texture": "#0"},
				"up": {"uv": [6, 0.5, 6.5, 1.25], "texture": "#0"},
				"down": {"uv": [6.75, 0.5, 7.25, 1.25], "texture": "#0"}
			}
		},
		{
			"from": [7, 3, 7],
			"to": [9, 7, 9],
			"rotation": {"angle": 0, "axis": "y", "origin": [7, 3, 7.5]},
			"faces": {
				"north": {"uv": [0.5, 8, 0, 9], "texture": "#0"},
				"east": {"uv": [0, 8, 0.5, 9], "texture": "#0"},
				"south": {"uv": [0.5, 8, 0, 9], "texture": "#0"},
				"west": {"uv": [0, 8, 0.5, 9], "texture": "#0"},
				"up": {"uv": [0, 7.25, 0.5, 7.75], "texture": "#0"},
				"down": {"uv": [0.75, 7.25, 1.25, 7.75], "texture": "#0"}
			}
		},
		{
			"from": [7, -6, 7],
			"to": [9, -5, 9],
			"rotation": {"angle": 0, "axis": "y", "origin": [7, 3, 7.5]},
			"faces": {
				"north": {"uv": [0.5, 3.5, 0, 3.75], "texture": "#0"},
				"east": {"uv": [0, 3.5, 0.5, 3.75], "texture": "#0"},
				"south": {"uv": [0.5, 3.5, 0, 3.75], "texture": "#0"},
				"west": {"uv": [0, 3.5, 0.5, 3.75], "texture": "#0"},
				"up": {"uv": [0, 2.75, 0.5, 3.25], "texture": "#0"},
				"down": {"uv": [0.75, 2.75, 1.25, 3.25], "texture": "#0"}
			}
		},
		{
			"from": [7, -4, 7],
			"to": [9, -3, 9],
			"rotation": {"angle": 0, "axis": "y", "origin": [7, 3, 7.5]},
			"faces": {
				"north": {"uv": [0.5, 3.5, 0, 3.75], "texture": "#0"},
				"east": {"uv": [0, 3.5, 0.5, 3.75], "texture": "#0"},
				"south": {"uv": [0.5, 3.5, 0, 3.75], "texture": "#0"},
				"west": {"uv": [0, 3.5, 0.5, 3.75], "texture": "#0"},
				"up": {"uv": [0, 2.75, 0.5, 3.25], "texture": "#0"},
				"down": {"uv": [0.75, 2.75, 1.25, 3.25], "texture": "#0"}
			}
		},
		{
			"from": [7, -9, 6.5],
			"to": [9, -6, 9.5],
			"rotation": {"angle": 0, "axis": "y", "origin": [7, 3, 7.5]},
			"faces": {
				"north": {"uv": [1, 5, 1.5, 5.75], "texture": "#0"},
				"east": {"uv": [0, 5, 0.75, 5.75], "texture": "#0"},
				"south": {"uv": [2.75, 5, 3.25, 5.75], "texture": "#0"},
				"west": {"uv": [1.75, 5, 2.5, 5.75], "texture": "#0"},
				"up": {"uv": [0, 4, 0.5, 4.75], "texture": "#0"},
				"down": {"uv": [0.75, 4, 1.25, 4.75], "texture": "#0"}
			}
		},
		{
			"from": [7, 8, 6.5],
			"to": [9, 9, 9.5],
			"rotation": {"angle": 0, "axis": "y", "origin": [7, 3, 7.5]},
			"faces": {
				"north": {"uv": [2, 1, 2.5, 1.25], "texture": "#0"},
				"east": {"uv": [1, 1, 1.75, 1.25], "texture": "#0"},
				"south": {"uv": [3.75, 1, 4.25, 1.25], "texture": "#0"},
				"west": {"uv": [2.75, 1, 3.5, 1.25], "texture": "#0"},
				"up": {"uv": [1, 0, 1.5, 0.75], "texture": "#0"},
				"down": {"uv": [1.75, 0, 2.25, 0.75], "texture": "#0"}
			}
		},
		{
			"from": [6.5, -8, 7.5],
			"to": [9.5, -6, 8.5],
			"rotation": {"angle": 0, "axis": "y", "origin": [7, -1, 7.5]},
			"faces": {
				"north": {"uv": [0.5, 6.5, 1.25, 7], "texture": "#0"},
				"east": {"uv": [0, 6.5, 0.25, 7], "texture": "#0"},
				"south": {"uv": [2, 6.5, 2.75, 7], "texture": "#0"},
				"west": {"uv": [1.5, 6.5, 1.75, 7], "texture": "#0"},
				"up": {"uv": [0, 6, 0.75, 6.25], "texture": "#0"},
				"down": {"uv": [1, 6, 1.75, 6.25], "texture": "#0"}
			}
		},
		{
			"from": [7.5, 4, 10],
			"to": [8.5, 7, 11],
			"rotation": {"angle": -45, "axis": "x", "origin": [7, 8, 10]},
			"faces": {
				"north": {"uv": [0, 14.5, 0.25, 15.25], "texture": "#0"},
				"east": {"uv": [0, 14.5, 0.25, 15.25], "texture": "#0"},
				"south": {"uv": [0, 14.5, 0.25, 15.25], "texture": "#0"},
				"west": {"uv": [0, 14.5, 0.25, 15.25], "texture": "#0"},
				"up": {"uv": [0, 14, 0.25, 14.25], "texture": "#0"},
				"down": {"uv": [0.5, 14, 0.75, 14.25], "texture": "#0"}
			}
		},
		{
			"from": [7.5, 8, 2],
			"to": [8.5, 9, 5],
			"rotation": {"angle": -45, "axis": "x", "origin": [8, 8, 6]},
			"faces": {
				"north": {"uv": [0.5, 14, 0.75, 14.25], "texture": "#0"},
				"east": {"uv": [0, 14.5, 0.25, 15.25], "rotation": 270, "texture": "#0"},
				"south": {"uv": [0, 14, 0.25, 14.25], "rotation": 180, "texture": "#0"},
				"west": {"uv": [0, 14.5, 0.25, 15.25], "rotation": 90, "texture": "#0"},
				"up": {"uv": [0, 14.5, 0.25, 15.25], "rotation": 180, "texture": "#0"},
				"down": {"uv": [0, 14.5, 0.25, 15.25], "texture": "#0"}
			}
		},
		{
			"from": [7, 7, 2],
			"to": [9, 8, 6],
			"rotation": {"angle": -45, "axis": "x", "origin": [8, 8, 6]},
			"faces": {
				"north": {"uv": [3.25, 12.25, 3.75, 12.5], "texture": "#0"},
				"east": {"uv": [2, 12.25, 3, 12.5], "texture": "#0"},
				"south": {"uv": [1.25, 12.25, 1.75, 12.5], "texture": "#0"},
				"west": {"uv": [0, 12.25, 1, 12.5], "texture": "#0"},
				"up": {"uv": [0, 11, 0.5, 12], "rotation": 180, "texture": "#0"},
				"down": {"uv": [0.75, 11, 1.25, 12], "rotation": 180, "texture": "#0"}
			}
		},
		{
			"from": [7, 7, 1],
			"to": [9, 9, 2],
			"rotation": {"angle": -45, "axis": "x", "origin": [8, 8, 6]},
			"faces": {
				"north": {"uv": [1.75, 13.25, 2.25, 13.75], "texture": "#0"},
				"east": {"uv": [1.25, 13.25, 1.5, 13.75], "texture": "#0"},
				"south": {"uv": [0.5, 13.25, 1, 13.75], "texture": "#0"},
				"west": {"uv": [0, 13.25, 0.25, 13.75], "texture": "#0"},
				"up": {"uv": [0, 12.75, 0.5, 13], "rotation": 180, "texture": "#0"},
				"down": {"uv": [0.75, 12.75, 1.25, 13], "rotation": 180, "texture": "#0"}
			}
		},
		{
			"from": [7, 9, 5.5],
			"to": [7, 15, 10.5],
			"rotation": {"angle": 0, "axis": "y", "origin": [7, -1, 7.5]},
			"faces": {
				"west": {"uv": [0, 0, 5, 6], "texture": "#1"}
			}
		},
		{
			"from": [6.5, 9, 5.5],
			"to": [6.5, 15, 10.5],
			"rotation": {"angle": 0, "axis": "y", "origin": [7, -1, 7.5]},
			"faces": {
				"west": {"uv": [0, 0, 5, 6], "texture": "#3"}
			}
		},
		{
			"from": [9.5, 9, 4.5],
			"to": [9.5, 15, 9.5],
			"rotation": {"angle": 0, "axis": "y", "origin": [7, -1, 7.5]},
			"faces": {
				"east": {"uv": [0, 0, 5, 6], "texture": "#3"}
			}
		},
		{
			"from": [9, 9, 5.5],
			"to": [9, 15, 10.5],
			"rotation": {"angle": 0, "axis": "y", "origin": [7, -1, 7.5]},
			"faces": {
				"east": {"uv": [0, 0, 5, 6], "texture": "#1"}
			}
		}
	],
	"display": {
		"thirdperson_righthand": {
			"translation": [-0.5, 6, 1.5]
		},
		"thirdperson_lefthand": {
			"translation": [-0.5, 6, 1.5]
		},
		"firstperson_righthand": {
			"rotation": [20, 10, -5],
			"translation": [0, 1.5, 0],
			"scale": [0.65, 0.65, 0.65]
		},
		"firstperson_lefthand": {
			"rotation": [-5, 15, 0],
			"translation": [0, 3, 0],
			"scale": [0.65, 0.65, 0.65]
		},
		"ground": {
			"translation": [0, 32, 0],
			"scale": [1.35, 1.35, 1.35]
		},
		"gui": {
			"rotation": [-90, 45, 45],
			"scale": [0.75, 0.75, 0.75]
		}
	}
}