{
	"format_version": "1.21.6",
	"credit": "Made with Blockbench",
	"texture_size": [32, 32],
	"textures": {
		"0": "item/weapon/vagabond_shield",
		"particle": "item/weapon/vagabond_shield"
	},
	"elements": [
		{
			"from": [3, 17, 5],
			"to": [13, 18, 6],
			"rotation": {"angle": 0, "axis": "y", "origin": [-1, 0, 0]},
			"faces": {
				"north": {"uv": [4, 7, 9, 7.5], "texture": "#0"},
				"east": {"uv": [9, 5, 9.5, 5.5], "texture": "#0"},
				"south": {"uv": [4, 7.5, 9, 8], "texture": "#0"},
				"west": {"uv": [9, 5.5, 9.5, 6], "texture": "#0"},
				"up": {"uv": [13, 0.5, 8, 0], "texture": "#0"},
				"down": {"uv": [13, 0.5, 8, 1], "texture": "#0"}
			}
		},
		{
			"from": [12, 9, 5],
			"to": [13, 17, 6],
			"rotation": {"angle": 0, "axis": "y", "origin": [-1, 0, 0]},
			"faces": {
				"north": {"uv": [8, 1, 8.5, 5], "texture": "#0"},
				"east": {"uv": [4, 8, 4.5, 12], "texture": "#0"},
				"south": {"uv": [4.5, 8, 5, 12], "texture": "#0"},
				"west": {"uv": [5, 8, 5.5, 12], "texture": "#0"},
				"up": {"uv": [9.5, 6.5, 9, 6], "texture": "#0"},
				"down": {"uv": [9.5, 6.5, 9, 7], "texture": "#0"}
			}
		},
		{
			"from": [3, 9, 5],
			"to": [4, 17, 6],
			"rotation": {"angle": 0, "axis": "y", "origin": [-1, 0, 0]},
			"faces": {
				"north": {"uv": [5.5, 8, 6, 12], "texture": "#0"},
				"east": {"uv": [6, 8, 6.5, 12], "texture": "#0"},
				"south": {"uv": [6.5, 8, 7, 12], "texture": "#0"},
				"west": {"uv": [7, 8, 7.5, 12], "texture": "#0"},
				"up": {"uv": [9.5, 7.5, 9, 7], "texture": "#0"},
				"down": {"uv": [9.5, 7.5, 9, 8], "texture": "#0"}
			}
		},
		{
			"from": [1.5, 5.5, 5],
			"to": [2.5, 9.5, 6],
			"rotation": {"angle": 22.5, "axis": "z", "origin": [3.5, 13, 5.5]},
			"faces": {
				"north": {"uv": [8, 5, 8.5, 7], "texture": "#0"},
				"east": {"uv": [7.5, 8, 8, 10], "texture": "#0"},
				"south": {"uv": [8, 8, 8.5, 10], "texture": "#0"},
				"west": {"uv": [0, 8.5, 0.5, 10.5], "texture": "#0"},
				"up": {"uv": [9.5, 8.5, 9, 8], "texture": "#0"},
				"down": {"uv": [9.5, 8.5, 9, 9], "texture": "#0"}
			}
		},
		{
			"from": [2.99394, 1.69464, 5],
			"to": [3.99394, 5.69464, 6],
			"rotation": {"angle": 45, "axis": "z", "origin": [4.21894, 7.34464, 5.5]},
			"faces": {
				"north": {"uv": [2, 8.5, 2.5, 10.5], "texture": "#0"},
				"east": {"uv": [2.5, 8.5, 3, 10.5], "texture": "#0"},
				"south": {"uv": [3, 8.5, 3.5, 10.5], "texture": "#0"},
				"west": {"uv": [8.5, 3, 9, 5], "texture": "#0"},
				"up": {"uv": [10, 2, 9.5, 1.5], "texture": "#0"},
				"down": {"uv": [10, 2, 9.5, 2.5], "texture": "#0"}
			}
		},
		{
			"from": [9.76894, 7.01964, 5],
			"to": [10.76894, 11.01964, 6],
			"rotation": {"angle": -45, "axis": "z", "origin": [4.21894, 7.34464, 5.5]},
			"faces": {
				"north": {"uv": [3.5, 8.5, 4, 10.5], "texture": "#0"},
				"east": {"uv": [8.5, 5, 9, 7], "texture": "#0"},
				"south": {"uv": [8.5, 8, 9, 10], "texture": "#0"},
				"west": {"uv": [9, 1, 9.5, 3], "texture": "#0"},
				"up": {"uv": [10, 3, 9.5, 2.5], "texture": "#0"},
				"down": {"uv": [10, 5, 9.5, 5.5], "texture": "#0"}
			}
		},
		{
			"from": [12.8, 8.95, 5],
			"to": [13.8, 12.95, 6],
			"rotation": {"angle": -22.5, "axis": "z", "origin": [3.5, 13, 5.5]},
			"faces": {
				"north": {"uv": [0.5, 8.5, 1, 10.5], "texture": "#0"},
				"east": {"uv": [1, 8.5, 1.5, 10.5], "texture": "#0"},
				"south": {"uv": [8.5, 1, 9, 3], "texture": "#0"},
				"west": {"uv": [1.5, 8.5, 2, 10.5], "texture": "#0"},
				"up": {"uv": [9.5, 9.5, 9, 9], "texture": "#0"},
				"down": {"uv": [10, 1, 9.5, 1.5], "texture": "#0"}
			}
		},
		{
			"from": [7.35, 2.5, 5],
			"to": [8.6, 3.5, 6],
			"rotation": {"angle": 0, "axis": "y", "origin": [-1, 0, 0]},
			"faces": {
				"north": {"uv": [9.5, 5.5, 10, 6], "texture": "#0"},
				"east": {"uv": [9.5, 6, 10, 6.5], "texture": "#0"},
				"south": {"uv": [9.5, 6.5, 10, 7], "texture": "#0"},
				"west": {"uv": [9.5, 7, 10, 7.5], "texture": "#0"},
				"up": {"uv": [10, 8, 9.5, 7.5], "texture": "#0"},
				"down": {"uv": [10, 8, 9.5, 8.5], "texture": "#0"}
			}
		},
		{
			"from": [4, 2.875, 5.575],
			"to": [12, 16.975, 5.575],
			"rotation": {"angle": 0, "axis": "y", "origin": [-1, 0, 0]},
			"faces": {
				"north": {"uv": [0, 0, 4, 7], "texture": "#0"},
				"east": {"uv": [0, 0, 0, 7], "texture": "#0"},
				"south": {"uv": [4, 0, 8, 7], "texture": "#0"},
				"west": {"uv": [0, 0, 0, 7], "texture": "#0"},
				"up": {"uv": [4, 0, 0, 0], "texture": "#0"},
				"down": {"uv": [4, 0, 0, 0], "texture": "#0"}
			}
		},
		{
			"from": [6, 11, 2.45],
			"to": [10, 12, 5.45],
			"rotation": {"angle": 0, "axis": "y", "origin": [-1, 0, 0]},
			"faces": {
				"north": {"uv": [9, 3, 11, 3.5], "texture": "#0"},
				"east": {"uv": [9, 4, 10.5, 4.5], "texture": "#0"},
				"south": {"uv": [9, 3.5, 11, 4], "texture": "#0"},
				"west": {"uv": [9, 4.5, 10.5, 5], "texture": "#0"},
				"up": {"uv": [2, 8.5, 0, 7], "texture": "#0"},
				"down": {"uv": [4, 7, 2, 8.5], "texture": "#0"}
			}
		}
	],
	"overrides": [
		{"model": "item/shield_blocking", "predicate": {"blocking": 1}}
	],
	"display": {
		"thirdperson_righthand": {
			"rotation": [-94.17, 84.88, -170.93],
			"translation": [6.25, -1, 0.5],
			"scale": [1.2, 1.2, 1.2]
		},
		"thirdperson_lefthand": {
			"rotation": [-94.17, 84.88, -170.93],
			"translation": [6.25, -1, 0.5],
			"scale": [1.2, 1.2, 1.2]
		},
		"firstperson_righthand": {
			"translation": [1, -5.25, 2],
			"scale": [1.2, 1.2, 1.2]
		},
		"firstperson_lefthand": {
			"translation": [1, -5.25, 2],
			"scale": [0, 0, 0]
		},
		"ground": {
			"translation": [0, 2, 0],
			"scale": [0.5, 0.5, 0.5]
		},
		"gui": {
			"rotation": [0, 0, -30],
			"translation": [-1.25, -2.5, 0],
			"scale": [0.9, 0.9, 0.9]
		},
		"head": {
			"rotation": [0, -180, 0],
			"translation": [0, -2.25, -10]
		},
		"fixed": {
			"rotation": [0, -180, 0],
			"translation": [0.75, -1.5, -3.5]
		}
	},
	"groups": [
		{
			"name": "shield",
			"origin": [8, 8, 8],
			"color": 0,
			"children": [0, 1, 2, 3, 4, 5, 6, 7, 8, 9]
		}
	]
}