{
	"format_version": "1.21.6",
	"credit": "Made with Blockbench",
	"parent": "wind_staff",
	"texture_size": [64, 64],
	"textures": {
		"0": "item/weapon/flamewizard/staff1",
		"1": "item/weapon/flamewizard/staff2",
		"particle": "item/weapon/flamewizard/staff1"
	},
	"elements": [
		{
			"from": [7, -15, 7],
			"to": [9, 17, 9],
			"rotation": {"angle": 0, "axis": "y", "origin": [8, -7, 8]},
			"faces": {
				"north": {"uv": [7.25, 1, 7.75, 9], "texture": "#0"},
				"east": {"uv": [7.25, 1, 7.75, 9], "texture": "#0"},
				"south": {"uv": [7.25, 1, 7.75, 9], "texture": "#0"},
				"west": {"uv": [7.75, 1, 7.25, 9], "texture": "#0"}
			}
		},
		{
			"from": [6, 12, 6],
			"to": [10, 27, 10],
			"rotation": {"angle": 0, "axis": "y", "origin": [8, 15, 8]},
			"faces": {
				"north": {"uv": [0, 0, 3.75, 15], "texture": "#1"},
				"east": {"uv": [0, 0, 3.75, 15], "texture": "#1"},
				"south": {"uv": [0, 0, 3.75, 15], "texture": "#1"},
				"west": {"uv": [0, 0, 3.75, 15], "texture": "#1"}
			}
		},
		{
			"from": [1, 21, 15],
			"to": [15, 27, 15],
			"rotation": {"angle": 22.5, "axis": "y", "origin": [8, 15, 8]},
			"faces": {
				"north": {"uv": [0, 0, 14, 8], "texture": "#1"},
				"east": {"uv": [14, 0, 0, 8], "texture": "#1"},
				"south": {"uv": [14, 0, 0, 8], "texture": "#1"},
				"west": {"uv": [14, 0, 0, 8], "texture": "#1"}
			}
		},
		{
			"from": [1, 21, 1],
			"to": [15, 27, 1],
			"rotation": {"angle": 22.5, "axis": "y", "origin": [8, 15, 8]},
			"faces": {
				"north": {"uv": [14, 0, 0, 8], "texture": "#1"},
				"east": {"uv": [0, 0, 14, 8], "texture": "#1"},
				"south": {"uv": [0, 0, 14, 8], "texture": "#1"},
				"west": {"uv": [0, 0, 14, 8], "texture": "#1"}
			}
		},
		{
			"from": [1, 21, 1],
			"to": [1, 27, 15],
			"rotation": {"angle": 22.5, "axis": "y", "origin": [8, 15, 8]},
			"faces": {
				"north": {"uv": [14, 0, 0, 8], "texture": "#1"},
				"east": {"uv": [0, 0, 14, 8], "texture": "#1"},
				"south": {"uv": [14, 0, 0, 8], "texture": "#1"},
				"west": {"uv": [14, 0, 0, 8], "texture": "#1"}
			}
		},
		{
			"from": [15, 21, 1],
			"to": [15, 27, 15],
			"rotation": {"angle": 22.5, "axis": "y", "origin": [8, 15, 8]},
			"faces": {
				"north": {"uv": [0, 0, 14, 8], "texture": "#1"},
				"east": {"uv": [14, 0, 0, 8], "texture": "#1"},
				"south": {"uv": [0, 0, 14, 8], "texture": "#1"},
				"west": {"uv": [0, 0, 14, 8], "texture": "#1"}
			}
		},
		{
			"from": [3, 16, 3],
			"to": [13, 23, 13],
			"rotation": {"angle": -22.5, "axis": "y", "origin": [8, 15, 8]},
			"faces": {
				"north": {"uv": [0, 7, 11, 15], "texture": "#1"},
				"east": {"uv": [0, 7, 11, 15], "texture": "#1"},
				"south": {"uv": [0, 7, 11, 15], "texture": "#1"},
				"west": {"uv": [0, 7, 11, 15], "texture": "#1"}
			}
		},
		{
			"from": [6.99, -15.01, 5.99],
			"to": [9.01, -11.99, 9.01],
			"rotation": {"angle": -45, "axis": "x", "origin": [8, -15, 9]},
			"faces": {
				"north": {"uv": [8.5, 3.5, 9, 4.25], "texture": "#0"},
				"east": {"uv": [9.5, 3.5, 8.75, 4.25], "texture": "#0"},
				"south": {"uv": [8.75, 2.5, 9.25, 3.25], "texture": "#0"},
				"west": {"uv": [8.75, 3.5, 9.5, 4.25], "texture": "#0"},
				"up": {"uv": [8.75, 3.25, 9.5, 3.75], "rotation": 90, "texture": "#0"},
				"down": {"uv": [8.25, 2.5, 8.75, 3.25], "texture": "#0"}
			}
		},
		{
			"from": [6.99, 16.99, 6.99],
			"to": [9.01, 23.01, 9.01],
			"rotation": {"angle": 45, "axis": "x", "origin": [7.5, 17, 7]},
			"faces": {
				"north": {"uv": [7.75, 2.75, 8.25, 4.25], "texture": "#0"},
				"east": {"uv": [7.75, 2.75, 8.25, 4.25], "texture": "#0"},
				"south": {"uv": [7.75, 2.75, 8.25, 4.25], "texture": "#0"},
				"west": {"uv": [8.25, 2.75, 7.75, 4.25], "texture": "#0"},
				"up": {"uv": [7.75, 3.25, 8.25, 2.75], "texture": "#0"}
			}
		},
		{
			"from": [6.99, 20.99, -0.01],
			"to": [9.01, 23.01, 7.01],
			"rotation": {"angle": 45, "axis": "x", "origin": [7.5, 17, 7]},
			"faces": {
				"north": {"uv": [7.75, 0.75, 8.25, 1.25], "texture": "#0"},
				"east": {"uv": [8.25, 1.25, 7.75, 3], "rotation": 90, "texture": "#0"},
				"south": {"uv": [7.75, 1.25, 8.25, 1.75], "texture": "#0"},
				"west": {"uv": [8.25, 3, 7.75, 1.25], "rotation": 90, "texture": "#0"},
				"up": {"uv": [7.75, 1.25, 8.25, 3], "texture": "#0"},
				"down": {"uv": [7.25, 2.25, 7.75, 4], "rotation": 180, "texture": "#0"}
			}
		},
		{
			"from": [6.99, 22.99, -0.01],
			"to": [9.01, 26.01, 5.01],
			"rotation": {"angle": 45, "axis": "x", "origin": [7.5, 17, 7]},
			"faces": {
				"north": {"uv": [8.75, 1.25, 9.25, 2], "texture": "#0"},
				"east": {"uv": [9, 1.25, 8.25, 2.5], "rotation": 90, "texture": "#0"},
				"south": {"uv": [7.25, 0.25, 7.75, 1], "texture": "#0"},
				"west": {"uv": [9, 2.5, 8.25, 1.25], "rotation": 90, "texture": "#0"},
				"up": {"uv": [8.75, 1.25, 9.25, 2.5], "texture": "#0"}
			}
		}
	],
	"display": {
		"thirdperson_righthand": {
			"translation": [0, 2.5, 1.5],
			"scale": [0.72, 0.72, 0.72]
		},
		"thirdperson_lefthand": {
			"translation": [0, 2.5, 1.5],
			"scale": [0.72, 0.72, 0.72]
		},
		"firstperson_righthand": {
			"rotation": [-75, 15, 5],
			"translation": [-7, 3.5, 0],
			"scale": [0.55, 0.55, 0.55]
		},
		"firstperson_lefthand": {
			"rotation": [-75, 15, 5],
			"translation": [-7, 3.5, 0],
			"scale": [0.55, 0.55, 0.55]
		},
		"gui": {
			"rotation": [60, 55, -90],
			"translation": [-0.5, 1.5, 9],
			"scale": [0.5, 0.5, 0.5]
		}
	},
	"groups": [
		{
			"name": "wind_staff",
			"origin": [8, 8, 8],
			"color": 0,
			"children": [0, 1, 2, 3, 4, 5, 6, 7, 8, 9, 10]
		}
	]
}