{
	"format_version": "1.21.6",
	"credit": "Made with Blockbench",
	"textures": {
		"0": "item/skill/fortress/shield",
		"1": "item/blank",
		"particle": "item/skill/fortress/shield"
	},
	"elements": [
		{
			"name": "hexadecagon",
			"from": [6.40771, 8, -0.005],
			"to": [9.59229, 9.5, -0.005],
			"light_emission": 15,
			"rotation": {"angle": -45, "axis": "y", "origin": [8, 8, 8]},
			"faces": {
				"north": {"uv": [0, 0, 16, 16], "texture": "#0", "tintindex": 0},
				"east": {"uv": [0, 0, 1, 1], "texture": "#1", "tintindex": 0},
				"south": {"uv": [0, 0, 16, 16], "texture": "#0", "tintindex": 0},
				"west": {"uv": [0, 0, 1, 1], "texture": "#1", "tintindex": 0},
				"up": {"uv": [0, 0, 1, 1], "texture": "#1", "tintindex": 0},
				"down": {"uv": [0, 0, 1, 1], "texture": "#1", "tintindex": 0}
			}
		},
		{
			"name": "hexadecagon",
			"from": [6.40771, 8, -0.005],
			"to": [9.59229, 9.5, -0.005],
			"light_emission": 15,
			"rotation": {"angle": -22.5, "axis": "y", "origin": [8, 8, 8]},
			"faces": {
				"north": {"uv": [0, 0, 16, 16], "texture": "#0", "tintindex": 0},
				"east": {"uv": [0, 0, 1, 1], "texture": "#1", "tintindex": 0},
				"south": {"uv": [0, 0, 16, 16], "texture": "#0", "tintindex": 0},
				"west": {"uv": [0, 0, 1, 1], "texture": "#1", "tintindex": 0},
				"up": {"uv": [0, 0, 1, 1], "texture": "#1", "tintindex": 0},
				"down": {"uv": [0, 0, 1, 1], "texture": "#1", "tintindex": 0}
			}
		},
		{
			"name": "hexadecagon",
			"from": [6.40771, 8, -0.005],
			"to": [9.59229, 9.5, -0.005],
			"light_emission": 15,
			"rotation": {"angle": 0, "axis": "y", "origin": [8, 8, 8]},
			"faces": {
				"north": {"uv": [0, 0, 16, 16], "texture": "#0", "tintindex": 0},
				"east": {"uv": [0, 0, 1, 1], "texture": "#1", "tintindex": 0},
				"south": {"uv": [0, 0, 16, 16], "texture": "#0", "tintindex": 0},
				"west": {"uv": [0, 0, 1, 1], "texture": "#1", "tintindex": 0},
				"up": {"uv": [0, 0, 1, 1], "texture": "#1", "tintindex": 0},
				"down": {"uv": [0, 0, 1, 1], "texture": "#1", "tintindex": 0}
			}
		},
		{
			"name": "hexadecagon",
			"from": [6.40771, 8, -0.005],
			"to": [9.59229, 9.5, -0.005],
			"light_emission": 15,
			"rotation": {"angle": 22.5, "axis": "y", "origin": [8, 8, 8]},
			"faces": {
				"north": {"uv": [0, 0, 16, 16], "texture": "#0", "tintindex": 0},
				"east": {"uv": [0, 0, 1, 1], "texture": "#1", "tintindex": 0},
				"south": {"uv": [0, 0, 16, 16], "texture": "#0", "tintindex": 0},
				"west": {"uv": [0, 0, 1, 1], "texture": "#1", "tintindex": 0},
				"up": {"uv": [0, 0, 1, 1], "texture": "#1", "tintindex": 0},
				"down": {"uv": [0, 0, 1, 1], "texture": "#1", "tintindex": 0}
			}
		},
		{
			"name": "hexadecagon",
			"from": [6.40771, 8, -0.005],
			"to": [9.59229, 9.5, -0.005],
			"light_emission": 15,
			"rotation": {"angle": 45, "axis": "y", "origin": [8, 8, 8]},
			"faces": {
				"north": {"uv": [0, 0, 16, 16], "texture": "#0", "tintindex": 0},
				"east": {"uv": [0, 0, 1, 1], "texture": "#1", "tintindex": 0},
				"south": {"uv": [0, 0, 16, 16], "texture": "#0", "tintindex": 0},
				"west": {"uv": [0, 0, 1, 1], "texture": "#1", "tintindex": 0},
				"up": {"uv": [0, 0, 1, 1], "texture": "#1", "tintindex": 0},
				"down": {"uv": [0, 0, 1, 1], "texture": "#1", "tintindex": 0}
			}
		},
		{
			"name": "hexadecagon",
			"from": [6.40771, 8, 16.005],
			"to": [9.59229, 9.5, 16.005],
			"light_emission": 15,
			"rotation": {"angle": -45, "axis": "y", "origin": [8, 8, 8]},
			"faces": {
				"north": {"uv": [0, 0, 16, 16], "texture": "#0", "tintindex": 0},
				"east": {"uv": [0, 0, 1, 1], "texture": "#1", "tintindex": 0},
				"south": {"uv": [0, 0, 16, 16], "texture": "#0", "tintindex": 0},
				"west": {"uv": [0, 0, 1, 1], "texture": "#1", "tintindex": 0},
				"up": {"uv": [0, 0, 1, 1], "texture": "#1", "tintindex": 0},
				"down": {"uv": [0, 0, 1, 1], "texture": "#1", "tintindex": 0}
			}
		},
		{
			"name": "hexadecagon",
			"from": [6.40771, 8, 16.005],
			"to": [9.59229, 9.5, 16.005],
			"light_emission": 15,
			"rotation": {"angle": -22.5, "axis": "y", "origin": [8, 8, 8]},
			"faces": {
				"north": {"uv": [0, 0, 16, 16], "texture": "#0", "tintindex": 0},
				"east": {"uv": [0, 0, 1, 1], "texture": "#1", "tintindex": 0},
				"south": {"uv": [0, 0, 16, 16], "texture": "#0", "tintindex": 0},
				"west": {"uv": [0, 0, 1, 1], "texture": "#1", "tintindex": 0},
				"up": {"uv": [0, 0, 1, 1], "texture": "#1", "tintindex": 0},
				"down": {"uv": [0, 0, 1, 1], "texture": "#1", "tintindex": 0}
			}
		},
		{
			"name": "hexadecagon",
			"from": [6.40771, 8, 16.005],
			"to": [9.59229, 9.5, 16.005],
			"light_emission": 15,
			"rotation": {"angle": 0, "axis": "y", "origin": [8, 8, 8]},
			"faces": {
				"north": {"uv": [0, 0, 16, 16], "texture": "#0", "tintindex": 0},
				"east": {"uv": [0, 0, 1, 1], "texture": "#1", "tintindex": 0},
				"south": {"uv": [0, 0, 16, 16], "texture": "#0", "tintindex": 0},
				"west": {"uv": [0, 0, 1, 1], "texture": "#1", "tintindex": 0},
				"up": {"uv": [0, 0, 1, 1], "texture": "#1", "tintindex": 0},
				"down": {"uv": [0, 0, 1, 1], "texture": "#1", "tintindex": 0}
			}
		},
		{
			"name": "hexadecagon",
			"from": [6.40771, 8, 16.005],
			"to": [9.59229, 9.5, 16.005],
			"light_emission": 15,
			"rotation": {"angle": 22.5, "axis": "y", "origin": [8, 8, 8]},
			"faces": {
				"north": {"uv": [0, 0, 16, 16], "texture": "#0", "tintindex": 0},
				"east": {"uv": [0, 0, 1, 1], "texture": "#1", "tintindex": 0},
				"south": {"uv": [0, 0, 16, 16], "texture": "#0", "tintindex": 0},
				"west": {"uv": [0, 0, 1, 1], "texture": "#1", "tintindex": 0},
				"up": {"uv": [0, 0, 1, 1], "texture": "#1", "tintindex": 0},
				"down": {"uv": [0, 0, 1, 1], "texture": "#1", "tintindex": 0}
			}
		},
		{
			"name": "hexadecagon",
			"from": [6.40771, 8, 16.005],
			"to": [9.59229, 9.5, 16.005],
			"light_emission": 15,
			"rotation": {"angle": 45, "axis": "y", "origin": [8, 8, 8]},
			"faces": {
				"north": {"uv": [0, 0, 16, 16], "texture": "#0", "tintindex": 0},
				"east": {"uv": [0, 0, 1, 1], "texture": "#1", "tintindex": 0},
				"south": {"uv": [0, 0, 16, 16], "texture": "#0", "tintindex": 0},
				"west": {"uv": [0, 0, 1, 1], "texture": "#1", "tintindex": 0},
				"up": {"uv": [0, 0, 1, 1], "texture": "#1", "tintindex": 0},
				"down": {"uv": [0, 0, 1, 1], "texture": "#1", "tintindex": 0}
			}
		},
		{
			"name": "hexadecagon",
			"from": [-0.005, 8, 6.40771],
			"to": [-0.005, 9.5, 9.59229],
			"light_emission": 15,
			"rotation": {"angle": -22.5, "axis": "y", "origin": [8, 8, 8]},
			"faces": {
				"north": {"uv": [0, 0, 1, 1], "texture": "#1", "tintindex": 0},
				"east": {"uv": [0, 0, 16, 16], "texture": "#0", "tintindex": 0},
				"south": {"uv": [0, 0, 1, 1], "texture": "#1", "tintindex": 0},
				"west": {"uv": [0, 0, 16, 16], "texture": "#0", "tintindex": 0},
				"up": {"uv": [0, 0, 1, 1], "texture": "#1", "tintindex": 0},
				"down": {"uv": [0, 0, 1, 1], "texture": "#1", "tintindex": 0}
			}
		},
		{
			"name": "hexadecagon",
			"from": [-0.005, 8, 6.40771],
			"to": [-0.005, 9.5, 9.59229],
			"light_emission": 15,
			"rotation": {"angle": 0, "axis": "y", "origin": [8, 8, 8]},
			"faces": {
				"north": {"uv": [0, 0, 1, 1], "texture": "#1", "tintindex": 0},
				"east": {"uv": [0, 0, 16, 16], "texture": "#0", "tintindex": 0},
				"south": {"uv": [0, 0, 1, 1], "texture": "#1", "tintindex": 0},
				"west": {"uv": [0, 0, 16, 16], "texture": "#0", "tintindex": 0},
				"up": {"uv": [0, 0, 1, 1], "texture": "#1", "tintindex": 0},
				"down": {"uv": [0, 0, 1, 1], "texture": "#1", "tintindex": 0}
			}
		},
		{
			"name": "hexadecagon",
			"from": [-0.005, 8, 6.40771],
			"to": [-0.005, 9.5, 9.59229],
			"light_emission": 15,
			"rotation": {"angle": 22.5, "axis": "y", "origin": [8, 8, 8]},
			"faces": {
				"north": {"uv": [0, 0, 1, 1], "texture": "#1", "tintindex": 0},
				"east": {"uv": [0, 0, 16, 16], "texture": "#0", "tintindex": 0},
				"south": {"uv": [0, 0, 1, 1], "texture": "#1", "tintindex": 0},
				"west": {"uv": [0, 0, 16, 16], "texture": "#0", "tintindex": 0},
				"up": {"uv": [0, 0, 1, 1], "texture": "#1", "tintindex": 0},
				"down": {"uv": [0, 0, 1, 1], "texture": "#1", "tintindex": 0}
			}
		},
		{
			"name": "hexadecagon",
			"from": [16.005, 8, 6.40771],
			"to": [16.005, 9.5, 9.59229],
			"light_emission": 15,
			"rotation": {"angle": -22.5, "axis": "y", "origin": [8, 8, 8]},
			"faces": {
				"north": {"uv": [0, 0, 1, 1], "texture": "#1", "tintindex": 0},
				"east": {"uv": [0, 0, 16, 16], "texture": "#0", "tintindex": 0},
				"south": {"uv": [0, 0, 1, 1], "texture": "#1", "tintindex": 0},
				"west": {"uv": [0, 0, 16, 16], "texture": "#0", "tintindex": 0},
				"up": {"uv": [0, 0, 1, 1], "texture": "#1", "tintindex": 0},
				"down": {"uv": [0, 0, 1, 1], "texture": "#1", "tintindex": 0}
			}
		},
		{
			"name": "hexadecagon",
			"from": [16.005, 8, 6.40771],
			"to": [16.005, 9.5, 9.59229],
			"light_emission": 15,
			"rotation": {"angle": 0, "axis": "y", "origin": [8, 8, 8]},
			"faces": {
				"north": {"uv": [0, 0, 1, 1], "texture": "#1", "tintindex": 0},
				"east": {"uv": [0, 0, 16, 16], "texture": "#0", "tintindex": 0},
				"south": {"uv": [0, 0, 1, 1], "texture": "#1", "tintindex": 0},
				"west": {"uv": [0, 0, 16, 16], "texture": "#0", "tintindex": 0},
				"up": {"uv": [0, 0, 1, 1], "texture": "#1", "tintindex": 0},
				"down": {"uv": [0, 0, 1, 1], "texture": "#1", "tintindex": 0}
			}
		},
		{
			"name": "hexadecagon",
			"from": [16.005, 8, 6.40771],
			"to": [16.005, 9.5, 9.59229],
			"light_emission": 15,
			"rotation": {"angle": 22.5, "axis": "y", "origin": [8, 8, 8]},
			"faces": {
				"north": {"uv": [0, 0, 1, 1], "texture": "#1", "tintindex": 0},
				"east": {"uv": [0, 0, 16, 16], "texture": "#0", "tintindex": 0},
				"south": {"uv": [0, 0, 1, 1], "texture": "#1", "tintindex": 0},
				"west": {"uv": [0, 0, 16, 16], "texture": "#0", "tintindex": 0},
				"up": {"uv": [0, 0, 1, 1], "texture": "#1", "tintindex": 0},
				"down": {"uv": [0, 0, 1, 1], "texture": "#1", "tintindex": 0}
			}
		}
	],
	"display": {
		"head": {
			"rotation": [90, 0, -90],
			"translation": [-23.25, -21, -5],
			"scale": [3.75, 3, 3]
		}
	},
	"groups": [
		{
			"name": "hexadecagon",
			"origin": [8, 8, 8],
			"color": 0,
			"children": [0, 1, 2, 3, 4, 5, 6, 7, 8, 9, 10, 11, 12, 13, 14, 15]
		}
	]
}