{
	"credit": "Made with Blockbench",
	"texture_size": [32, 32],
	"textures": {
		"0": "item/weapons/bow/iron_bow",
		"1": "item/weapons/bow/bow_string",
		"particle": "item/weapons/bow/iron_bow"
	},
	"elements": [
		{
			"from": [7.5, 8.9, 7.5],
			"to": [8.5, 11, 8.5],
			"rotation": {"angle": 45, "axis": "x", "origin": [8, 10.75, 8]},
			"faces": {
				"north": {"uv": [6.5, 8, 7, 9], "texture": "#0"},
				"east": {"uv": [3, 8.5, 3.5, 9.5], "texture": "#0"},
				"south": {"uv": [8.5, 3, 9, 4], "texture": "#0"},
				"west": {"uv": [3.5, 8.5, 4, 9.5], "texture": "#0"},
				"up": {"uv": [0.5, 9.5, 0, 9], "texture": "#0"},
				"down": {"uv": [9.5, 3, 9, 3.5], "texture": "#0"}
			}
		},
		{
			"from": [7.6, 7.38431, 7.43431],
			"to": [8.4, 11.23431, 8.03431],
			"rotation": {"angle": 0, "axis": "x", "origin": [8, 10.18431, 7.93431]},
			"faces": {
				"north": {"uv": [5, 5, 5.5, 7], "texture": "#0"},
				"east": {"uv": [4, 8.5, 4.25, 10.5], "texture": "#0"},
				"south": {"uv": [5.5, 0, 6, 2], "texture": "#0"},
				"west": {"uv": [4.5, 8.5, 4.75, 10.5], "texture": "#0"},
				"up": {"uv": [9, 9.25, 8.5, 9], "texture": "#0"},
				"down": {"uv": [9.5, 9, 9, 9.25], "texture": "#0"}
			}
		},
		{
			"from": [7.6, 7.38431, 8.43431],
			"to": [8.4, 10.88431, 9.53431],
			"rotation": {"angle": 0, "axis": "x", "origin": [8, 10.18431, 8.93431]},
			"faces": {
				"north": {"uv": [3.5, 6.5, 4, 8.25], "texture": "#0"},
				"east": {"uv": [6.5, 6, 7, 7.75], "texture": "#0"},
				"south": {"uv": [7, 0, 7.5, 1.75], "texture": "#0"},
				"west": {"uv": [1, 7, 1.5, 8.75], "texture": "#0"},
				"up": {"uv": [9.5, 4, 9, 3.5], "texture": "#0"},
				"down": {"uv": [9.5, 4, 9, 4.5], "texture": "#0"}
			}
		},
		{
			"from": [7.6, 8.48431, 9.53431],
			"to": [8.4, 9.78431, 11.78431],
			"rotation": {"angle": 0, "axis": "x", "origin": [8, 10.18431, 8.93431]},
			"faces": {
				"north": {"uv": [8.5, 4, 9, 4.75], "texture": "#0"},
				"east": {"uv": [6.5, 4, 7.75, 4.75], "texture": "#0"},
				"south": {"uv": [7, 8.5, 7.5, 9.25], "texture": "#0"},
				"west": {"uv": [6.5, 5, 7.75, 5.75], "texture": "#0"},
				"up": {"uv": [0.5, 8.75, 0, 7.5], "texture": "#0"},
				"down": {"uv": [8, 0, 7.5, 1.25], "texture": "#0"}
			}
		},
		{
			"from": [7.5, 7.7045, 5.4795],
			"to": [8.5, 8.7045, 8.5795],
			"rotation": {"angle": 45, "axis": "x", "origin": [8, 8.2045, 7.2045]},
			"faces": {
				"north": {"uv": [9, 4.5, 9.5, 5], "texture": "#0"},
				"east": {"uv": [7, 6, 8.5, 6.5], "texture": "#0"},
				"south": {"uv": [9, 5, 9.5, 5.5], "texture": "#0"},
				"west": {"uv": [7, 6.5, 8.5, 7], "texture": "#0"},
				"up": {"uv": [5.5, 8.5, 5, 7], "texture": "#0"},
				"down": {"uv": [7.5, 7, 7, 8.5], "texture": "#0"}
			}
		},
		{
			"from": [7.475, 14.33662, 5.31185],
			"to": [8.525, 18.58662, 6.51185],
			"rotation": {"angle": 22.5, "axis": "x", "origin": [8, 10.61118, 7.82139]},
			"faces": {
				"north": {"uv": [5.5, 2, 6, 4], "texture": "#0"},
				"east": {"uv": [5.5, 4, 6, 6], "texture": "#0"},
				"south": {"uv": [6, 0, 6.5, 2], "texture": "#0"},
				"west": {"uv": [6, 2, 6.5, 4], "texture": "#0"},
				"up": {"uv": [6, 9.5, 5.5, 9], "texture": "#0"},
				"down": {"uv": [9.5, 5.5, 9, 6], "texture": "#0"}
			}
		},
		{
			"from": [7.725, 14.33662, 6.51185],
			"to": [8.275, 18.58662, 7.26185],
			"rotation": {"angle": 22.5, "axis": "x", "origin": [8, 10.61118, 7.82139]},
			"faces": {
				"north": {"uv": [5, 8.5, 5.25, 10.5], "texture": "#0"},
				"east": {"uv": [6, 4, 6.5, 6], "texture": "#0"},
				"south": {"uv": [8.5, 6, 8.75, 8], "texture": "#0"},
				"west": {"uv": [5.5, 6, 6, 8], "texture": "#0"},
				"up": {"uv": [0.25, 10, 0, 9.5], "texture": "#0"},
				"down": {"uv": [9.75, 0, 9.5, 0.5], "texture": "#0"}
			}
		},
		{
			"from": [7.5, 16.93361, 2.47478],
			"to": [8.5, 21.93361, 3.47478],
			"rotation": {"angle": 45, "axis": "x", "origin": [8, 10.61118, 7.82139]},
			"faces": {
				"north": {"uv": [6, 6, 6.5, 8], "texture": "#0"},
				"east": {"uv": [6.5, 0, 7, 2], "texture": "#0"},
				"south": {"uv": [6.5, 2, 7, 4], "texture": "#0"},
				"west": {"uv": [3, 6.5, 3.5, 8.5], "texture": "#0"},
				"up": {"uv": [6.5, 9.5, 6, 9], "texture": "#0"},
				"down": {"uv": [9.5, 6, 9, 6.5], "texture": "#0"}
			}
		},
		{
			"from": [7.45, 10.5, 6.95],
			"to": [8.55, 15, 8.2],
			"rotation": {"angle": 0, "axis": "x", "origin": [8, 10.61118, 7.82139]},
			"faces": {
				"north": {"uv": [1.5, 4.5, 2, 6.75], "texture": "#0"},
				"east": {"uv": [2, 4.5, 2.5, 6.75], "texture": "#0"},
				"south": {"uv": [2.5, 4.5, 3, 6.75], "texture": "#0"},
				"west": {"uv": [4.5, 2.5, 5, 4.75], "texture": "#0"},
				"up": {"uv": [7, 9.5, 6.5, 9], "texture": "#0"},
				"down": {"uv": [9.5, 6.5, 9, 7], "texture": "#0"}
			}
		},
		{
			"from": [7.35, 10.5, 6.2],
			"to": [8.65, 15, 7.45],
			"rotation": {"angle": 0, "axis": "x", "origin": [8, 10.61118, 7.82139]},
			"faces": {
				"north": {"uv": [0, 0, 0.75, 2.25], "texture": "#0"},
				"east": {"uv": [0, 5, 0.5, 7.25], "texture": "#0"},
				"south": {"uv": [1, 0, 1.75, 2.25], "texture": "#0"},
				"west": {"uv": [5, 0, 5.5, 2.25], "texture": "#0"},
				"up": {"uv": [9.25, 8.5, 8.5, 8], "texture": "#0"},
				"down": {"uv": [9.25, 8.5, 8.5, 9], "texture": "#0"}
			}
		},
		{
			"from": [7.375, 14.6, 5.4],
			"to": [8.625, 18.35, 6.65],
			"rotation": {"angle": 22.5, "axis": "x", "origin": [8, 12.75, 6.825]},
			"faces": {
				"north": {"uv": [1, 2.5, 1.75, 4.5], "texture": "#0"},
				"east": {"uv": [2, 2.5, 2.75, 4.5], "texture": "#0"},
				"south": {"uv": [3, 0, 3.75, 2], "texture": "#0"},
				"west": {"uv": [3, 2, 3.75, 4], "texture": "#0"},
				"up": {"uv": [4.75, 8.25, 4, 7.5], "texture": "#0"},
				"down": {"uv": [8.25, 7, 7.5, 7.75], "texture": "#0"}
			}
		},
		{
			"from": [7.7, 10.5, 8.2],
			"to": [8.3, 15, 8.95],
			"rotation": {"angle": 0, "axis": "x", "origin": [8, 10.61118, 7.82139]},
			"faces": {
				"north": {"uv": [8, 0, 8.25, 2.25], "texture": "#0"},
				"east": {"uv": [0.5, 5, 1, 7.25], "texture": "#0"},
				"south": {"uv": [8, 2.5, 8.25, 4.75], "texture": "#0"},
				"west": {"uv": [5, 2.5, 5.5, 4.75], "texture": "#0"},
				"up": {"uv": [9.75, 1, 9.5, 0.5], "texture": "#0"},
				"down": {"uv": [1.25, 9.5, 1, 10], "texture": "#0"}
			}
		},
		{
			"from": [7.475, 2.43485, 6.99146],
			"to": [8.525, 7.43485, 8.09146],
			"rotation": {"angle": -22.5, "axis": "x", "origin": [8, 7.4303, 7.35832]},
			"faces": {
				"north": {"uv": [4, 0, 4.5, 2.5], "texture": "#0"},
				"east": {"uv": [4, 2.5, 4.5, 5], "texture": "#0"},
				"south": {"uv": [3, 4, 3.5, 6.5], "texture": "#0"},
				"west": {"uv": [3.5, 4, 4, 6.5], "texture": "#0"},
				"up": {"uv": [9.5, 7.5, 9, 7], "texture": "#0"},
				"down": {"uv": [8, 9, 7.5, 9.5], "texture": "#0"}
			}
		},
		{
			"from": [7.725, 2.43485, 8.09146],
			"to": [8.275, 7.43485, 8.84146],
			"rotation": {"angle": -22.5, "axis": "x", "origin": [8, 7.4303, 7.35832]},
			"faces": {
				"north": {"uv": [0.5, 7.5, 0.75, 10], "texture": "#0"},
				"east": {"uv": [4.5, 0, 5, 2.5], "texture": "#0"},
				"south": {"uv": [7.5, 1.5, 7.75, 4], "texture": "#0"},
				"west": {"uv": [1, 4.5, 1.5, 7], "texture": "#0"},
				"up": {"uv": [9.75, 1.5, 9.5, 1], "texture": "#0"},
				"down": {"uv": [1.75, 9.5, 1.5, 10], "texture": "#0"}
			}
		},
		{
			"from": [7.5, -1.67047, 5.13824],
			"to": [8.5, 3.07953, 6.13824],
			"rotation": {"angle": -45, "axis": "x", "origin": [8, 7.4303, 7.35832]},
			"faces": {
				"north": {"uv": [1.5, 7, 2, 8.75], "texture": "#0"},
				"east": {"uv": [2, 7, 2.5, 8.75], "texture": "#0"},
				"south": {"uv": [7, 2, 7.5, 3.75], "texture": "#0"},
				"west": {"uv": [2.5, 7, 3, 8.75], "texture": "#0"},
				"up": {"uv": [9.5, 8, 9, 7.5], "texture": "#0"},
				"down": {"uv": [8.5, 9, 8, 9.5], "texture": "#0"}
			}
		},
		{
			"from": [7.35, 2.69972, 6.08712],
			"to": [8.65, 7.39972, 7.33712],
			"rotation": {"angle": -22.5, "axis": "x", "origin": [8, 7.4303, 7.35832]},
			"faces": {
				"north": {"uv": [2, 0, 2.75, 2.25], "texture": "#0"},
				"east": {"uv": [4, 5, 4.5, 7.25], "texture": "#0"},
				"south": {"uv": [0, 2.5, 0.75, 4.75], "texture": "#0"},
				"west": {"uv": [4.5, 5, 5, 7.25], "texture": "#0"},
				"up": {"uv": [1.75, 9.5, 1, 9], "texture": "#0"},
				"down": {"uv": [2.75, 9, 2, 9.5], "texture": "#0"}
			}
		},
		{
			"from": [7.375, 2.27061, 4.36357],
			"to": [8.625, 3.52061, 5.61357],
			"rotation": {"angle": -45, "axis": "x", "origin": [8, 7.4303, 7.35832]},
			"faces": {
				"north": {"uv": [8, 5, 8.75, 5.75], "texture": "#0"},
				"east": {"uv": [5.5, 8, 6.25, 8.75], "texture": "#0"},
				"south": {"uv": [7.5, 8, 8.25, 8.75], "texture": "#0"},
				"west": {"uv": [8.5, 0, 9.25, 0.75], "texture": "#0"},
				"up": {"uv": [9.25, 1.75, 8.5, 1], "texture": "#0"},
				"down": {"uv": [9.25, 2, 8.5, 2.75], "texture": "#0"}
			}
		},
		{
			"from": [8, 5.75, 3.9],
			"to": [8, 19.75, 19.65],
			"rotation": {"angle": 45, "axis": "x", "origin": [8, 11, 8.275]},
			"faces": {
				"east": {"uv": [0, 0, 8, 8], "rotation": 270, "texture": "#1"},
				"west": {"uv": [0, 0, 8, 8], "texture": "#1"}
			}
		},
		{
			"from": [7.7, 8.75, -0.25],
			"to": [8.3, 9.35, 15.75],
			"rotation": {"angle": 0, "axis": "y", "origin": [0, 3, 0]},
			"faces": {
				"north": {"uv": [8, 8, 9, 16], "texture": "#1"},
				"east": {"uv": [8, 8, 9, 16], "texture": "#1"},
				"south": {"uv": [8, 8, 9, 16], "texture": "#1"},
				"west": {"uv": [8, 8, 9, 16], "texture": "#1"},
				"up": {"uv": [8, 8, 9, 16], "texture": "#1"},
				"down": {"uv": [8, 8, 9, 16], "texture": "#1"}
			}
		},
		{
			"from": [8, 7.65, -10.75],
			"to": [8, 10.45, 1.25],
			"rotation": {"angle": 0, "axis": "y", "origin": [0, 3, 0]},
			"faces": {
				"east": {"uv": [9, 8, 12.5, 13.5], "rotation": 90, "texture": "#1"},
				"west": {"uv": [9, 8, 12.5, 13.5], "rotation": 270, "texture": "#1"}
			}
		},
		{
			"from": [6.6, 9.05, -10.75],
			"to": [9.4, 9.05, 1.25],
			"rotation": {"angle": 0, "axis": "y", "origin": [8, 9.05, -1.25]},
			"faces": {
				"up": {"uv": [9, 8, 12.5, 13.5], "texture": "#1"},
				"down": {"uv": [9, 8, 12.5, 13.5], "rotation": 180, "texture": "#1"}
			}
		},
		{
			"from": [8, 7.65, 12.25],
			"to": [8, 10.45, 17.25],
			"rotation": {"angle": 45, "axis": "z", "origin": [8, 9.05, 14.75]},
			"faces": {
				"east": {"uv": [12.5, 8, 16, 13.5], "rotation": 90, "texture": "#1"},
				"west": {"uv": [12.5, 8, 16, 13.5], "rotation": 270, "texture": "#1"}
			}
		},
		{
			"from": [6.6, 9.05, 12.25],
			"to": [9.4, 9.05, 17.25],
			"rotation": {"angle": 45, "axis": "z", "origin": [8, 9.05, 14.75]},
			"faces": {
				"up": {"uv": [12.5, 8, 16, 13.5], "texture": "#1"},
				"down": {"uv": [12.5, 8, 16, 13.5], "rotation": 180, "texture": "#1"}
			}
		}
	],
	"display": {
		"thirdperson_righthand": {
			"translation": [0, -3.25, 0],
			"scale": [1.3, 1.3, 1.3]
		},
		"thirdperson_lefthand": {
			"rotation": [-23, 144, -89],
			"translation": [-7.75, -4.75, 11.75],
			"scale": [1.3, 1.3, 1.3]
		},
		"firstperson_righthand": {
			"rotation": [-51, 29, -22],
			"translation": [-9.5, 11.5, 5],
			"scale": [1.3, 1.3, 1.3]
		},
		"firstperson_lefthand": {
			"scale": [0, 0, 0]
		},
		"ground": {
			"rotation": [46, 0, 0],
			"translation": [0, 7.5, 0]
		},
		"gui": {
			"rotation": [75, 45, -75],
			"translation": [-2.5, 1.5, 0]
		}
	},
	"groups": [
		{
			"name": "root_pulling_1",
			"origin": [8, 8, 8],
			"color": 0,
			"children": [
				0,
				1,
				2,
				3,
				4,
				{
					"name": "group",
					"origin": [0, -1.75, 0],
					"color": 0,
					"children": [5, 6, 7, 8, 9, 10, 11]
				},
				{
					"name": "group",
					"origin": [8, 18.8453, 12.05849],
					"color": 0,
					"children": [12, 13, 14, 15, 16]
				},
				17,
				{
					"name": "arrow",
					"origin": [8, 8, 8],
					"color": 0,
					"children": [18, 19, 20, 21, 22]
				}
			]
		}
	]
}