{
	"format_version": "1.9.0",
	"credit": "Made with Blockbench",
	"textures": {
		"1": "item/skill/vagabond/storm"
	},
	"elements": [
		{
			"name": "octagon",
			"from": [4.70079, -0.04, 15.965],
			"to": [11.29921, 1.73, 15.965],
			"rotation": {"angle": 45, "axis": "y", "origin": [8, 0.845, 8]},
			"faces": {
				"north": {"uv": [0.8, 0.8, 4.2, 4.2], "texture": "#1"},
				"east": {"uv": [0.8, 0.8, 4.2, 4.2], "texture": "#1"},
				"south": {"uv": [0.8, 0.8, 4.2, 4.2], "texture": "#1"},
				"west": {"uv": [0.8, 0.8, 4.2, 4.2], "texture": "#1"},
				"up": {"uv": [0.8, 0.8, 4.2, 4.2], "texture": "#1"},
				"down": {"uv": [0.8, 0.8, 4.2, 4.2], "texture": "#1"}
			}
		},
		{
			"name": "octagon",
			"from": [4.70079, -0.04, 15.965],
			"to": [11.29921, 1.73, 15.965],
			"rotation": {"angle": 0, "axis": "y", "origin": [8, 0.845, 8]},
			"faces": {
				"north": {"uv": [0.8, 0.8, 4.2, 4.2], "texture": "#1"},
				"east": {"uv": [0.8, 0.8, 4.2, 4.2], "texture": "#1"},
				"south": {"uv": [0.8, 0.8, 4.2, 4.2], "texture": "#1"},
				"west": {"uv": [0.8, 0.8, 4.2, 4.2], "texture": "#1"},
				"up": {"uv": [0.8, 0.8, 4.2, 4.2], "texture": "#1"},
				"down": {"uv": [0.8, 0.8, 4.2, 4.2], "texture": "#1"}
			}
		},
		{
			"name": "octagon",
			"from": [15.965, -0.04, 4.70079],
			"to": [15.965, 1.73, 11.29921],
			"rotation": {"angle": 45, "axis": "y", "origin": [8, 0.845, 8]},
			"faces": {
				"north": {"uv": [0.8, 0.8, 4.2, 4.2], "texture": "#1"},
				"east": {"uv": [0.8, 0.8, 4.2, 4.2], "texture": "#1"},
				"south": {"uv": [0.8, 0.8, 4.2, 4.2], "texture": "#1"},
				"west": {"uv": [0.8, 0.8, 4.2, 4.2], "texture": "#1"},
				"up": {"uv": [0.8, 0.8, 4.2, 4.2], "texture": "#1"},
				"down": {"uv": [0.8, 0.8, 4.2, 4.2], "texture": "#1"}
			}
		},
		{
			"name": "octagon",
			"from": [15.965, -0.04, 4.70079],
			"to": [15.965, 1.73, 11.29921],
			"rotation": {"angle": 0, "axis": "y", "origin": [8, 0.845, 8]},
			"faces": {
				"north": {"uv": [0.8, 0.8, 4.2, 4.2], "texture": "#1"},
				"east": {"uv": [0.8, 0.8, 4.2, 4.2], "texture": "#1"},
				"south": {"uv": [0.8, 0.8, 4.2, 4.2], "texture": "#1"},
				"west": {"uv": [0.8, 0.8, 4.2, 4.2], "texture": "#1"},
				"up": {"uv": [0.8, 0.8, 4.2, 4.2], "texture": "#1"},
				"down": {"uv": [0.8, 0.8, 4.2, 4.2], "texture": "#1"}
			}
		},
		{
			"name": "octagon",
			"from": [4.70079, -0.04, 0.035],
			"to": [11.29921, 1.73, 0.035],
			"rotation": {"angle": 45, "axis": "y", "origin": [8, 0.845, 8]},
			"faces": {
				"north": {"uv": [0.8, 0.8, 4.2, 4.2], "texture": "#1"},
				"east": {"uv": [0.8, 0.8, 4.2, 4.2], "texture": "#1"},
				"south": {"uv": [0.8, 0.8, 4.2, 4.2], "texture": "#1"},
				"west": {"uv": [0.8, 0.8, 4.2, 4.2], "texture": "#1"},
				"up": {"uv": [0.8, 0.8, 4.2, 4.2], "texture": "#1"},
				"down": {"uv": [0.8, 0.8, 4.2, 4.2], "texture": "#1"}
			}
		},
		{
			"name": "octagon",
			"from": [4.70079, -0.04, 0.035],
			"to": [11.29921, 1.73, 0.035],
			"rotation": {"angle": 0, "axis": "y", "origin": [8, 0.845, 8]},
			"faces": {
				"north": {"uv": [0.8, 0.8, 4.2, 4.2], "texture": "#1"},
				"east": {"uv": [0.8, 0.8, 4.2, 4.2], "texture": "#1"},
				"south": {"uv": [0.8, 0.8, 4.2, 4.2], "texture": "#1"},
				"west": {"uv": [0.8, 0.8, 4.2, 4.2], "texture": "#1"},
				"up": {"uv": [0.8, 0.8, 4.2, 4.2], "texture": "#1"},
				"down": {"uv": [0.8, 0.8, 4.2, 4.2], "texture": "#1"}
			}
		},
		{
			"name": "octagon",
			"from": [0.035, -0.04, 4.70079],
			"to": [0.035, 1.73, 11.29921],
			"rotation": {"angle": 45, "axis": "y", "origin": [8, 0.845, 8]},
			"faces": {
				"north": {"uv": [0.8, 0.8, 4.2, 4.2], "texture": "#1"},
				"east": {"uv": [0.8, 0.8, 4.2, 4.2], "texture": "#1"},
				"south": {"uv": [0.8, 0.8, 4.2, 4.2], "texture": "#1"},
				"west": {"uv": [0.8, 0.8, 4.2, 4.2], "texture": "#1"},
				"up": {"uv": [0.8, 0.8, 4.2, 4.2], "texture": "#1"},
				"down": {"uv": [0.8, 0.8, 4.2, 4.2], "texture": "#1"}
			}
		},
		{
			"name": "octagon",
			"from": [0.035, -0.04, 4.70079],
			"to": [0.035, 1.73, 11.29921],
			"rotation": {"angle": 0, "axis": "y", "origin": [8, 0.845, 8]},
			"faces": {
				"north": {"uv": [0.8, 0.8, 4.2, 4.2], "texture": "#1"},
				"east": {"uv": [0.8, 0.8, 4.2, 4.2], "texture": "#1"},
				"south": {"uv": [0.8, 0.8, 4.2, 4.2], "texture": "#1"},
				"west": {"uv": [0.8, 0.8, 4.2, 4.2], "texture": "#1"},
				"up": {"uv": [0.8, 0.8, 4.2, 4.2], "texture": "#1"},
				"down": {"uv": [0.8, 0.8, 4.2, 4.2], "texture": "#1"}
			}
		},
		{
			"name": "octagon",
			"from": [15.1685, 1.6946, 5.03072],
			"to": [15.1685, 3.2876, 10.96928],
			"rotation": {"angle": -22.5, "axis": "y", "origin": [8, 2.4911, 8]},
			"faces": {
				"north": {"uv": [0.8, 0.8, 4.2, 4.2], "texture": "#1"},
				"east": {"uv": [0.8, 0.8, 4.2, 4.2], "texture": "#1"},
				"south": {"uv": [0.8, 0.8, 4.2, 4.2], "texture": "#1"},
				"west": {"uv": [0.8, 0.8, 4.2, 4.2], "texture": "#1"},
				"up": {"uv": [0.8, 0.8, 4.2, 4.2], "rotation": 270, "texture": "#1"},
				"down": {"uv": [0.8, 0.8, 4.2, 4.2], "rotation": 90, "texture": "#1"}
			}
		},
		{
			"name": "octagon",
			"from": [15.3455, 2.1371, 10.69472],
			"to": [15.3455, 2.8451, 11.76578],
			"rotation": {"angle": -22.5, "axis": "y", "origin": [8, 2.4911, 8]},
			"faces": {
				"north": {"uv": [0.8, 0.8, 4.2, 4.2], "texture": "#1"},
				"east": {"uv": [0.8, 0.8, 4.2, 4.2], "texture": "#1"},
				"south": {"uv": [0.8, 0.8, 4.2, 4.2], "texture": "#1"},
				"west": {"uv": [0.8, 0.8, 4.2, 4.2], "texture": "#1"},
				"up": {"uv": [0.8, 0.8, 4.2, 4.2], "rotation": 270, "texture": "#1"},
				"down": {"uv": [0.8, 0.8, 4.2, 4.2], "rotation": 90, "texture": "#1"}
			}
		},
		{
			"name": "octagon",
			"from": [15.3455, 2.1371, 6.88922],
			"to": [15.3455, 2.8451, 9.81878],
			"rotation": {"angle": -22.5, "axis": "y", "origin": [8, 2.4911, 8]},
			"faces": {
				"north": {"uv": [0.8, 0.8, 4.2, 4.2], "texture": "#1"},
				"east": {"uv": [0.8, 0.8, 4.2, 4.2], "texture": "#1"},
				"south": {"uv": [0.8, 0.8, 4.2, 4.2], "texture": "#1"},
				"west": {"uv": [0.8, 0.8, 4.2, 4.2], "texture": "#1"},
				"up": {"uv": [0.8, 0.8, 4.2, 4.2], "rotation": 270, "texture": "#1"},
				"down": {"uv": [0.8, 0.8, 4.2, 4.2], "rotation": 90, "texture": "#1"}
			}
		},
		{
			"name": "octagon",
			"from": [5.03072, 1.6946, 15.1685],
			"to": [10.96928, 3.2876, 15.1685],
			"rotation": {"angle": 22.5, "axis": "y", "origin": [8, 2.4911, 8]},
			"faces": {
				"north": {"uv": [0.8, 0.8, 4.2, 4.2], "texture": "#1"},
				"east": {"uv": [0.8, 0.8, 4.2, 4.2], "texture": "#1"},
				"south": {"uv": [0.8, 0.8, 4.2, 4.2], "texture": "#1"},
				"west": {"uv": [0.8, 0.8, 4.2, 4.2], "texture": "#1"},
				"up": {"uv": [0.8, 0.8, 4.2, 4.2], "texture": "#1"},
				"down": {"uv": [0.8, 0.8, 4.2, 4.2], "texture": "#1"}
			}
		},
		{
			"name": "octagon",
			"from": [5.03072, 1.6946, 0.8315],
			"to": [10.96928, 3.2876, 0.8315],
			"rotation": {"angle": -22.5, "axis": "y", "origin": [8, 2.4911, 8]},
			"faces": {
				"north": {"uv": [0.8, 0.8, 4.2, 4.2], "texture": "#1"},
				"east": {"uv": [0.8, 0.8, 4.2, 4.2], "texture": "#1"},
				"south": {"uv": [0.8, 0.8, 4.2, 4.2], "texture": "#1"},
				"west": {"uv": [0.8, 0.8, 4.2, 4.2], "texture": "#1"},
				"up": {"uv": [0.8, 0.8, 4.2, 4.2], "rotation": 270, "texture": "#1"},
				"down": {"uv": [0.8, 0.8, 4.2, 4.2], "rotation": 90, "texture": "#1"}
			}
		},
		{
			"name": "octagon",
			"from": [15.1685, 1.6946, 5.03072],
			"to": [15.1685, 3.2876, 10.96928],
			"rotation": {"angle": 22.5, "axis": "y", "origin": [8, 2.4911, 8]},
			"faces": {
				"north": {"uv": [0.8, 0.8, 4.2, 4.2], "texture": "#1"},
				"east": {"uv": [0.8, 0.8, 4.2, 4.2], "texture": "#1"},
				"south": {"uv": [0.8, 0.8, 4.2, 4.2], "texture": "#1"},
				"west": {"uv": [0.8, 0.8, 4.2, 4.2], "texture": "#1"},
				"up": {"uv": [0.8, 0.8, 4.2, 4.2], "texture": "#1"},
				"down": {"uv": [0.8, 0.8, 4.2, 4.2], "texture": "#1"}
			}
		},
		{
			"name": "octagon",
			"from": [0.8315, 1.6946, 5.03072],
			"to": [0.8315, 3.2876, 10.96928],
			"rotation": {"angle": -22.5, "axis": "y", "origin": [8, 2.4911, 8]},
			"faces": {
				"north": {"uv": [0.8, 0.8, 4.2, 4.2], "texture": "#1"},
				"east": {"uv": [0.8, 0.8, 4.2, 4.2], "texture": "#1"},
				"south": {"uv": [0.8, 0.8, 4.2, 4.2], "texture": "#1"},
				"west": {"uv": [0.8, 0.8, 4.2, 4.2], "texture": "#1"},
				"up": {"uv": [0.8, 0.8, 4.2, 4.2], "rotation": 270, "texture": "#1"},
				"down": {"uv": [0.8, 0.8, 4.2, 4.2], "rotation": 90, "texture": "#1"}
			}
		},
		{
			"name": "octagon",
			"from": [5.03072, 1.6946, 0.8315],
			"to": [10.96928, 3.2876, 0.8315],
			"rotation": {"angle": 22.5, "axis": "y", "origin": [8, 2.4911, 8]},
			"faces": {
				"north": {"uv": [0.8, 0.8, 4.2, 4.2], "texture": "#1"},
				"east": {"uv": [0.8, 0.8, 4.2, 4.2], "texture": "#1"},
				"south": {"uv": [0.8, 0.8, 4.2, 4.2], "texture": "#1"},
				"west": {"uv": [0.8, 0.8, 4.2, 4.2], "texture": "#1"},
				"up": {"uv": [0.8, 0.8, 4.2, 4.2], "texture": "#1"},
				"down": {"uv": [0.8, 0.8, 4.2, 4.2], "texture": "#1"}
			}
		},
		{
			"name": "octagon",
			"from": [5.03072, 1.6946, 15.1685],
			"to": [10.96928, 3.2876, 15.1685],
			"rotation": {"angle": -22.5, "axis": "y", "origin": [8, 2.4911, 8]},
			"faces": {
				"north": {"uv": [0.8, 0.8, 4.2, 4.2], "texture": "#1"},
				"east": {"uv": [0.8, 0.8, 4.2, 4.2], "texture": "#1"},
				"south": {"uv": [0.8, 0.8, 4.2, 4.2], "texture": "#1"},
				"west": {"uv": [0.8, 0.8, 4.2, 4.2], "texture": "#1"},
				"up": {"uv": [0.8, 0.8, 4.2, 4.2], "rotation": 270, "texture": "#1"},
				"down": {"uv": [0.8, 0.8, 4.2, 4.2], "rotation": 90, "texture": "#1"}
			}
		},
		{
			"name": "octagon",
			"from": [0.8315, 1.6946, 5.03072],
			"to": [0.8315, 3.2876, 10.96928],
			"rotation": {"angle": 22.5, "axis": "y", "origin": [8, 2.4911, 8]},
			"faces": {
				"north": {"uv": [0.8, 0.8, 4.2, 4.2], "texture": "#1"},
				"east": {"uv": [0.8, 0.8, 4.2, 4.2], "texture": "#1"},
				"south": {"uv": [0.8, 0.8, 4.2, 4.2], "texture": "#1"},
				"west": {"uv": [0.8, 0.8, 4.2, 4.2], "texture": "#1"},
				"up": {"uv": [0.8, 0.8, 4.2, 4.2], "texture": "#1"},
				"down": {"uv": [0.8, 0.8, 4.2, 4.2], "texture": "#1"}
			}
		},
		{
			"name": "octagon",
			"from": [14.45165, 3.27344, 5.32764],
			"to": [14.45165, 4.70714, 10.67236],
			"rotation": {"angle": 0, "axis": "y", "origin": [8, 3.99029, 8]},
			"faces": {
				"north": {"uv": [0.8, 0.8, 4.2, 4.2], "texture": "#1"},
				"east": {"uv": [0.8, 0.8, 4.2, 4.2], "texture": "#1"},
				"south": {"uv": [0.8, 0.8, 4.2, 4.2], "texture": "#1"},
				"west": {"uv": [0.8, 0.8, 4.2, 4.2], "texture": "#1"},
				"up": {"uv": [0.8, 0.8, 4.2, 4.2], "rotation": 270, "texture": "#1"},
				"down": {"uv": [0.8, 0.8, 4.2, 4.2], "rotation": 90, "texture": "#1"}
			}
		},
		{
			"name": "octagon",
			"from": [14.62865, 3.71594, 5.77014],
			"to": [14.62865, 4.26464, 8.45986],
			"rotation": {"angle": 0, "axis": "y", "origin": [8, 3.99029, 8]},
			"faces": {
				"north": {"uv": [0.8, 0.8, 4.2, 4.2], "texture": "#1"},
				"east": {"uv": [0.8, 0.8, 4.2, 4.2], "texture": "#1"},
				"south": {"uv": [0.8, 0.8, 4.2, 4.2], "texture": "#1"},
				"west": {"uv": [0.8, 0.8, 4.2, 4.2], "texture": "#1"},
				"up": {"uv": [0.8, 0.8, 4.2, 4.2], "rotation": 270, "texture": "#1"},
				"down": {"uv": [0.8, 0.8, 4.2, 4.2], "rotation": 90, "texture": "#1"}
			}
		},
		{
			"name": "octagon",
			"from": [14.45165, 3.27344, 5.32764],
			"to": [14.45165, 4.70714, 10.67236],
			"rotation": {"angle": -45, "axis": "y", "origin": [8, 3.99029, 8]},
			"faces": {
				"north": {"uv": [0.8, 0.8, 4.2, 4.2], "texture": "#1"},
				"east": {"uv": [0.8, 0.8, 4.2, 4.2], "texture": "#1"},
				"south": {"uv": [0.8, 0.8, 4.2, 4.2], "texture": "#1"},
				"west": {"uv": [0.8, 0.8, 4.2, 4.2], "texture": "#1"},
				"up": {"uv": [0.8, 0.8, 4.2, 4.2], "rotation": 270, "texture": "#1"},
				"down": {"uv": [0.8, 0.8, 4.2, 4.2], "rotation": 90, "texture": "#1"}
			}
		},
		{
			"name": "octagon",
			"from": [5.32764, 3.27344, 1.54835],
			"to": [10.67236, 4.70714, 1.54835],
			"rotation": {"angle": 0, "axis": "y", "origin": [8, 3.99029, 8]},
			"faces": {
				"north": {"uv": [0.8, 0.8, 4.2, 4.2], "texture": "#1"},
				"east": {"uv": [0.8, 0.8, 4.2, 4.2], "texture": "#1"},
				"south": {"uv": [0.8, 0.8, 4.2, 4.2], "texture": "#1"},
				"west": {"uv": [0.8, 0.8, 4.2, 4.2], "texture": "#1"},
				"up": {"uv": [0.8, 0.8, 4.2, 4.2], "rotation": 270, "texture": "#1"},
				"down": {"uv": [0.8, 0.8, 4.2, 4.2], "rotation": 90, "texture": "#1"}
			}
		},
		{
			"name": "octagon",
			"from": [5.32764, 3.27344, 1.54835],
			"to": [10.67236, 4.70714, 1.54835],
			"rotation": {"angle": -45, "axis": "y", "origin": [8, 3.99029, 8]},
			"faces": {
				"north": {"uv": [0.8, 0.8, 4.2, 4.2], "texture": "#1"},
				"east": {"uv": [0.8, 0.8, 4.2, 4.2], "texture": "#1"},
				"south": {"uv": [0.8, 0.8, 4.2, 4.2], "texture": "#1"},
				"west": {"uv": [0.8, 0.8, 4.2, 4.2], "texture": "#1"},
				"up": {"uv": [0.8, 0.8, 4.2, 4.2], "rotation": 270, "texture": "#1"},
				"down": {"uv": [0.8, 0.8, 4.2, 4.2], "rotation": 90, "texture": "#1"}
			}
		},
		{
			"name": "octagon",
			"from": [1.54835, 3.27344, 5.32764],
			"to": [1.54835, 4.70714, 10.67236],
			"rotation": {"angle": 0, "axis": "y", "origin": [8, 3.99029, 8]},
			"faces": {
				"north": {"uv": [0.8, 0.8, 4.2, 4.2], "texture": "#1"},
				"east": {"uv": [0.8, 0.8, 4.2, 4.2], "texture": "#1"},
				"south": {"uv": [0.8, 0.8, 4.2, 4.2], "texture": "#1"},
				"west": {"uv": [0.8, 0.8, 4.2, 4.2], "texture": "#1"},
				"up": {"uv": [0.8, 0.8, 4.2, 4.2], "rotation": 270, "texture": "#1"},
				"down": {"uv": [0.8, 0.8, 4.2, 4.2], "rotation": 90, "texture": "#1"}
			}
		},
		{
			"name": "octagon",
			"from": [1.54835, 3.27344, 5.32764],
			"to": [1.54835, 4.70714, 10.67236],
			"rotation": {"angle": -45, "axis": "y", "origin": [8, 3.99029, 8]},
			"faces": {
				"north": {"uv": [0.8, 0.8, 4.2, 4.2], "texture": "#1"},
				"east": {"uv": [0.8, 0.8, 4.2, 4.2], "texture": "#1"},
				"south": {"uv": [0.8, 0.8, 4.2, 4.2], "texture": "#1"},
				"west": {"uv": [0.8, 0.8, 4.2, 4.2], "texture": "#1"},
				"up": {"uv": [0.8, 0.8, 4.2, 4.2], "rotation": 270, "texture": "#1"},
				"down": {"uv": [0.8, 0.8, 4.2, 4.2], "rotation": 90, "texture": "#1"}
			}
		},
		{
			"name": "octagon",
			"from": [5.32764, 3.27344, 14.45165],
			"to": [10.67236, 4.70714, 14.45165],
			"rotation": {"angle": 0, "axis": "y", "origin": [8, 3.99029, 8]},
			"faces": {
				"north": {"uv": [0.8, 0.8, 4.2, 4.2], "texture": "#1"},
				"east": {"uv": [0.8, 0.8, 4.2, 4.2], "texture": "#1"},
				"south": {"uv": [0.8, 0.8, 4.2, 4.2], "texture": "#1"},
				"west": {"uv": [0.8, 0.8, 4.2, 4.2], "texture": "#1"},
				"up": {"uv": [0.8, 0.8, 4.2, 4.2], "rotation": 270, "texture": "#1"},
				"down": {"uv": [0.8, 0.8, 4.2, 4.2], "rotation": 90, "texture": "#1"}
			}
		},
		{
			"name": "octagon",
			"from": [5.32764, 3.27344, 14.45165],
			"to": [10.67236, 4.70714, 14.45165],
			"rotation": {"angle": -45, "axis": "y", "origin": [8, 3.99029, 8]},
			"faces": {
				"north": {"uv": [0.8, 0.8, 4.2, 4.2], "texture": "#1"},
				"east": {"uv": [0.8, 0.8, 4.2, 4.2], "texture": "#1"},
				"south": {"uv": [0.8, 0.8, 4.2, 4.2], "texture": "#1"},
				"west": {"uv": [0.8, 0.8, 4.2, 4.2], "texture": "#1"},
				"up": {"uv": [0.8, 0.8, 4.2, 4.2], "rotation": 270, "texture": "#1"},
				"down": {"uv": [0.8, 0.8, 4.2, 4.2], "rotation": 90, "texture": "#1"}
			}
		},
		{
			"name": "octagon",
			"from": [13.80648, 4.7475, 5.59487],
			"to": [13.80648, 6.03783, 10.40513],
			"rotation": {"angle": 22.5, "axis": "y", "origin": [8, 5.39266, 8]},
			"faces": {
				"north": {"uv": [0.8, 0.8, 4.2, 4.2], "texture": "#1"},
				"east": {"uv": [0.8, 0.8, 4.2, 4.2], "texture": "#1"},
				"south": {"uv": [0.8, 0.8, 4.2, 4.2], "texture": "#1"},
				"west": {"uv": [0.8, 0.8, 4.2, 4.2], "texture": "#1"},
				"up": {"uv": [0.8, 0.8, 4.2, 4.2], "rotation": 270, "texture": "#1"},
				"down": {"uv": [0.8, 0.8, 4.2, 4.2], "rotation": 90, "texture": "#1"}
			}
		},
		{
			"name": "octagon",
			"from": [13.80648, 4.7475, 5.59487],
			"to": [13.80648, 6.03783, 10.40513],
			"rotation": {"angle": -22.5, "axis": "y", "origin": [8, 5.39266, 8]},
			"faces": {
				"north": {"uv": [0.8, 0.8, 4.2, 4.2], "texture": "#1"},
				"east": {"uv": [0.8, 0.8, 4.2, 4.2], "texture": "#1"},
				"south": {"uv": [0.8, 0.8, 4.2, 4.2], "texture": "#1"},
				"west": {"uv": [0.8, 0.8, 4.2, 4.2], "texture": "#1"},
				"up": {"uv": [0.8, 0.8, 4.2, 4.2], "rotation": 270, "texture": "#1"},
				"down": {"uv": [0.8, 0.8, 4.2, 4.2], "rotation": 90, "texture": "#1"}
			}
		},
		{
			"name": "octagon",
			"from": [5.59487, 4.7475, 2.19352],
			"to": [10.40513, 6.03783, 2.19352],
			"rotation": {"angle": 22.5, "axis": "y", "origin": [8, 5.39266, 8]},
			"faces": {
				"north": {"uv": [0.8, 0.8, 4.2, 4.2], "texture": "#1"},
				"east": {"uv": [0.8, 0.8, 4.2, 4.2], "texture": "#1"},
				"south": {"uv": [0.8, 0.8, 4.2, 4.2], "texture": "#1"},
				"west": {"uv": [0.8, 0.8, 4.2, 4.2], "texture": "#1"},
				"up": {"uv": [0.8, 0.8, 4.2, 4.2], "rotation": 270, "texture": "#1"},
				"down": {"uv": [0.8, 0.8, 4.2, 4.2], "rotation": 90, "texture": "#1"}
			}
		},
		{
			"name": "octagon",
			"from": [5.59487, 4.7475, 2.19352],
			"to": [10.40513, 6.03783, 2.19352],
			"rotation": {"angle": -22.5, "axis": "y", "origin": [8, 5.39266, 8]},
			"faces": {
				"north": {"uv": [0.8, 0.8, 4.2, 4.2], "texture": "#1"},
				"east": {"uv": [0.8, 0.8, 4.2, 4.2], "texture": "#1"},
				"south": {"uv": [0.8, 0.8, 4.2, 4.2], "texture": "#1"},
				"west": {"uv": [0.8, 0.8, 4.2, 4.2], "texture": "#1"},
				"up": {"uv": [0.8, 0.8, 4.2, 4.2], "rotation": 270, "texture": "#1"},
				"down": {"uv": [0.8, 0.8, 4.2, 4.2], "rotation": 90, "texture": "#1"}
			}
		},
		{
			"name": "octagon",
			"from": [2.19352, 4.7475, 5.59487],
			"to": [2.19352, 6.03783, 10.40513],
			"rotation": {"angle": 22.5, "axis": "y", "origin": [8, 5.39266, 8]},
			"faces": {
				"north": {"uv": [0.8, 0.8, 4.2, 4.2], "texture": "#1"},
				"east": {"uv": [0.8, 0.8, 4.2, 4.2], "texture": "#1"},
				"south": {"uv": [0.8, 0.8, 4.2, 4.2], "texture": "#1"},
				"west": {"uv": [0.8, 0.8, 4.2, 4.2], "texture": "#1"},
				"up": {"uv": [0.8, 0.8, 4.2, 4.2], "rotation": 270, "texture": "#1"},
				"down": {"uv": [0.8, 0.8, 4.2, 4.2], "rotation": 90, "texture": "#1"}
			}
		},
		{
			"name": "octagon",
			"from": [2.19352, 4.7475, 5.59487],
			"to": [2.19352, 6.03783, 10.40513],
			"rotation": {"angle": -22.5, "axis": "y", "origin": [8, 5.39266, 8]},
			"faces": {
				"north": {"uv": [0.8, 0.8, 4.2, 4.2], "texture": "#1"},
				"east": {"uv": [0.8, 0.8, 4.2, 4.2], "texture": "#1"},
				"south": {"uv": [0.8, 0.8, 4.2, 4.2], "texture": "#1"},
				"west": {"uv": [0.8, 0.8, 4.2, 4.2], "texture": "#1"},
				"up": {"uv": [0.8, 0.8, 4.2, 4.2], "rotation": 270, "texture": "#1"},
				"down": {"uv": [0.8, 0.8, 4.2, 4.2], "rotation": 90, "texture": "#1"}
			}
		},
		{
			"name": "octagon",
			"from": [5.59487, 4.7475, 13.80648],
			"to": [10.40513, 6.03783, 13.80648],
			"rotation": {"angle": 22.5, "axis": "y", "origin": [8, 5.39266, 8]},
			"faces": {
				"north": {"uv": [0.8, 0.8, 4.2, 4.2], "texture": "#1"},
				"east": {"uv": [0.8, 0.8, 4.2, 4.2], "texture": "#1"},
				"south": {"uv": [0.8, 0.8, 4.2, 4.2], "texture": "#1"},
				"west": {"uv": [0.8, 0.8, 4.2, 4.2], "texture": "#1"},
				"up": {"uv": [0.8, 0.8, 4.2, 4.2], "rotation": 270, "texture": "#1"},
				"down": {"uv": [0.8, 0.8, 4.2, 4.2], "rotation": 90, "texture": "#1"}
			}
		},
		{
			"name": "octagon",
			"from": [5.59487, 4.7475, 13.80648],
			"to": [10.40513, 6.03783, 13.80648],
			"rotation": {"angle": -22.5, "axis": "y", "origin": [8, 5.39266, 8]},
			"faces": {
				"north": {"uv": [0.8, 0.8, 4.2, 4.2], "texture": "#1"},
				"east": {"uv": [0.8, 0.8, 4.2, 4.2], "texture": "#1"},
				"south": {"uv": [0.8, 0.8, 4.2, 4.2], "texture": "#1"},
				"west": {"uv": [0.8, 0.8, 4.2, 4.2], "texture": "#1"},
				"up": {"uv": [0.8, 0.8, 4.2, 4.2], "rotation": 270, "texture": "#1"},
				"down": {"uv": [0.8, 0.8, 4.2, 4.2], "rotation": 90, "texture": "#1"}
			}
		},
		{
			"name": "octagon",
			"from": [14.45165, 6.05411, 5.32764],
			"to": [14.45165, 7.48781, 10.67236],
			"rotation": {"angle": 45, "axis": "y", "origin": [8, 6.77096, 8]},
			"faces": {
				"north": {"uv": [0.8, 4.2, 4.2, 0.8], "texture": "#1"},
				"east": {"uv": [0.8, 4.2, 4.2, 0.8], "texture": "#1"},
				"south": {"uv": [0.8, 4.2, 4.2, 0.8], "texture": "#1"},
				"west": {"uv": [0.8, 4.2, 4.2, 0.8], "texture": "#1"},
				"up": {"uv": [0.8, 4.2, 4.2, 0.8], "rotation": 270, "texture": "#1"},
				"down": {"uv": [0.8, 4.2, 4.2, 0.8], "rotation": 90, "texture": "#1"}
			}
		},
		{
			"name": "octagon",
			"from": [14.45165, 6.05411, 5.32764],
			"to": [14.45165, 7.48781, 10.67236],
			"rotation": {"angle": 0, "axis": "y", "origin": [8, 6.77096, 8]},
			"faces": {
				"north": {"uv": [0.8, 4.2, 4.2, 0.8], "texture": "#1"},
				"east": {"uv": [0.8, 4.2, 4.2, 0.8], "texture": "#1"},
				"south": {"uv": [0.8, 4.2, 4.2, 0.8], "texture": "#1"},
				"west": {"uv": [0.8, 4.2, 4.2, 0.8], "texture": "#1"},
				"up": {"uv": [0.8, 4.2, 4.2, 0.8], "rotation": 270, "texture": "#1"},
				"down": {"uv": [0.8, 4.2, 4.2, 0.8], "rotation": 90, "texture": "#1"}
			}
		},
		{
			"name": "octagon",
			"from": [5.32764, 6.05411, 1.54835],
			"to": [10.67236, 7.48781, 1.54835],
			"rotation": {"angle": 45, "axis": "y", "origin": [8, 6.77096, 8]},
			"faces": {
				"north": {"uv": [0.8, 4.2, 4.2, 0.8], "texture": "#1"},
				"east": {"uv": [0.8, 4.2, 4.2, 0.8], "texture": "#1"},
				"south": {"uv": [0.8, 4.2, 4.2, 0.8], "texture": "#1"},
				"west": {"uv": [0.8, 4.2, 4.2, 0.8], "texture": "#1"},
				"up": {"uv": [0.8, 4.2, 4.2, 0.8], "rotation": 270, "texture": "#1"},
				"down": {"uv": [0.8, 4.2, 4.2, 0.8], "rotation": 90, "texture": "#1"}
			}
		},
		{
			"name": "octagon",
			"from": [5.32764, 6.05411, 1.54835],
			"to": [10.67236, 7.48781, 1.54835],
			"rotation": {"angle": 0, "axis": "y", "origin": [8, 6.77096, 8]},
			"faces": {
				"north": {"uv": [0.8, 4.2, 4.2, 0.8], "texture": "#1"},
				"east": {"uv": [0.8, 4.2, 4.2, 0.8], "texture": "#1"},
				"south": {"uv": [0.8, 4.2, 4.2, 0.8], "texture": "#1"},
				"west": {"uv": [0.8, 4.2, 4.2, 0.8], "texture": "#1"},
				"up": {"uv": [0.8, 4.2, 4.2, 0.8], "rotation": 270, "texture": "#1"},
				"down": {"uv": [0.8, 4.2, 4.2, 0.8], "rotation": 90, "texture": "#1"}
			}
		},
		{
			"name": "octagon",
			"from": [1.54835, 6.05411, 5.32764],
			"to": [1.54835, 7.48781, 10.67236],
			"rotation": {"angle": 45, "axis": "y", "origin": [8, 6.77096, 8]},
			"faces": {
				"north": {"uv": [0.8, 4.2, 4.2, 0.8], "texture": "#1"},
				"east": {"uv": [0.8, 4.2, 4.2, 0.8], "texture": "#1"},
				"south": {"uv": [0.8, 4.2, 4.2, 0.8], "texture": "#1"},
				"west": {"uv": [0.8, 4.2, 4.2, 0.8], "texture": "#1"},
				"up": {"uv": [0.8, 4.2, 4.2, 0.8], "rotation": 270, "texture": "#1"},
				"down": {"uv": [0.8, 4.2, 4.2, 0.8], "rotation": 90, "texture": "#1"}
			}
		},
		{
			"name": "octagon",
			"from": [1.54835, 6.05411, 5.32764],
			"to": [1.54835, 7.48781, 10.67236],
			"rotation": {"angle": 0, "axis": "y", "origin": [8, 6.77096, 8]},
			"faces": {
				"north": {"uv": [0.8, 4.2, 4.2, 0.8], "texture": "#1"},
				"east": {"uv": [0.8, 4.2, 4.2, 0.8], "texture": "#1"},
				"south": {"uv": [0.8, 4.2, 4.2, 0.8], "texture": "#1"},
				"west": {"uv": [0.8, 4.2, 4.2, 0.8], "texture": "#1"},
				"up": {"uv": [0.8, 4.2, 4.2, 0.8], "rotation": 270, "texture": "#1"},
				"down": {"uv": [0.8, 4.2, 4.2, 0.8], "rotation": 90, "texture": "#1"}
			}
		},
		{
			"name": "octagon",
			"from": [5.32764, 6.05411, 14.45165],
			"to": [10.67236, 7.48781, 14.45165],
			"rotation": {"angle": 45, "axis": "y", "origin": [8, 6.77096, 8]},
			"faces": {
				"north": {"uv": [0.8, 4.2, 4.2, 0.8], "texture": "#1"},
				"east": {"uv": [0.8, 4.2, 4.2, 0.8], "texture": "#1"},
				"south": {"uv": [0.8, 4.2, 4.2, 0.8], "texture": "#1"},
				"west": {"uv": [0.8, 4.2, 4.2, 0.8], "texture": "#1"},
				"up": {"uv": [0.8, 4.2, 4.2, 0.8], "rotation": 270, "texture": "#1"},
				"down": {"uv": [0.8, 4.2, 4.2, 0.8], "rotation": 90, "texture": "#1"}
			}
		},
		{
			"name": "octagon",
			"from": [5.32764, 6.05411, 14.45165],
			"to": [10.67236, 7.48781, 14.45165],
			"rotation": {"angle": 0, "axis": "y", "origin": [8, 6.77096, 8]},
			"faces": {
				"north": {"uv": [0.8, 4.2, 4.2, 0.8], "texture": "#1"},
				"east": {"uv": [0.8, 4.2, 4.2, 0.8], "texture": "#1"},
				"south": {"uv": [0.8, 4.2, 4.2, 0.8], "texture": "#1"},
				"west": {"uv": [0.8, 4.2, 4.2, 0.8], "texture": "#1"},
				"up": {"uv": [0.8, 4.2, 4.2, 0.8], "rotation": 270, "texture": "#1"},
				"down": {"uv": [0.8, 4.2, 4.2, 0.8], "rotation": 90, "texture": "#1"}
			}
		},
		{
			"name": "octagon",
			"from": [5.03072, 7.47365, 0.8315],
			"to": [10.96928, 9.06665, 0.8315],
			"rotation": {"angle": -22.5, "axis": "y", "origin": [8, 8.27015, 8]},
			"faces": {
				"north": {"uv": [0.8, 4.2, 4.2, 0.8], "texture": "#1"},
				"east": {"uv": [0.8, 4.2, 4.2, 0.8], "texture": "#1"},
				"south": {"uv": [0.8, 4.2, 4.2, 0.8], "texture": "#1"},
				"west": {"uv": [0.8, 4.2, 4.2, 0.8], "texture": "#1"},
				"up": {"uv": [0.8, 4.2, 4.2, 0.8], "rotation": 180, "texture": "#1"},
				"down": {"uv": [0.8, 4.2, 4.2, 0.8], "rotation": 180, "texture": "#1"}
			}
		},
		{
			"name": "octagon",
			"from": [15.1685, 7.47365, 5.03072],
			"to": [15.1685, 9.06665, 10.96928],
			"rotation": {"angle": 22.5, "axis": "y", "origin": [8, 8.27015, 8]},
			"faces": {
				"north": {"uv": [0.8, 4.2, 4.2, 0.8], "texture": "#1"},
				"east": {"uv": [0.8, 4.2, 4.2, 0.8], "texture": "#1"},
				"south": {"uv": [0.8, 4.2, 4.2, 0.8], "texture": "#1"},
				"west": {"uv": [0.8, 4.2, 4.2, 0.8], "texture": "#1"},
				"up": {"uv": [0.8, 4.2, 4.2, 0.8], "rotation": 270, "texture": "#1"},
				"down": {"uv": [0.8, 4.2, 4.2, 0.8], "rotation": 90, "texture": "#1"}
			}
		},
		{
			"name": "octagon",
			"from": [0.8315, 7.47365, 5.03072],
			"to": [0.8315, 9.06665, 10.96928],
			"rotation": {"angle": -22.5, "axis": "y", "origin": [8, 8.27015, 8]},
			"faces": {
				"north": {"uv": [0.8, 4.2, 4.2, 0.8], "texture": "#1"},
				"east": {"uv": [0.8, 4.2, 4.2, 0.8], "texture": "#1"},
				"south": {"uv": [0.8, 4.2, 4.2, 0.8], "texture": "#1"},
				"west": {"uv": [0.8, 4.2, 4.2, 0.8], "texture": "#1"},
				"up": {"uv": [0.8, 4.2, 4.2, 0.8], "rotation": 180, "texture": "#1"},
				"down": {"uv": [0.8, 4.2, 4.2, 0.8], "rotation": 180, "texture": "#1"}
			}
		},
		{
			"name": "octagon",
			"from": [5.03072, 7.47365, 0.8315],
			"to": [10.96928, 9.06665, 0.8315],
			"rotation": {"angle": 22.5, "axis": "y", "origin": [8, 8.27015, 8]},
			"faces": {
				"north": {"uv": [0.8, 4.2, 4.2, 0.8], "texture": "#1"},
				"east": {"uv": [0.8, 4.2, 4.2, 0.8], "texture": "#1"},
				"south": {"uv": [0.8, 4.2, 4.2, 0.8], "texture": "#1"},
				"west": {"uv": [0.8, 4.2, 4.2, 0.8], "texture": "#1"},
				"up": {"uv": [0.8, 4.2, 4.2, 0.8], "rotation": 270, "texture": "#1"},
				"down": {"uv": [0.8, 4.2, 4.2, 0.8], "rotation": 90, "texture": "#1"}
			}
		},
		{
			"name": "octagon",
			"from": [5.03072, 7.47365, 15.1685],
			"to": [10.96928, 9.06665, 15.1685],
			"rotation": {"angle": -22.5, "axis": "y", "origin": [8, 8.27015, 8]},
			"faces": {
				"north": {"uv": [0.8, 4.2, 4.2, 0.8], "texture": "#1"},
				"east": {"uv": [0.8, 4.2, 4.2, 0.8], "texture": "#1"},
				"south": {"uv": [0.8, 4.2, 4.2, 0.8], "texture": "#1"},
				"west": {"uv": [0.8, 4.2, 4.2, 0.8], "texture": "#1"},
				"up": {"uv": [0.8, 4.2, 4.2, 0.8], "rotation": 180, "texture": "#1"},
				"down": {"uv": [0.8, 4.2, 4.2, 0.8], "rotation": 180, "texture": "#1"}
			}
		},
		{
			"name": "octagon",
			"from": [0.8315, 7.47365, 5.03072],
			"to": [0.8315, 9.06665, 10.96928],
			"rotation": {"angle": 22.5, "axis": "y", "origin": [8, 8.27015, 8]},
			"faces": {
				"north": {"uv": [0.8, 4.2, 4.2, 0.8], "texture": "#1"},
				"east": {"uv": [0.8, 4.2, 4.2, 0.8], "texture": "#1"},
				"south": {"uv": [0.8, 4.2, 4.2, 0.8], "texture": "#1"},
				"west": {"uv": [0.8, 4.2, 4.2, 0.8], "texture": "#1"},
				"up": {"uv": [0.8, 4.2, 4.2, 0.8], "rotation": 270, "texture": "#1"},
				"down": {"uv": [0.8, 4.2, 4.2, 0.8], "rotation": 90, "texture": "#1"}
			}
		},
		{
			"name": "octagon",
			"from": [15.1685, 7.47365, 5.03072],
			"to": [15.1685, 9.06665, 10.96928],
			"rotation": {"angle": -22.5, "axis": "y", "origin": [8, 8.27015, 8]},
			"faces": {
				"north": {"uv": [0.8, 4.2, 4.2, 0.8], "texture": "#1"},
				"east": {"uv": [0.8, 4.2, 4.2, 0.8], "texture": "#1"},
				"south": {"uv": [0.8, 4.2, 4.2, 0.8], "texture": "#1"},
				"west": {"uv": [0.8, 4.2, 4.2, 0.8], "texture": "#1"},
				"up": {"uv": [0.8, 4.2, 4.2, 0.8], "rotation": 180, "texture": "#1"},
				"down": {"uv": [0.8, 4.2, 4.2, 0.8], "rotation": 180, "texture": "#1"}
			}
		},
		{
			"name": "octagon",
			"from": [5.03072, 7.47365, 15.1685],
			"to": [10.96928, 9.06665, 15.1685],
			"rotation": {"angle": 22.5, "axis": "y", "origin": [8, 8.27015, 8]},
			"faces": {
				"north": {"uv": [0.8, 4.2, 4.2, 0.8], "texture": "#1"},
				"east": {"uv": [0.8, 4.2, 4.2, 0.8], "texture": "#1"},
				"south": {"uv": [0.8, 4.2, 4.2, 0.8], "texture": "#1"},
				"west": {"uv": [0.8, 4.2, 4.2, 0.8], "texture": "#1"},
				"up": {"uv": [0.8, 4.2, 4.2, 0.8], "rotation": 270, "texture": "#1"},
				"down": {"uv": [0.8, 4.2, 4.2, 0.8], "rotation": 90, "texture": "#1"}
			}
		},
		{
			"name": "octagon",
			"from": [4.70079, 9.03125, 0.035],
			"to": [11.29921, 10.80125, 0.035],
			"rotation": {"angle": 0, "axis": "y", "origin": [8, 9.91625, 8]},
			"faces": {
				"north": {"uv": [0.8, 4.2, 4.2, 0.8], "texture": "#1"},
				"east": {"uv": [0.8, 4.2, 4.2, 0.8], "texture": "#1"},
				"south": {"uv": [0.8, 4.2, 4.2, 0.8], "texture": "#1"},
				"west": {"uv": [0.8, 4.2, 4.2, 0.8], "texture": "#1"},
				"up": {"uv": [0.8, 4.2, 4.2, 0.8], "rotation": 180, "texture": "#1"},
				"down": {"uv": [0.8, 4.2, 4.2, 0.8], "rotation": 180, "texture": "#1"}
			}
		},
		{
			"name": "octagon",
			"from": [15.965, 9.03125, 4.70079],
			"to": [15.965, 10.80125, 11.29921],
			"rotation": {"angle": 45, "axis": "y", "origin": [8, 9.91625, 8]},
			"faces": {
				"north": {"uv": [0.8, 4.2, 4.2, 0.8], "texture": "#1"},
				"east": {"uv": [0.8, 4.2, 4.2, 0.8], "texture": "#1"},
				"south": {"uv": [0.8, 4.2, 4.2, 0.8], "texture": "#1"},
				"west": {"uv": [0.8, 4.2, 4.2, 0.8], "texture": "#1"},
				"up": {"uv": [0.8, 4.2, 4.2, 0.8], "rotation": 270, "texture": "#1"},
				"down": {"uv": [0.8, 4.2, 4.2, 0.8], "rotation": 90, "texture": "#1"}
			}
		},
		{
			"name": "octagon",
			"from": [0.035, 9.03125, 4.70079],
			"to": [0.035, 10.80125, 11.29921],
			"rotation": {"angle": 0, "axis": "y", "origin": [8, 9.91625, 8]},
			"faces": {
				"north": {"uv": [0.8, 4.2, 4.2, 0.8], "texture": "#1"},
				"east": {"uv": [0.8, 4.2, 4.2, 0.8], "texture": "#1"},
				"south": {"uv": [0.8, 4.2, 4.2, 0.8], "texture": "#1"},
				"west": {"uv": [0.8, 4.2, 4.2, 0.8], "texture": "#1"},
				"up": {"uv": [0.8, 4.2, 4.2, 0.8], "rotation": 180, "texture": "#1"},
				"down": {"uv": [0.8, 4.2, 4.2, 0.8], "rotation": 180, "texture": "#1"}
			}
		},
		{
			"name": "octagon",
			"from": [4.70079, 9.03125, 0.035],
			"to": [11.29921, 10.80125, 0.035],
			"rotation": {"angle": 45, "axis": "y", "origin": [8, 9.91625, 8]},
			"faces": {
				"north": {"uv": [0.8, 4.2, 4.2, 0.8], "texture": "#1"},
				"east": {"uv": [0.8, 4.2, 4.2, 0.8], "texture": "#1"},
				"south": {"uv": [0.8, 4.2, 4.2, 0.8], "texture": "#1"},
				"west": {"uv": [0.8, 4.2, 4.2, 0.8], "texture": "#1"},
				"up": {"uv": [0.8, 4.2, 4.2, 0.8], "rotation": 270, "texture": "#1"},
				"down": {"uv": [0.8, 4.2, 4.2, 0.8], "rotation": 90, "texture": "#1"}
			}
		},
		{
			"name": "octagon",
			"from": [4.70079, 9.03125, 15.965],
			"to": [11.29921, 10.80125, 15.965],
			"rotation": {"angle": 0, "axis": "y", "origin": [8, 9.91625, 8]},
			"faces": {
				"north": {"uv": [0.8, 4.2, 4.2, 0.8], "texture": "#1"},
				"east": {"uv": [0.8, 4.2, 4.2, 0.8], "texture": "#1"},
				"south": {"uv": [0.8, 4.2, 4.2, 0.8], "texture": "#1"},
				"west": {"uv": [0.8, 4.2, 4.2, 0.8], "texture": "#1"},
				"up": {"uv": [0.8, 4.2, 4.2, 0.8], "rotation": 180, "texture": "#1"},
				"down": {"uv": [0.8, 4.2, 4.2, 0.8], "rotation": 180, "texture": "#1"}
			}
		},
		{
			"name": "octagon",
			"from": [0.035, 9.03125, 4.70079],
			"to": [0.035, 10.80125, 11.29921],
			"rotation": {"angle": 45, "axis": "y", "origin": [8, 9.91625, 8]},
			"faces": {
				"north": {"uv": [0.8, 4.2, 4.2, 0.8], "texture": "#1"},
				"east": {"uv": [0.8, 4.2, 4.2, 0.8], "texture": "#1"},
				"south": {"uv": [0.8, 4.2, 4.2, 0.8], "texture": "#1"},
				"west": {"uv": [0.8, 4.2, 4.2, 0.8], "texture": "#1"},
				"up": {"uv": [0.8, 4.2, 4.2, 0.8], "rotation": 270, "texture": "#1"},
				"down": {"uv": [0.8, 4.2, 4.2, 0.8], "rotation": 90, "texture": "#1"}
			}
		},
		{
			"name": "octagon",
			"from": [15.965, 9.03125, 4.70079],
			"to": [15.965, 10.80125, 11.29921],
			"rotation": {"angle": 0, "axis": "y", "origin": [8, 9.91625, 8]},
			"faces": {
				"north": {"uv": [0.8, 4.2, 4.2, 0.8], "texture": "#1"},
				"east": {"uv": [0.8, 4.2, 4.2, 0.8], "texture": "#1"},
				"south": {"uv": [0.8, 4.2, 4.2, 0.8], "texture": "#1"},
				"west": {"uv": [0.8, 4.2, 4.2, 0.8], "texture": "#1"},
				"up": {"uv": [0.8, 4.2, 4.2, 0.8], "rotation": 180, "texture": "#1"},
				"down": {"uv": [0.8, 4.2, 4.2, 0.8], "rotation": 180, "texture": "#1"}
			}
		},
		{
			"name": "octagon",
			"from": [4.70079, 9.03125, 15.965],
			"to": [11.29921, 10.80125, 15.965],
			"rotation": {"angle": 45, "axis": "y", "origin": [8, 9.91625, 8]},
			"faces": {
				"north": {"uv": [0.8, 4.2, 4.2, 0.8], "texture": "#1"},
				"east": {"uv": [0.8, 4.2, 4.2, 0.8], "texture": "#1"},
				"south": {"uv": [0.8, 4.2, 4.2, 0.8], "texture": "#1"},
				"west": {"uv": [0.8, 4.2, 4.2, 0.8], "texture": "#1"},
				"up": {"uv": [0.8, 4.2, 4.2, 0.8], "rotation": 270, "texture": "#1"},
				"down": {"uv": [0.8, 4.2, 4.2, 0.8], "rotation": 90, "texture": "#1"}
			}
		},
		{
			"name": "octagon",
			"from": [10.45329, 9.47375, -0.4075],
			"to": [11.74171, 10.35875, -0.4075],
			"rotation": {"angle": 0, "axis": "y", "origin": [10.7612, 5.38063, 7.75437]},
			"faces": {
				"north": {"uv": [0.8, 4.2, 4.2, 0.8], "texture": "#1"},
				"east": {"uv": [0.8, 4.2, 4.2, 0.8], "texture": "#1"},
				"south": {"uv": [0.8, 4.2, 4.2, 0.8], "texture": "#1"},
				"west": {"uv": [0.8, 4.2, 4.2, 0.8], "texture": "#1"},
				"up": {"uv": [0.8, 4.2, 4.2, 0.8], "rotation": 180, "texture": "#1"},
				"down": {"uv": [0.8, 4.2, 4.2, 0.8], "rotation": 180, "texture": "#1"}
			}
		},
		{
			"name": "octagon",
			"from": [3.81579, 0.4025, 16.142],
			"to": [6.07771, 1.2875, 16.142],
			"rotation": {"angle": 45, "axis": "y", "origin": [8, 0.845, 8]},
			"faces": {
				"north": {"uv": [0.8, 0.8, 4.2, 4.2], "texture": "#1"},
				"east": {"uv": [0.8, 0.8, 4.2, 4.2], "texture": "#1"},
				"south": {"uv": [0.8, 0.8, 4.2, 4.2], "texture": "#1"},
				"west": {"uv": [0.8, 0.8, 4.2, 4.2], "texture": "#1"},
				"up": {"uv": [0.8, 0.8, 4.2, 4.2], "texture": "#1"},
				"down": {"uv": [0.8, 0.8, 4.2, 4.2], "texture": "#1"}
			}
		},
		{
			"name": "octagon",
			"from": [6.91329, 0.4025, 16.142],
			"to": [10.94521, 1.2875, 16.142],
			"rotation": {"angle": 45, "axis": "y", "origin": [8, 0.845, 8]},
			"faces": {
				"north": {"uv": [0.8, 0.8, 4.2, 4.2], "texture": "#1"},
				"east": {"uv": [0.8, 0.8, 4.2, 4.2], "texture": "#1"},
				"south": {"uv": [0.8, 0.8, 4.2, 4.2], "texture": "#1"},
				"west": {"uv": [0.8, 0.8, 4.2, 4.2], "texture": "#1"},
				"up": {"uv": [0.8, 0.8, 4.2, 4.2], "texture": "#1"},
				"down": {"uv": [0.8, 0.8, 4.2, 4.2], "texture": "#1"}
			}
		},
		{
			"name": "octagon",
			"from": [14.62865, 3.71594, 9.31014],
			"to": [14.62865, 4.26464, 11.11486],
			"rotation": {"angle": 0, "axis": "y", "origin": [8, 3.99029, 8]},
			"faces": {
				"north": {"uv": [0.8, 0.8, 4.2, 4.2], "texture": "#1"},
				"east": {"uv": [0.8, 0.8, 4.2, 4.2], "texture": "#1"},
				"south": {"uv": [0.8, 0.8, 4.2, 4.2], "texture": "#1"},
				"west": {"uv": [0.8, 0.8, 4.2, 4.2], "texture": "#1"},
				"up": {"uv": [0.8, 0.8, 4.2, 4.2], "rotation": 270, "texture": "#1"},
				"down": {"uv": [0.8, 0.8, 4.2, 4.2], "rotation": 90, "texture": "#1"}
			}
		},
		{
			"name": "octagon",
			"from": [13.98349, 5.19, 6.03737],
			"to": [13.98349, 5.59533, 8.63513],
			"rotation": {"angle": 22.5, "axis": "y", "origin": [8.177, 5.39266, 8]},
			"faces": {
				"north": {"uv": [0.8, 0.8, 4.2, 4.2], "texture": "#1"},
				"east": {"uv": [0.8, 0.8, 4.2, 4.2], "texture": "#1"},
				"south": {"uv": [0.8, 0.8, 4.2, 4.2], "texture": "#1"},
				"west": {"uv": [0.8, 0.8, 4.2, 4.2], "texture": "#1"},
				"up": {"uv": [0.8, 0.8, 4.2, 4.2], "rotation": 270, "texture": "#1"},
				"down": {"uv": [0.8, 0.8, 4.2, 4.2], "rotation": 90, "texture": "#1"}
			}
		},
		{
			"name": "octagon",
			"from": [13.98349, 5.19, 9.57737],
			"to": [13.98349, 5.59533, 10.84763],
			"rotation": {"angle": 22.5, "axis": "y", "origin": [8.177, 5.39266, 8]},
			"faces": {
				"north": {"uv": [0.8, 0.8, 4.2, 4.2], "texture": "#1"},
				"east": {"uv": [0.8, 0.8, 4.2, 4.2], "texture": "#1"},
				"south": {"uv": [0.8, 0.8, 4.2, 4.2], "texture": "#1"},
				"west": {"uv": [0.8, 0.8, 4.2, 4.2], "texture": "#1"},
				"up": {"uv": [0.8, 0.8, 4.2, 4.2], "rotation": 270, "texture": "#1"},
				"down": {"uv": [0.8, 0.8, 4.2, 4.2], "rotation": 90, "texture": "#1"}
			}
		},
		{
			"name": "octagon",
			"from": [14.89415, 6.49661, 5.32764],
			"to": [14.89415, 7.04531, 8.01736],
			"rotation": {"angle": 45, "axis": "y", "origin": [8.4425, 6.77096, 8]},
			"faces": {
				"north": {"uv": [0.8, 4.2, 4.2, 0.8], "texture": "#1"},
				"east": {"uv": [0.8, 4.2, 4.2, 0.8], "texture": "#1"},
				"south": {"uv": [0.8, 4.2, 4.2, 0.8], "texture": "#1"},
				"west": {"uv": [0.8, 4.2, 4.2, 0.8], "texture": "#1"},
				"up": {"uv": [0.8, 4.2, 4.2, 0.8], "rotation": 270, "texture": "#1"},
				"down": {"uv": [0.8, 4.2, 4.2, 0.8], "rotation": 90, "texture": "#1"}
			}
		},
		{
			"name": "octagon",
			"from": [14.89415, 6.49661, 9.31014],
			"to": [14.89415, 7.04531, 10.67236],
			"rotation": {"angle": 45, "axis": "y", "origin": [8.4425, 6.77096, 8]},
			"faces": {
				"north": {"uv": [0.8, 4.2, 4.2, 0.8], "texture": "#1"},
				"east": {"uv": [0.8, 4.2, 4.2, 0.8], "texture": "#1"},
				"south": {"uv": [0.8, 4.2, 4.2, 0.8], "texture": "#1"},
				"west": {"uv": [0.8, 4.2, 4.2, 0.8], "texture": "#1"},
				"up": {"uv": [0.8, 4.2, 4.2, 0.8], "rotation": 270, "texture": "#1"},
				"down": {"uv": [0.8, 4.2, 4.2, 0.8], "rotation": 90, "texture": "#1"}
			}
		},
		{
			"name": "octagon",
			"from": [5.91572, 7.91615, 0.8315],
			"to": [8.75678, 8.62415, 0.8315],
			"rotation": {"angle": -22.5, "axis": "y", "origin": [8.885, 8.27015, 8]},
			"faces": {
				"north": {"uv": [0.8, 4.2, 4.2, 0.8], "texture": "#1"},
				"east": {"uv": [0.8, 4.2, 4.2, 0.8], "texture": "#1"},
				"south": {"uv": [0.8, 4.2, 4.2, 0.8], "texture": "#1"},
				"west": {"uv": [0.8, 4.2, 4.2, 0.8], "texture": "#1"},
				"up": {"uv": [0.8, 4.2, 4.2, 0.8], "rotation": 180, "texture": "#1"},
				"down": {"uv": [0.8, 4.2, 4.2, 0.8], "rotation": 180, "texture": "#1"}
			}
		},
		{
			"name": "octagon",
			"from": [10.34072, 7.91615, 0.8315],
			"to": [11.41178, 8.62415, 0.8315],
			"rotation": {"angle": -22.5, "axis": "y", "origin": [8.885, 8.27015, 8]},
			"faces": {
				"north": {"uv": [0.8, 4.2, 4.2, 0.8], "texture": "#1"},
				"east": {"uv": [0.8, 4.2, 4.2, 0.8], "texture": "#1"},
				"south": {"uv": [0.8, 4.2, 4.2, 0.8], "texture": "#1"},
				"west": {"uv": [0.8, 4.2, 4.2, 0.8], "texture": "#1"},
				"up": {"uv": [0.8, 4.2, 4.2, 0.8], "rotation": 180, "texture": "#1"},
				"down": {"uv": [0.8, 4.2, 4.2, 0.8], "rotation": 180, "texture": "#1"}
			}
		},
		{
			"name": "octagon",
			"from": [5.14329, 9.47375, -0.4075],
			"to": [8.64421, 10.35875, -0.4075],
			"rotation": {"angle": 0, "axis": "y", "origin": [8, 9.91625, 7.5575]},
			"faces": {
				"north": {"uv": [0.8, 4.2, 4.2, 0.8], "texture": "#1"},
				"east": {"uv": [0.8, 4.2, 4.2, 0.8], "texture": "#1"},
				"south": {"uv": [0.8, 4.2, 4.2, 0.8], "texture": "#1"},
				"west": {"uv": [0.8, 4.2, 4.2, 0.8], "texture": "#1"},
				"up": {"uv": [0.8, 4.2, 4.2, 0.8], "rotation": 180, "texture": "#1"},
				"down": {"uv": [0.8, 4.2, 4.2, 0.8], "rotation": 180, "texture": "#1"}
			}
		},
		{
			"name": "octagon",
			"from": [4.11669, 9.47375, 16.44724],
			"to": [5.40511, 10.35875, 16.44724],
			"rotation": {"angle": 0, "axis": "y", "origin": [5.0972, 5.38063, 8.28537]},
			"faces": {
				"north": {"uv": [0.8, 4.2, 4.2, 0.8], "texture": "#1"},
				"east": {"uv": [0.8, 4.2, 4.2, 0.8], "texture": "#1"},
				"south": {"uv": [0.8, 4.2, 4.2, 0.8], "texture": "#1"},
				"west": {"uv": [0.8, 4.2, 4.2, 0.8], "texture": "#1"},
				"up": {"uv": [0.8, 4.2, 4.2, 0.8], "texture": "#1"},
				"down": {"uv": [0.8, 4.2, 4.2, 0.8], "texture": "#1"}
			}
		},
		{
			"name": "octagon",
			"from": [-1.26602, 0.4025, 1.97501],
			"to": [-1.26602, 1.2875, 4.23693],
			"rotation": {"angle": -45, "axis": "y", "origin": [5.0972, 5.38063, 8.28537]},
			"faces": {
				"north": {"uv": [0.8, 0.8, 4.2, 4.2], "texture": "#1"},
				"east": {"uv": [0.8, 0.8, 4.2, 4.2], "texture": "#1"},
				"south": {"uv": [0.8, 0.8, 4.2, 4.2], "texture": "#1"},
				"west": {"uv": [0.8, 0.8, 4.2, 4.2], "texture": "#1"},
				"up": {"uv": [0.8, 0.8, 4.2, 4.2], "rotation": 90, "texture": "#1"},
				"down": {"uv": [0.8, 0.8, 4.2, 4.2], "rotation": 270, "texture": "#1"}
			}
		},
		{
			"name": "octagon",
			"from": [-1.26602, 0.4025, 5.07251],
			"to": [-1.26602, 1.2875, 9.10443],
			"rotation": {"angle": -45, "axis": "y", "origin": [5.0972, 5.38063, 8.28537]},
			"faces": {
				"north": {"uv": [0.8, 0.8, 4.2, 4.2], "texture": "#1"},
				"east": {"uv": [0.8, 0.8, 4.2, 4.2], "texture": "#1"},
				"south": {"uv": [0.8, 0.8, 4.2, 4.2], "texture": "#1"},
				"west": {"uv": [0.8, 0.8, 4.2, 4.2], "texture": "#1"},
				"up": {"uv": [0.8, 0.8, 4.2, 4.2], "rotation": 90, "texture": "#1"},
				"down": {"uv": [0.8, 0.8, 4.2, 4.2], "rotation": 270, "texture": "#1"}
			}
		},
		{
			"name": "octagon",
			"from": [1.22975, 3.71594, 4.92487],
			"to": [1.22975, 4.26464, 6.7296],
			"rotation": {"angle": 0, "axis": "y", "origin": [5.0972, 5.38063, 8.28537]},
			"faces": {
				"north": {"uv": [0.8, 0.8, 4.2, 4.2], "texture": "#1"},
				"east": {"uv": [0.8, 0.8, 4.2, 4.2], "texture": "#1"},
				"south": {"uv": [0.8, 0.8, 4.2, 4.2], "texture": "#1"},
				"west": {"uv": [0.8, 0.8, 4.2, 4.2], "texture": "#1"},
				"up": {"uv": [0.8, 0.8, 4.2, 4.2], "rotation": 90, "texture": "#1"},
				"down": {"uv": [0.8, 0.8, 4.2, 4.2], "rotation": 270, "texture": "#1"}
			}
		},
		{
			"name": "octagon",
			"from": [1.7722, 5.19, 8.41224],
			"to": [1.7722, 5.59533, 11.00999],
			"rotation": {"angle": 22.5, "axis": "y", "origin": [5.0972, 5.38063, 8.28537]},
			"faces": {
				"north": {"uv": [0.8, 0.8, 4.2, 4.2], "texture": "#1"},
				"east": {"uv": [0.8, 0.8, 4.2, 4.2], "texture": "#1"},
				"south": {"uv": [0.8, 0.8, 4.2, 4.2], "texture": "#1"},
				"west": {"uv": [0.8, 0.8, 4.2, 4.2], "texture": "#1"},
				"up": {"uv": [0.8, 0.8, 4.2, 4.2], "rotation": 90, "texture": "#1"},
				"down": {"uv": [0.8, 0.8, 4.2, 4.2], "rotation": 270, "texture": "#1"}
			}
		},
		{
			"name": "octagon",
			"from": [1.7722, 5.19, 6.19974],
			"to": [1.7722, 5.59533, 7.46999],
			"rotation": {"angle": 22.5, "axis": "y", "origin": [5.0972, 5.38063, 8.28537]},
			"faces": {
				"north": {"uv": [0.8, 0.8, 4.2, 4.2], "texture": "#1"},
				"east": {"uv": [0.8, 0.8, 4.2, 4.2], "texture": "#1"},
				"south": {"uv": [0.8, 0.8, 4.2, 4.2], "texture": "#1"},
				"west": {"uv": [0.8, 0.8, 4.2, 4.2], "texture": "#1"},
				"up": {"uv": [0.8, 0.8, 4.2, 4.2], "rotation": 90, "texture": "#1"},
				"down": {"uv": [0.8, 0.8, 4.2, 4.2], "rotation": 270, "texture": "#1"}
			}
		},
		{
			"name": "octagon",
			"from": [6.54572, 6.49661, 12.92376],
			"to": [9.23544, 7.04531, 12.92376],
			"rotation": {"angle": -45, "axis": "y", "origin": [5.0972, 5.38063, 8.28537]},
			"faces": {
				"north": {"uv": [0.8, 4.2, 4.2, 0.8], "texture": "#1"},
				"east": {"uv": [0.8, 4.2, 4.2, 0.8], "texture": "#1"},
				"south": {"uv": [0.8, 4.2, 4.2, 0.8], "texture": "#1"},
				"west": {"uv": [0.8, 4.2, 4.2, 0.8], "texture": "#1"},
				"up": {"uv": [0.8, 4.2, 4.2, 0.8], "texture": "#1"},
				"down": {"uv": [0.8, 4.2, 4.2, 0.8], "texture": "#1"}
			}
		},
		{
			"name": "octagon",
			"from": [3.89072, 6.49661, 12.92376],
			"to": [5.25294, 7.04531, 12.92376],
			"rotation": {"angle": -45, "axis": "y", "origin": [5.0972, 5.38063, 8.28537]},
			"faces": {
				"north": {"uv": [0.8, 4.2, 4.2, 0.8], "texture": "#1"},
				"east": {"uv": [0.8, 4.2, 4.2, 0.8], "texture": "#1"},
				"south": {"uv": [0.8, 4.2, 4.2, 0.8], "texture": "#1"},
				"west": {"uv": [0.8, 4.2, 4.2, 0.8], "texture": "#1"},
				"up": {"uv": [0.8, 4.2, 4.2, 0.8], "texture": "#1"},
				"down": {"uv": [0.8, 4.2, 4.2, 0.8], "texture": "#1"}
			}
		},
		{
			"name": "octagon",
			"from": [6.8648, 7.91615, 14.50894],
			"to": [9.70586, 8.62415, 14.50894],
			"rotation": {"angle": -22.5, "axis": "y", "origin": [5.0972, 5.38063, 8.28537]},
			"faces": {
				"north": {"uv": [0.8, 4.2, 4.2, 0.8], "texture": "#1"},
				"east": {"uv": [0.8, 4.2, 4.2, 0.8], "texture": "#1"},
				"south": {"uv": [0.8, 4.2, 4.2, 0.8], "texture": "#1"},
				"west": {"uv": [0.8, 4.2, 4.2, 0.8], "texture": "#1"},
				"up": {"uv": [0.8, 4.2, 4.2, 0.8], "texture": "#1"},
				"down": {"uv": [0.8, 4.2, 4.2, 0.8], "texture": "#1"}
			}
		},
		{
			"name": "octagon",
			"from": [4.2098, 7.91615, 14.50894],
			"to": [5.28086, 8.62415, 14.50894],
			"rotation": {"angle": -22.5, "axis": "y", "origin": [5.0972, 5.38063, 8.28537]},
			"faces": {
				"north": {"uv": [0.8, 4.2, 4.2, 0.8], "texture": "#1"},
				"east": {"uv": [0.8, 4.2, 4.2, 0.8], "texture": "#1"},
				"south": {"uv": [0.8, 4.2, 4.2, 0.8], "texture": "#1"},
				"west": {"uv": [0.8, 4.2, 4.2, 0.8], "texture": "#1"},
				"up": {"uv": [0.8, 4.2, 4.2, 0.8], "texture": "#1"},
				"down": {"uv": [0.8, 4.2, 4.2, 0.8], "texture": "#1"}
			}
		},
		{
			"name": "octagon",
			"from": [7.21419, 9.47375, 16.44724],
			"to": [10.71511, 10.35875, 16.44724],
			"rotation": {"angle": 0, "axis": "y", "origin": [5.0972, 5.38063, 8.28537]},
			"faces": {
				"north": {"uv": [0.8, 4.2, 4.2, 0.8], "texture": "#1"},
				"east": {"uv": [0.8, 4.2, 4.2, 0.8], "texture": "#1"},
				"south": {"uv": [0.8, 4.2, 4.2, 0.8], "texture": "#1"},
				"west": {"uv": [0.8, 4.2, 4.2, 0.8], "texture": "#1"},
				"up": {"uv": [0.8, 4.2, 4.2, 0.8], "texture": "#1"},
				"down": {"uv": [0.8, 4.2, 4.2, 0.8], "texture": "#1"}
			}
		},
		{
			"name": "octagon",
			"from": [0.8315, 2.1371, 7.24322],
			"to": [0.8315, 2.8451, 10.52678],
			"rotation": {"angle": -22.5, "axis": "y", "origin": [8, 2.4911, 7.5575]},
			"faces": {
				"north": {"uv": [0.8, 0.8, 4.2, 4.2], "texture": "#1"},
				"east": {"uv": [0.8, 0.8, 4.2, 4.2], "texture": "#1"},
				"south": {"uv": [0.8, 0.8, 4.2, 4.2], "texture": "#1"},
				"west": {"uv": [0.8, 0.8, 4.2, 4.2], "texture": "#1"},
				"up": {"uv": [0.8, 0.8, 4.2, 4.2], "rotation": 270, "texture": "#1"},
				"down": {"uv": [0.8, 0.8, 4.2, 4.2], "rotation": 90, "texture": "#1"}
			}
		},
		{
			"name": "octagon",
			"from": [0.8315, 2.1371, 4.58822],
			"to": [0.8315, 2.8451, 5.65928],
			"rotation": {"angle": -22.5, "axis": "y", "origin": [8, 2.4911, 7.5575]},
			"faces": {
				"north": {"uv": [0.8, 0.8, 4.2, 4.2], "texture": "#1"},
				"east": {"uv": [0.8, 0.8, 4.2, 4.2], "texture": "#1"},
				"south": {"uv": [0.8, 0.8, 4.2, 4.2], "texture": "#1"},
				"west": {"uv": [0.8, 0.8, 4.2, 4.2], "texture": "#1"},
				"up": {"uv": [0.8, 0.8, 4.2, 4.2], "rotation": 270, "texture": "#1"},
				"down": {"uv": [0.8, 0.8, 4.2, 4.2], "rotation": 90, "texture": "#1"}
			}
		},
		{
			"name": "octagon",
			"from": [1.22975, 3.71594, 8.02237],
			"to": [1.22975, 4.26464, 10.2696],
			"rotation": {"angle": 0, "axis": "y", "origin": [5.0972, 5.38063, 8.28537]},
			"faces": {
				"north": {"uv": [0.8, 0.8, 4.2, 4.2], "texture": "#1"},
				"east": {"uv": [0.8, 0.8, 4.2, 4.2], "texture": "#1"},
				"south": {"uv": [0.8, 0.8, 4.2, 4.2], "texture": "#1"},
				"west": {"uv": [0.8, 0.8, 4.2, 4.2], "texture": "#1"},
				"up": {"uv": [0.8, 0.8, 4.2, 4.2], "rotation": 90, "texture": "#1"},
				"down": {"uv": [0.8, 0.8, 4.2, 4.2], "rotation": 270, "texture": "#1"}
			}
		}
	],
	"display": {
		"ground": {
			"translation": [0, 13.25, 0],
			"scale": [0.93, 4, 4]
		}
	},
	"groups": [
		{
			"name": "octagon",
			"origin": [8, 8, 8],
			"color": 0,
			"children": [0, 1, 2, 3, 4, 5, 6, 7]
		},
		{
			"name": "octagon",
			"origin": [8, 8, 8],
			"color": 0,
			"children": [8, 9, 10, 11, 12, 13, 14, 15, 16, 17]
		},
		{
			"name": "octagon",
			"origin": [8, 8, 8],
			"color": 0,
			"children": [18, 19, 20, 21, 22, 23, 24, 25, 26]
		},
		{
			"name": "octagon",
			"origin": [8, 8, 8],
			"color": 0,
			"children": [27, 28, 29, 30, 31, 32, 33, 34]
		},
		{
			"name": "octagon",
			"origin": [8, 8, 8],
			"color": 0,
			"children": [35, 36, 37, 38, 39, 40, 41, 42]
		},
		{
			"name": "octagon",
			"origin": [8, 8, 8],
			"color": 0,
			"children": [43, 44, 45, 46, 47, 48, 49, 50]
		},
		{
			"name": "octagon",
			"origin": [8, 8, 8],
			"color": 0,
			"children": [51, 52, 53, 54, 55, 56, 57, 58]
		},
		{
			"name": "octagon",
			"origin": [9.56, 3.0625, 7.86123],
			"color": 0,
			"children": [59, 60, 61, 62, 63, 64, 65, 66, 67, 68, 69]
		},
		{
			"name": "octagon",
			"origin": [9.56, 3.0625, 7.86123],
			"color": 0,
			"children": [70, 71, 72, 73, 74, 75, 76, 77, 78, 79, 80, 81, 82, 83]
		}
	]
}