{
	"credit": "Made with Blockbench",
	"texture_size": [32, 32],
	"textures": {
		"0": "item/models/hammer",
		"particle": "item/models/hammer"
	},
	"elements": [
		{
			"from": [7, 0, 7],
			"to": [9, 23, 9],
			"faces": {
				"north": {"uv": [0, 0, 1, 11.5], "texture": "#0"},
				"east": {"uv": [0, 0, 1, 11.5], "texture": "#0"},
				"south": {"uv": [0, 0, 1, 11.5], "texture": "#0"},
				"west": {"uv": [0, 0, 1, 11.5], "texture": "#0"},
				"up": {"uv": [1, 12.5, 0, 11.5], "texture": "#0"},
				"down": {"uv": [1, 11.5, 0, 12.5], "texture": "#0"}
			}
		},
		{
			"from": [5, 16, 4],
			"to": [11, 22, 12],
			"faces": {
				"north": {"uv": [11, 0, 14, 3], "texture": "#0"},
				"east": {"uv": [1, 0, 5, 3], "texture": "#0"},
				"south": {"uv": [11, 0, 14, 3], "texture": "#0"},
				"west": {"uv": [5, 0, 1, 3], "texture": "#0"},
				"up": {"uv": [11, 4, 8, 0], "texture": "#0"},
				"down": {"uv": [8, 0, 5, 4], "texture": "#0"}
			}
		},
		{
			"from": [4.5, 15.5, 0],
			"to": [11.5, 22.5, 4],
			"faces": {
				"north": {"uv": [1, 4, 4.5, 7.5], "texture": "#0"},
				"east": {"uv": [4.5, 7.5, 6.5, 11], "texture": "#0"},
				"south": {"uv": [4.5, 4, 8, 7.5], "texture": "#0"},
				"west": {"uv": [6.5, 7.5, 4.5, 11], "texture": "#0"},
				"up": {"uv": [4.5, 9.5, 1, 7.5], "texture": "#0"},
				"down": {"uv": [4.5, 9.5, 1, 11.5], "texture": "#0"}
			}
		},
		{
			"from": [4.5, 15.5, 12],
			"to": [11.5, 22.5, 16],
			"rotation": {"angle": 0, "axis": "y", "origin": [16, 0, 16]},
			"faces": {
				"north": {"uv": [4.5, 4, 8, 7.5], "texture": "#0"},
				"east": {"uv": [6.5, 7.5, 4.5, 11], "texture": "#0"},
				"south": {"uv": [1, 4, 4.5, 7.5], "texture": "#0"},
				"west": {"uv": [4.5, 7.5, 6.5, 11], "texture": "#0"},
				"up": {"uv": [4.5, 7.5, 1, 9.5], "texture": "#0"},
				"down": {"uv": [1, 11.5, 4.5, 9.5], "texture": "#0"}
			}
		}
	],
	"display": {
		"thirdperson_righthand": {
			"translation": [0, -0.25, 2],
			"scale": [0.8, 0.8, 0.8]
		},
		"firstperson_righthand": {
			"rotation": [-11, 7, 0],
			"translation": [0, -1.25, 0],
			"scale": [0.6, 0.6, 0.6]
		},
		"ground": {
			"rotation": [0, 0, 89],
			"scale": [0.6, 0.6, 0.6]
		},
		"gui": {
			"rotation": [90, 45, -90],
			"translation": [-3, -2.5, 0],
			"scale": [0.8, 0.8, 0.8]
		},
		"fixed": {
			"rotation": [0, 90, 0]
		}
	}
}