{
	"textures": {
		"0": "animated_java:item/karakuri_aj/karakuri"
	},
	"display": {
		"head": {
			"rotation": [0, 180, 0]
		}
	},
	"elements": [
		{
			"from": [5.60878, 4.85219, 3.80051],
			"to": [10.39122, 8.47379, 8.64755],
			"rotation": {
				"angle": 0,
				"axis": "y",
				"origin": [10.43936, 7.04155, -8.89493]
			},
			"faces": {
				"north": {
					"uv": [1.3125, 3.5625, 1.875, 4],
					"texture": "#0"
				},
				"east": {
					"uv": [0.75, 3.5625, 1.3125, 4],
					"texture": "#0"
				},
				"south": {
					"uv": [2.4375, 3.5625, 3, 4],
					"texture": "#0"
				},
				"west": {
					"uv": [1.875, 3.5625, 2.4375, 4],
					"texture": "#0"
				},
				"up": {
					"uv": [1.875, 3.5625, 1.3125, 3],
					"texture": "#0"
				},
				"down": {
					"uv": [2.4375, 3, 1.875, 3.5625],
					"texture": "#0"
				}
			}
		},
		{
			"from": [7.10878, 5.35219, 1.80051],
			"to": [8.64122, 6.97379, 3.80051],
			"rotation": {
				"angle": 0,
				"axis": "y",
				"origin": [10.43936, 6.54155, -8.89493]
			},
			"faces": {
				"north": {
					"uv": [9.5, 1.75, 9.6875, 1.9375],
					"texture": "#0"
				},
				"east": {
					"uv": [9.25, 1.75, 9.5, 1.9375],
					"texture": "#0"
				},
				"south": {
					"uv": [9.9375, 1.75, 10.125, 1.9375],
					"texture": "#0"
				},
				"west": {
					"uv": [9.6875, 1.75, 9.9375, 1.9375],
					"texture": "#0"
				},
				"up": {
					"uv": [9.6875, 1.75, 9.5, 1.5],
					"texture": "#0"
				},
				"down": {
					"uv": [9.875, 1.5, 9.6875, 1.75],
					"texture": "#0"
				}
			}
		},
		{
			"from": [6.07878, 5.10219, 8.58551],
			"to": [9.92122, 7.72379, 10.84755],
			"rotation": {
				"angle": 0,
				"axis": "y",
				"origin": [10.43936, 7.04155, -6.69493]
			},
			"faces": {
				"north": {
					"uv": [0.25, 7.6875, 0.6875, 8],
					"texture": "#0"
				},
				"east": {
					"uv": [0, 7.6875, 0.25, 8],
					"texture": "#0"
				},
				"south": {
					"uv": [0.9375, 7.6875, 1.375, 8],
					"texture": "#0"
				},
				"west": {
					"uv": [0.6875, 7.6875, 0.9375, 8],
					"texture": "#0"
				},
				"up": {
					"uv": [0.6875, 7.6875, 0.25, 7.4375],
					"texture": "#0"
				},
				"down": {
					"uv": [1.125, 7.4375, 0.6875, 7.6875],
					"texture": "#0"
				}
			}
		},
		{
			"from": [6.42518, 7.72379, 3.90051],
			"to": [9.57482, 9.44019, 10.80051],
			"rotation": {
				"angle": 0,
				"axis": "y",
				"origin": [8, 8.58199, 7.35051]
			},
			"faces": {
				"north": {
					"uv": [1.5625, 2.8125, 1.9375, 3],
					"texture": "#0"
				},
				"east": {
					"uv": [0.75, 2.8125, 1.5625, 3],
					"texture": "#0"
				},
				"south": {
					"uv": [2.75, 2.8125, 3.125, 3],
					"texture": "#0"
				},
				"west": {
					"uv": [1.9375, 2.8125, 2.75, 3],
					"texture": "#0"
				},
				"up": {
					"uv": [1.9375, 2.8125, 1.5625, 2],
					"texture": "#0"
				},
				"down": {
					"uv": [2.3125, 2, 1.9375, 2.8125],
					"texture": "#0"
				}
			}
		},
		{
			"from": [6.67518, 8.72379, 4.15051],
			"to": [9.32482, 10.44019, 7.80051],
			"rotation": {
				"angle": -22.5,
				"axis": "x",
				"origin": [8, 9.58199, 7.35051]
			},
			"faces": {
				"north": {
					"uv": [6.8125, 4.3125, 7.125, 4.5],
					"texture": "#0"
				},
				"east": {
					"uv": [6.375, 4.3125, 6.8125, 4.5],
					"texture": "#0"
				},
				"south": {
					"uv": [7.5625, 4.3125, 7.875, 4.5],
					"texture": "#0"
				},
				"west": {
					"uv": [7.125, 4.3125, 7.5625, 4.5],
					"texture": "#0"
				},
				"up": {
					"uv": [7.125, 4.3125, 6.8125, 3.875],
					"texture": "#0"
				},
				"down": {
					"uv": [7.4375, 3.875, 7.125, 4.3125],
					"texture": "#0"
				}
			}
		},
		{
			"from": [6.70018, 8.1976, 7.00518],
			"to": [9.29982, 9.914, 10.55518],
			"rotation": {
				"angle": 22.5,
				"axis": "x",
				"origin": [8, 9.0558, 8.83018]
			},
			"faces": {
				"north": {
					"uv": [6.8125, 5.875, 7.125, 6.0625],
					"texture": "#0"
				},
				"east": {
					"uv": [6.375, 5.875, 6.8125, 6.0625],
					"texture": "#0"
				},
				"south": {
					"uv": [7.5625, 5.875, 7.875, 6.0625],
					"texture": "#0"
				},
				"west": {
					"uv": [7.125, 5.875, 7.5625, 6.0625],
					"texture": "#0"
				},
				"up": {
					"uv": [7.125, 5.875, 6.8125, 5.4375],
					"texture": "#0"
				},
				"down": {
					"uv": [7.4375, 5.4375, 7.125, 5.875],
					"texture": "#0"
				}
			}
		},
		{
			"from": [6.50414, 3.56147, 4.05051],
			"to": [9.49586, 5.35219, 9.12255],
			"rotation": {
				"angle": 0,
				"axis": "y",
				"origin": [10.43936, 7.04155, -8.89493]
			},
			"faces": {
				"north": {
					"uv": [3.625, 4.5625, 3.9375, 4.75],
					"texture": "#0"
				},
				"east": {
					"uv": [3, 4.5625, 3.625, 4.75],
					"texture": "#0"
				},
				"south": {
					"uv": [4.5625, 4.5625, 4.875, 4.75],
					"texture": "#0"
				},
				"west": {
					"uv": [3.9375, 4.5625, 4.5625, 4.75],
					"texture": "#0"
				},
				"up": {
					"uv": [3.9375, 4.5625, 3.625, 3.9375],
					"texture": "#0"
				},
				"down": {
					"uv": [4.25, 3.9375, 3.9375, 4.5625],
					"texture": "#0"
				}
			}
		},
		{
			"from": [6.80414, 4.21147, 9.11551],
			"to": [9.19586, 5.10219, 10.84755],
			"rotation": {
				"angle": 0,
				"axis": "y",
				"origin": [10.43936, 7.04155, -4.32993]
			},
			"faces": {
				"north": {
					"uv": [9.5625, 7.5, 9.8125, 7.5625],
					"texture": "#0"
				},
				"east": {
					"uv": [9.375, 7.5, 9.5625, 7.5625],
					"texture": "#0"
				},
				"south": {
					"uv": [10, 7.5, 10.25, 7.5625],
					"texture": "#0"
				},
				"west": {
					"uv": [9.8125, 7.5, 10, 7.5625],
					"texture": "#0"
				},
				"up": {
					"uv": [9.8125, 7.5, 9.5625, 7.3125],
					"texture": "#0"
				},
				"down": {
					"uv": [10.0625, 7.3125, 9.8125, 7.5],
					"texture": "#0"
				}
			}
		},
		{
			"from": [7.67768, 7.97379, 4.85247],
			"to": [8.32232, 11.93769, 5.71151],
			"rotation": {
				"angle": 22.5,
				"axis": "x",
				"origin": [8, 9.95574, 5.28199]
			},
			"faces": {
				"north": {
					"uv": [5.8125, 8.6875, 5.875, 9.125],
					"texture": "#0"
				},
				"east": {
					"uv": [5.75, 8.6875, 5.8125, 9.125],
					"texture": "#0"
				},
				"south": {
					"uv": [5.9375, 8.6875, 6, 9.125],
					"texture": "#0"
				},
				"west": {
					"uv": [5.875, 8.6875, 5.9375, 9.125],
					"texture": "#0"
				},
				"up": {
					"uv": [5.875, 8.6875, 5.8125, 8.625],
					"texture": "#0"
				},
				"down": {
					"uv": [5.9375, 8.625, 5.875, 8.6875],
					"texture": "#0"
				}
			}
		},
		{
			"from": [7.67768, 7.97379, 6.85247],
			"to": [8.32232, 11.93769, 7.71151],
			"rotation": {
				"angle": 22.5,
				"axis": "x",
				"origin": [8, 9.95574, 7.28199]
			},
			"faces": {
				"north": {
					"uv": [1.9375, 9.5, 2, 9.9375],
					"texture": "#0"
				},
				"east": {
					"uv": [1.875, 9.5, 1.9375, 9.9375],
					"texture": "#0"
				},
				"south": {
					"uv": [2.0625, 9.5, 2.125, 9.9375],
					"texture": "#0"
				},
				"west": {
					"uv": [2, 9.5, 2.0625, 9.9375],
					"texture": "#0"
				},
				"up": {
					"uv": [2, 9.5, 1.9375, 9.4375],
					"texture": "#0"
				},
				"down": {
					"uv": [2.0625, 9.4375, 2, 9.5],
					"texture": "#0"
				}
			}
		},
		{
			"from": [7.67768, 7.97379, 8.85247],
			"to": [8.32232, 11.93769, 9.71151],
			"rotation": {
				"angle": 22.5,
				"axis": "x",
				"origin": [8, 9.95574, 9.28199]
			},
			"faces": {
				"north": {
					"uv": [7.8125, 9.5, 7.875, 9.9375],
					"texture": "#0"
				},
				"east": {
					"uv": [7.75, 9.5, 7.8125, 9.9375],
					"texture": "#0"
				},
				"south": {
					"uv": [7.9375, 9.5, 8, 9.9375],
					"texture": "#0"
				},
				"west": {
					"uv": [7.875, 9.5, 7.9375, 9.9375],
					"texture": "#0"
				},
				"up": {
					"uv": [7.875, 9.5, 7.8125, 9.4375],
					"texture": "#0"
				},
				"down": {
					"uv": [7.9375, 9.4375, 7.875, 9.5],
					"texture": "#0"
				}
			}
		}
	]
}