{
	"textures": {
		"0": "animated_java:item/karakuri_aj/karakuri"
	},
	"display": {
		"head": {
			"rotation": [0, 180, 0]
		}
	},
	"elements": [
		{
			"from": [6.62, 7.1365, 5.89737],
			"to": [9.38, 8.6865, 8.75737],
			"rotation": {
				"angle": 0,
				"axis": "y",
				"origin": [8, 8.89405, 8.10292]
			},
			"faces": {
				"north": {
					"uv": [8.0625, 6.9375, 8.375, 7.125],
					"texture": "#0"
				},
				"east": {
					"uv": [7.75, 6.9375, 8.0625, 7.125],
					"texture": "#0"
				},
				"south": {
					"uv": [8.6875, 6.9375, 9, 7.125],
					"texture": "#0"
				},
				"west": {
					"uv": [8.375, 6.9375, 8.6875, 7.125],
					"texture": "#0"
				},
				"up": {
					"uv": [8.375, 6.9375, 8.0625, 6.625],
					"texture": "#0"
				},
				"down": {
					"uv": [8.6875, 6.625, 8.375, 6.9375],
					"texture": "#0"
				}
			}
		},
		{
			"from": [6.8, 7.6865, 3.53237],
			"to": [9.2, 8.6865, 6.00737],
			"rotation": {
				"angle": 0,
				"axis": "y",
				"origin": [8, 9.09405, 7.00292]
			},
			"faces": {
				"north": {
					"uv": [8.625, 6.5, 8.875, 6.625],
					"texture": "#0"
				},
				"east": {
					"uv": [8.375, 6.5, 8.625, 6.625],
					"texture": "#0"
				},
				"south": {
					"uv": [9.125, 6.5, 9.375, 6.625],
					"texture": "#0"
				},
				"west": {
					"uv": [8.875, 6.5, 9.125, 6.625],
					"texture": "#0"
				},
				"up": {
					"uv": [8.875, 6.5, 8.625, 6.25],
					"texture": "#0"
				},
				"down": {
					"uv": [9.125, 6.25, 8.875, 6.5],
					"texture": "#0"
				}
			}
		},
		{
			"from": [7.4, 7.9365, 2.70737],
			"to": [8.6, 8.6865, 3.53237],
			"rotation": {
				"angle": 0,
				"axis": "y",
				"origin": [8, 9.09405, 7.00292]
			},
			"faces": {
				"north": {
					"uv": [6.6875, 3.5, 6.8125, 3.5625],
					"texture": "#0"
				},
				"east": {
					"uv": [6.625, 3.5, 6.6875, 3.5625],
					"texture": "#0"
				},
				"south": {
					"uv": [6.875, 3.5, 7, 3.5625],
					"texture": "#0"
				},
				"west": {
					"uv": [6.8125, 3.5, 6.875, 3.5625],
					"texture": "#0"
				},
				"up": {
					"uv": [6.8125, 3.5, 6.6875, 3.4375],
					"texture": "#0"
				},
				"down": {
					"uv": [6.9375, 3.4375, 6.8125, 3.5],
					"texture": "#0"
				}
			}
		},
		{
			"from": [7.1, 7.6865, 3.53237],
			"to": [8.9, 8.2865, 6.11737],
			"rotation": {
				"angle": 22.5,
				"axis": "x",
				"origin": [8, 7.7865, 4.35737]
			},
			"faces": {
				"north": {
					"uv": [2.75, 6.0625, 2.9375, 6.125],
					"texture": "#0"
				},
				"east": {
					"uv": [2.5, 6.0625, 2.75, 6.125],
					"texture": "#0"
				},
				"south": {
					"uv": [3.1875, 6.0625, 3.375, 6.125],
					"texture": "#0"
				},
				"west": {
					"uv": [2.9375, 6.0625, 3.1875, 6.125],
					"texture": "#0"
				},
				"up": {
					"uv": [2.9375, 6.0625, 2.75, 5.8125],
					"texture": "#0"
				},
				"down": {
					"uv": [3.125, 5.8125, 2.9375, 6.0625],
					"texture": "#0"
				}
			}
		}
	]
}