{
	"textures": {
		"0": "animated_java:item/karakuri_aj/karakuri"
	},
	"display": {
		"head": {
			"rotation": [0, 180, 0]
		}
	},
	"elements": [
		{
			"from": [7.1635, 4.67975, 9.11833],
			"to": [9.9355, 8.39975, 11.89033],
			"rotation": {
				"angle": 22.5,
				"axis": "x",
				"origin": [8.5297, 10.28868, 6.81276]
			},
			"faces": {
				"north": {
					"uv": [6.9375, 3, 7.25, 3.4375],
					"texture": "#0"
				},
				"east": {
					"uv": [6.625, 3, 6.9375, 3.4375],
					"texture": "#0"
				},
				"south": {
					"uv": [7.5625, 3, 7.875, 3.4375],
					"texture": "#0"
				},
				"west": {
					"uv": [7.25, 3, 7.5625, 3.4375],
					"texture": "#0"
				},
				"up": {
					"uv": [7.25, 3, 6.9375, 2.6875],
					"texture": "#0"
				},
				"down": {
					"uv": [7.5625, 2.6875, 7.25, 3],
					"texture": "#0"
				}
			}
		},
		{
			"from": [7.1635, 8.62811, 10.56638],
			"to": [9.5395, 9.34811, 12.54638],
			"rotation": {
				"angle": 22.5,
				"axis": "x",
				"origin": [8.5297, 13.28868, 6.81276]
			},
			"faces": {
				"north": {
					"uv": [9.5625, 6.25, 9.8125, 6.3125],
					"texture": "#0"
				},
				"east": {
					"uv": [9.375, 6.25, 9.5625, 6.3125],
					"texture": "#0"
				},
				"south": {
					"uv": [10, 6.25, 10.25, 6.3125],
					"texture": "#0"
				},
				"west": {
					"uv": [9.8125, 6.25, 10, 6.3125],
					"texture": "#0"
				},
				"up": {
					"uv": [9.8125, 6.25, 9.5625, 6.0625],
					"texture": "#0"
				},
				"down": {
					"uv": [10.0625, 6.0625, 9.8125, 6.25],
					"texture": "#0"
				}
			}
		},
		{
			"from": [7.1635, 1.22303, 6.82223],
			"to": [8.1355, 4.22303, 9.59423],
			"rotation": {
				"angle": 22.5,
				"axis": "x",
				"origin": [8.5297, 4.28868, 6.81276]
			},
			"faces": {
				"north": {
					"uv": [6.4375, 8.875, 6.5, 9.25],
					"texture": "#0"
				},
				"east": {
					"uv": [6.125, 8.875, 6.4375, 9.25],
					"texture": "#0"
				},
				"south": {
					"uv": [6.8125, 8.875, 6.875, 9.25],
					"texture": "#0"
				},
				"west": {
					"uv": [6.5, 8.875, 6.8125, 9.25],
					"texture": "#0"
				},
				"up": {
					"uv": [6.5, 8.875, 6.4375, 8.5625],
					"texture": "#0"
				},
				"down": {
					"uv": [6.5625, 8.5625, 6.5, 8.875],
					"texture": "#0"
				}
			}
		},
		{
			"from": [8.9635, 1.22303, 6.82223],
			"to": [9.9355, 4.22303, 9.59423],
			"rotation": {
				"angle": 22.5,
				"axis": "x",
				"origin": [10.3297, 4.28868, 6.81276]
			},
			"faces": {
				"north": {
					"uv": [5.3125, 8.9375, 5.375, 9.3125],
					"texture": "#0"
				},
				"east": {
					"uv": [5, 8.9375, 5.3125, 9.3125],
					"texture": "#0"
				},
				"south": {
					"uv": [5.6875, 8.9375, 5.75, 9.3125],
					"texture": "#0"
				},
				"west": {
					"uv": [5.375, 8.9375, 5.6875, 9.3125],
					"texture": "#0"
				},
				"up": {
					"uv": [5.375, 8.9375, 5.3125, 8.625],
					"texture": "#0"
				},
				"down": {
					"uv": [5.4375, 8.625, 5.375, 8.9375],
					"texture": "#0"
				}
			}
		}
	]
}