{
	"textures": {
		"0": "animated_java:item/karakuri_aj/karakuri"
	},
	"display": {
		"head": {
			"rotation": [0, 180, 0]
		}
	},
	"elements": [
		{
			"from": [6.46855, 8.65315, 6.83109],
			"to": [8.84455, 9.37315, 8.81109],
			"rotation": {
				"angle": 22.5,
				"axis": "x",
				"origin": [7.47835, 4.9988, 6.52162]
			},
			"faces": {
				"north": {
					"uv": [9.5625, 7.25, 9.8125, 7.3125],
					"texture": "#0"
				},
				"east": {
					"uv": [9.375, 7.25, 9.5625, 7.3125],
					"texture": "#0"
				},
				"south": {
					"uv": [10, 7.25, 10.25, 7.3125],
					"texture": "#0"
				},
				"west": {
					"uv": [9.8125, 7.25, 10, 7.3125],
					"texture": "#0"
				},
				"up": {
					"uv": [9.8125, 7.25, 9.5625, 7.0625],
					"texture": "#0"
				},
				"down": {
					"uv": [10.0625, 7.0625, 9.8125, 7.25],
					"texture": "#0"
				}
			}
		},
		{
			"from": [6.07255, 4.93315, 6.53109],
			"to": [8.84455, 8.65315, 9.30309],
			"rotation": {
				"angle": 22.5,
				"axis": "x",
				"origin": [7.47835, 4.9988, 6.52162]
			},
			"faces": {
				"north": {
					"uv": [4.0625, 7.1875, 4.375, 7.625],
					"texture": "#0"
				},
				"east": {
					"uv": [3.75, 7.1875, 4.0625, 7.625],
					"texture": "#0"
				},
				"south": {
					"uv": [4.6875, 7.1875, 5, 7.625],
					"texture": "#0"
				},
				"west": {
					"uv": [4.375, 7.1875, 4.6875, 7.625],
					"texture": "#0"
				},
				"up": {
					"uv": [4.375, 7.1875, 4.0625, 6.875],
					"texture": "#0"
				},
				"down": {
					"uv": [4.6875, 6.875, 4.375, 7.1875],
					"texture": "#0"
				}
			}
		},
		{
			"from": [7.87255, 1.93315, 6.53109],
			"to": [8.84455, 4.93315, 9.30309],
			"rotation": {
				"angle": 22.5,
				"axis": "x",
				"origin": [7.47835, 4.9988, 6.52162]
			},
			"faces": {
				"north": {
					"uv": [1.8125, 9.0625, 1.875, 9.4375],
					"texture": "#0"
				},
				"east": {
					"uv": [1.5, 9.0625, 1.8125, 9.4375],
					"texture": "#0"
				},
				"south": {
					"uv": [2.1875, 9.0625, 2.25, 9.4375],
					"texture": "#0"
				},
				"west": {
					"uv": [1.875, 9.0625, 2.1875, 9.4375],
					"texture": "#0"
				},
				"up": {
					"uv": [1.875, 9.0625, 1.8125, 8.75],
					"texture": "#0"
				},
				"down": {
					"uv": [1.9375, 8.75, 1.875, 9.0625],
					"texture": "#0"
				}
			}
		},
		{
			"from": [6.07255, 1.93315, 6.53109],
			"to": [7.04455, 4.93315, 9.30309],
			"rotation": {
				"angle": 22.5,
				"axis": "x",
				"origin": [5.67835, 4.9988, 6.52162]
			},
			"faces": {
				"north": {
					"uv": [9.0625, 8.8125, 9.125, 9.1875],
					"texture": "#0"
				},
				"east": {
					"uv": [8.75, 8.8125, 9.0625, 9.1875],
					"texture": "#0"
				},
				"south": {
					"uv": [9.4375, 8.8125, 9.5, 9.1875],
					"texture": "#0"
				},
				"west": {
					"uv": [9.125, 8.8125, 9.4375, 9.1875],
					"texture": "#0"
				},
				"up": {
					"uv": [9.125, 8.8125, 9.0625, 8.5],
					"texture": "#0"
				},
				"down": {
					"uv": [9.1875, 8.5, 9.125, 8.8125],
					"texture": "#0"
				}
			}
		}
	]
}