{
	"textures": {
		"0": "animated_java:item/karakuri_aj/karakuri"
	},
	"display": {
		"head": {
			"rotation": [0, 180, 0]
		}
	},
	"elements": [
		{
			"from": [6.80805, 5.54944, 8.17282],
			"to": [9.19195, 7.62664, 13.03936],
			"rotation": {
				"angle": 0,
				"axis": "y",
				"origin": [9.7636, 8.10303, -9.4211]
			},
			"faces": {
				"north": {
					"uv": [2.3125, 5.3125, 2.5625, 5.5625],
					"texture": "#0"
				},
				"east": {
					"uv": [1.75, 5.3125, 2.3125, 5.5625],
					"texture": "#0"
				},
				"south": {
					"uv": [3.125, 5.3125, 3.375, 5.5625],
					"texture": "#0"
				},
				"west": {
					"uv": [2.5625, 5.3125, 3.125, 5.5625],
					"texture": "#0"
				},
				"up": {
					"uv": [2.5625, 5.3125, 2.3125, 4.75],
					"texture": "#0"
				},
				"down": {
					"uv": [2.8125, 4.75, 2.5625, 5.3125],
					"texture": "#0"
				}
			}
		},
		{
			"from": [7.48805, 6.01208, 11.83454],
			"to": [8.51195, 7.12929, 17.10108],
			"rotation": {
				"angle": 0,
				"axis": "y",
				"origin": [8, 6.43422, 16.0947]
			},
			"faces": {
				"north": {
					"uv": [5.75, 3.5, 5.875, 3.625],
					"texture": "#0"
				},
				"east": {
					"uv": [5.125, 3.5, 5.75, 3.625],
					"texture": "#0"
				},
				"south": {
					"uv": [6.5, 3.5, 6.625, 3.625],
					"texture": "#0"
				},
				"west": {
					"uv": [5.875, 3.5, 6.5, 3.625],
					"texture": "#0"
				},
				"up": {
					"uv": [5.875, 3.5, 5.75, 2.875],
					"texture": "#0"
				},
				"down": {
					"uv": [6, 2.875, 5.875, 3.5],
					"texture": "#0"
				}
			}
		},
		{
			"from": [5.73805, 6.01208, 8.33454],
			"to": [6.76195, 7.12929, 13.60108],
			"rotation": {
				"angle": -45,
				"axis": "y",
				"origin": [6.25, 6.57069, 10.96781]
			},
			"faces": {
				"north": {
					"uv": [6, 2.5625, 6.125, 2.6875],
					"texture": "#0"
				},
				"east": {
					"uv": [5.375, 2.5625, 6, 2.6875],
					"texture": "#0"
				},
				"south": {
					"uv": [6.75, 2.5625, 6.875, 2.6875],
					"texture": "#0"
				},
				"west": {
					"uv": [6.125, 2.5625, 6.75, 2.6875],
					"texture": "#0"
				},
				"up": {
					"uv": [6.125, 2.5625, 6, 1.9375],
					"texture": "#0"
				},
				"down": {
					"uv": [6.25, 1.9375, 6.125, 2.5625],
					"texture": "#0"
				}
			}
		},
		{
			"from": [9.23805, 6.01208, 8.33454],
			"to": [10.26195, 7.12929, 13.60108],
			"rotation": {
				"angle": 45,
				"axis": "y",
				"origin": [9.75, 6.57069, 10.96781]
			},
			"faces": {
				"north": {
					"uv": [6, 5.3125, 6.125, 5.4375],
					"texture": "#0"
				},
				"east": {
					"uv": [5.375, 5.3125, 6, 5.4375],
					"texture": "#0"
				},
				"south": {
					"uv": [6.75, 5.3125, 6.875, 5.4375],
					"texture": "#0"
				},
				"west": {
					"uv": [6.125, 5.3125, 6.75, 5.4375],
					"texture": "#0"
				},
				"up": {
					"uv": [6.125, 5.3125, 6, 4.6875],
					"texture": "#0"
				},
				"down": {
					"uv": [6.25, 4.6875, 6.125, 5.3125],
					"texture": "#0"
				}
			}
		}
	]
}