{
	"textures": {
		"0": "animated_java:item/karakuri_aj/karakuri"
	},
	"display": {
		"head": {
			"rotation": [0, 180, 0]
		}
	},
	"elements": [
		{
			"from": [7.1712, 4.85547, 8.04559],
			"to": [8.82648, 5.49447, 11.76219],
			"rotation": {
				"angle": 0,
				"axis": "y",
				"origin": [9.81324, 7.27737, -9.10701]
			},
			"faces": {
				"north": {
					"uv": [8.3125, 3.625, 8.5, 3.6875],
					"texture": "#0"
				},
				"east": {
					"uv": [7.875, 3.625, 8.3125, 3.6875],
					"texture": "#0"
				},
				"south": {
					"uv": [8.9375, 3.625, 9.125, 3.6875],
					"texture": "#0"
				},
				"west": {
					"uv": [8.5, 3.625, 8.9375, 3.6875],
					"texture": "#0"
				},
				"up": {
					"uv": [8.5, 3.625, 8.3125, 3.1875],
					"texture": "#0"
				},
				"down": {
					"uv": [8.6875, 3.1875, 8.5, 3.625],
					"texture": "#0"
				}
			}
		},
		{
			"from": [6.7662, 5.46297, 8.04559],
			"to": [9.23148, 7.27697, 11.76219],
			"rotation": {
				"angle": 0,
				"axis": "y",
				"origin": [9.81324, 7.27737, -9.10701]
			},
			"faces": {
				"north": {
					"uv": [7.3125, 4.9375, 7.5625, 5.125],
					"texture": "#0"
				},
				"east": {
					"uv": [6.875, 4.9375, 7.3125, 5.125],
					"texture": "#0"
				},
				"south": {
					"uv": [8, 4.9375, 8.25, 5.125],
					"texture": "#0"
				},
				"west": {
					"uv": [7.5625, 4.9375, 8, 5.125],
					"texture": "#0"
				},
				"up": {
					"uv": [7.5625, 4.9375, 7.3125, 4.5],
					"texture": "#0"
				},
				"down": {
					"uv": [7.8125, 4.5, 7.5625, 4.9375],
					"texture": "#0"
				}
			}
		},
		{
			"from": [7.0362, 7.22297, 8.04559],
			"to": [8.96148, 7.95197, 11.76219],
			"rotation": {
				"angle": 0,
				"axis": "y",
				"origin": [9.81324, 7.27737, -9.10701]
			},
			"faces": {
				"north": {
					"uv": [8.3125, 4.125, 8.5, 4.1875],
					"texture": "#0"
				},
				"east": {
					"uv": [7.875, 4.125, 8.3125, 4.1875],
					"texture": "#0"
				},
				"south": {
					"uv": [8.9375, 4.125, 9.125, 4.1875],
					"texture": "#0"
				},
				"west": {
					"uv": [8.5, 4.125, 8.9375, 4.1875],
					"texture": "#0"
				},
				"up": {
					"uv": [8.5, 4.125, 8.3125, 3.6875],
					"texture": "#0"
				},
				"down": {
					"uv": [8.6875, 3.6875, 8.5, 4.125],
					"texture": "#0"
				}
			}
		},
		{
			"from": [7.52674, 7.39443, 8.98939],
			"to": [8.46594, 9.26843, 9.79939],
			"rotation": {
				"angle": 22.5,
				"axis": "x",
				"origin": [7.99634, 8.93143, 9.39439]
			},
			"faces": {
				"north": {
					"uv": [9.0625, 9.6875, 9.125, 9.875],
					"texture": "#0"
				},
				"east": {
					"uv": [9, 9.6875, 9.0625, 9.875],
					"texture": "#0"
				},
				"south": {
					"uv": [9.1875, 9.6875, 9.25, 9.875],
					"texture": "#0"
				},
				"west": {
					"uv": [9.125, 9.6875, 9.1875, 9.875],
					"texture": "#0"
				},
				"up": {
					"uv": [9.125, 9.6875, 9.0625, 9.625],
					"texture": "#0"
				},
				"down": {
					"uv": [9.1875, 9.625, 9.125, 9.6875],
					"texture": "#0"
				}
			}
		},
		{
			"from": [7.52674, 7.29443, 10.48939],
			"to": [8.46594, 9.16843, 11.29939],
			"rotation": {
				"angle": 22.5,
				"axis": "x",
				"origin": [7.99634, 8.83143, 10.89439]
			},
			"faces": {
				"north": {
					"uv": [9.3125, 9.6875, 9.375, 9.875],
					"texture": "#0"
				},
				"east": {
					"uv": [9.25, 9.6875, 9.3125, 9.875],
					"texture": "#0"
				},
				"south": {
					"uv": [9.4375, 9.6875, 9.5, 9.875],
					"texture": "#0"
				},
				"west": {
					"uv": [9.375, 9.6875, 9.4375, 9.875],
					"texture": "#0"
				},
				"up": {
					"uv": [9.375, 9.6875, 9.3125, 9.625],
					"texture": "#0"
				},
				"down": {
					"uv": [9.4375, 9.625, 9.375, 9.6875],
					"texture": "#0"
				}
			}
		},
		{
			"from": [7.37674, 5.62643, 9.10739],
			"to": [8.61594, 7.08643, 13.43139],
			"rotation": {
				"angle": 0,
				"axis": "y",
				"origin": [10.01234, 7.39243, -8.00661]
			},
			"faces": {
				"north": {
					"uv": [8.125, 1.375, 8.25, 1.5],
					"texture": "#0"
				},
				"east": {
					"uv": [7.625, 1.375, 8.125, 1.5],
					"texture": "#0"
				},
				"south": {
					"uv": [8.75, 1.375, 8.875, 1.5],
					"texture": "#0"
				},
				"west": {
					"uv": [8.25, 1.375, 8.75, 1.5],
					"texture": "#0"
				},
				"up": {
					"uv": [8.25, 1.375, 8.125, 0.875],
					"texture": "#0"
				},
				"down": {
					"uv": [8.375, 0.875, 8.25, 1.375],
					"texture": "#0"
				}
			}
		}
	]
}