{
	"textures": {
		"0": "animated_java:item/karakuri_aj/karakuri"
	},
	"display": {
		"head": {
			"rotation": [0, 180, 0]
		}
	},
	"elements": [
		{
			"from": [7.07965, 4.54785, 8.92075],
			"to": [8.91885, 5.25785, 12.99475],
			"rotation": {
				"angle": 0,
				"axis": "y",
				"origin": [10.01525, 7.23885, -8.44325]
			},
			"faces": {
				"north": {
					"uv": [7.5, 7.875, 7.6875, 7.9375],
					"texture": "#0"
				},
				"east": {
					"uv": [7, 7.875, 7.5, 7.9375],
					"texture": "#0"
				},
				"south": {
					"uv": [8.1875, 7.875, 8.375, 7.9375],
					"texture": "#0"
				},
				"west": {
					"uv": [7.6875, 7.875, 8.1875, 7.9375],
					"texture": "#0"
				},
				"up": {
					"uv": [7.6875, 7.875, 7.5, 7.375],
					"texture": "#0"
				},
				"down": {
					"uv": [7.875, 7.375, 7.6875, 7.875],
					"texture": "#0"
				}
			}
		},
		{
			"from": [6.92965, 7.12285, 8.92075],
			"to": [9.06885, 7.93285, 12.99475],
			"rotation": {
				"angle": 0,
				"axis": "y",
				"origin": [7.99925, 7.52785, 10.95775]
			},
			"faces": {
				"north": {
					"uv": [1.5, 6.9375, 1.75, 7],
					"texture": "#0"
				},
				"east": {
					"uv": [1, 6.9375, 1.5, 7],
					"texture": "#0"
				},
				"south": {
					"uv": [2.25, 6.9375, 2.5, 7],
					"texture": "#0"
				},
				"west": {
					"uv": [1.75, 6.9375, 2.25, 7],
					"texture": "#0"
				},
				"up": {
					"uv": [1.75, 6.9375, 1.5, 6.4375],
					"texture": "#0"
				},
				"down": {
					"uv": [2, 6.4375, 1.75, 6.9375],
					"texture": "#0"
				}
			}
		},
		{
			"from": [7.42965, 7.24085, 9.80275],
			"to": [8.56885, 9.56485, 10.61275],
			"rotation": {
				"angle": 22.5,
				"axis": "x",
				"origin": [7.99925, 8.77785, 10.20775]
			},
			"faces": {
				"north": {
					"uv": [7.9375, 4.25, 8.0625, 4.5],
					"texture": "#0"
				},
				"east": {
					"uv": [7.875, 4.25, 7.9375, 4.5],
					"texture": "#0"
				},
				"south": {
					"uv": [8.125, 4.25, 8.25, 4.5],
					"texture": "#0"
				},
				"west": {
					"uv": [8.0625, 4.25, 8.125, 4.5],
					"texture": "#0"
				},
				"up": {
					"uv": [8.0625, 4.25, 7.9375, 4.1875],
					"texture": "#0"
				},
				"down": {
					"uv": [8.1875, 4.1875, 8.0625, 4.25],
					"texture": "#0"
				}
			}
		},
		{
			"from": [7.42965, 7.24085, 11.55275],
			"to": [8.56885, 9.56485, 12.36275],
			"rotation": {
				"angle": 22.5,
				"axis": "x",
				"origin": [7.99925, 8.77785, 11.95775]
			},
			"faces": {
				"north": {
					"uv": [6.0625, 9.6875, 6.1875, 9.9375],
					"texture": "#0"
				},
				"east": {
					"uv": [6, 9.6875, 6.0625, 9.9375],
					"texture": "#0"
				},
				"south": {
					"uv": [6.25, 9.6875, 6.375, 9.9375],
					"texture": "#0"
				},
				"west": {
					"uv": [6.1875, 9.6875, 6.25, 9.9375],
					"texture": "#0"
				},
				"up": {
					"uv": [6.1875, 9.6875, 6.0625, 9.625],
					"texture": "#0"
				},
				"down": {
					"uv": [6.3125, 9.625, 6.1875, 9.6875],
					"texture": "#0"
				}
			}
		},
		{
			"from": [6.62965, 5.22285, 8.92075],
			"to": [9.36885, 7.18285, 12.99475],
			"rotation": {
				"angle": 0,
				"axis": "y",
				"origin": [10.01525, 7.23885, -8.44325]
			},
			"faces": {
				"north": {
					"uv": [0.5, 5.375, 0.8125, 5.5625],
					"texture": "#0"
				},
				"east": {
					"uv": [0, 5.375, 0.5, 5.5625],
					"texture": "#0"
				},
				"south": {
					"uv": [1.3125, 5.375, 1.625, 5.5625],
					"texture": "#0"
				},
				"west": {
					"uv": [0.8125, 5.375, 1.3125, 5.5625],
					"texture": "#0"
				},
				"up": {
					"uv": [0.8125, 5.375, 0.5, 4.875],
					"texture": "#0"
				},
				"down": {
					"uv": [1.125, 4.875, 0.8125, 5.375],
					"texture": "#0"
				}
			}
		},
		{
			"from": [7.37965, 5.47285, 8.17075],
			"to": [8.61885, 6.93285, 14.24475],
			"rotation": {
				"angle": 0,
				"axis": "y",
				"origin": [10.01525, 7.23885, -8.44325]
			},
			"faces": {
				"north": {
					"uv": [0.75, 4.75, 0.875, 4.875],
					"texture": "#0"
				},
				"east": {
					"uv": [0, 4.75, 0.75, 4.875],
					"texture": "#0"
				},
				"south": {
					"uv": [1.625, 4.75, 1.75, 4.875],
					"texture": "#0"
				},
				"west": {
					"uv": [0.875, 4.75, 1.625, 4.875],
					"texture": "#0"
				},
				"up": {
					"uv": [0.875, 4.75, 0.75, 4],
					"texture": "#0"
				},
				"down": {
					"uv": [1, 4, 0.875, 4.75],
					"texture": "#0"
				}
			}
		}
	]
}