{
	"textures": {
		"0": "animated_java:item/karakuri_aj/karakuri"
	},
	"display": {
		"head": {
			"rotation": [0, 180, 0]
		}
	},
	"elements": [
		{
			"from": [7.22704, 7.30093, 7.7116],
			"to": [8.78651, 7.89142, 10.81705],
			"rotation": {
				"angle": 0,
				"axis": "y",
				"origin": [9.47644, 7.25, -4.75]
			},
			"faces": {
				"north": {
					"uv": [8.75, 5.6875, 8.9375, 5.75],
					"texture": "#0"
				},
				"east": {
					"uv": [8.375, 5.6875, 8.75, 5.75],
					"texture": "#0"
				},
				"south": {
					"uv": [9.3125, 5.6875, 9.5, 5.75],
					"texture": "#0"
				},
				"west": {
					"uv": [8.9375, 5.6875, 9.3125, 5.75],
					"texture": "#0"
				},
				"up": {
					"uv": [8.9375, 5.6875, 8.75, 5.3125],
					"texture": "#0"
				},
				"down": {
					"uv": [9.125, 5.3125, 8.9375, 5.6875],
					"texture": "#0"
				}
			}
		},
		{
			"from": [7.00834, 5.78033, 7.7116],
			"to": [9.00521, 7.34467, 10.81705],
			"rotation": {
				"angle": 0,
				"axis": "y",
				"origin": [9.47644, 7.25, -4.75]
			},
			"faces": {
				"north": {
					"uv": [8.75, 5.125, 8.9375, 5.3125],
					"texture": "#0"
				},
				"east": {
					"uv": [8.375, 5.125, 8.75, 5.3125],
					"texture": "#0"
				},
				"south": {
					"uv": [9.3125, 5.125, 9.5, 5.3125],
					"texture": "#0"
				},
				"west": {
					"uv": [8.9375, 5.125, 9.3125, 5.3125],
					"texture": "#0"
				},
				"up": {
					"uv": [8.9375, 5.125, 8.75, 4.75],
					"texture": "#0"
				},
				"down": {
					"uv": [9.125, 4.75, 8.9375, 5.125],
					"texture": "#0"
				}
			}
		},
		{
			"from": [7.33639, 5.28826, 7.7116],
			"to": [8.67716, 5.80585, 10.81705],
			"rotation": {
				"angle": 0,
				"axis": "y",
				"origin": [9.47644, 7.25, -4.75]
			},
			"faces": {
				"north": {
					"uv": [9.25, 1, 9.375, 1.0625],
					"texture": "#0"
				},
				"east": {
					"uv": [8.875, 1, 9.25, 1.0625],
					"texture": "#0"
				},
				"south": {
					"uv": [9.75, 1, 9.875, 1.0625],
					"texture": "#0"
				},
				"west": {
					"uv": [9.375, 1, 9.75, 1.0625],
					"texture": "#0"
				},
				"up": {
					"uv": [9.375, 1, 9.25, 0.625],
					"texture": "#0"
				},
				"down": {
					"uv": [9.5, 0.625, 9.375, 1],
					"texture": "#0"
				}
			}
		},
		{
			"from": [7.6304, 7.08331, 8.59708],
			"to": [8.3696, 8.75731, 9.30708],
			"rotation": {
				"angle": 22.5,
				"axis": "x",
				"origin": [8, 8.62031, 9.00208]
			},
			"faces": {
				"north": {
					"uv": [8.1875, 2.125, 8.25, 2.3125],
					"texture": "#0"
				},
				"east": {
					"uv": [8.125, 2.125, 8.1875, 2.3125],
					"texture": "#0"
				},
				"south": {
					"uv": [8.3125, 2.125, 8.375, 2.3125],
					"texture": "#0"
				},
				"west": {
					"uv": [8.25, 2.125, 8.3125, 2.3125],
					"texture": "#0"
				},
				"up": {
					"uv": [8.25, 2.125, 8.1875, 2.0625],
					"texture": "#0"
				},
				"down": {
					"uv": [8.3125, 2.0625, 8.25, 2.125],
					"texture": "#0"
				}
			}
		},
		{
			"from": [7.6304, 6.88331, 9.94708],
			"to": [8.3696, 8.55731, 10.65708],
			"rotation": {
				"angle": 22.5,
				"axis": "x",
				"origin": [8, 8.42031, 10.35208]
			},
			"faces": {
				"north": {
					"uv": [8.8125, 9.6875, 8.875, 9.875],
					"texture": "#0"
				},
				"east": {
					"uv": [8.75, 9.6875, 8.8125, 9.875],
					"texture": "#0"
				},
				"south": {
					"uv": [8.9375, 9.6875, 9, 9.875],
					"texture": "#0"
				},
				"west": {
					"uv": [8.875, 9.6875, 8.9375, 9.875],
					"texture": "#0"
				},
				"up": {
					"uv": [8.875, 9.6875, 8.8125, 9.625],
					"texture": "#0"
				},
				"down": {
					"uv": [8.9375, 9.625, 8.875, 9.6875],
					"texture": "#0"
				}
			}
		},
		{
			"from": [7.3804, 5.81531, 8.71508],
			"to": [8.6196, 7.27531, 13.03908],
			"rotation": {
				"angle": 0,
				"axis": "y",
				"origin": [10.016, 7.58131, -8.39892]
			},
			"faces": {
				"north": {
					"uv": [2.75, 8, 2.875, 8.125],
					"texture": "#0"
				},
				"east": {
					"uv": [2.25, 8, 2.75, 8.125],
					"texture": "#0"
				},
				"south": {
					"uv": [3.375, 8, 3.5, 8.125],
					"texture": "#0"
				},
				"west": {
					"uv": [2.875, 8, 3.375, 8.125],
					"texture": "#0"
				},
				"up": {
					"uv": [2.875, 8, 2.75, 7.5],
					"texture": "#0"
				},
				"down": {
					"uv": [3, 7.5, 2.875, 8],
					"texture": "#0"
				}
			}
		}
	]
}