{
	"textures": {
		"0": "animated_java:item/karakuri_aj/karakuri"
	},
	"display": {
		"head": {
			"rotation": [0, 180, 0]
		}
	},
	"elements": [
		{
			"from": [-0.04908, 5.55068, 6.95912],
			"to": [6.97804, 7.15668, 8.97652],
			"rotation": {
				"angle": 0,
				"axis": "y",
				"origin": [2.61325, 5.93338, 8.10532]
			},
			"faces": {
				"north": {
					"uv": [3.375, 2.6875, 4.25, 2.875],
					"texture": "#0"
				},
				"east": {
					"uv": [3.125, 2.6875, 3.375, 2.875],
					"texture": "#0"
				},
				"south": {
					"uv": [4.5, 2.6875, 5.375, 2.875],
					"texture": "#0"
				},
				"west": {
					"uv": [4.25, 2.6875, 4.5, 2.875],
					"texture": "#0"
				},
				"up": {
					"uv": [4.25, 2.6875, 3.375, 2.4375],
					"texture": "#0"
				},
				"down": {
					"uv": [5.125, 2.4375, 4.25, 2.6875],
					"texture": "#0"
				}
			}
		},
		{
			"from": [6.20092, 6.05068, 7.45912],
			"to": [7.97804, 6.65668, 8.47652],
			"rotation": {
				"angle": 0,
				"axis": "y",
				"origin": [2.61325, 5.93338, 8.10532]
			},
			"faces": {
				"north": {
					"uv": [9.625, 2.5, 9.8125, 2.5625],
					"texture": "#0"
				},
				"east": {
					"uv": [9.5, 2.5, 9.625, 2.5625],
					"texture": "#0"
				},
				"south": {
					"uv": [9.9375, 2.5, 10.125, 2.5625],
					"texture": "#0"
				},
				"west": {
					"uv": [9.8125, 2.5, 9.9375, 2.5625],
					"texture": "#0"
				},
				"up": {
					"uv": [9.8125, 2.5, 9.625, 2.375],
					"texture": "#0"
				},
				"down": {
					"uv": [10, 2.375, 9.8125, 2.5],
					"texture": "#0"
				}
			}
		},
		{
			"from": [-1.12411, 1.64614, 7.34412],
			"to": [5.95689, 2.80114, 8.59152],
			"rotation": {
				"angle": -22.5,
				"axis": "z",
				"origin": [2.54139, 6.72364, 7.96782]
			},
			"faces": {
				"north": {
					"uv": [4.625, 0.8125, 5.5, 0.9375],
					"texture": "#0"
				},
				"east": {
					"uv": [4.5, 0.8125, 4.625, 0.9375],
					"texture": "#0"
				},
				"south": {
					"uv": [5.625, 0.8125, 6.5, 0.9375],
					"texture": "#0"
				},
				"west": {
					"uv": [5.5, 0.8125, 5.625, 0.9375],
					"texture": "#0"
				},
				"up": {
					"uv": [5.5, 0.8125, 4.625, 0.6875],
					"texture": "#0"
				},
				"down": {
					"uv": [6.375, 0.6875, 5.5, 0.8125],
					"texture": "#0"
				}
			}
		},
		{
			"from": [0.95935, 4.00796, 7.34412],
			"to": [2.11435, 8.83896, 8.59152],
			"rotation": {
				"angle": -22.5,
				"axis": "z",
				"origin": [1.53685, 4.29846, 7.96782]
			},
			"faces": {
				"north": {
					"uv": [5.125, 9.4375, 5.25, 10],
					"texture": "#0"
				},
				"east": {
					"uv": [5, 9.4375, 5.125, 10],
					"texture": "#0"
				},
				"south": {
					"uv": [5.375, 9.4375, 5.5, 10],
					"texture": "#0"
				},
				"west": {
					"uv": [5.25, 9.4375, 5.375, 10],
					"texture": "#0"
				},
				"up": {
					"uv": [5.25, 9.4375, 5.125, 9.3125],
					"texture": "#0"
				},
				"down": {
					"uv": [5.375, 9.3125, 5.25, 9.4375],
					"texture": "#0"
				}
			}
		},
		{
			"from": [0.45935, -3.74204, 6.84412],
			"to": [2.61435, 4.00796, 9.09152],
			"rotation": {
				"angle": -22.5,
				"axis": "z",
				"origin": [1.53685, 4.29846, 7.96782]
			},
			"faces": {
				"north": {
					"uv": [0.25, 5.8125, 0.5, 6.75],
					"texture": "#0"
				},
				"east": {
					"uv": [0, 5.8125, 0.25, 6.75],
					"texture": "#0"
				},
				"south": {
					"uv": [0.75, 5.8125, 1, 6.75],
					"texture": "#0"
				},
				"west": {
					"uv": [0.5, 5.8125, 0.75, 6.75],
					"texture": "#0"
				},
				"up": {
					"uv": [0.5, 5.8125, 0.25, 5.5625],
					"texture": "#0"
				},
				"down": {
					"uv": [0.75, 5.5625, 0.5, 5.8125],
					"texture": "#0"
				}
			}
		}
	]
}