{
	"credit": "Made by p_uuu",
	"texture_size": [32, 32],
	"textures": {
		"0": "item/models/bomb",
		"particle": "item/models/bomb"
	},
	"elements": [
		{
			"from": [5, 3, 5],
			"to": [11, 13, 11],
			"rotation": {"angle": 0, "axis": "y", "origin": [7, 7, 7]},
			"faces": {
				"north": {"uv": [0, 0, 3, 5], "texture": "#0"},
				"east": {"uv": [0, 0, 3, 5], "texture": "#0"},
				"south": {"uv": [0, 0, 3, 5], "texture": "#0"},
				"west": {"uv": [0, 0, 3, 5], "texture": "#0"},
				"up": {"uv": [6, 3, 3, 0], "texture": "#0"},
				"down": {"uv": [6, 3, 3, 6], "texture": "#0"}
			}
		},
		{
			"from": [2, 13, 8],
			"to": [14, 17, 8],
			"rotation": {"angle": 45, "axis": "y", "origin": [8, 15, 8]},
			"faces": {
				"north": {"uv": [0, 9, 6, 11], "texture": "#0"},
				"east": {"uv": [0, 9, 0, 11], "texture": "#0"},
				"south": {"uv": [0, 9, 6, 11], "texture": "#0"},
				"west": {"uv": [6, 9, 6, 11], "texture": "#0"},
				"up": {"uv": [6, 9, 0, 9], "texture": "#0"},
				"down": {"uv": [12, 9, 6, 9], "texture": "#0"}
			}
		},
		{
			"from": [8, 13, 2],
			"to": [8, 17, 14],
			"rotation": {"angle": 45, "axis": "y", "origin": [8, 15, 8]},
			"faces": {
				"north": {"uv": [0, 9, 0, 11], "texture": "#0"},
				"east": {"uv": [0, 9, 6, 11], "texture": "#0"},
				"south": {"uv": [6, 9, 6, 11], "texture": "#0"},
				"west": {"uv": [0, 9, 6, 11], "texture": "#0"},
				"up": {"uv": [6, 9, 0, 9], "rotation": 270, "texture": "#0"},
				"down": {"uv": [12, 9, 6, 9], "rotation": 90, "texture": "#0"}
			}
		},
		{
			"from": [5.5, 2, 5.5],
			"to": [10.5, 3, 10.5],
			"rotation": {"angle": 0, "axis": "y", "origin": [7, 0, 7]},
			"faces": {
				"north": {"uv": [0, 8, 2.5, 8.5], "texture": "#0"},
				"east": {"uv": [0, 8, 2.5, 8.5], "texture": "#0"},
				"south": {"uv": [0, 8, 2.5, 8.5], "texture": "#0"},
				"west": {"uv": [0, 8, 2.5, 8.5], "texture": "#0"},
				"up": {"uv": [5.5, 8.5, 3, 6], "texture": "#0"},
				"down": {"uv": [5.5, 6, 3, 8.5], "texture": "#0"}
			}
		},
		{
			"from": [6, 1, 6],
			"to": [10, 2, 10],
			"rotation": {"angle": 0, "axis": "y", "origin": [7, -1, 7]},
			"faces": {
				"north": {"uv": [0, 8.5, 2, 9], "texture": "#0"},
				"east": {"uv": [0, 8.5, 2, 9], "texture": "#0"},
				"south": {"uv": [0, 8.5, 2, 9], "texture": "#0"},
				"west": {"uv": [0, 8.5, 2, 9], "texture": "#0"},
				"up": {"uv": [5.5, 5.5, 3.5, 3.5], "texture": "#0"},
				"down": {"uv": [5.5, 3.5, 3.5, 5.5], "texture": "#0"}
			}
		}
	],
	"display": {
		"thirdperson_righthand": {
			"rotation": [75, 45, 0],
			"translation": [0, 2.5, 0],
			"scale": [0.375, 0.375, 0.375]
		},
		"firstperson_righthand": {
			"rotation": [77, 9, 0],
			"translation": [0, 3, 0],
			"scale": [0.4, 0.4, 0.4]
		},
		"ground": {
			"translation": [0, 2, 0],
			"scale": [0.5, 0.5, 0.5]
		},
		"gui": {
			"rotation": [30, 225, 0],
			"translation": [1, -0.5, 0],
			"scale": [0.625, 0.625, 0.625]
		},
		"fixed": {
			"rotation": [0, 90, 0]
		}
	}
}