{
	"credit": "Made with Blockbench",
	"texture_size": [32, 32],
	"textures": {
		"0": "item/models/barrel_tnt",
		"particle": "item/models/barrel_tnt"
	},
	"elements": [
		{
			"from": [0.8, 0, 5],
			"to": [2.8, 16, 11],
			"rotation": {"angle": 0, "axis": "y", "origin": [8, 0, 8]},
			"faces": {
				"north": {"uv": [6, 0, 7, 8], "texture": "#0"},
				"east": {"uv": [6, 0, 9, 8], "texture": "#0"},
				"south": {"uv": [6, 0, 7, 8], "texture": "#0"},
				"west": {"uv": [6, 0, 9, 8], "texture": "#0"},
				"up": {"uv": [9, 9, 6, 8], "rotation": 90, "texture": "#0"},
				"down": {"uv": [6, 9, 9, 8], "rotation": 90, "texture": "#0"}
			}
		},
		{
			"from": [5, -0.05, 0.8],
			"to": [11, 16.05, 2.8],
			"rotation": {"angle": 45, "axis": "y", "origin": [8, 0, 8]},
			"faces": {
				"north": {"uv": [3, 0, 6, 8], "texture": "#0"},
				"east": {"uv": [3, 0, 4, 8], "texture": "#0"},
				"south": {"uv": [3, 0, 6, 8], "texture": "#0"},
				"west": {"uv": [3, 0, 4, 8], "texture": "#0"},
				"up": {"uv": [6, 9, 3, 8], "texture": "#0"},
				"down": {"uv": [6, 8, 3, 9], "texture": "#0"}
			}
		},
		{
			"from": [0.8, -0.05, 5],
			"to": [2.8, 16.05, 11],
			"rotation": {"angle": 45, "axis": "y", "origin": [8, 0, 8]},
			"faces": {
				"north": {"uv": [9, 0, 10, 8], "texture": "#0"},
				"east": {"uv": [9, 0, 12, 8], "texture": "#0"},
				"south": {"uv": [9, 0, 10, 8], "texture": "#0"},
				"west": {"uv": [9, 0, 12, 8], "texture": "#0"},
				"up": {"uv": [12, 9, 9, 8], "rotation": 270, "texture": "#0"},
				"down": {"uv": [9, 9, 12, 8], "rotation": 270, "texture": "#0"}
			}
		},
		{
			"from": [5, 0, 0.8],
			"to": [11, 16, 2.8],
			"rotation": {"angle": 0, "axis": "y", "origin": [8, 0, 8]},
			"faces": {
				"north": {"uv": [0, 0, 3, 8], "texture": "#0"},
				"east": {"uv": [0, 0, 1, 8], "texture": "#0"},
				"south": {"uv": [0, 0, 3, 8], "texture": "#0"},
				"west": {"uv": [0, 0, 1, 8], "texture": "#0"},
				"up": {"uv": [3, 9, 0, 8], "texture": "#0"},
				"down": {"uv": [3, 8, 0, 9], "texture": "#0"}
			}
		},
		{
			"from": [5, 0, 13.2],
			"to": [11, 16, 15.2],
			"rotation": {"angle": 0, "axis": "y", "origin": [8, 0, 8]},
			"faces": {
				"north": {"uv": [0, 0, 3, 8], "texture": "#0"},
				"east": {"uv": [0, 0, 1, 8], "texture": "#0"},
				"south": {"uv": [0, 0, 3, 8], "texture": "#0"},
				"west": {"uv": [0, 0, 1, 8], "texture": "#0"},
				"up": {"uv": [3, 9, 0, 8], "rotation": 180, "texture": "#0"},
				"down": {"uv": [3, 8, 0, 9], "rotation": 180, "texture": "#0"}
			}
		},
		{
			"from": [5, -0.05, 13.2],
			"to": [11, 16.05, 15.2],
			"rotation": {"angle": 45, "axis": "y", "origin": [8, 0, 8]},
			"faces": {
				"north": {"uv": [3, 0, 6, 8], "texture": "#0"},
				"east": {"uv": [3, 0, 4, 8], "texture": "#0"},
				"south": {"uv": [3, 0, 6, 8], "texture": "#0"},
				"west": {"uv": [3, 0, 4, 8], "texture": "#0"},
				"up": {"uv": [6, 9, 3, 8], "rotation": 180, "texture": "#0"},
				"down": {"uv": [6, 8, 3, 9], "rotation": 180, "texture": "#0"}
			}
		},
		{
			"from": [13.2, 0, 5],
			"to": [15.2, 16, 11],
			"rotation": {"angle": 0, "axis": "y", "origin": [8, 0, 8]},
			"faces": {
				"north": {"uv": [6, 0, 7, 8], "texture": "#0"},
				"east": {"uv": [6, 0, 9, 8], "texture": "#0"},
				"south": {"uv": [6, 0, 7, 8], "texture": "#0"},
				"west": {"uv": [6, 0, 9, 8], "texture": "#0"},
				"up": {"uv": [9, 9, 6, 8], "rotation": 270, "texture": "#0"},
				"down": {"uv": [6, 9, 9, 8], "rotation": 270, "texture": "#0"}
			}
		},
		{
			"from": [13.2, -0.05, 5],
			"to": [15.2, 16.05, 11],
			"rotation": {"angle": 45, "axis": "y", "origin": [8, 0, 8]},
			"faces": {
				"north": {"uv": [9, 0, 10, 8], "texture": "#0"},
				"east": {"uv": [9, 0, 12, 8], "texture": "#0"},
				"south": {"uv": [9, 0, 10, 8], "texture": "#0"},
				"west": {"uv": [9, 0, 12, 8], "texture": "#0"},
				"up": {"uv": [12, 9, 9, 8], "rotation": 90, "texture": "#0"},
				"down": {"uv": [9, 9, 12, 8], "rotation": 90, "texture": "#0"}
			}
		},
		{
			"from": [2, 1, 2],
			"to": [14, 15, 14],
			"faces": {
				"north": {"uv": [0, 15.5, 0.5, 16], "texture": "#0"},
				"east": {"uv": [0, 15.5, 0.5, 16], "texture": "#0"},
				"south": {"uv": [0, 15.5, 0.5, 16], "texture": "#0"},
				"west": {"uv": [0, 15.5, 0.5, 16], "texture": "#0"},
				"up": {"uv": [6, 15, 0, 9], "texture": "#0"},
				"down": {"uv": [12, 9, 6, 15], "texture": "#0"}
			}
		},
		{
			"from": [7, 16, 4.5],
			"to": [7, 21, 7.5],
			"rotation": {"angle": 0, "axis": "y", "origin": [7, 18.5, 6]},
			"faces": {
				"north": {"uv": [14.5, 0, 14.5, 2.5], "texture": "#0"},
				"east": {"uv": [13.5, 0, 12, 2.5], "texture": "#0"},
				"south": {"uv": [13, 0, 13, 2.5], "texture": "#0"},
				"west": {"uv": [12, 0, 13.5, 2.5], "texture": "#0"},
				"up": {"uv": [14.5, 0, 13, 0], "rotation": 90, "texture": "#0"},
				"down": {"uv": [16, 0, 14.5, 0], "rotation": 270, "texture": "#0"}
			}
		},
		{
			"from": [2.5, 15, 9],
			"to": [5.5, 20, 9],
			"faces": {
				"north": {"uv": [12, 0, 13.5, 2.5], "texture": "#0"},
				"east": {"uv": [13, 0, 13, 2.5], "texture": "#0"},
				"south": {"uv": [13.5, 0, 12, 2.5], "texture": "#0"},
				"west": {"uv": [14.5, 0, 14.5, 2.5], "texture": "#0"},
				"up": {"uv": [14.5, 0, 13, 0], "texture": "#0"},
				"down": {"uv": [16, 0, 14.5, 0], "texture": "#0"}
			}
		},
		{
			"from": [8.5, 16, 10],
			"to": [11.5, 21, 10],
			"faces": {
				"north": {"uv": [13.5, 0, 15, 2.5], "texture": "#0"},
				"east": {"uv": [13, 0, 13, 2.5], "texture": "#0"},
				"south": {"uv": [15, 0, 13.5, 2.5], "texture": "#0"},
				"west": {"uv": [14.5, 0, 14.5, 2.5], "texture": "#0"},
				"up": {"uv": [14.5, 0, 13, 0], "texture": "#0"},
				"down": {"uv": [16, 0, 14.5, 0], "texture": "#0"}
			}
		},
		{
			"from": [11, 15, 4.5],
			"to": [11, 20, 7.5],
			"rotation": {"angle": 0, "axis": "y", "origin": [11, 17.5, 7]},
			"faces": {
				"north": {"uv": [13, 0, 13, 2.5], "texture": "#0"},
				"east": {"uv": [12, 0, 13.5, 2.5], "texture": "#0"},
				"south": {"uv": [14.5, 0, 14.5, 2.5], "texture": "#0"},
				"west": {"uv": [13.5, 0, 12, 2.5], "texture": "#0"},
				"up": {"uv": [14.5, 0, 13, 0], "rotation": 270, "texture": "#0"},
				"down": {"uv": [16, 0, 14.5, 0], "rotation": 90, "texture": "#0"}
			}
		},
		{
			"from": [5, 15, 4],
			"to": [9, 16, 8],
			"faces": {
				"north": {"uv": [12, 11, 14, 11.5], "texture": "#0"},
				"east": {"uv": [12, 11, 14, 11.5], "texture": "#0"},
				"south": {"uv": [12, 11, 14, 11.5], "texture": "#0"},
				"west": {"uv": [12, 11, 14, 11.5], "texture": "#0"},
				"up": {"uv": [14, 11, 12, 9], "texture": "#0"},
				"down": {"uv": [14, 9, 12, 11], "texture": "#0"}
			}
		},
		{
			"from": [8, 15, 8],
			"to": [12, 16, 12],
			"faces": {
				"north": {"uv": [12, 11, 14, 11.5], "texture": "#0"},
				"east": {"uv": [12, 11, 14, 11.5], "texture": "#0"},
				"south": {"uv": [12, 11, 14, 11.5], "texture": "#0"},
				"west": {"uv": [12, 11, 14, 11.5], "texture": "#0"},
				"up": {"uv": [14, 11, 12, 9], "texture": "#0"},
				"down": {"uv": [14, 9, 12, 11], "texture": "#0"}
			}
		}
	],
	"display": {
		"thirdperson_righthand": {
			"rotation": [75, 45, 0],
			"translation": [0, 2.5, 0],
			"scale": [0.375, 0.375, 0.375]
		},
		"firstperson_righthand": {
			"rotation": [0, 45, 0],
			"scale": [0.4, 0.4, 0.4]
		},
		"ground": {
			"translation": [0, 3, 0],
			"scale": [0.25, 0.25, 0.25]
		},
		"gui": {
			"rotation": [30, 81, 0],
			"scale": [0.8, 0.8, 0.8]
		}
	}
}