{
    "credit": "Made with Blockbench",
    "texture_size": [
        32,
        32
    ],
    "textures": {
        "0": "item/weapons/great_sword/iron_great_sword",
        "particle": "item/weapons/great_sword/iron_great_sword"
    },
    "elements": [
        {
            "from": [
                7.699999809265137,
                -0.15000000596046449,
                7.699999809265137
            ],
            "to": [
                8.300000190734864,
                4.099999904632568,
                8.300000190734864
            ],
            "rotation": {
                "angle": 0.0,
                "axis": "y",
                "origin": [
                    4.0,
                    3.0,
                    0.0
                ],
                "faces": {
                    "north": {
                        "uv": [],
                        "rotation": 0,
                        "texture": ""
                    },
                    "east": {
                        "uv": [],
                        "rotation": 0,
                        "texture": ""
                    },
                    "south": {
                        "uv": [],
                        "rotation": 0,
                        "texture": ""
                    },
                    "west": {
                        "uv": [],
                        "rotation": 0,
                        "texture": ""
                    },
                    "up": {
                        "uv": [],
                        "rotation": 0,
                        "texture": ""
                    },
                    "down": {
                        "uv": [],
                        "rotation": 0,
                        "texture": ""
                    }
                }
            },
            "faces": {
                "north": {
                    "uv": [
                        10.5,
                        11.0,
                        10.75,
                        13.25
                    ],
                    "rotation": 0,
                    "texture": "#0"
                },
                "east": {
                    "uv": [
                        11.0,
                        11.0,
                        11.25,
                        13.25
                    ],
                    "rotation": 0,
                    "texture": "#0"
                },
                "south": {
                    "uv": [
                        4.0,
                        11.5,
                        4.25,
                        13.75
                    ],
                    "rotation": 0,
                    "texture": "#0"
                },
                "west": {
                    "uv": [
                        4.5,
                        11.5,
                        4.75,
                        13.75
                    ],
                    "rotation": 0,
                    "texture": "#0"
                },
                "up": {
                    "uv": [
                        12.25,
                        12.75,
                        12.0,
                        12.5
                    ],
                    "rotation": 0,
                    "texture": "#0"
                },
                "down": {
                    "uv": [
                        12.75,
                        12.0,
                        12.5,
                        12.25
                    ],
                    "rotation": 0,
                    "texture": "#0"
                }
            }
        },
        {
            "from": [
                7.699999809265137,
                -0.5,
                7.199999809265137
            ],
            "to": [
                8.300000190734864,
                -0.15000000596046449,
                8.800000190734864
            ],
            "rotation": {
                "angle": 0.0,
                "axis": "y",
                "origin": [
                    4.0,
                    3.0,
                    0.0
                ],
                "faces": {
                    "north": {
                        "uv": [],
                        "rotation": 0,
                        "texture": ""
                    },
                    "east": {
                        "uv": [],
                        "rotation": 0,
                        "texture": ""
                    },
                    "south": {
                        "uv": [],
                        "rotation": 0,
                        "texture": ""
                    },
                    "west": {
                        "uv": [],
                        "rotation": 0,
                        "texture": ""
                    },
                    "up": {
                        "uv": [],
                        "rotation": 0,
                        "texture": ""
                    },
                    "down": {
                        "uv": [],
                        "rotation": 0,
                        "texture": ""
                    }
                }
            },
            "faces": {
                "north": {
                    "uv": [
                        12.5,
                        12.5,
                        12.75,
                        12.75
                    ],
                    "rotation": 0,
                    "texture": "#0"
                },
                "east": {
                    "uv": [
                        12.5,
                        8.0,
                        13.25,
                        8.25
                    ],
                    "rotation": 0,
                    "texture": "#0"
                },
                "south": {
                    "uv": [
                        13.0,
                        0.0,
                        13.25,
                        0.25
                    ],
                    "rotation": 0,
                    "texture": "#0"
                },
                "west": {
                    "uv": [
                        12.5,
                        8.5,
                        13.25,
                        8.75
                    ],
                    "rotation": 0,
                    "texture": "#0"
                },
                "up": {
                    "uv": [
                        9.25,
                        13.25,
                        9.0,
                        12.5
                    ],
                    "rotation": 0,
                    "texture": "#0"
                },
                "down": {
                    "uv": [
                        9.75,
                        12.5,
                        9.5,
                        13.25
                    ],
                    "rotation": 0,
                    "texture": "#0"
                }
            }
        },
        {
            "from": [
                7.699999809265137,
                -1.399999976158142,
                7.199999809265137
            ],
            "to": [
                8.300000190734864,
                -1.0499999523162842,
                8.800000190734864
            ],
            "rotation": {
                "angle": 0.0,
                "axis": "y",
                "origin": [
                    4.0,
                    3.0,
                    0.0
                ],
                "faces": {
                    "north": {
                        "uv": [],
                        "rotation": 0,
                        "texture": ""
                    },
                    "east": {
                        "uv": [],
                        "rotation": 0,
                        "texture": ""
                    },
                    "south": {
                        "uv": [],
                        "rotation": 0,
                        "texture": ""
                    },
                    "west": {
                        "uv": [],
                        "rotation": 0,
                        "texture": ""
                    },
                    "up": {
                        "uv": [],
                        "rotation": 0,
                        "texture": ""
                    },
                    "down": {
                        "uv": [],
                        "rotation": 0,
                        "texture": ""
                    }
                }
            },
            "faces": {
                "north": {
                    "uv": [
                        13.0,
                        0.5,
                        13.25,
                        0.75
                    ],
                    "rotation": 0,
                    "texture": "#0"
                },
                "east": {
                    "uv": [
                        12.5,
                        9.0,
                        13.25,
                        9.25
                    ],
                    "rotation": 0,
                    "texture": "#0"
                },
                "south": {
                    "uv": [
                        13.0,
                        1.0,
                        13.25,
                        1.25
                    ],
                    "rotation": 0,
                    "texture": "#0"
                },
                "west": {
                    "uv": [
                        12.5,
                        10.0,
                        13.25,
                        10.25
                    ],
                    "rotation": 0,
                    "texture": "#0"
                },
                "up": {
                    "uv": [
                        10.25,
                        13.25,
                        10.0,
                        12.5
                    ],
                    "rotation": 0,
                    "texture": "#0"
                },
                "down": {
                    "uv": [
                        12.75,
                        10.5,
                        12.5,
                        11.25
                    ],
                    "rotation": 0,
                    "texture": "#0"
                }
            }
        },
        {
            "from": [
                7.699999809265137,
                -1.0499999523162842,
                7.199999809265137
            ],
            "to": [
                8.300000190734864,
                -0.5,
                7.550000190734863
            ],
            "rotation": {
                "angle": 0.0,
                "axis": "y",
                "origin": [
                    8.0,
                    -1.275,
                    8.0
                ],
                "faces": {
                    "north": {
                        "uv": [],
                        "rotation": 0,
                        "texture": ""
                    },
                    "east": {
                        "uv": [],
                        "rotation": 0,
                        "texture": ""
                    },
                    "south": {
                        "uv": [],
                        "rotation": 0,
                        "texture": ""
                    },
                    "west": {
                        "uv": [],
                        "rotation": 0,
                        "texture": ""
                    },
                    "up": {
                        "uv": [],
                        "rotation": 0,
                        "texture": ""
                    },
                    "down": {
                        "uv": [],
                        "rotation": 0,
                        "texture": ""
                    }
                }
            },
            "faces": {
                "north": {
                    "uv": [
                        13.0,
                        1.5,
                        13.25,
                        1.75
                    ],
                    "rotation": 0,
                    "texture": "#0"
                },
                "east": {
                    "uv": [
                        13.0,
                        2.0,
                        13.25,
                        2.25
                    ],
                    "rotation": 0,
                    "texture": "#0"
                },
                "south": {
                    "uv": [
                        13.0,
                        2.5,
                        13.25,
                        2.75
                    ],
                    "rotation": 0,
                    "texture": "#0"
                },
                "west": {
                    "uv": [
                        13.0,
                        3.0,
                        13.25,
                        3.25
                    ],
                    "rotation": 0,
                    "texture": "#0"
                },
                "up": {
                    "uv": [
                        3.75,
                        13.25,
                        3.5,
                        13.0
                    ],
                    "rotation": 0,
                    "texture": "#0"
                },
                "down": {
                    "uv": [
                        13.25,
                        3.5,
                        13.0,
                        3.75
                    ],
                    "rotation": 0,
                    "texture": "#0"
                }
            }
        },
        {
            "from": [
                7.699999809265137,
                -1.0499999523162842,
                8.449999809265137
            ],
            "to": [
                8.300000190734864,
                -0.5,
                8.800000190734864
            ],
            "rotation": {
                "angle": 0.0,
                "axis": "y",
                "origin": [
                    8.0,
                    -1.275,
                    8.0
                ],
                "faces": {
                    "north": {
                        "uv": [],
                        "rotation": 0,
                        "texture": ""
                    },
                    "east": {
                        "uv": [],
                        "rotation": 0,
                        "texture": ""
                    },
                    "south": {
                        "uv": [],
                        "rotation": 0,
                        "texture": ""
                    },
                    "west": {
                        "uv": [],
                        "rotation": 0,
                        "texture": ""
                    },
                    "up": {
                        "uv": [],
                        "rotation": 0,
                        "texture": ""
                    },
                    "down": {
                        "uv": [],
                        "rotation": 0,
                        "texture": ""
                    }
                }
            },
            "faces": {
                "north": {
                    "uv": [
                        13.0,
                        4.0,
                        13.25,
                        4.25
                    ],
                    "rotation": 0,
                    "texture": "#0"
                },
                "east": {
                    "uv": [
                        13.0,
                        4.5,
                        13.25,
                        4.75
                    ],
                    "rotation": 0,
                    "texture": "#0"
                },
                "south": {
                    "uv": [
                        5.0,
                        13.0,
                        5.25,
                        13.25
                    ],
                    "rotation": 0,
                    "texture": "#0"
                },
                "west": {
                    "uv": [
                        13.0,
                        5.0,
                        13.25,
                        5.25
                    ],
                    "rotation": 0,
                    "texture": "#0"
                },
                "up": {
                    "uv": [
                        5.75,
                        13.25,
                        5.5,
                        13.0
                    ],
                    "rotation": 0,
                    "texture": "#0"
                },
                "down": {
                    "uv": [
                        13.25,
                        5.5,
                        13.0,
                        5.75
                    ],
                    "rotation": 0,
                    "texture": "#0"
                }
            }
        },
        {
            "from": [
                7.550000190734863,
                0.5,
                7.550000190734863
            ],
            "to": [
                8.449999809265137,
                3.0,
                8.449999809265137
            ],
            "rotation": {
                "angle": 0.0,
                "axis": "y",
                "origin": [
                    4.0,
                    3.0,
                    0.0
                ],
                "faces": {
                    "north": {
                        "uv": [],
                        "rotation": 0,
                        "texture": ""
                    },
                    "east": {
                        "uv": [],
                        "rotation": 0,
                        "texture": ""
                    },
                    "south": {
                        "uv": [],
                        "rotation": 0,
                        "texture": ""
                    },
                    "west": {
                        "uv": [],
                        "rotation": 0,
                        "texture": ""
                    },
                    "up": {
                        "uv": [],
                        "rotation": 0,
                        "texture": ""
                    },
                    "down": {
                        "uv": [],
                        "rotation": 0,
                        "texture": ""
                    }
                }
            },
            "faces": {
                "north": {
                    "uv": [
                        11.0,
                        5.0,
                        11.5,
                        6.25
                    ],
                    "rotation": 0,
                    "texture": "#0"
                },
                "east": {
                    "uv": [
                        6.0,
                        11.0,
                        6.5,
                        12.25
                    ],
                    "rotation": 0,
                    "texture": "#0"
                },
                "south": {
                    "uv": [
                        6.5,
                        11.0,
                        7.0,
                        12.25
                    ],
                    "rotation": 0,
                    "texture": "#0"
                },
                "west": {
                    "uv": [
                        11.0,
                        6.5,
                        11.5,
                        7.75
                    ],
                    "rotation": 0,
                    "texture": "#0"
                },
                "up": {
                    "uv": [
                        4.0,
                        13.0,
                        3.5,
                        12.5
                    ],
                    "rotation": 0,
                    "texture": "#0"
                },
                "down": {
                    "uv": [
                        5.5,
                        12.5,
                        5.0,
                        13.0
                    ],
                    "rotation": 0,
                    "texture": "#0"
                }
            }
        },
        {
            "from": [
                6.949999809265137,
                3.5999999046325685,
                6.949999809265137
            ],
            "to": [
                9.050000190734864,
                4.349999904632568,
                9.050000190734864
            ],
            "rotation": {
                "angle": 0.0,
                "axis": "y",
                "origin": [
                    4.0,
                    3.0,
                    0.0
                ],
                "faces": {
                    "north": {
                        "uv": [],
                        "rotation": 0,
                        "texture": ""
                    },
                    "east": {
                        "uv": [],
                        "rotation": 0,
                        "texture": ""
                    },
                    "south": {
                        "uv": [],
                        "rotation": 0,
                        "texture": ""
                    },
                    "west": {
                        "uv": [],
                        "rotation": 0,
                        "texture": ""
                    },
                    "up": {
                        "uv": [],
                        "rotation": 0,
                        "texture": ""
                    },
                    "down": {
                        "uv": [],
                        "rotation": 0,
                        "texture": ""
                    }
                }
            },
            "faces": {
                "north": {
                    "uv": [
                        9.0,
                        3.5,
                        10.0,
                        4.0
                    ],
                    "rotation": 0,
                    "texture": "#0"
                },
                "east": {
                    "uv": [
                        11.0,
                        9.5,
                        12.0,
                        10.0
                    ],
                    "rotation": 0,
                    "texture": "#0"
                },
                "south": {
                    "uv": [
                        11.5,
                        8.0,
                        12.5,
                        8.5
                    ],
                    "rotation": 0,
                    "texture": "#0"
                },
                "west": {
                    "uv": [
                        11.5,
                        8.5,
                        12.5,
                        9.0
                    ],
                    "rotation": 0,
                    "texture": "#0"
                },
                "up": {
                    "uv": [
                        7.0,
                        5.0,
                        6.0,
                        4.0
                    ],
                    "rotation": 0,
                    "texture": "#0"
                },
                "down": {
                    "uv": [
                        10.0,
                        7.5,
                        9.0,
                        8.5
                    ],
                    "rotation": 0,
                    "texture": "#0"
                }
            }
        },
        {
            "from": [
                7.199999809265137,
                5.099999904632568,
                6.324999809265137
            ],
            "to": [
                8.800000190734864,
                14.600000381469727,
                9.675000190734864
            ],
            "rotation": {
                "angle": 0.0,
                "axis": "y",
                "origin": [
                    4.0,
                    3.0,
                    0.125
                ],
                "faces": {
                    "north": {
                        "uv": [],
                        "rotation": 0,
                        "texture": ""
                    },
                    "east": {
                        "uv": [],
                        "rotation": 0,
                        "texture": ""
                    },
                    "south": {
                        "uv": [],
                        "rotation": 0,
                        "texture": ""
                    },
                    "west": {
                        "uv": [],
                        "rotation": 0,
                        "texture": ""
                    },
                    "up": {
                        "uv": [],
                        "rotation": 0,
                        "texture": ""
                    },
                    "down": {
                        "uv": [],
                        "rotation": 0,
                        "texture": ""
                    }
                }
            },
            "faces": {
                "north": {
                    "uv": [
                        4.0,
                        4.5,
                        4.75,
                        9.25
                    ],
                    "rotation": 0,
                    "texture": "#0"
                },
                "east": {
                    "uv": [
                        0.0,
                        4.5,
                        1.75,
                        9.25
                    ],
                    "rotation": 0,
                    "texture": "#0"
                },
                "south": {
                    "uv": [
                        5.0,
                        0.0,
                        5.75,
                        4.75
                    ],
                    "rotation": 0,
                    "texture": "#0"
                },
                "west": {
                    "uv": [
                        2.0,
                        4.5,
                        3.75,
                        9.25
                    ],
                    "rotation": 0,
                    "texture": "#0"
                },
                "up": {
                    "uv": [
                        7.75,
                        3.25,
                        7.0,
                        1.5
                    ],
                    "rotation": 0,
                    "texture": "#0"
                },
                "down": {
                    "uv": [
                        7.75,
                        3.5,
                        7.0,
                        5.25
                    ],
                    "rotation": 0,
                    "texture": "#0"
                }
            }
        },
        {
            "from": [
                7.550000190734863,
                5.150000095367432,
                5.574999809265137
            ],
            "to": [
                8.449999809265137,
                14.350000381469727,
                10.425000190734864
            ],
            "rotation": {
                "angle": 0.0,
                "axis": "y",
                "origin": [
                    4.0,
                    3.0,
                    0.125
                ],
                "faces": {
                    "north": {
                        "uv": [],
                        "rotation": 0,
                        "texture": ""
                    },
                    "east": {
                        "uv": [],
                        "rotation": 0,
                        "texture": ""
                    },
                    "south": {
                        "uv": [],
                        "rotation": 0,
                        "texture": ""
                    },
                    "west": {
                        "uv": [],
                        "rotation": 0,
                        "texture": ""
                    },
                    "up": {
                        "uv": [],
                        "rotation": 0,
                        "texture": ""
                    },
                    "down": {
                        "uv": [],
                        "rotation": 0,
                        "texture": ""
                    }
                }
            },
            "faces": {
                "north": {
                    "uv": [
                        6.0,
                        6.5,
                        6.5,
                        11.0
                    ],
                    "rotation": 0,
                    "texture": "#0"
                },
                "east": {
                    "uv": [
                        0.0,
                        0.0,
                        2.5,
                        4.5
                    ],
                    "rotation": 0,
                    "texture": "#0"
                },
                "south": {
                    "uv": [
                        6.5,
                        6.5,
                        7.0,
                        11.0
                    ],
                    "rotation": 0,
                    "texture": "#0"
                },
                "west": {
                    "uv": [
                        2.5,
                        0.0,
                        5.0,
                        4.5
                    ],
                    "rotation": 0,
                    "texture": "#0"
                },
                "up": {
                    "uv": [
                        8.5,
                        8.5,
                        8.0,
                        6.0
                    ],
                    "rotation": 0,
                    "texture": "#0"
                },
                "down": {
                    "uv": [
                        9.0,
                        6.0,
                        8.5,
                        8.5
                    ],
                    "rotation": 0,
                    "texture": "#0"
                }
            }
        },
        {
            "from": [
                7.300000190734863,
                3.8048200607299806,
                5.928909778594971
            ],
            "to": [
                8.699999809265137,
                4.5548200607299809,
                6.678909778594971
            ],
            "rotation": {
                "angle": 0.0,
                "axis": "y",
                "origin": [
                    8.0,
                    6.39857,
                    5.60391
                ],
                "faces": {
                    "north": {
                        "uv": [],
                        "rotation": 0,
                        "texture": ""
                    },
                    "east": {
                        "uv": [],
                        "rotation": 0,
                        "texture": ""
                    },
                    "south": {
                        "uv": [],
                        "rotation": 0,
                        "texture": ""
                    },
                    "west": {
                        "uv": [],
                        "rotation": 0,
                        "texture": ""
                    },
                    "up": {
                        "uv": [],
                        "rotation": 0,
                        "texture": ""
                    },
                    "down": {
                        "uv": [],
                        "rotation": 0,
                        "texture": ""
                    }
                }
            },
            "faces": {
                "north": {
                    "uv": [
                        12.0,
                        1.0,
                        12.75,
                        1.5
                    ],
                    "rotation": 0,
                    "texture": "#0"
                },
                "east": {
                    "uv": [
                        12.5,
                        5.0,
                        13.0,
                        5.5
                    ],
                    "rotation": 0,
                    "texture": "#0"
                },
                "south": {
                    "uv": [
                        12.0,
                        1.5,
                        12.75,
                        2.0
                    ],
                    "rotation": 0,
                    "texture": "#0"
                },
                "west": {
                    "uv": [
                        5.5,
                        12.5,
                        6.0,
                        13.0
                    ],
                    "rotation": 0,
                    "texture": "#0"
                },
                "up": {
                    "uv": [
                        2.75,
                        12.5,
                        2.0,
                        12.0
                    ],
                    "rotation": 0,
                    "texture": "#0"
                },
                "down": {
                    "uv": [
                        12.75,
                        2.0,
                        12.0,
                        2.5
                    ],
                    "rotation": 0,
                    "texture": "#0"
                }
            }
        },
        {
            "from": [
                7.574999809265137,
                2.829819917678833,
                5.178909778594971
            ],
            "to": [
                8.425000190734864,
                7.504819869995117,
                6.028910160064697
            ],
            "rotation": {
                "angle": 0.0,
                "axis": "y",
                "origin": [
                    8.0,
                    6.39857,
                    5.60391
                ],
                "faces": {
                    "north": {
                        "uv": [],
                        "rotation": 0,
                        "texture": ""
                    },
                    "east": {
                        "uv": [],
                        "rotation": 0,
                        "texture": ""
                    },
                    "south": {
                        "uv": [],
                        "rotation": 0,
                        "texture": ""
                    },
                    "west": {
                        "uv": [],
                        "rotation": 0,
                        "texture": ""
                    },
                    "up": {
                        "uv": [],
                        "rotation": 0,
                        "texture": ""
                    },
                    "down": {
                        "uv": [],
                        "rotation": 0,
                        "texture": ""
                    }
                }
            },
            "faces": {
                "north": {
                    "uv": [
                        5.5,
                        9.0,
                        6.0,
                        11.25
                    ],
                    "rotation": 0,
                    "texture": "#0"
                },
                "east": {
                    "uv": [
                        1.0,
                        9.5,
                        1.5,
                        11.75
                    ],
                    "rotation": 0,
                    "texture": "#0"
                },
                "south": {
                    "uv": [
                        9.5,
                        1.0,
                        10.0,
                        3.25
                    ],
                    "rotation": 0,
                    "texture": "#0"
                },
                "west": {
                    "uv": [
                        1.5,
                        9.5,
                        2.0,
                        11.75
                    ],
                    "rotation": 0,
                    "texture": "#0"
                },
                "up": {
                    "uv": [
                        13.0,
                        6.0,
                        12.5,
                        5.5
                    ],
                    "rotation": 0,
                    "texture": "#0"
                },
                "down": {
                    "uv": [
                        6.5,
                        12.5,
                        6.0,
                        13.0
                    ],
                    "rotation": 0,
                    "texture": "#0"
                }
            }
        },
        {
            "from": [
                7.300000190734863,
                4.5548200607299809,
                5.928909778594971
            ],
            "to": [
                8.699999809265137,
                8.004819869995118,
                7.028910160064697
            ],
            "rotation": {
                "angle": 0.0,
                "axis": "y",
                "origin": [
                    8.0,
                    6.39857,
                    5.60391
                ],
                "faces": {
                    "north": {
                        "uv": [],
                        "rotation": 0,
                        "texture": ""
                    },
                    "east": {
                        "uv": [],
                        "rotation": 0,
                        "texture": ""
                    },
                    "south": {
                        "uv": [],
                        "rotation": 0,
                        "texture": ""
                    },
                    "west": {
                        "uv": [],
                        "rotation": 0,
                        "texture": ""
                    },
                    "up": {
                        "uv": [],
                        "rotation": 0,
                        "texture": ""
                    },
                    "down": {
                        "uv": [],
                        "rotation": 0,
                        "texture": ""
                    }
                }
            },
            "faces": {
                "north": {
                    "uv": [
                        7.0,
                        5.5,
                        7.75,
                        7.25
                    ],
                    "rotation": 0,
                    "texture": "#0"
                },
                "east": {
                    "uv": [
                        7.0,
                        10.5,
                        7.5,
                        12.25
                    ],
                    "rotation": 0,
                    "texture": "#0"
                },
                "south": {
                    "uv": [
                        7.0,
                        7.5,
                        7.75,
                        9.25
                    ],
                    "rotation": 0,
                    "texture": "#0"
                },
                "west": {
                    "uv": [
                        7.5,
                        10.5,
                        8.0,
                        12.25
                    ],
                    "rotation": 0,
                    "texture": "#0"
                },
                "up": {
                    "uv": [
                        12.75,
                        3.0,
                        12.0,
                        2.5
                    ],
                    "rotation": 0,
                    "texture": "#0"
                },
                "down": {
                    "uv": [
                        3.75,
                        12.0,
                        3.0,
                        12.5
                    ],
                    "rotation": 0,
                    "texture": "#0"
                }
            }
        },
        {
            "from": [
                7.574999809265137,
                2.829819917678833,
                9.971090316772461
            ],
            "to": [
                8.425000190734864,
                7.504819869995117,
                10.821089744567871
            ],
            "rotation": {
                "angle": 0.0,
                "axis": "y",
                "origin": [
                    8.0,
                    6.39857,
                    10.39609
                ],
                "faces": {
                    "north": {
                        "uv": [],
                        "rotation": 0,
                        "texture": ""
                    },
                    "east": {
                        "uv": [],
                        "rotation": 0,
                        "texture": ""
                    },
                    "south": {
                        "uv": [],
                        "rotation": 0,
                        "texture": ""
                    },
                    "west": {
                        "uv": [],
                        "rotation": 0,
                        "texture": ""
                    },
                    "up": {
                        "uv": [],
                        "rotation": 0,
                        "texture": ""
                    },
                    "down": {
                        "uv": [],
                        "rotation": 0,
                        "texture": ""
                    }
                }
            },
            "faces": {
                "north": {
                    "uv": [
                        2.0,
                        9.5,
                        2.5,
                        11.75
                    ],
                    "rotation": 0,
                    "texture": "#0"
                },
                "east": {
                    "uv": [
                        2.5,
                        9.5,
                        3.0,
                        11.75
                    ],
                    "rotation": 0,
                    "texture": "#0"
                },
                "south": {
                    "uv": [
                        3.0,
                        9.5,
                        3.5,
                        11.75
                    ],
                    "rotation": 0,
                    "texture": "#0"
                },
                "west": {
                    "uv": [
                        3.5,
                        9.5,
                        4.0,
                        11.75
                    ],
                    "rotation": 0,
                    "texture": "#0"
                },
                "up": {
                    "uv": [
                        13.0,
                        6.5,
                        12.5,
                        6.0
                    ],
                    "rotation": 0,
                    "texture": "#0"
                },
                "down": {
                    "uv": [
                        7.0,
                        12.5,
                        6.5,
                        13.0
                    ],
                    "rotation": 0,
                    "texture": "#0"
                }
            }
        },
        {
            "from": [
                7.300000190734863,
                3.8048200607299806,
                9.321089744567871
            ],
            "to": [
                8.699999809265137,
                4.5548200607299809,
                10.071089744567871
            ],
            "rotation": {
                "angle": 0.0,
                "axis": "y",
                "origin": [
                    8.0,
                    6.39857,
                    10.39609
                ],
                "faces": {
                    "north": {
                        "uv": [],
                        "rotation": 0,
                        "texture": ""
                    },
                    "east": {
                        "uv": [],
                        "rotation": 0,
                        "texture": ""
                    },
                    "south": {
                        "uv": [],
                        "rotation": 0,
                        "texture": ""
                    },
                    "west": {
                        "uv": [],
                        "rotation": 0,
                        "texture": ""
                    },
                    "up": {
                        "uv": [],
                        "rotation": 0,
                        "texture": ""
                    },
                    "down": {
                        "uv": [],
                        "rotation": 0,
                        "texture": ""
                    }
                }
            },
            "faces": {
                "north": {
                    "uv": [
                        12.0,
                        3.0,
                        12.75,
                        3.5
                    ],
                    "rotation": 0,
                    "texture": "#0"
                },
                "east": {
                    "uv": [
                        12.5,
                        6.5,
                        13.0,
                        7.0
                    ],
                    "rotation": 0,
                    "texture": "#0"
                },
                "south": {
                    "uv": [
                        12.0,
                        3.5,
                        12.75,
                        4.0
                    ],
                    "rotation": 0,
                    "texture": "#0"
                },
                "west": {
                    "uv": [
                        7.0,
                        12.5,
                        7.5,
                        13.0
                    ],
                    "rotation": 0,
                    "texture": "#0"
                },
                "up": {
                    "uv": [
                        12.75,
                        4.5,
                        12.0,
                        4.0
                    ],
                    "rotation": 0,
                    "texture": "#0"
                },
                "down": {
                    "uv": [
                        12.75,
                        4.5,
                        12.0,
                        5.0
                    ],
                    "rotation": 0,
                    "texture": "#0"
                }
            }
        },
        {
            "from": [
                7.300000190734863,
                4.5548200607299809,
                8.971090316772461
            ],
            "to": [
                8.699999809265137,
                8.004819869995118,
                10.071089744567871
            ],
            "rotation": {
                "angle": 0.0,
                "axis": "y",
                "origin": [
                    8.0,
                    6.39857,
                    10.39609
                ],
                "faces": {
                    "north": {
                        "uv": [],
                        "rotation": 0,
                        "texture": ""
                    },
                    "east": {
                        "uv": [],
                        "rotation": 0,
                        "texture": ""
                    },
                    "south": {
                        "uv": [],
                        "rotation": 0,
                        "texture": ""
                    },
                    "west": {
                        "uv": [],
                        "rotation": 0,
                        "texture": ""
                    },
                    "up": {
                        "uv": [],
                        "rotation": 0,
                        "texture": ""
                    },
                    "down": {
                        "uv": [],
                        "rotation": 0,
                        "texture": ""
                    }
                }
            },
            "faces": {
                "north": {
                    "uv": [
                        8.0,
                        0.0,
                        8.75,
                        1.75
                    ],
                    "rotation": 0,
                    "texture": "#0"
                },
                "east": {
                    "uv": [
                        8.0,
                        10.5,
                        8.5,
                        12.25
                    ],
                    "rotation": 0,
                    "texture": "#0"
                },
                "south": {
                    "uv": [
                        8.0,
                        2.0,
                        8.75,
                        3.75
                    ],
                    "rotation": 0,
                    "texture": "#0"
                },
                "west": {
                    "uv": [
                        8.5,
                        10.5,
                        9.0,
                        12.25
                    ],
                    "rotation": 0,
                    "texture": "#0"
                },
                "up": {
                    "uv": [
                        12.75,
                        10.0,
                        12.0,
                        9.5
                    ],
                    "rotation": 0,
                    "texture": "#0"
                },
                "down": {
                    "uv": [
                        12.25,
                        12.0,
                        11.5,
                        12.5
                    ],
                    "rotation": 0,
                    "texture": "#0"
                }
            }
        },
        {
            "from": [
                7.550000190734863,
                14.350000381469727,
                6.074999809265137
            ],
            "to": [
                8.449999809265137,
                17.100000381469728,
                9.925000190734864
            ],
            "rotation": {
                "angle": 0.0,
                "axis": "y",
                "origin": [
                    4.0,
                    3.0,
                    0.125
                ],
                "faces": {
                    "north": {
                        "uv": [],
                        "rotation": 0,
                        "texture": ""
                    },
                    "east": {
                        "uv": [],
                        "rotation": 0,
                        "texture": ""
                    },
                    "south": {
                        "uv": [],
                        "rotation": 0,
                        "texture": ""
                    },
                    "west": {
                        "uv": [],
                        "rotation": 0,
                        "texture": ""
                    },
                    "up": {
                        "uv": [],
                        "rotation": 0,
                        "texture": ""
                    },
                    "down": {
                        "uv": [],
                        "rotation": 0,
                        "texture": ""
                    }
                }
            },
            "faces": {
                "north": {
                    "uv": [
                        0.0,
                        11.0,
                        0.5,
                        12.5
                    ],
                    "rotation": 0,
                    "texture": "#0"
                },
                "east": {
                    "uv": [
                        5.0,
                        5.0,
                        7.0,
                        6.5
                    ],
                    "rotation": 0,
                    "texture": "#0"
                },
                "south": {
                    "uv": [
                        0.5,
                        11.0,
                        1.0,
                        12.5
                    ],
                    "rotation": 0,
                    "texture": "#0"
                },
                "west": {
                    "uv": [
                        6.0,
                        0.0,
                        8.0,
                        1.5
                    ],
                    "rotation": 0,
                    "texture": "#0"
                },
                "up": {
                    "uv": [
                        4.5,
                        11.5,
                        4.0,
                        9.5
                    ],
                    "rotation": 0,
                    "texture": "#0"
                },
                "down": {
                    "uv": [
                        5.0,
                        9.5,
                        4.5,
                        11.5
                    ],
                    "rotation": 0,
                    "texture": "#0"
                }
            }
        },
        {
            "from": [
                7.550000190734863,
                17.100000381469728,
                6.324999809265137
            ],
            "to": [
                8.449999809265137,
                18.350000381469728,
                9.675000190734864
            ],
            "rotation": {
                "angle": 0.0,
                "axis": "y",
                "origin": [
                    4.0,
                    3.0,
                    0.125
                ],
                "faces": {
                    "north": {
                        "uv": [],
                        "rotation": 0,
                        "texture": ""
                    },
                    "east": {
                        "uv": [],
                        "rotation": 0,
                        "texture": ""
                    },
                    "south": {
                        "uv": [],
                        "rotation": 0,
                        "texture": ""
                    },
                    "west": {
                        "uv": [],
                        "rotation": 0,
                        "texture": ""
                    },
                    "up": {
                        "uv": [],
                        "rotation": 0,
                        "texture": ""
                    },
                    "down": {
                        "uv": [],
                        "rotation": 0,
                        "texture": ""
                    }
                }
            },
            "faces": {
                "north": {
                    "uv": [
                        9.5,
                        8.5,
                        10.0,
                        9.25
                    ],
                    "rotation": 0,
                    "texture": "#0"
                },
                "east": {
                    "uv": [
                        8.0,
                        4.0,
                        9.75,
                        4.75
                    ],
                    "rotation": 0,
                    "texture": "#0"
                },
                "south": {
                    "uv": [
                        0.0,
                        12.5,
                        0.5,
                        13.25
                    ],
                    "rotation": 0,
                    "texture": "#0"
                },
                "west": {
                    "uv": [
                        8.0,
                        5.0,
                        9.75,
                        5.75
                    ],
                    "rotation": 0,
                    "texture": "#0"
                },
                "up": {
                    "uv": [
                        9.5,
                        12.25,
                        9.0,
                        10.5
                    ],
                    "rotation": 0,
                    "texture": "#0"
                },
                "down": {
                    "uv": [
                        10.0,
                        10.5,
                        9.5,
                        12.25
                    ],
                    "rotation": 0,
                    "texture": "#0"
                }
            }
        },
        {
            "from": [
                7.550000190734863,
                18.350000381469728,
                6.824999809265137
            ],
            "to": [
                8.449999809265137,
                19.600000381469728,
                9.175000190734864
            ],
            "rotation": {
                "angle": 0.0,
                "axis": "y",
                "origin": [
                    4.0,
                    3.0,
                    0.125
                ],
                "faces": {
                    "north": {
                        "uv": [],
                        "rotation": 0,
                        "texture": ""
                    },
                    "east": {
                        "uv": [],
                        "rotation": 0,
                        "texture": ""
                    },
                    "south": {
                        "uv": [],
                        "rotation": 0,
                        "texture": ""
                    },
                    "west": {
                        "uv": [],
                        "rotation": 0,
                        "texture": ""
                    },
                    "up": {
                        "uv": [],
                        "rotation": 0,
                        "texture": ""
                    },
                    "down": {
                        "uv": [],
                        "rotation": 0,
                        "texture": ""
                    }
                }
            },
            "faces": {
                "north": {
                    "uv": [
                        0.5,
                        12.5,
                        1.0,
                        13.25
                    ],
                    "rotation": 0,
                    "texture": "#0"
                },
                "east": {
                    "uv": [
                        7.0,
                        9.5,
                        8.25,
                        10.25
                    ],
                    "rotation": 0,
                    "texture": "#0"
                },
                "south": {
                    "uv": [
                        1.0,
                        12.5,
                        1.5,
                        13.25
                    ],
                    "rotation": 0,
                    "texture": "#0"
                },
                "west": {
                    "uv": [
                        8.5,
                        9.5,
                        9.75,
                        10.25
                    ],
                    "rotation": 0,
                    "texture": "#0"
                },
                "up": {
                    "uv": [
                        11.5,
                        9.25,
                        11.0,
                        8.0
                    ],
                    "rotation": 0,
                    "texture": "#0"
                },
                "down": {
                    "uv": [
                        10.5,
                        11.0,
                        10.0,
                        12.25
                    ],
                    "rotation": 0,
                    "texture": "#0"
                }
            }
        },
        {
            "from": [
                7.550000190734863,
                19.600000381469728,
                7.324999809265137
            ],
            "to": [
                8.449999809265137,
                20.850000381469728,
                8.675000190734864
            ],
            "rotation": {
                "angle": 0.0,
                "axis": "y",
                "origin": [
                    4.0,
                    3.0,
                    0.125
                ],
                "faces": {
                    "north": {
                        "uv": [],
                        "rotation": 0,
                        "texture": ""
                    },
                    "east": {
                        "uv": [],
                        "rotation": 0,
                        "texture": ""
                    },
                    "south": {
                        "uv": [],
                        "rotation": 0,
                        "texture": ""
                    },
                    "west": {
                        "uv": [],
                        "rotation": 0,
                        "texture": ""
                    },
                    "up": {
                        "uv": [],
                        "rotation": 0,
                        "texture": ""
                    },
                    "down": {
                        "uv": [],
                        "rotation": 0,
                        "texture": ""
                    }
                }
            },
            "faces": {
                "north": {
                    "uv": [
                        1.5,
                        12.5,
                        2.0,
                        13.25
                    ],
                    "rotation": 0,
                    "texture": "#0"
                },
                "east": {
                    "uv": [
                        5.0,
                        11.5,
                        5.75,
                        12.25
                    ],
                    "rotation": 0,
                    "texture": "#0"
                },
                "south": {
                    "uv": [
                        2.0,
                        12.5,
                        2.5,
                        13.25
                    ],
                    "rotation": 0,
                    "texture": "#0"
                },
                "west": {
                    "uv": [
                        11.5,
                        5.0,
                        12.25,
                        5.75
                    ],
                    "rotation": 0,
                    "texture": "#0"
                },
                "up": {
                    "uv": [
                        3.0,
                        13.25,
                        2.5,
                        12.5
                    ],
                    "rotation": 0,
                    "texture": "#0"
                },
                "down": {
                    "uv": [
                        3.5,
                        12.5,
                        3.0,
                        13.25
                    ],
                    "rotation": 0,
                    "texture": "#0"
                }
            }
        },
        {
            "from": [
                7.199999809265137,
                14.600000381469727,
                6.824999809265137
            ],
            "to": [
                8.800000190734864,
                16.600000381469728,
                9.175000190734864
            ],
            "rotation": {
                "angle": 0.0,
                "axis": "y",
                "origin": [
                    4.0,
                    3.0,
                    0.125
                ],
                "faces": {
                    "north": {
                        "uv": [],
                        "rotation": 0,
                        "texture": ""
                    },
                    "east": {
                        "uv": [],
                        "rotation": 0,
                        "texture": ""
                    },
                    "south": {
                        "uv": [],
                        "rotation": 0,
                        "texture": ""
                    },
                    "west": {
                        "uv": [],
                        "rotation": 0,
                        "texture": ""
                    },
                    "up": {
                        "uv": [],
                        "rotation": 0,
                        "texture": ""
                    },
                    "down": {
                        "uv": [],
                        "rotation": 0,
                        "texture": ""
                    }
                }
            },
            "faces": {
                "north": {
                    "uv": [
                        11.0,
                        1.0,
                        11.75,
                        2.0
                    ],
                    "rotation": 0,
                    "texture": "#0"
                },
                "east": {
                    "uv": [
                        8.0,
                        8.5,
                        9.25,
                        9.5
                    ],
                    "rotation": 0,
                    "texture": "#0"
                },
                "south": {
                    "uv": [
                        11.0,
                        2.0,
                        11.75,
                        3.0
                    ],
                    "rotation": 0,
                    "texture": "#0"
                },
                "west": {
                    "uv": [
                        9.0,
                        0.0,
                        10.25,
                        1.0
                    ],
                    "rotation": 0,
                    "texture": "#0"
                },
                "up": {
                    "uv": [
                        10.75,
                        2.25,
                        10.0,
                        1.0
                    ],
                    "rotation": 0,
                    "texture": "#0"
                },
                "down": {
                    "uv": [
                        10.75,
                        2.5,
                        10.0,
                        3.75
                    ],
                    "rotation": 0,
                    "texture": "#0"
                }
            }
        },
        {
            "from": [
                7.199999809265137,
                16.600000381469728,
                7.324999809265137
            ],
            "to": [
                8.800000190734864,
                18.100000381469728,
                8.675000190734864
            ],
            "rotation": {
                "angle": 0.0,
                "axis": "y",
                "origin": [
                    4.0,
                    3.0,
                    0.125
                ],
                "faces": {
                    "north": {
                        "uv": [],
                        "rotation": 0,
                        "texture": ""
                    },
                    "east": {
                        "uv": [],
                        "rotation": 0,
                        "texture": ""
                    },
                    "south": {
                        "uv": [],
                        "rotation": 0,
                        "texture": ""
                    },
                    "west": {
                        "uv": [],
                        "rotation": 0,
                        "texture": ""
                    },
                    "up": {
                        "uv": [],
                        "rotation": 0,
                        "texture": ""
                    },
                    "down": {
                        "uv": [],
                        "rotation": 0,
                        "texture": ""
                    }
                }
            },
            "faces": {
                "north": {
                    "uv": [
                        10.0,
                        4.0,
                        10.75,
                        5.25
                    ],
                    "rotation": 0,
                    "texture": "#0"
                },
                "east": {
                    "uv": [
                        10.0,
                        5.5,
                        10.75,
                        6.75
                    ],
                    "rotation": 0,
                    "texture": "#0"
                },
                "south": {
                    "uv": [
                        10.0,
                        7.0,
                        10.75,
                        8.25
                    ],
                    "rotation": 0,
                    "texture": "#0"
                },
                "west": {
                    "uv": [
                        10.0,
                        8.5,
                        10.75,
                        9.75
                    ],
                    "rotation": 0,
                    "texture": "#0"
                },
                "up": {
                    "uv": [
                        12.25,
                        6.75,
                        11.5,
                        6.0
                    ],
                    "rotation": 0,
                    "texture": "#0"
                },
                "down": {
                    "uv": [
                        12.25,
                        7.0,
                        11.5,
                        7.75
                    ],
                    "rotation": 0,
                    "texture": "#0"
                }
            }
        },
        {
            "from": [
                7.099999904632568,
                6.599999904632568,
                7.449999809265137
            ],
            "to": [
                8.899999618530274,
                11.350000381469727,
                8.550000190734864
            ],
            "rotation": {
                "angle": 0.0,
                "axis": "y",
                "origin": [
                    4.0,
                    3.0,
                    0.0
                ],
                "faces": {
                    "north": {
                        "uv": [],
                        "rotation": 0,
                        "texture": ""
                    },
                    "east": {
                        "uv": [],
                        "rotation": 0,
                        "texture": ""
                    },
                    "south": {
                        "uv": [],
                        "rotation": 0,
                        "texture": ""
                    },
                    "west": {
                        "uv": [],
                        "rotation": 0,
                        "texture": ""
                    },
                    "up": {
                        "uv": [],
                        "rotation": 0,
                        "texture": ""
                    },
                    "down": {
                        "uv": [],
                        "rotation": 0,
                        "texture": ""
                    }
                }
            },
            "faces": {
                "north": {
                    "uv": [
                        6.0,
                        1.5,
                        7.0,
                        4.0
                    ],
                    "rotation": 0,
                    "texture": "#0"
                },
                "east": {
                    "uv": [
                        9.0,
                        1.0,
                        9.5,
                        3.5
                    ],
                    "rotation": 0,
                    "texture": "#0"
                },
                "south": {
                    "uv": [
                        5.0,
                        6.5,
                        6.0,
                        9.0
                    ],
                    "rotation": 0,
                    "texture": "#0"
                },
                "west": {
                    "uv": [
                        5.0,
                        9.0,
                        5.5,
                        11.5
                    ],
                    "rotation": 0,
                    "texture": "#0"
                },
                "up": {
                    "uv": [
                        12.5,
                        9.5,
                        11.5,
                        9.0
                    ],
                    "rotation": 0,
                    "texture": "#0"
                },
                "down": {
                    "uv": [
                        12.5,
                        10.0,
                        11.5,
                        10.5
                    ],
                    "rotation": 0,
                    "texture": "#0"
                }
            }
        },
        {
            "from": [
                7.099999904632568,
                5.349999904632568,
                6.699999809265137
            ],
            "to": [
                8.899999618530274,
                6.599999904632568,
                9.300000190734864
            ],
            "rotation": {
                "angle": 0.0,
                "axis": "y",
                "origin": [
                    4.0,
                    3.0,
                    0.0
                ],
                "faces": {
                    "north": {
                        "uv": [],
                        "rotation": 0,
                        "texture": ""
                    },
                    "east": {
                        "uv": [],
                        "rotation": 0,
                        "texture": ""
                    },
                    "south": {
                        "uv": [],
                        "rotation": 0,
                        "texture": ""
                    },
                    "west": {
                        "uv": [],
                        "rotation": 0,
                        "texture": ""
                    },
                    "up": {
                        "uv": [],
                        "rotation": 0,
                        "texture": ""
                    },
                    "down": {
                        "uv": [],
                        "rotation": 0,
                        "texture": ""
                    }
                }
            },
            "faces": {
                "north": {
                    "uv": [
                        11.0,
                        3.0,
                        12.0,
                        3.75
                    ],
                    "rotation": 0,
                    "texture": "#0"
                },
                "east": {
                    "uv": [
                        10.0,
                        10.0,
                        11.25,
                        10.75
                    ],
                    "rotation": 0,
                    "texture": "#0"
                },
                "south": {
                    "uv": [
                        11.0,
                        4.0,
                        12.0,
                        4.75
                    ],
                    "rotation": 0,
                    "texture": "#0"
                },
                "west": {
                    "uv": [
                        10.5,
                        0.0,
                        11.75,
                        0.75
                    ],
                    "rotation": 0,
                    "texture": "#0"
                },
                "up": {
                    "uv": [
                        10.0,
                        7.25,
                        9.0,
                        6.0
                    ],
                    "rotation": 0,
                    "texture": "#0"
                },
                "down": {
                    "uv": [
                        1.0,
                        9.5,
                        0.0,
                        10.75
                    ],
                    "rotation": 0,
                    "texture": "#0"
                }
            }
        },
        {
            "from": [
                7.099999904632568,
                4.349999904632568,
                7.449999809265137
            ],
            "to": [
                8.899999618530274,
                5.349999904632568,
                8.550000190734864
            ],
            "rotation": {
                "angle": 0.0,
                "axis": "y",
                "origin": [
                    4.0,
                    3.0,
                    0.0
                ],
                "faces": {
                    "north": {
                        "uv": [],
                        "rotation": 0,
                        "texture": ""
                    },
                    "east": {
                        "uv": [],
                        "rotation": 0,
                        "texture": ""
                    },
                    "south": {
                        "uv": [],
                        "rotation": 0,
                        "texture": ""
                    },
                    "west": {
                        "uv": [],
                        "rotation": 0,
                        "texture": ""
                    },
                    "up": {
                        "uv": [],
                        "rotation": 0,
                        "texture": ""
                    },
                    "down": {
                        "uv": [],
                        "rotation": 0,
                        "texture": ""
                    }
                }
            },
            "faces": {
                "north": {
                    "uv": [
                        11.5,
                        10.5,
                        12.5,
                        11.0
                    ],
                    "rotation": 0,
                    "texture": "#0"
                },
                "east": {
                    "uv": [
                        12.5,
                        7.0,
                        13.0,
                        7.5
                    ],
                    "rotation": 0,
                    "texture": "#0"
                },
                "south": {
                    "uv": [
                        11.5,
                        11.0,
                        12.5,
                        11.5
                    ],
                    "rotation": 0,
                    "texture": "#0"
                },
                "west": {
                    "uv": [
                        7.5,
                        12.5,
                        8.0,
                        13.0
                    ],
                    "rotation": 0,
                    "texture": "#0"
                },
                "up": {
                    "uv": [
                        12.5,
                        12.0,
                        11.5,
                        11.5
                    ],
                    "rotation": 0,
                    "texture": "#0"
                },
                "down": {
                    "uv": [
                        13.0,
                        0.0,
                        12.0,
                        0.5
                    ],
                    "rotation": 0,
                    "texture": "#0"
                }
            }
        },
        {
            "from": [
                7.099999904632568,
                11.350000381469727,
                7.699999809265137
            ],
            "to": [
                8.899999618530274,
                12.350000381469727,
                8.300000190734864
            ],
            "rotation": {
                "angle": 0.0,
                "axis": "y",
                "origin": [
                    4.0,
                    3.0,
                    0.0
                ],
                "faces": {
                    "north": {
                        "uv": [],
                        "rotation": 0,
                        "texture": ""
                    },
                    "east": {
                        "uv": [],
                        "rotation": 0,
                        "texture": ""
                    },
                    "south": {
                        "uv": [],
                        "rotation": 0,
                        "texture": ""
                    },
                    "west": {
                        "uv": [],
                        "rotation": 0,
                        "texture": ""
                    },
                    "up": {
                        "uv": [],
                        "rotation": 0,
                        "texture": ""
                    },
                    "down": {
                        "uv": [],
                        "rotation": 0,
                        "texture": ""
                    }
                }
            },
            "faces": {
                "north": {
                    "uv": [
                        12.0,
                        0.5,
                        13.0,
                        1.0
                    ],
                    "rotation": 0,
                    "texture": "#0"
                },
                "east": {
                    "uv": [
                        11.5,
                        12.5,
                        11.75,
                        13.0
                    ],
                    "rotation": 0,
                    "texture": "#0"
                },
                "south": {
                    "uv": [
                        1.0,
                        12.0,
                        2.0,
                        12.5
                    ],
                    "rotation": 0,
                    "texture": "#0"
                },
                "west": {
                    "uv": [
                        12.5,
                        11.5,
                        12.75,
                        12.0
                    ],
                    "rotation": 0,
                    "texture": "#0"
                },
                "up": {
                    "uv": [
                        13.5,
                        7.75,
                        12.5,
                        7.5
                    ],
                    "rotation": 0,
                    "texture": "#0"
                },
                "down": {
                    "uv": [
                        9.0,
                        12.5,
                        8.0,
                        12.75
                    ],
                    "rotation": 0,
                    "texture": "#0"
                }
            }
        }
    ],
    "gui_light": "front",
    "display": {
        "thirdperson_righthand": {
            "rotation": [
                156,
                -45,
                -92
            ],
            "translation": [
                -9.75,
                -5.75,
                10.5
            ],
            "scale": [
                1.649999976158142,
                1.649999976158142,
                1.649999976158142
            ]
        },
        "thirdperson_lefthand": {
            "rotation": [
                156,
                -45,
                -92
            ],
            "translation": [
                -9.75,
                -5.75,
                10.5
            ],
            "scale": [
                1.649999976158142,
                1.649999976158142,
                1.649999976158142
            ]
        },
        "firstperson_righthand": {
            "rotation": [
                0,
                0,
                0
            ],
            "translation": [
                0.0,
                -1.5,
                0.0
            ],
            "scale": [
                0.0,
                0.0,
                0.0
            ]
        },
        "firstperson_lefthand": {
            "rotation": [
                0,
                0,
                0
            ],
            "translation": [
                0.0,
                0.0,
                0.0
            ],
            "scale": [
                0.0,
                0.0,
                0.0
            ]
        },
        "ground": {
            "rotation": [
                -53,
                0,
                0
            ],
            "translation": [
                0.0,
                2.75,
                0.0
            ],
            "scale": [
                1.0,
                1.0,
                1.0
            ]
        },
        "gui": {
            "rotation": [
                90,
                45,
                -90
            ],
            "translation": [
                -1.5,
                -1.25,
                0.0
            ],
            "scale": [
                1.0,
                1.0,
                1.0
            ]
        }
    }
}