{
	"credit": "Made with Blockbench",
	"texture_size": [32, 32],
	"textures": {
		"0": "item/weapons/great_sword/iron_great_sword",
		"particle": "item/weapons/great_sword/iron_great_sword"
	},
	"elements": [
		{
			"from": [7.7, -0.15, 7.7],
			"to": [8.3, 4.1, 8.3],
			"rotation": {"angle": 0, "axis": "y", "origin": [4, 3, 0]},
			"faces": {
				"north": {"uv": [10.5, 11, 10.75, 13.25], "texture": "#0"},
				"east": {"uv": [11, 11, 11.25, 13.25], "texture": "#0"},
				"south": {"uv": [4, 11.5, 4.25, 13.75], "texture": "#0"},
				"west": {"uv": [4.5, 11.5, 4.75, 13.75], "texture": "#0"},
				"up": {"uv": [12.25, 12.75, 12, 12.5], "texture": "#0"},
				"down": {"uv": [12.75, 12, 12.5, 12.25], "texture": "#0"}
			}
		},
		{
			"from": [7.7, -0.5, 7.2],
			"to": [8.3, -0.15, 8.8],
			"rotation": {"angle": 0, "axis": "y", "origin": [4, 3, 0]},
			"faces": {
				"north": {"uv": [12.5, 12.5, 12.75, 12.75], "texture": "#0"},
				"east": {"uv": [12.5, 8, 13.25, 8.25], "texture": "#0"},
				"south": {"uv": [13, 0, 13.25, 0.25], "texture": "#0"},
				"west": {"uv": [12.5, 8.5, 13.25, 8.75], "texture": "#0"},
				"up": {"uv": [9.25, 13.25, 9, 12.5], "texture": "#0"},
				"down": {"uv": [9.75, 12.5, 9.5, 13.25], "texture": "#0"}
			}
		},
		{
			"from": [7.7, -1.4, 7.2],
			"to": [8.3, -1.05, 8.8],
			"rotation": {"angle": 0, "axis": "y", "origin": [4, 3, 0]},
			"faces": {
				"north": {"uv": [13, 0.5, 13.25, 0.75], "texture": "#0"},
				"east": {"uv": [12.5, 9, 13.25, 9.25], "texture": "#0"},
				"south": {"uv": [13, 1, 13.25, 1.25], "texture": "#0"},
				"west": {"uv": [12.5, 10, 13.25, 10.25], "texture": "#0"},
				"up": {"uv": [10.25, 13.25, 10, 12.5], "texture": "#0"},
				"down": {"uv": [12.75, 10.5, 12.5, 11.25], "texture": "#0"}
			}
		},
		{
			"from": [7.7, -1.05, 7.2],
			"to": [8.3, -0.5, 7.55],
			"rotation": {"angle": 0, "axis": "y", "origin": [8, -1.275, 8]},
			"faces": {
				"north": {"uv": [13, 1.5, 13.25, 1.75], "texture": "#0"},
				"east": {"uv": [13, 2, 13.25, 2.25], "texture": "#0"},
				"south": {"uv": [13, 2.5, 13.25, 2.75], "texture": "#0"},
				"west": {"uv": [13, 3, 13.25, 3.25], "texture": "#0"},
				"up": {"uv": [3.75, 13.25, 3.5, 13], "texture": "#0"},
				"down": {"uv": [13.25, 3.5, 13, 3.75], "texture": "#0"}
			}
		},
		{
			"from": [7.7, -1.05, 8.45],
			"to": [8.3, -0.5, 8.8],
			"rotation": {"angle": 0, "axis": "y", "origin": [8, -1.275, 8]},
			"faces": {
				"north": {"uv": [13, 4, 13.25, 4.25], "texture": "#0"},
				"east": {"uv": [13, 4.5, 13.25, 4.75], "texture": "#0"},
				"south": {"uv": [5, 13, 5.25, 13.25], "texture": "#0"},
				"west": {"uv": [13, 5, 13.25, 5.25], "texture": "#0"},
				"up": {"uv": [5.75, 13.25, 5.5, 13], "texture": "#0"},
				"down": {"uv": [13.25, 5.5, 13, 5.75], "texture": "#0"}
			}
		},
		{
			"from": [7.55, 0.5, 7.55],
			"to": [8.45, 3, 8.45],
			"rotation": {"angle": 0, "axis": "y", "origin": [4, 3, 0]},
			"faces": {
				"north": {"uv": [11, 5, 11.5, 6.25], "texture": "#0"},
				"east": {"uv": [6, 11, 6.5, 12.25], "texture": "#0"},
				"south": {"uv": [6.5, 11, 7, 12.25], "texture": "#0"},
				"west": {"uv": [11, 6.5, 11.5, 7.75], "texture": "#0"},
				"up": {"uv": [4, 13, 3.5, 12.5], "texture": "#0"},
				"down": {"uv": [5.5, 12.5, 5, 13], "texture": "#0"}
			}
		},
		{
			"from": [6.95, 3.6, 6.95],
			"to": [9.05, 4.35, 9.05],
			"rotation": {"angle": 0, "axis": "y", "origin": [4, 3, 0]},
			"faces": {
				"north": {"uv": [9, 3.5, 10, 4], "texture": "#0"},
				"east": {"uv": [11, 9.5, 12, 10], "texture": "#0"},
				"south": {"uv": [11.5, 8, 12.5, 8.5], "texture": "#0"},
				"west": {"uv": [11.5, 8.5, 12.5, 9], "texture": "#0"},
				"up": {"uv": [7, 5, 6, 4], "texture": "#0"},
				"down": {"uv": [10, 7.5, 9, 8.5], "texture": "#0"}
			}
		},
		{
			"from": [7.2, 5.1, 6.325],
			"to": [8.8, 14.6, 9.675],
			"rotation": {"angle": 0, "axis": "y", "origin": [4, 3, 0.125]},
			"faces": {
				"north": {"uv": [4, 4.5, 4.75, 9.25], "texture": "#0"},
				"east": {"uv": [0, 4.5, 1.75, 9.25], "texture": "#0"},
				"south": {"uv": [5, 0, 5.75, 4.75], "texture": "#0"},
				"west": {"uv": [2, 4.5, 3.75, 9.25], "texture": "#0"},
				"up": {"uv": [7.75, 3.25, 7, 1.5], "texture": "#0"},
				"down": {"uv": [7.75, 3.5, 7, 5.25], "texture": "#0"}
			}
		},
		{
			"from": [7.55, 5.15, 5.575],
			"to": [8.45, 14.35, 10.425],
			"rotation": {"angle": 0, "axis": "y", "origin": [4, 3, 0.125]},
			"faces": {
				"north": {"uv": [6, 6.5, 6.5, 11], "texture": "#0"},
				"east": {"uv": [0, 0, 2.5, 4.5], "texture": "#0"},
				"south": {"uv": [6.5, 6.5, 7, 11], "texture": "#0"},
				"west": {"uv": [2.5, 0, 5, 4.5], "texture": "#0"},
				"up": {"uv": [8.5, 8.5, 8, 6], "texture": "#0"},
				"down": {"uv": [9, 6, 8.5, 8.5], "texture": "#0"}
			}
		},
		{
			"from": [7.3, 3.80482, 5.92891],
			"to": [8.7, 4.55482, 6.67891],
			"rotation": {"angle": 0, "axis": "y", "origin": [8, 6.39857, 5.60391]},
			"faces": {
				"north": {"uv": [12, 1, 12.75, 1.5], "texture": "#0"},
				"east": {"uv": [12.5, 5, 13, 5.5], "texture": "#0"},
				"south": {"uv": [12, 1.5, 12.75, 2], "texture": "#0"},
				"west": {"uv": [5.5, 12.5, 6, 13], "texture": "#0"},
				"up": {"uv": [2.75, 12.5, 2, 12], "texture": "#0"},
				"down": {"uv": [12.75, 2, 12, 2.5], "texture": "#0"}
			}
		},
		{
			"from": [7.575, 2.82982, 5.17891],
			"to": [8.425, 7.50482, 6.02891],
			"rotation": {"angle": 0, "axis": "y", "origin": [8, 6.39857, 5.60391]},
			"faces": {
				"north": {"uv": [5.5, 9, 6, 11.25], "texture": "#0"},
				"east": {"uv": [1, 9.5, 1.5, 11.75], "texture": "#0"},
				"south": {"uv": [9.5, 1, 10, 3.25], "texture": "#0"},
				"west": {"uv": [1.5, 9.5, 2, 11.75], "texture": "#0"},
				"up": {"uv": [13, 6, 12.5, 5.5], "texture": "#0"},
				"down": {"uv": [6.5, 12.5, 6, 13], "texture": "#0"}
			}
		},
		{
			"from": [7.3, 4.55482, 5.92891],
			"to": [8.7, 8.00482, 7.02891],
			"rotation": {"angle": 0, "axis": "y", "origin": [8, 6.39857, 5.60391]},
			"faces": {
				"north": {"uv": [7, 5.5, 7.75, 7.25], "texture": "#0"},
				"east": {"uv": [7, 10.5, 7.5, 12.25], "texture": "#0"},
				"south": {"uv": [7, 7.5, 7.75, 9.25], "texture": "#0"},
				"west": {"uv": [7.5, 10.5, 8, 12.25], "texture": "#0"},
				"up": {"uv": [12.75, 3, 12, 2.5], "texture": "#0"},
				"down": {"uv": [3.75, 12, 3, 12.5], "texture": "#0"}
			}
		},
		{
			"from": [7.575, 2.82982, 9.97109],
			"to": [8.425, 7.50482, 10.82109],
			"rotation": {"angle": 0, "axis": "y", "origin": [8, 6.39857, 10.39609]},
			"faces": {
				"north": {"uv": [2, 9.5, 2.5, 11.75], "texture": "#0"},
				"east": {"uv": [2.5, 9.5, 3, 11.75], "texture": "#0"},
				"south": {"uv": [3, 9.5, 3.5, 11.75], "texture": "#0"},
				"west": {"uv": [3.5, 9.5, 4, 11.75], "texture": "#0"},
				"up": {"uv": [13, 6.5, 12.5, 6], "texture": "#0"},
				"down": {"uv": [7, 12.5, 6.5, 13], "texture": "#0"}
			}
		},
		{
			"from": [7.3, 3.80482, 9.32109],
			"to": [8.7, 4.55482, 10.07109],
			"rotation": {"angle": 0, "axis": "y", "origin": [8, 6.39857, 10.39609]},
			"faces": {
				"north": {"uv": [12, 3, 12.75, 3.5], "texture": "#0"},
				"east": {"uv": [12.5, 6.5, 13, 7], "texture": "#0"},
				"south": {"uv": [12, 3.5, 12.75, 4], "texture": "#0"},
				"west": {"uv": [7, 12.5, 7.5, 13], "texture": "#0"},
				"up": {"uv": [12.75, 4.5, 12, 4], "texture": "#0"},
				"down": {"uv": [12.75, 4.5, 12, 5], "texture": "#0"}
			}
		},
		{
			"from": [7.3, 4.55482, 8.97109],
			"to": [8.7, 8.00482, 10.07109],
			"rotation": {"angle": 0, "axis": "y", "origin": [8, 6.39857, 10.39609]},
			"faces": {
				"north": {"uv": [8, 0, 8.75, 1.75], "texture": "#0"},
				"east": {"uv": [8, 10.5, 8.5, 12.25], "texture": "#0"},
				"south": {"uv": [8, 2, 8.75, 3.75], "texture": "#0"},
				"west": {"uv": [8.5, 10.5, 9, 12.25], "texture": "#0"},
				"up": {"uv": [12.75, 10, 12, 9.5], "texture": "#0"},
				"down": {"uv": [12.25, 12, 11.5, 12.5], "texture": "#0"}
			}
		},
		{
			"from": [7.55, 14.35, 6.075],
			"to": [8.45, 17.1, 9.925],
			"rotation": {"angle": 0, "axis": "y", "origin": [4, 3, 0.125]},
			"faces": {
				"north": {"uv": [0, 11, 0.5, 12.5], "texture": "#0"},
				"east": {"uv": [5, 5, 7, 6.5], "texture": "#0"},
				"south": {"uv": [0.5, 11, 1, 12.5], "texture": "#0"},
				"west": {"uv": [6, 0, 8, 1.5], "texture": "#0"},
				"up": {"uv": [4.5, 11.5, 4, 9.5], "texture": "#0"},
				"down": {"uv": [5, 9.5, 4.5, 11.5], "texture": "#0"}
			}
		},
		{
			"from": [7.55, 17.1, 6.325],
			"to": [8.45, 18.35, 9.675],
			"rotation": {"angle": 0, "axis": "y", "origin": [4, 3, 0.125]},
			"faces": {
				"north": {"uv": [9.5, 8.5, 10, 9.25], "texture": "#0"},
				"east": {"uv": [8, 4, 9.75, 4.75], "texture": "#0"},
				"south": {"uv": [0, 12.5, 0.5, 13.25], "texture": "#0"},
				"west": {"uv": [8, 5, 9.75, 5.75], "texture": "#0"},
				"up": {"uv": [9.5, 12.25, 9, 10.5], "texture": "#0"},
				"down": {"uv": [10, 10.5, 9.5, 12.25], "texture": "#0"}
			}
		},
		{
			"from": [7.55, 18.35, 6.825],
			"to": [8.45, 19.6, 9.175],
			"rotation": {"angle": 0, "axis": "y", "origin": [4, 3, 0.125]},
			"faces": {
				"north": {"uv": [0.5, 12.5, 1, 13.25], "texture": "#0"},
				"east": {"uv": [7, 9.5, 8.25, 10.25], "texture": "#0"},
				"south": {"uv": [1, 12.5, 1.5, 13.25], "texture": "#0"},
				"west": {"uv": [8.5, 9.5, 9.75, 10.25], "texture": "#0"},
				"up": {"uv": [11.5, 9.25, 11, 8], "texture": "#0"},
				"down": {"uv": [10.5, 11, 10, 12.25], "texture": "#0"}
			}
		},
		{
			"from": [7.55, 19.6, 7.325],
			"to": [8.45, 20.85, 8.675],
			"rotation": {"angle": 0, "axis": "y", "origin": [4, 3, 0.125]},
			"faces": {
				"north": {"uv": [1.5, 12.5, 2, 13.25], "texture": "#0"},
				"east": {"uv": [5, 11.5, 5.75, 12.25], "texture": "#0"},
				"south": {"uv": [2, 12.5, 2.5, 13.25], "texture": "#0"},
				"west": {"uv": [11.5, 5, 12.25, 5.75], "texture": "#0"},
				"up": {"uv": [3, 13.25, 2.5, 12.5], "texture": "#0"},
				"down": {"uv": [3.5, 12.5, 3, 13.25], "texture": "#0"}
			}
		},
		{
			"from": [7.2, 14.6, 6.825],
			"to": [8.8, 16.6, 9.175],
			"rotation": {"angle": 0, "axis": "y", "origin": [4, 3, 0.125]},
			"faces": {
				"north": {"uv": [11, 1, 11.75, 2], "texture": "#0"},
				"east": {"uv": [8, 8.5, 9.25, 9.5], "texture": "#0"},
				"south": {"uv": [11, 2, 11.75, 3], "texture": "#0"},
				"west": {"uv": [9, 0, 10.25, 1], "texture": "#0"},
				"up": {"uv": [10.75, 2.25, 10, 1], "texture": "#0"},
				"down": {"uv": [10.75, 2.5, 10, 3.75], "texture": "#0"}
			}
		},
		{
			"from": [7.2, 16.6, 7.325],
			"to": [8.8, 18.1, 8.675],
			"rotation": {"angle": 0, "axis": "y", "origin": [4, 3, 0.125]},
			"faces": {
				"north": {"uv": [10, 4, 10.75, 5.25], "texture": "#0"},
				"east": {"uv": [10, 5.5, 10.75, 6.75], "texture": "#0"},
				"south": {"uv": [10, 7, 10.75, 8.25], "texture": "#0"},
				"west": {"uv": [10, 8.5, 10.75, 9.75], "texture": "#0"},
				"up": {"uv": [12.25, 6.75, 11.5, 6], "texture": "#0"},
				"down": {"uv": [12.25, 7, 11.5, 7.75], "texture": "#0"}
			}
		},
		{
			"from": [7.1, 6.6, 7.45],
			"to": [8.9, 11.35, 8.55],
			"rotation": {"angle": 0, "axis": "y", "origin": [4, 3, 0]},
			"faces": {
				"north": {"uv": [6, 1.5, 7, 4], "texture": "#0"},
				"east": {"uv": [9, 1, 9.5, 3.5], "texture": "#0"},
				"south": {"uv": [5, 6.5, 6, 9], "texture": "#0"},
				"west": {"uv": [5, 9, 5.5, 11.5], "texture": "#0"},
				"up": {"uv": [12.5, 9.5, 11.5, 9], "texture": "#0"},
				"down": {"uv": [12.5, 10, 11.5, 10.5], "texture": "#0"}
			}
		},
		{
			"from": [7.1, 5.35, 6.7],
			"to": [8.9, 6.6, 9.3],
			"rotation": {"angle": 0, "axis": "y", "origin": [4, 3, 0]},
			"faces": {
				"north": {"uv": [11, 3, 12, 3.75], "texture": "#0"},
				"east": {"uv": [10, 10, 11.25, 10.75], "texture": "#0"},
				"south": {"uv": [11, 4, 12, 4.75], "texture": "#0"},
				"west": {"uv": [10.5, 0, 11.75, 0.75], "texture": "#0"},
				"up": {"uv": [10, 7.25, 9, 6], "texture": "#0"},
				"down": {"uv": [1, 9.5, 0, 10.75], "texture": "#0"}
			}
		},
		{
			"from": [7.1, 4.35, 7.45],
			"to": [8.9, 5.35, 8.55],
			"rotation": {"angle": 0, "axis": "y", "origin": [4, 3, 0]},
			"faces": {
				"north": {"uv": [11.5, 10.5, 12.5, 11], "texture": "#0"},
				"east": {"uv": [12.5, 7, 13, 7.5], "texture": "#0"},
				"south": {"uv": [11.5, 11, 12.5, 11.5], "texture": "#0"},
				"west": {"uv": [7.5, 12.5, 8, 13], "texture": "#0"},
				"up": {"uv": [12.5, 12, 11.5, 11.5], "texture": "#0"},
				"down": {"uv": [13, 0, 12, 0.5], "texture": "#0"}
			}
		},
		{
			"from": [7.1, 11.35, 7.7],
			"to": [8.9, 12.35, 8.3],
			"rotation": {"angle": 0, "axis": "y", "origin": [4, 3, 0]},
			"faces": {
				"north": {"uv": [12, 0.5, 13, 1], "texture": "#0"},
				"east": {"uv": [11.5, 12.5, 11.75, 13], "texture": "#0"},
				"south": {"uv": [1, 12, 2, 12.5], "texture": "#0"},
				"west": {"uv": [12.5, 11.5, 12.75, 12], "texture": "#0"},
				"up": {"uv": [13.5, 7.75, 12.5, 7.5], "texture": "#0"},
				"down": {"uv": [9, 12.5, 8, 12.75], "texture": "#0"}
			}
		}
	],
	"gui_light": "front",
	"display": {
		"thirdperson_righthand": {
			"translation": [0, 7.75, 2.5],
			"scale": [1.65, 1.65, 1.65]
		},
		"thirdperson_lefthand": {
			"translation": [0, 7.75, 2.5],
			"scale": [1.65, 1.65, 1.65]
		},
		"firstperson_righthand": {
			"rotation": [152, 16, 104],
			"translation": [-18, 11, 0],
			"scale": [1.65, 1.65, 1.65]
		},
		"firstperson_lefthand": {
			"translation": [0, 2.5, 0],
			"scale": [1.65, 1.65, 1.65]
		},
		"ground": {
			"rotation": [-53, 0, 0],
			"translation": [0, 2.75, 0]
		},
		"gui": {
			"rotation": [90, 45, -90],
			"translation": [-1.5, -1.25, 0]
		}
	}
}