{
	"format_version": "1.9.0",
	"credit": "Made with Blockbench",
	"textures": {
		"0": "item/skill/flamewizard/meteor",
		"particle": "item/skill/flamewizard/meteor"
	},
	"elements": [
		{
			"from": [5, 7, 5],
			"to": [11, 9, 11],
			"rotation": {"angle": -45, "axis": "y", "origin": [8, 5, 8]},
			"faces": {
				"north": {"uv": [9.2, 4.8, 11.2, 6.8], "texture": "#0"},
				"east": {"uv": [9.2, 4.8, 11.2, 6.8], "texture": "#0"},
				"south": {"uv": [9.2, 4.8, 11.2, 6.8], "texture": "#0"},
				"west": {"uv": [9.2, 4.8, 11.2, 6.8], "texture": "#0"},
				"up": {"uv": [9.2, 4.8, 11.2, 6.8], "texture": "#0"},
				"down": {"uv": [9.2, 4.8, 11.2, 6.8], "texture": "#0"}
			}
		},
		{
			"from": [5, 10, 5],
			"to": [11, 11, 11],
			"rotation": {"angle": -45, "axis": "y", "origin": [8, 8, 8]},
			"faces": {
				"north": {"uv": [5.2, 4.8, 7.2, 6.8], "texture": "#0"},
				"east": {"uv": [5.2, 4.8, 7.2, 6.8], "texture": "#0"},
				"south": {"uv": [5.2, 4.8, 7.2, 6.8], "texture": "#0"},
				"west": {"uv": [5.2, 4.8, 7.2, 6.8], "texture": "#0"},
				"up": {"uv": [5.2, 4.8, 7.2, 6.8], "texture": "#0"},
				"down": {"uv": [5.2, 4.8, 7.2, 6.8], "texture": "#0"}
			}
		},
		{
			"from": [4.2, 5.5, 4.8],
			"to": [11.3, 7, 10.9],
			"rotation": {"angle": -22.5, "axis": "y", "origin": [8, 6, 8]},
			"faces": {
				"north": {"uv": [5.2, 4.8, 7.2, 6.8], "texture": "#0"},
				"east": {"uv": [5.2, 4.8, 7.2, 6.8], "texture": "#0"},
				"south": {"uv": [5.2, 4.8, 7.2, 6.8], "texture": "#0"},
				"west": {"uv": [5.2, 4.8, 7.2, 6.8], "texture": "#0"},
				"up": {"uv": [5.2, 4.8, 7.2, 6.8], "texture": "#0"},
				"down": {"uv": [5.2, 4.8, 7.2, 6.8], "texture": "#0"}
			}
		},
		{
			"from": [5, 9, 5],
			"to": [11, 11, 11],
			"rotation": {"angle": 45, "axis": "x", "origin": [8, 8, 8]},
			"faces": {
				"north": {"uv": [4.8, 0.8, 6.8, 2.8], "texture": "#0"},
				"east": {"uv": [4.8, 0.8, 6.8, 2.8], "texture": "#0"},
				"south": {"uv": [4.8, 0.8, 6.8, 2.8], "texture": "#0"},
				"west": {"uv": [4.8, 0.8, 6.8, 2.8], "texture": "#0"},
				"up": {"uv": [4.8, 0.8, 6.8, 2.8], "texture": "#0"},
				"down": {"uv": [4.8, 0.8, 6.8, 2.8], "texture": "#0"}
			}
		},
		{
			"from": [5, 7, 5],
			"to": [11, 9, 11],
			"rotation": {"angle": 45, "axis": "x", "origin": [8, 8, 8]},
			"faces": {
				"north": {"uv": [8.8, 4.8, 10.8, 6.8], "texture": "#0"},
				"east": {"uv": [8.8, 4.8, 10.8, 6.8], "texture": "#0"},
				"south": {"uv": [8.8, 4.8, 10.8, 6.8], "texture": "#0"},
				"west": {"uv": [8.8, 4.8, 10.8, 6.8], "texture": "#0"},
				"up": {"uv": [8.8, 4.8, 10.8, 6.8], "texture": "#0"},
				"down": {"uv": [8.8, 4.8, 10.8, 6.8], "texture": "#0"}
			}
		},
		{
			"from": [5, 5, 5],
			"to": [11, 7, 11],
			"rotation": {"angle": 45, "axis": "x", "origin": [8, 8, 8]},
			"faces": {
				"north": {"uv": [4.8, 0.8, 6.8, 2.8], "texture": "#0"},
				"east": {"uv": [4.8, 0.8, 6.8, 2.8], "texture": "#0"},
				"south": {"uv": [4.8, 0.8, 6.8, 2.8], "texture": "#0"},
				"west": {"uv": [4.8, 0.8, 6.8, 2.8], "texture": "#0"},
				"up": {"uv": [4.8, 0.8, 6.8, 2.8], "texture": "#0"},
				"down": {"uv": [4.8, 0.8, 6.8, 2.8], "texture": "#0"}
			}
		},
		{
			"from": [9, 5, 5],
			"to": [11, 11, 11],
			"rotation": {"angle": 45, "axis": "z", "origin": [8, 8, 8]},
			"faces": {
				"north": {"uv": [0.8, 5.2, 2.8, 7.2], "texture": "#0"},
				"east": {"uv": [0.8, 5.2, 2.8, 7.2], "texture": "#0"},
				"south": {"uv": [0.8, 5.2, 2.8, 7.2], "texture": "#0"},
				"west": {"uv": [0.8, 5.2, 2.8, 7.2], "texture": "#0"},
				"up": {"uv": [0.8, 5.2, 2.8, 7.2], "texture": "#0"},
				"down": {"uv": [0.8, 5.2, 2.8, 7.2], "texture": "#0"}
			}
		},
		{
			"from": [7, 5, 5],
			"to": [9, 11, 11],
			"rotation": {"angle": 45, "axis": "z", "origin": [8, 8, 8]},
			"faces": {
				"north": {"uv": [8.8, 5.2, 10.8, 7.2], "texture": "#0"},
				"east": {"uv": [8.8, 5.2, 10.8, 7.2], "texture": "#0"},
				"south": {"uv": [8.8, 5.2, 10.8, 7.2], "texture": "#0"},
				"west": {"uv": [8.8, 5.2, 10.8, 7.2], "texture": "#0"},
				"up": {"uv": [8.8, 5.2, 10.8, 7.2], "texture": "#0"},
				"down": {"uv": [8.8, 5.2, 10.8, 7.2], "texture": "#0"}
			}
		},
		{
			"from": [5, 5, 5],
			"to": [11, 6, 11],
			"rotation": {"angle": -45, "axis": "y", "origin": [8, 6, 8]},
			"faces": {
				"north": {"uv": [5.2, 4.8, 7.2, 6.8], "texture": "#0"},
				"east": {"uv": [5.2, 4.8, 7.2, 6.8], "texture": "#0"},
				"south": {"uv": [5.2, 4.8, 7.2, 6.8], "texture": "#0"},
				"west": {"uv": [5.2, 4.8, 7.2, 6.8], "texture": "#0"},
				"up": {"uv": [5.2, 4.8, 7.2, 6.8], "texture": "#0"},
				"down": {"uv": [5.2, 4.8, 7.2, 6.8], "texture": "#0"}
			}
		},
		{
			"from": [5, 9, 5],
			"to": [11, 11, 11],
			"rotation": {"angle": -45, "axis": "y", "origin": [8, 10, 8]},
			"faces": {
				"north": {"uv": [5.2, 4.8, 7.2, 6.8], "texture": "#0"},
				"east": {"uv": [5.2, 4.8, 7.2, 6.8], "texture": "#0"},
				"south": {"uv": [5.2, 4.8, 7.2, 6.8], "texture": "#0"},
				"west": {"uv": [5.2, 4.8, 7.2, 6.8], "texture": "#0"},
				"up": {"uv": [5.2, 4.8, 7.2, 6.8], "texture": "#0"},
				"down": {"uv": [5.2, 4.8, 7.2, 6.8], "texture": "#0"}
			}
		},
		{
			"from": [5.35, 5.35, 5.35],
			"to": [10.6, 10.65, 10.65],
			"rotation": {"angle": 0, "axis": "y", "origin": [7, 7, 7]},
			"faces": {
				"north": {"uv": [9.2, 9.2, 11.2, 11.2], "texture": "#0"},
				"east": {"uv": [9.2, 9.2, 11.2, 11.2], "texture": "#0"},
				"south": {"uv": [9.2, 9.2, 11.2, 11.2], "texture": "#0"},
				"west": {"uv": [9.2, 9.2, 11.2, 11.2], "texture": "#0"},
				"up": {"uv": [9.2, 9.2, 11.2, 11.2], "texture": "#0"},
				"down": {"uv": [9.2, 9.2, 11.2, 11.2], "texture": "#0"}
			}
		},
		{
			"from": [5, 5, 5],
			"to": [7, 11, 11],
			"rotation": {"angle": 45, "axis": "z", "origin": [8, 8, 8]},
			"faces": {
				"north": {"uv": [0.8, 5.2, 2.8, 7.2], "texture": "#0"},
				"east": {"uv": [0.8, 5.2, 2.8, 7.2], "texture": "#0"},
				"south": {"uv": [0.8, 5.2, 2.8, 7.2], "texture": "#0"},
				"west": {"uv": [0.8, 5.2, 2.8, 7.2], "texture": "#0"},
				"up": {"uv": [0.8, 5.2, 2.8, 7.2], "texture": "#0"},
				"down": {"uv": [0.8, 5.2, 2.8, 7.2], "texture": "#0"}
			}
		},
		{
			"from": [4.97105, 4.97105, 4.97105],
			"to": [10.9718, 11.02895, 11.02895],
			"rotation": {"angle": 0, "axis": "y", "origin": [6.857, 6.857, 6.857]},
			"faces": {
				"north": {"uv": [13.2, 0.8, 15.2, 2.8], "texture": "#0"},
				"east": {"uv": [13.2, 0.8, 15.2, 2.8], "texture": "#0"},
				"south": {"uv": [13.2, 0.8, 15.2, 2.8], "texture": "#0"},
				"west": {"uv": [13.2, 0.8, 15.2, 2.8], "texture": "#0"},
				"up": {"uv": [13.2, 0.8, 15.2, 2.8], "texture": "#0"},
				"down": {"uv": [13.2, 0.8, 15.2, 2.8], "texture": "#0"}
			}
		},
		{
			"from": [4.571, 4.571, 4.571],
			"to": [11.429, 11.429, 11.429],
			"rotation": {"angle": -45, "axis": "y", "origin": [8, 8, 8]},
			"faces": {
				"north": {"uv": [13.2, 0.8, 15.2, 2.8], "texture": "#0"},
				"east": {"uv": [13.2, 0.8, 15.2, 2.8], "texture": "#0"},
				"south": {"uv": [13.2, 0.8, 15.2, 2.8], "texture": "#0"},
				"west": {"uv": [13.2, 0.8, 15.2, 2.8], "texture": "#0"},
				"up": {"uv": [13.2, 0.8, 15.2, 2.8], "texture": "#0"},
				"down": {"uv": [13.2, 0.8, 15.2, 2.8], "texture": "#0"}
			}
		},
		{
			"from": [4.571, 4.571, 4.571],
			"to": [11.429, 11.429, 11.429],
			"rotation": {"angle": 45, "axis": "x", "origin": [8, 8, 8]},
			"faces": {
				"north": {"uv": [13.2, 0.8, 15.2, 2.8], "texture": "#0"},
				"east": {"uv": [13.2, 0.8, 15.2, 2.8], "texture": "#0"},
				"south": {"uv": [13.2, 0.8, 15.2, 2.8], "texture": "#0"},
				"west": {"uv": [13.2, 0.8, 15.2, 2.8], "texture": "#0"},
				"up": {"uv": [13.2, 0.8, 15.2, 2.8], "texture": "#0"},
				"down": {"uv": [13.2, 0.8, 15.2, 2.8], "texture": "#0"}
			}
		},
		{
			"from": [4.571, 4.571, 4.571],
			"to": [11.429, 11.429, 11.429],
			"rotation": {"angle": 45, "axis": "z", "origin": [8, 8, 8]},
			"faces": {
				"north": {"uv": [13.2, 0.8, 15.2, 2.8], "texture": "#0"},
				"east": {"uv": [13.2, 0.8, 15.2, 2.8], "texture": "#0"},
				"south": {"uv": [13.2, 0.8, 15.2, 2.8], "texture": "#0"},
				"west": {"uv": [13.2, 0.8, 15.2, 2.8], "texture": "#0"},
				"up": {"uv": [13.2, 0.8, 15.2, 2.8], "texture": "#0"},
				"down": {"uv": [13.2, 0.8, 15.2, 2.8], "texture": "#0"}
			}
		},
		{
			"from": [4.4, 9, 4.9],
			"to": [11.2, 10.75, 11.1],
			"rotation": {"angle": 22.5, "axis": "y", "origin": [8, 8, 8]},
			"faces": {
				"north": {"uv": [4.8, 0.8, 6.8, 2.8], "texture": "#0"},
				"east": {"uv": [4.8, 0.8, 6.8, 2.8], "texture": "#0"},
				"south": {"uv": [4.8, 0.8, 6.8, 2.8], "texture": "#0"},
				"west": {"uv": [4.8, 0.8, 6.8, 2.8], "texture": "#0"},
				"up": {"uv": [4.8, 0.8, 6.8, 2.8], "texture": "#0"},
				"down": {"uv": [4.8, 0.8, 6.8, 2.8], "texture": "#0"}
			}
		},
		{
			"from": [5, 5, 5],
			"to": [11, 7, 11],
			"rotation": {"angle": -45, "axis": "y", "origin": [8, 6, 8]},
			"faces": {
				"north": {"uv": [5.2, 4.8, 7.2, 6.8], "texture": "#0"},
				"east": {"uv": [5.2, 4.8, 7.2, 6.8], "texture": "#0"},
				"south": {"uv": [5.2, 4.8, 7.2, 6.8], "texture": "#0"},
				"west": {"uv": [5.2, 4.8, 7.2, 6.8], "texture": "#0"},
				"up": {"uv": [5.2, 4.8, 7.2, 6.8], "texture": "#0"},
				"down": {"uv": [5.2, 4.8, 7.2, 6.8], "texture": "#0"}
			}
		},
		{
			"from": [5, 4.7, 5],
			"to": [11.3, 7, 8.3],
			"rotation": {"angle": -22.5, "axis": "z", "origin": [8, 8, 8]},
			"faces": {
				"north": {"uv": [0.8, 5.2, 2.8, 7.2], "rotation": 90, "texture": "#0"},
				"east": {"uv": [0.8, 5.2, 2.8, 7.2], "rotation": 270, "texture": "#0"},
				"south": {"uv": [0.8, 5.2, 2.8, 7.2], "rotation": 270, "texture": "#0"},
				"west": {"uv": [0.8, 5.2, 2.8, 7.2], "rotation": 270, "texture": "#0"},
				"up": {"uv": [0.8, 5.2, 2.8, 7.2], "rotation": 270, "texture": "#0"},
				"down": {"uv": [0.8, 5.2, 2.8, 7.2], "rotation": 270, "texture": "#0"}
			}
		},
		{
			"from": [8.35, 8, 7.7],
			"to": [10.5, 10.8, 11.7],
			"rotation": {"angle": 22.5, "axis": "x", "origin": [8, 8, 8]},
			"faces": {
				"north": {"uv": [4.8, 0.8, 6.8, 2.8], "texture": "#0"},
				"east": {"uv": [4.8, 0.8, 6.8, 2.8], "texture": "#0"},
				"south": {"uv": [4.8, 0.8, 6.8, 2.8], "texture": "#0"},
				"west": {"uv": [4.8, 0.8, 6.8, 2.8], "texture": "#0"},
				"up": {"uv": [4.8, 0.8, 6.8, 2.8], "texture": "#0"},
				"down": {"uv": [4.8, 0.8, 6.8, 2.8], "texture": "#0"}
			}
		},
		{
			"from": [4.125, 4.05, 8.7],
			"to": [8.875, 6.85, 10.5],
			"rotation": {"angle": 22.5, "axis": "z", "origin": [6.375, 8.65, 8]},
			"faces": {
				"north": {"uv": [4.8, 0.8, 6.8, 2.8], "rotation": 180, "texture": "#0"},
				"east": {"uv": [4.8, 0.8, 6.8, 2.8], "rotation": 270, "texture": "#0"},
				"south": {"uv": [4.8, 0.8, 6.8, 2.8], "texture": "#0"},
				"west": {"uv": [4.8, 0.8, 6.8, 2.8], "rotation": 90, "texture": "#0"},
				"up": {"uv": [4.8, 0.8, 6.8, 2.8], "rotation": 180, "texture": "#0"},
				"down": {"uv": [4.8, 0.8, 6.8, 2.8], "texture": "#0"}
			}
		},
		{
			"from": [4.9, 7.75, 4.15],
			"to": [10.6, 9.5, 10.225],
			"rotation": {"angle": -22.5, "axis": "y", "origin": [8, 6.75, 8.925]},
			"faces": {
				"north": {"uv": [4.8, 0.8, 6.8, 2.8], "texture": "#0"},
				"east": {"uv": [4.8, 0.8, 6.8, 2.8], "texture": "#0"},
				"south": {"uv": [4.8, 0.8, 6.8, 2.8], "texture": "#0"},
				"west": {"uv": [4.8, 0.8, 6.8, 2.8], "texture": "#0"},
				"up": {"uv": [4.8, 0.8, 6.8, 2.8], "rotation": 270, "texture": "#0"},
				"down": {"uv": [4.8, 0.8, 6.8, 2.8], "rotation": 90, "texture": "#0"}
			}
		},
		{
			"from": [5.75, 8.7, 4.8],
			"to": [7.9, 11.7, 9.8],
			"rotation": {"angle": 22.5, "axis": "x", "origin": [8, 8, 8]},
			"faces": {
				"north": {"uv": [4.8, 0.8, 6.8, 2.8], "texture": "#0"},
				"east": {"uv": [4.8, 0.8, 6.8, 2.8], "texture": "#0"},
				"south": {"uv": [4.8, 0.8, 6.8, 2.8], "texture": "#0"},
				"west": {"uv": [4.8, 0.8, 6.8, 2.8], "texture": "#0"},
				"up": {"uv": [4.8, 0.8, 6.8, 2.8], "texture": "#0"},
				"down": {"uv": [4.8, 0.8, 6.8, 2.8], "texture": "#0"}
			}
		},
		{
			"from": [7.4, 9, 8.8],
			"to": [9.3, 11.85, 10.6],
			"rotation": {"angle": 22.5, "axis": "y", "origin": [8, 8, 8]},
			"faces": {
				"north": {"uv": [4.8, 0.8, 6.8, 2.8], "texture": "#0"},
				"east": {"uv": [4.8, 0.8, 6.8, 2.8], "texture": "#0"},
				"south": {"uv": [4.8, 0.8, 6.8, 2.8], "texture": "#0"},
				"west": {"uv": [4.8, 0.8, 6.8, 2.8], "texture": "#0"},
				"up": {"uv": [4.8, 0.8, 6.8, 2.8], "texture": "#0"},
				"down": {"uv": [4.8, 0.8, 6.8, 2.8], "texture": "#0"}
			}
		}
	],
	"groups": [
		{
			"name": "group",
			"origin": [8, 8, 8],
			"color": 0,
			"children": [0, 1, 2, 3, 4, 5, 6, 7, 8, 9, 10, 11]
		},
		{
			"name": "group",
			"origin": [8, 8, 8],
			"color": 0,
			"children": [
				12,
				13,
				14,
				15,
				{
					"name": "group",
					"origin": [8, 8, 8],
					"color": 0,
					"children": []
				}
			]
		},
		16,
		17,
		18,
		19,
		20,
		21,
		22,
		23
	]
}