{
	"format_version": "1.21.6",
	"credit": "Made with Blockbench",
	"textures": {
		"0": "item/skill/flamewizard/warn2",
		"2": "item/blank",
		"3": "item/skill/flamewizard/warn1",
		"particle": "item/skill/flamewizard/warn2"
	},
	"elements": [
		{
			"from": [-3, 8.1, -3],
			"to": [19, 8.1, 19],
			"light_emission": 15,
			"rotation": {"angle": 0, "axis": "y", "origin": [-4.5, 8, -3.5]},
			"faces": {
				"up": {"uv": [0, 0, 16, 16], "texture": "#3", "tintindex": 0},
				"down": {"uv": [4.72483, 4.40268, 11.0604, 11.00671], "texture": "#2"}
			}
		},
		{
			"from": [-3, 7.9, -3],
			"to": [19, 7.9, 19],
			"light_emission": 15,
			"rotation": {"angle": 0, "axis": "y", "origin": [-4.5, 8, -3.5]},
			"faces": {
				"down": {"uv": [0, 0, 16, 16], "texture": "#3", "tintindex": 0}
			}
		},
		{
			"from": [-4.5, 8, -4.5],
			"to": [20.5, 8, 20.5],
			"light_emission": 15,
			"rotation": {"angle": 0, "axis": "y", "origin": [-5.75, 8, -5.25]},
			"faces": {
				"up": {"uv": [0, 0, 16, 16], "texture": "#0", "tintindex": 0},
				"down": {"uv": [0, 0, 16, 16], "texture": "#0", "tintindex": 0}
			}
		}
	],
	"display": {
		"head": {
			"rotation": [90, 0, -90],
			"translation": [-23.25, -21, -5],
			"scale": [3.75, 3, 3]
		}
	}
}