{
    "providers": [
        {
            "type": "bitmap",
            "file": "minecraft:font/ui/sp_item/wirebug/0.png",
            "ascent": 16,
            "height": 16,
            "chars": [
                "0"
            ]
        },
        {
            "type": "bitmap",
            "file": "minecraft:font/ui/sp_item/wirebug/1.png",
            "ascent": 16,
            "height": 16,
            "chars": [
                "1"
            ]
        },
        {
            "type": "bitmap",
            "file": "minecraft:font/ui/sp_item/wirebug/2.png",
            "ascent": 16,
            "height": 16,
            "chars": [
                "2"
            ]
        },
        {
            "type": "bitmap",
            "file": "minecraft:font/ui/sp_item/wirebug/3.png",
            "ascent": 16,
            "height": 16,
            "chars": [
                "3"
            ]
        },
        {
            "type": "bitmap",
            "file": "minecraft:font/ui/sp_item/wirebug/4.png",
            "ascent": 16,
            "height": 16,
            "chars": [
                "4"
            ]
        },
        {
            "type": "bitmap",
            "file": "minecraft:font/ui/sp_item/wirebug/5.png",
            "ascent": 16,
            "height": 16,
            "chars": [
                "5"
            ]
        },
        {
            "type": "bitmap",
            "file": "minecraft:font/ui/sp_item/wirebug/6.png",
            "ascent": 16,
            "height": 16,
            "chars": [
                "6"
            ]
        },
        {
            "type": "bitmap",
            "file": "minecraft:font/ui/sp_item/wirebug/7.png",
            "ascent": 16,
            "height": 16,
            "chars": [
                "7"
            ]
        },
        {
            "type": "bitmap",
            "file": "minecraft:font/ui/sp_item/wirebug/8.png",
            "ascent": 16,
            "height": 16,
            "chars": [
                "8"
            ]
        },
        {
            "type": "bitmap",
            "file": "minecraft:font/ui/sp_item/wirebug/9.png",
            "ascent": 16,
            "height": 16,
            "chars": [
                "9"
            ]
        }
    ]
}