{
	"format_version": "1.9.0",
	"credit": "Made with Blockbench",
	"textures": {
		"0": "item/weapon/chaser/blade",
		"particle": "item/weapon/chaser/blade"
	},
	"elements": [
		{
			"from": [7.26, 8.84853, 9.42588],
			"to": [8.46, 11.24853, 10.62588],
			"rotation": {"angle": 45, "axis": "x", "origin": [7.26, 8.84853, 9.42588]},
			"faces": {
				"north": {"uv": [9.4, 1.4, 10.4, 2.4], "texture": "#0"},
				"east": {"uv": [9.4, 1.4, 10.4, 2.4], "texture": "#0"},
				"south": {"uv": [9.4, 1.4, 10.4, 2.4], "texture": "#0"},
				"west": {"uv": [9.4, 1.4, 10.4, 2.4], "texture": "#0"},
				"up": {"uv": [9.4, 1.4, 10.4, 2.4], "texture": "#0"},
				"down": {"uv": [9.4, 1.4, 10.4, 2.4], "texture": "#0"}
			}
		},
		{
			"from": [7.26, 7.64853, 9.42588],
			"to": [8.46, 8.84853, 11.82588],
			"rotation": {"angle": 45, "axis": "x", "origin": [7.26, 8.84853, 9.42588]},
			"faces": {
				"north": {"uv": [13.8, 5, 14.8, 6], "rotation": 180, "texture": "#0"},
				"east": {"uv": [13.8, 5, 14.8, 6], "rotation": 270, "texture": "#0"},
				"south": {"uv": [13.8, 5, 14.8, 6], "texture": "#0"},
				"west": {"uv": [13.8, 5, 14.8, 6], "rotation": 90, "texture": "#0"},
				"up": {"uv": [13.8, 5, 14.8, 6], "rotation": 180, "texture": "#0"},
				"down": {"uv": [13.8, 5, 14.8, 6], "texture": "#0"}
			}
		},
		{
			"from": [7.26, 8.4669, 12.18984],
			"to": [8.46, 9.6669, 14.58984],
			"rotation": {"angle": 45, "axis": "x", "origin": [7.26, 9.94558, 12.11705]},
			"faces": {
				"north": {"uv": [5.4, 1, 6.4, 2], "rotation": 180, "texture": "#0"},
				"east": {"uv": [5.4, 1, 6.4, 2], "rotation": 270, "texture": "#0"},
				"south": {"uv": [5.4, 1, 6.4, 2], "texture": "#0"},
				"west": {"uv": [5.4, 1, 6.4, 2], "rotation": 90, "texture": "#0"},
				"up": {"uv": [5.4, 1, 6.4, 2], "rotation": 180, "texture": "#0"},
				"down": {"uv": [5.4, 1, 6.4, 2], "texture": "#0"}
			}
		},
		{
			"from": [7.26, 4.75147, 11.61999],
			"to": [8.46, 7.15147, 12.81999],
			"rotation": {"angle": 45, "axis": "x", "origin": [7.26, 7.15147, 12.81999]},
			"faces": {
				"north": {"uv": [13.4, 1.4, 14.4, 2.4], "rotation": 180, "texture": "#0"},
				"east": {"uv": [13.4, 1.4, 14.4, 2.4], "rotation": 180, "texture": "#0"},
				"south": {"uv": [13.4, 1.4, 14.4, 2.4], "rotation": 180, "texture": "#0"},
				"west": {"uv": [13.4, 1.4, 14.4, 2.4], "rotation": 180, "texture": "#0"},
				"up": {"uv": [13.4, 1.4, 14.4, 2.4], "texture": "#0"},
				"down": {"uv": [13.4, 1.4, 14.4, 2.4], "texture": "#0"}
			}
		},
		{
			"from": [7.26, 5.95147, 10.41999],
			"to": [8.46, 7.15147, 11.61999],
			"rotation": {"angle": 45, "axis": "x", "origin": [7.26, 7.15147, 12.81999]},
			"faces": {
				"north": {"uv": [9.8, 5, 10.8, 6], "rotation": 180, "texture": "#0"},
				"east": {"uv": [9.8, 5, 10.8, 6], "rotation": 180, "texture": "#0"},
				"south": {"uv": [9.8, 5, 10.8, 6], "rotation": 180, "texture": "#0"},
				"west": {"uv": [9.8, 5, 10.8, 6], "rotation": 180, "texture": "#0"},
				"up": {"uv": [9.8, 5, 10.8, 6], "texture": "#0"},
				"down": {"uv": [9.8, 5, 10.8, 6], "texture": "#0"}
			}
		},
		{
			"from": [7.6, 6.56, -0.72235],
			"to": [8.4, 7.52, 1.19765],
			"rotation": {"angle": 0, "axis": "y", "origin": [8, 7.04, 2.15765]},
			"faces": {
				"north": {"uv": [5, 1, 6, 2], "texture": "#0"},
				"east": {"uv": [5, 1, 6, 2], "rotation": 270, "texture": "#0"},
				"south": {"uv": [5, 1, 6, 2], "rotation": 180, "texture": "#0"},
				"west": {"uv": [5, 1, 6, 2], "rotation": 90, "texture": "#0"},
				"up": {"uv": [5, 1, 6, 2], "rotation": 180, "texture": "#0"},
				"down": {"uv": [5, 1, 6, 2], "texture": "#0"}
			}
		},
		{
			"from": [7.6, 6.56, 3.11765],
			"to": [8.4, 7.52, 5.03765],
			"rotation": {"angle": 0, "axis": "y", "origin": [8, 7.04, 4.07765]},
			"faces": {
				"north": {"uv": [13, 1, 14, 2], "texture": "#0"},
				"east": {"uv": [13, 1, 14, 2], "rotation": 270, "texture": "#0"},
				"south": {"uv": [13, 1, 14, 2], "rotation": 180, "texture": "#0"},
				"west": {"uv": [13, 1, 14, 2], "rotation": 90, "texture": "#0"},
				"up": {"uv": [13, 1, 14, 2], "rotation": 180, "texture": "#0"},
				"down": {"uv": [13, 1, 14, 2], "texture": "#0"}
			}
		},
		{
			"from": [7.6, 6.56, 6.03765],
			"to": [8.4, 7.52, 6.95765],
			"rotation": {"angle": 0, "axis": "y", "origin": [8, 7.04, 4.07765]},
			"faces": {
				"north": {"uv": [13, 5, 14, 6], "texture": "#0"},
				"east": {"uv": [13, 5, 14, 6], "rotation": 270, "texture": "#0"},
				"south": {"uv": [13, 5, 14, 6], "rotation": 180, "texture": "#0"},
				"west": {"uv": [13, 5, 14, 6], "rotation": 90, "texture": "#0"},
				"up": {"uv": [13, 5, 14, 6], "rotation": 180, "texture": "#0"},
				"down": {"uv": [13, 5, 14, 6], "texture": "#0"}
			}
		},
		{
			"from": [7.64, 7.52, -1.40235],
			"to": [8.36, 8.48, 1.19765],
			"rotation": {"angle": 0, "axis": "y", "origin": [8, 8, 2.15765]},
			"faces": {
				"north": {"uv": [13, 1, 14, 2], "texture": "#0"},
				"east": {"uv": [13, 1, 14, 2], "rotation": 270, "texture": "#0"},
				"south": {"uv": [13, 1, 14, 2], "rotation": 180, "texture": "#0"},
				"west": {"uv": [13, 1, 14, 2], "rotation": 90, "texture": "#0"},
				"up": {"uv": [13, 1, 14, 2], "rotation": 180, "texture": "#0"},
				"down": {"uv": [13, 1, 14, 2], "texture": "#0"}
			}
		},
		{
			"from": [7.64, 7.52, 3.11765],
			"to": [8.36, 8.48, 5.03765],
			"rotation": {"angle": 0, "axis": "y", "origin": [8, 8, 4.07765]},
			"faces": {
				"north": {"uv": [13, 5, 14, 6], "texture": "#0"},
				"east": {"uv": [13, 5, 14, 6], "rotation": 270, "texture": "#0"},
				"south": {"uv": [13, 5, 14, 6], "rotation": 180, "texture": "#0"},
				"west": {"uv": [13, 5, 14, 6], "rotation": 90, "texture": "#0"},
				"up": {"uv": [13, 5, 14, 6], "rotation": 180, "texture": "#0"},
				"down": {"uv": [13, 5, 14, 6], "texture": "#0"}
			}
		},
		{
			"from": [7.64, 7.52, 5.03765],
			"to": [8.36, 8.48, 6.95765],
			"rotation": {"angle": 0, "axis": "y", "origin": [8, 8, 4.07765]},
			"faces": {
				"north": {"uv": [9.8, 5.4, 10.8, 6.4], "texture": "#0"},
				"east": {"uv": [9.8, 5.4, 10.8, 6.4], "rotation": 270, "texture": "#0"},
				"south": {"uv": [9.8, 5.4, 10.8, 6.4], "rotation": 180, "texture": "#0"},
				"west": {"uv": [9.8, 5.4, 10.8, 6.4], "rotation": 90, "texture": "#0"},
				"up": {"uv": [9.8, 5.4, 10.8, 6.4], "rotation": 180, "texture": "#0"},
				"down": {"uv": [9.8, 5.4, 10.8, 6.4], "texture": "#0"}
			}
		},
		{
			"from": [7.6, 8.48, 5.03765],
			"to": [8.4, 9.44, 6.95765],
			"rotation": {"angle": 0, "axis": "y", "origin": [8, 8.96, 4.07765]},
			"faces": {
				"north": {"uv": [13, 5, 14, 6], "texture": "#0"},
				"east": {"uv": [13, 5, 14, 6], "rotation": 270, "texture": "#0"},
				"south": {"uv": [13, 5, 14, 6], "rotation": 180, "texture": "#0"},
				"west": {"uv": [13, 5, 14, 6], "rotation": 90, "texture": "#0"},
				"up": {"uv": [13, 5, 14, 6], "rotation": 180, "texture": "#0"},
				"down": {"uv": [13, 5, 14, 6], "texture": "#0"}
			}
		},
		{
			"from": [7.6, 8.48, -0.72235],
			"to": [8.4, 9.44, 2.19765],
			"rotation": {"angle": 0, "axis": "y", "origin": [8, 8.96, 2.15765]},
			"faces": {
				"north": {"uv": [5, 1, 6, 2], "texture": "#0"},
				"east": {"uv": [5, 1, 6, 2], "rotation": 270, "texture": "#0"},
				"south": {"uv": [5, 1, 6, 2], "rotation": 180, "texture": "#0"},
				"west": {"uv": [5, 1, 6, 2], "rotation": 90, "texture": "#0"},
				"up": {"uv": [5, 1, 6, 2], "rotation": 180, "texture": "#0"},
				"down": {"uv": [5, 1, 6, 2], "texture": "#0"}
			}
		},
		{
			"from": [7.6, 8.48, 4.11765],
			"to": [8.4, 9.44, 5.03765],
			"rotation": {"angle": 0, "axis": "y", "origin": [8, 8.96, 4.07765]},
			"faces": {
				"north": {"uv": [5.4, 1.4, 6.4, 2.4], "texture": "#0"},
				"east": {"uv": [5.4, 1.4, 6.4, 2.4], "rotation": 270, "texture": "#0"},
				"south": {"uv": [5.4, 1.4, 6.4, 2.4], "rotation": 180, "texture": "#0"},
				"west": {"uv": [5.4, 1.4, 6.4, 2.4], "rotation": 90, "texture": "#0"},
				"up": {"uv": [5.4, 1.4, 6.4, 2.4], "rotation": 180, "texture": "#0"},
				"down": {"uv": [5.4, 1.4, 6.4, 2.4], "texture": "#0"}
			}
		},
		{
			"from": [7.6, 5.74059, -1.74412],
			"to": [8.4, 6.70059, -0.66412],
			"rotation": {"angle": 45, "axis": "x", "origin": [8, 6.22059, 0.29588]},
			"faces": {
				"north": {"uv": [5, 1, 6, 2], "texture": "#0"},
				"east": {"uv": [5, 1, 6, 2], "rotation": 270, "texture": "#0"},
				"south": {"uv": [5, 1, 6, 2], "rotation": 180, "texture": "#0"},
				"west": {"uv": [5, 1, 6, 2], "rotation": 90, "texture": "#0"},
				"up": {"uv": [5, 1, 6, 2], "rotation": 180, "texture": "#0"},
				"down": {"uv": [5, 1, 6, 2], "texture": "#0"}
			}
		},
		{
			"from": [7.6, 9.29941, -2.70412],
			"to": [8.4, 10.25941, -1.74412],
			"rotation": {"angle": -45, "axis": "x", "origin": [8, 9.77941, 0.29588]},
			"faces": {
				"north": {"uv": [1, 1, 2, 2], "texture": "#0"},
				"east": {"uv": [1, 1, 2, 2], "rotation": 270, "texture": "#0"},
				"south": {"uv": [1, 1, 2, 2], "rotation": 180, "texture": "#0"},
				"west": {"uv": [1, 1, 2, 2], "rotation": 90, "texture": "#0"},
				"up": {"uv": [1, 1, 2, 2], "rotation": 180, "texture": "#0"},
				"down": {"uv": [1, 1, 2, 2], "texture": "#0"}
			}
		},
		{
			"from": [7.6, 9.97823, -3.38294],
			"to": [8.4, 10.93823, -2.42294],
			"rotation": {"angle": -45, "axis": "x", "origin": [8, 10.45823, -0.38294]},
			"faces": {
				"north": {"uv": [1, 1, 2, 2], "texture": "#0"},
				"east": {"uv": [1, 1, 2, 2], "rotation": 270, "texture": "#0"},
				"south": {"uv": [1, 1, 2, 2], "rotation": 180, "texture": "#0"},
				"west": {"uv": [1, 1, 2, 2], "rotation": 90, "texture": "#0"},
				"up": {"uv": [1, 1, 2, 2], "rotation": 180, "texture": "#0"},
				"down": {"uv": [1, 1, 2, 2], "texture": "#0"}
			}
		},
		{
			"from": [7.6, 8.48, -2.64236],
			"to": [8.4, 9.44, -0.72236],
			"rotation": {"angle": 0, "axis": "y", "origin": [8, 8.96, 0.23764]},
			"faces": {
				"north": {"uv": [1, 1, 2, 2], "texture": "#0"},
				"east": {"uv": [1, 1, 2, 2], "rotation": 270, "texture": "#0"},
				"south": {"uv": [1, 1, 2, 2], "rotation": 180, "texture": "#0"},
				"west": {"uv": [1, 1, 2, 2], "rotation": 90, "texture": "#0"},
				"up": {"uv": [1, 1, 2, 2], "rotation": 180, "texture": "#0"},
				"down": {"uv": [1, 1, 2, 2], "texture": "#0"}
			}
		},
		{
			"from": [7.6, 10.96763, -3.36198],
			"to": [8.4, 11.36563, -2.67698],
			"rotation": {"angle": -45, "axis": "x", "origin": [8, 10.44763, -0.33698]},
			"faces": {
				"north": {"uv": [1, 1, 2, 2], "texture": "#0"},
				"east": {"uv": [1, 1, 2, 2], "rotation": 270, "texture": "#0"},
				"south": {"uv": [1, 1, 2, 2], "rotation": 180, "texture": "#0"},
				"west": {"uv": [1, 1, 2, 2], "rotation": 90, "texture": "#0"},
				"up": {"uv": [1, 1, 2, 2], "rotation": 180, "texture": "#0"},
				"down": {"uv": [1, 1, 2, 2], "texture": "#0"}
			}
		},
		{
			"from": [7.54, 9.23058, 6.02823],
			"to": [8.46, 9.95058, 6.74823],
			"rotation": {"angle": 45, "axis": "x", "origin": [7.64, 8.50558, 6.02823]},
			"faces": {
				"north": {"uv": [13.4, 1.4, 14.4, 2.4], "texture": "#0"},
				"east": {"uv": [13.4, 1.4, 14.4, 2.4], "texture": "#0"},
				"south": {"uv": [13.4, 1.4, 14.4, 2.4], "texture": "#0"},
				"west": {"uv": [13.4, 1.4, 14.4, 2.4], "texture": "#0"},
				"up": {"uv": [13.4, 1.4, 14.4, 2.4], "texture": "#0"},
				"down": {"uv": [13.4, 1.4, 14.4, 2.4], "texture": "#0"}
			}
		},
		{
			"from": [7.54, 7.78912, 6.03177],
			"to": [8.46, 8.50912, 7.47177],
			"rotation": {"angle": 45, "axis": "x", "origin": [7.64, 8.50912, 6.03177]},
			"faces": {
				"north": {"uv": [13.4, 5.4, 14.4, 6.4], "rotation": 180, "texture": "#0"},
				"east": {"uv": [13.4, 5.4, 14.4, 6.4], "rotation": 270, "texture": "#0"},
				"south": {"uv": [13.4, 5.4, 14.4, 6.4], "texture": "#0"},
				"west": {"uv": [13.4, 5.4, 14.4, 6.4], "rotation": 90, "texture": "#0"},
				"up": {"uv": [13.4, 5.4, 14.4, 6.4], "rotation": 180, "texture": "#0"},
				"down": {"uv": [13.4, 5.4, 14.4, 6.4], "texture": "#0"}
			}
		},
		{
			"from": [7.54, 8.28014, 7.69014],
			"to": [8.46, 9.00014, 9.13014],
			"rotation": {"angle": 45, "axis": "x", "origin": [7.64, 9.16735, 7.64647]},
			"faces": {
				"north": {"uv": [9.4, 1, 10.4, 2], "rotation": 180, "texture": "#0"},
				"east": {"uv": [9.4, 1, 10.4, 2], "rotation": 270, "texture": "#0"},
				"south": {"uv": [9.4, 1, 10.4, 2], "texture": "#0"},
				"west": {"uv": [9.4, 1, 10.4, 2], "rotation": 90, "texture": "#0"},
				"up": {"uv": [9.4, 1, 10.4, 2], "rotation": 180, "texture": "#0"},
				"down": {"uv": [9.4, 1, 10.4, 2], "texture": "#0"}
			}
		},
		{
			"from": [7.54, 6.77088, 6.62823],
			"to": [8.46, 7.49088, 7.34823],
			"rotation": {"angle": 45, "axis": "x", "origin": [7.64, 7.49088, 8.06823]},
			"faces": {
				"north": {"uv": [9.4, 5.4, 10.4, 6.4], "rotation": 180, "texture": "#0"},
				"east": {"uv": [9.4, 5.4, 10.4, 6.4], "rotation": 180, "texture": "#0"},
				"south": {"uv": [9.4, 5.4, 10.4, 6.4], "rotation": 180, "texture": "#0"},
				"west": {"uv": [9.4, 5.4, 10.4, 6.4], "rotation": 180, "texture": "#0"},
				"up": {"uv": [9.4, 5.4, 10.4, 6.4], "texture": "#0"},
				"down": {"uv": [9.4, 5.4, 10.4, 6.4], "texture": "#0"}
			}
		},
		{
			"from": [7.6, 6.56, 1.19765],
			"to": [8.4, 7.52, 3.11765],
			"rotation": {"angle": 0, "axis": "y", "origin": [8, 7.04, 2.15765]},
			"faces": {
				"north": {"uv": [9, 1, 10, 2], "texture": "#0"},
				"east": {"uv": [9, 1, 10, 2], "rotation": 270, "texture": "#0"},
				"south": {"uv": [9, 1, 10, 2], "rotation": 180, "texture": "#0"},
				"west": {"uv": [9, 1, 10, 2], "rotation": 90, "texture": "#0"},
				"up": {"uv": [9, 1, 10, 2], "rotation": 180, "texture": "#0"},
				"down": {"uv": [9, 1, 10, 2], "texture": "#0"}
			}
		},
		{
			"from": [7.64, 7.52, 1.19765],
			"to": [8.36, 8.48, 3.11765],
			"rotation": {"angle": 0, "axis": "y", "origin": [8, 8, 2.15765]},
			"faces": {
				"north": {"uv": [13, 1, 14, 2], "texture": "#0"},
				"east": {"uv": [13, 1, 14, 2], "rotation": 270, "texture": "#0"},
				"south": {"uv": [13, 1, 14, 2], "rotation": 180, "texture": "#0"},
				"west": {"uv": [13, 1, 14, 2], "rotation": 90, "texture": "#0"},
				"up": {"uv": [13, 1, 14, 2], "rotation": 180, "texture": "#0"},
				"down": {"uv": [13, 1, 14, 2], "texture": "#0"}
			}
		},
		{
			"from": [7.6, 8.48, 2.19765],
			"to": [8.4, 9.44, 4.11765],
			"rotation": {"angle": 0, "axis": "y", "origin": [8, 8.96, 2.15765]},
			"faces": {
				"north": {"uv": [9, 1, 10, 2], "texture": "#0"},
				"east": {"uv": [9, 1, 10, 2], "rotation": 270, "texture": "#0"},
				"south": {"uv": [9, 1, 10, 2], "rotation": 180, "texture": "#0"},
				"west": {"uv": [9, 1, 10, 2], "rotation": 90, "texture": "#0"},
				"up": {"uv": [9, 1, 10, 2], "rotation": 180, "texture": "#0"},
				"down": {"uv": [9, 1, 10, 2], "texture": "#0"}
			}
		},
		{
			"from": [7.59, 7.77088, 6.62823],
			"to": [8.41, 10.49088, 7.34823],
			"rotation": {"angle": 45, "axis": "x", "origin": [7.64, 7.49088, 8.06823]},
			"faces": {
				"north": {"uv": [9, 1, 11, 3], "rotation": 180, "texture": "#0"},
				"east": {"uv": [9, 1, 11, 3], "rotation": 180, "texture": "#0"},
				"south": {"uv": [9, 1, 11, 3], "rotation": 180, "texture": "#0"},
				"west": {"uv": [9, 1, 11, 3], "rotation": 180, "texture": "#0"},
				"up": {"uv": [9, 1, 11, 3], "texture": "#0"},
				"down": {"uv": [9, 1, 11, 3], "texture": "#0"}
			}
		},
		{
			"from": [7.59, 11.03931, 8.74421],
			"to": [8.41, 11.75931, 11.46421],
			"rotation": {"angle": 45, "axis": "x", "origin": [7.64, 10.31931, 8.46421]},
			"faces": {
				"north": {"uv": [9, 1, 11, 3], "rotation": 180, "texture": "#0"},
				"east": {"uv": [9, 1, 11, 3], "rotation": 90, "texture": "#0"},
				"south": {"uv": [9, 1, 11, 3], "texture": "#0"},
				"west": {"uv": [9, 1, 11, 3], "rotation": 270, "texture": "#0"},
				"up": {"uv": [9, 1, 11, 3], "texture": "#0"},
				"down": {"uv": [9, 1, 11, 3], "rotation": 180, "texture": "#0"}
			}
		},
		{
			"from": [7.59, 7.99027, 6.44085],
			"to": [8.41, 9.58527, 7.16085],
			"rotation": {"angle": 45, "axis": "x", "origin": [7.64, 6.28527, 7.88085]},
			"faces": {
				"north": {"uv": [13.4, 1.4, 14.8, 2.8], "rotation": 180, "texture": "#0"},
				"east": {"uv": [13.4, 1.4, 14.8, 2.8], "rotation": 180, "texture": "#0"},
				"south": {"uv": [13.4, 1.4, 14.8, 2.8], "rotation": 180, "texture": "#0"},
				"west": {"uv": [13.4, 1.4, 14.8, 2.8], "rotation": 180, "texture": "#0"},
				"up": {"uv": [13.4, 1.4, 14.8, 2.8], "texture": "#0"},
				"down": {"uv": [13.4, 1.4, 14.8, 2.8], "texture": "#0"}
			}
		},
		{
			"from": [7.59, 10.02108, 8.74421],
			"to": [8.41, 10.74108, 11.46421],
			"rotation": {"angle": 45, "axis": "x", "origin": [7.64, 9.30108, 8.46421]},
			"faces": {
				"north": {"uv": [13.4, 1.4, 14.8, 2.8], "rotation": 180, "texture": "#0"},
				"east": {"uv": [13.4, 1.4, 14.8, 2.8], "rotation": 90, "texture": "#0"},
				"south": {"uv": [13.4, 1.4, 14.8, 2.8], "texture": "#0"},
				"west": {"uv": [13.4, 1.4, 14.8, 2.8], "rotation": 270, "texture": "#0"},
				"up": {"uv": [13.4, 1.4, 14.8, 2.8], "texture": "#0"},
				"down": {"uv": [13.4, 1.4, 14.8, 2.8], "rotation": 180, "texture": "#0"}
			}
		},
		{
			"from": [7.59, 6.17088, 7.62823],
			"to": [8.41, 8.49088, 8.34823],
			"rotation": {"angle": 45, "axis": "x", "origin": [7.64, 5.49088, 9.06823]},
			"faces": {
				"north": {"uv": [13.4, 5.4, 14.4, 6.4], "rotation": 180, "texture": "#0"},
				"east": {"uv": [13.4, 5.4, 14.4, 6.4], "rotation": 180, "texture": "#0"},
				"south": {"uv": [13.4, 5.4, 14.4, 6.4], "rotation": 180, "texture": "#0"},
				"west": {"uv": [13.4, 5.4, 14.4, 6.4], "rotation": 180, "texture": "#0"},
				"up": {"uv": [13.4, 5.4, 14.4, 6.4], "texture": "#0"},
				"down": {"uv": [13.4, 5.4, 14.4, 6.4], "texture": "#0"}
			}
		},
		{
			"from": [7.59, 6.77088, 7.70323],
			"to": [8.41, 7.49088, 9.47323],
			"rotation": {"angle": 45, "axis": "x", "origin": [7.64, 7.49088, 8.06823]},
			"faces": {
				"north": {"uv": [13.4, 5.4, 14.4, 6.4], "rotation": 180, "texture": "#0"},
				"east": {"uv": [13.4, 5.4, 14.4, 6.4], "rotation": 180, "texture": "#0"},
				"south": {"uv": [13.4, 5.4, 14.4, 6.4], "rotation": 180, "texture": "#0"},
				"west": {"uv": [13.4, 5.4, 14.4, 6.4], "rotation": 180, "texture": "#0"},
				"up": {"uv": [13.4, 5.4, 14.4, 6.4], "texture": "#0"},
				"down": {"uv": [13.4, 5.4, 14.4, 6.4], "texture": "#0"}
			}
		},
		{
			"from": [7.31, 6.96013, 12.87921],
			"to": [8.41, 8.16013, 13.72921],
			"rotation": {"angle": 22.5, "axis": "x", "origin": [7.26, 8.16013, 13.27921]},
			"faces": {
				"north": {"uv": [9.8, 1.4, 10.8, 2.4], "rotation": 180, "texture": "#0"},
				"east": {"uv": [9.8, 1.4, 10.8, 2.4], "rotation": 180, "texture": "#0"},
				"south": {"uv": [9.8, 1.4, 10.8, 2.4], "rotation": 180, "texture": "#0"},
				"west": {"uv": [9.8, 1.4, 10.8, 2.4], "rotation": 180, "texture": "#0"},
				"up": {"uv": [9.8, 1.4, 10.8, 2.4], "texture": "#0"},
				"down": {"uv": [9.8, 1.4, 10.8, 2.4], "texture": "#0"}
			}
		},
		{
			"from": [7.31, 5.85147, 12.11999],
			"to": [8.41, 7.05147, 13.26999],
			"rotation": {"angle": 22.5, "axis": "x", "origin": [7.26, 7.05147, 12.81999]},
			"faces": {
				"north": {"uv": [13.8, 1.4, 14.8, 2.4], "rotation": 180, "texture": "#0"},
				"east": {"uv": [13.8, 1.4, 14.8, 2.4], "rotation": 180, "texture": "#0"},
				"south": {"uv": [13.8, 1.4, 14.8, 2.4], "rotation": 180, "texture": "#0"},
				"west": {"uv": [13.8, 1.4, 14.8, 2.4], "rotation": 180, "texture": "#0"},
				"up": {"uv": [13.8, 1.4, 14.8, 2.4], "texture": "#0"},
				"down": {"uv": [13.8, 1.4, 14.8, 2.4], "texture": "#0"}
			}
		},
		{
			"from": [7.31, 6.84882, 13.38881],
			"to": [8.41, 8.04882, 14.58881],
			"rotation": {"angle": 22.5, "axis": "x", "origin": [7.26, 7.24882, 13.38881]},
			"faces": {
				"north": {"uv": [9.8, 1.4, 10.8, 2.4], "rotation": 180, "texture": "#0"},
				"east": {"uv": [9.8, 1.4, 10.8, 2.4], "rotation": 270, "texture": "#0"},
				"south": {"uv": [9.8, 1.4, 10.8, 2.4], "texture": "#0"},
				"west": {"uv": [9.8, 1.4, 10.8, 2.4], "rotation": 90, "texture": "#0"},
				"up": {"uv": [9.8, 1.4, 10.8, 2.4], "rotation": 180, "texture": "#0"},
				"down": {"uv": [9.8, 1.4, 10.8, 2.4], "texture": "#0"}
			}
		},
		{
			"from": [7.31, 5.2581, 14.15305],
			"to": [8.41, 7.6581, 15.35305],
			"rotation": {"angle": 22.5, "axis": "x", "origin": [7.26, 5.9581, 14.15305]},
			"faces": {
				"north": {"uv": [13.8, 1.4, 14.8, 2.4], "rotation": 180, "texture": "#0"},
				"east": {"uv": [13.8, 1.4, 14.8, 2.4], "rotation": 270, "texture": "#0"},
				"south": {"uv": [13.8, 1.4, 14.8, 2.4], "texture": "#0"},
				"west": {"uv": [13.8, 1.4, 14.8, 2.4], "rotation": 90, "texture": "#0"},
				"up": {"uv": [13.8, 1.4, 14.8, 2.4], "rotation": 180, "texture": "#0"},
				"down": {"uv": [13.8, 1.4, 14.8, 2.4], "texture": "#0"}
			}
		},
		{
			"from": [7.6, 6.56, 5.03765],
			"to": [8.4, 7.52, 6.03765],
			"rotation": {"angle": 0, "axis": "y", "origin": [8, 7.04, 3.15265]},
			"faces": {
				"north": {"uv": [9, 1, 10, 2], "texture": "#0"},
				"east": {"uv": [9, 1, 10, 2], "rotation": 270, "texture": "#0"},
				"south": {"uv": [9, 1, 10, 2], "rotation": 180, "texture": "#0"},
				"west": {"uv": [9, 1, 10, 2], "rotation": 90, "texture": "#0"},
				"up": {"uv": [9, 1, 10, 2], "rotation": 180, "texture": "#0"},
				"down": {"uv": [9, 1, 10, 2], "texture": "#0"}
			}
		},
		{
			"from": [7.54, 6.05088, 7.34823],
			"to": [8.46, 7.49088, 8.06823],
			"rotation": {"angle": 45, "axis": "x", "origin": [7.64, 7.49088, 8.06823]},
			"faces": {
				"north": {"uv": [13.8, 1.4, 14.8, 2.4], "rotation": 180, "texture": "#0"},
				"east": {"uv": [13.8, 1.4, 14.8, 2.4], "rotation": 180, "texture": "#0"},
				"south": {"uv": [13.8, 1.4, 14.8, 2.4], "rotation": 180, "texture": "#0"},
				"west": {"uv": [13.8, 1.4, 14.8, 2.4], "rotation": 180, "texture": "#0"},
				"up": {"uv": [13.8, 1.4, 14.8, 2.4], "texture": "#0"},
				"down": {"uv": [13.8, 1.4, 14.8, 2.4], "texture": "#0"}
			}
		},
		{
			"from": [7.54, 8.72146, 5.51911],
			"to": [8.46, 9.44146, 6.23911],
			"rotation": {"angle": 45, "axis": "x", "origin": [7.64, 7.99646, 5.51911]},
			"faces": {
				"north": {"uv": [13.8, 5, 14.8, 6], "texture": "#0"},
				"east": {"uv": [13.8, 5, 14.8, 6], "texture": "#0"},
				"south": {"uv": [13.8, 5, 14.8, 6], "texture": "#0"},
				"west": {"uv": [13.8, 5, 14.8, 6], "texture": "#0"},
				"up": {"uv": [13.8, 5, 14.8, 6], "texture": "#0"},
				"down": {"uv": [13.8, 5, 14.8, 6], "texture": "#0"}
			}
		},
		{
			"from": [7.31, 5.41139, 13.18245],
			"to": [8.41, 6.61139, 14.38245],
			"rotation": {"angle": 22.5, "axis": "x", "origin": [7.26, 6.61139, 13.88245]},
			"faces": {
				"north": {"uv": [13, 5.4, 14, 6.4], "rotation": 180, "texture": "#0"},
				"east": {"uv": [13, 5.4, 14, 6.4], "rotation": 180, "texture": "#0"},
				"south": {"uv": [13, 5.4, 14, 6.4], "rotation": 180, "texture": "#0"},
				"west": {"uv": [13, 5.4, 14, 6.4], "rotation": 180, "texture": "#0"},
				"up": {"uv": [13, 5.4, 14, 6.4], "texture": "#0"},
				"down": {"uv": [13, 5.4, 14, 6.4], "texture": "#0"}
			}
		},
		{
			"from": [7.31, 8.04882, 13.38881],
			"to": [8.41, 9.34882, 14.58881],
			"rotation": {"angle": 22.5, "axis": "x", "origin": [7.26, 7.24882, 13.38881]},
			"faces": {
				"north": {"uv": [5, 1.4, 6.4, 2.4], "rotation": 180, "texture": "#0"},
				"east": {"uv": [5, 1.4, 6.4, 2.4], "rotation": 270, "texture": "#0"},
				"south": {"uv": [5, 1.4, 6.4, 2.4], "texture": "#0"},
				"west": {"uv": [5, 1.4, 6.4, 2.4], "rotation": 90, "texture": "#0"},
				"up": {"uv": [5, 1.4, 6.4, 2.4], "rotation": 180, "texture": "#0"},
				"down": {"uv": [5, 1.4, 6.4, 2.4], "texture": "#0"}
			}
		},
		{
			"from": [7.31, 9.34882, 13.38881],
			"to": [8.41, 10.54882, 14.58881],
			"rotation": {"angle": 22.5, "axis": "x", "origin": [7.26, 7.24882, 13.38881]},
			"faces": {
				"north": {"uv": [13.4, 1, 14.4, 2], "rotation": 180, "texture": "#0"},
				"east": {"uv": [13.4, 1, 14.4, 2], "rotation": 270, "texture": "#0"},
				"south": {"uv": [13.4, 1, 14.4, 2], "texture": "#0"},
				"west": {"uv": [13.4, 1, 14.4, 2], "rotation": 90, "texture": "#0"},
				"up": {"uv": [13.4, 1, 14.4, 2], "rotation": 180, "texture": "#0"},
				"down": {"uv": [13.4, 1, 14.4, 2], "texture": "#0"}
			}
		},
		{
			"from": [7.31, 7.47542, 15.07149],
			"to": [8.41, 8.77542, 16.27149],
			"rotation": {"angle": 22.5, "axis": "x", "origin": [7.26, 8.17542, 15.07149]},
			"faces": {
				"north": {"uv": [9.8, 1.4, 10.8, 2.4], "rotation": 180, "texture": "#0"},
				"east": {"uv": [9.8, 1.4, 10.8, 2.4], "rotation": 270, "texture": "#0"},
				"south": {"uv": [9.8, 1.4, 10.8, 2.4], "texture": "#0"},
				"west": {"uv": [9.8, 1.4, 10.8, 2.4], "rotation": 90, "texture": "#0"},
				"up": {"uv": [9.8, 1.4, 10.8, 2.4], "rotation": 180, "texture": "#0"},
				"down": {"uv": [9.8, 1.4, 10.8, 2.4], "texture": "#0"}
			}
		},
		{
			"from": [7.31, 8.67646, 15.56898],
			"to": [8.41, 9.97646, 16.76898],
			"rotation": {"angle": 22.5, "axis": "x", "origin": [7.26, 9.37646, 15.56898]},
			"faces": {
				"north": {"uv": [9.4, 5.4, 10.4, 6.4], "rotation": 180, "texture": "#0"},
				"east": {"uv": [9.4, 5.4, 10.4, 6.4], "rotation": 270, "texture": "#0"},
				"south": {"uv": [9.4, 5.4, 10.4, 6.4], "texture": "#0"},
				"west": {"uv": [9.4, 5.4, 10.4, 6.4], "rotation": 90, "texture": "#0"},
				"up": {"uv": [9.4, 5.4, 10.4, 6.4], "rotation": 180, "texture": "#0"},
				"down": {"uv": [9.4, 5.4, 10.4, 6.4], "texture": "#0"}
			}
		},
		{
			"from": [7.31, 9.8775, 16.06647],
			"to": [8.41, 11.1775, 17.26647],
			"rotation": {"angle": 22.5, "axis": "x", "origin": [7.26, 10.5775, 16.06647]},
			"faces": {
				"north": {"uv": [9.4, 5.4, 10.4, 6.4], "rotation": 180, "texture": "#0"},
				"east": {"uv": [9.4, 5.4, 10.4, 6.4], "rotation": 270, "texture": "#0"},
				"south": {"uv": [9.4, 5.4, 10.4, 6.4], "texture": "#0"},
				"west": {"uv": [9.4, 5.4, 10.4, 6.4], "rotation": 90, "texture": "#0"},
				"up": {"uv": [9.4, 5.4, 10.4, 6.4], "rotation": 180, "texture": "#0"},
				"down": {"uv": [9.4, 5.4, 10.4, 6.4], "texture": "#0"}
			}
		}
	],
	"display": {
		"thirdperson_righthand": {
			"translation": [2.5, -2, 4.25]
		},
		"thirdperson_lefthand": {
			"translation": [2.5, -2, 4.25]
		},
		"firstperson_righthand": {
			"rotation": [30, 80, 80],
			"translation": [-10, 3.5, 1.75]
		},
		"firstperson_lefthand": {
			"rotation": [30, 80, 80],
			"translation": [-10, 3.5, 1.75]
		},
		"gui": {
			"rotation": [90, 50, -90]
		}
	},
	"groups": [
		{
			"name": "group",
			"origin": [5.6, 2.35147, 10.89706],
			"color": 0,
			"children": [0, 1, 2, 3, 4]
		},
		{
			"name": "group",
			"origin": [8, 10.44763, 1.58302],
			"color": 0,
			"children": [5, 6, 7, 8, 9, 10, 11, 12, 13, 14, 15, 16, 17, 18]
		},
		{
			"name": "group",
			"origin": [7.16, 4.61088, 9.73823],
			"color": 0,
			"children": [19, 20, 21, 22]
		},
		23,
		24,
		25,
		26,
		27,
		28,
		29,
		30,
		31,
		32,
		33,
		34,
		35,
		36,
		37,
		38,
		39,
		40,
		41,
		42,
		43,
		44
	]
}