{
  "targets": {
    "swap": {}
  },
  "passes": [
    {
      "program": "minecraft:program/1.21.2/entityglow",
      "vertex_shader": "minecraft:post/blur",
      "fragment_shader": "minecraft:program/1.21.2/entityglow",
      "inputs": [
        {
          "sampler_name": "In",
          "target": "minecraft:entity_outline"
        }
      ],
      "output": "swap",
      "uniforms": [
        {
          "name": "BlurDir",
          "type": "vec2",
          "values": [ 1.0, 0.0 ]
        }
      ]
    },
    {
      "program": "minecraft:program/1.21.2/entityglow",
      "vertex_shader": "minecraft:post/blur",
      "fragment_shader": "minecraft:program/1.21.2/entityglow",
      "inputs": [
        {
          "sampler_name": "In",
          "target": "swap"
        }
      ],
      "output": "minecraft:entity_outline",
      "uniforms": [
        {
          "name": "BlurDir",
          "type": "vec2",
          "values": [ 0.0, 1.0 ]
        }
      ]
    }
  ]
}
