{
    "providers": [
        {
            "type": "bitmap",
            "file": "minecraft:font/vfx/valstrax/bomb/0.png",
            "ascent": 32,
            "height": 64,
            "chars": [
                "0"
            ]
        },
        {
            "type": "bitmap",
            "file": "minecraft:font/vfx/valstrax/bomb/1.png",
            "ascent": 32,
            "height": 64,
            "chars": [
                "1"
            ]
        },
        {
            "type": "bitmap",
            "file": "minecraft:font/vfx/valstrax/bomb/2.png",
            "ascent": 32,
            "height": 64,
            "chars": [
                "2"
            ]
        },
        {
            "type": "bitmap",
            "file": "minecraft:font/vfx/valstrax/bomb/3.png",
            "ascent": 32,
            "height": 64,
            "chars": [
                "3"
            ]
        },
        {
            "type": "bitmap",
            "file": "minecraft:font/vfx/valstrax/bomb/4.png",
            "ascent": 32,
            "height": 64,
            "chars": [
                "4"
            ]
        },
        {
            "type": "bitmap",
            "file": "minecraft:font/vfx/valstrax/bomb/5.png",
            "ascent": 32,
            "height": 64,
            "chars": [
                "5"
            ]
        },
        {
            "type": "bitmap",
            "file": "minecraft:font/vfx/valstrax/bomb/6.png",
            "ascent": 32,
            "height": 64,
            "chars": [
                "6"
            ]
        },
        {
            "type": "bitmap",
            "file": "minecraft:font/vfx/valstrax/bomb/7.png",
            "ascent": 32,
            "height": 64,
            "chars": [
                "7"
            ]
        },
        {
            "type": "bitmap",
            "file": "minecraft:font/vfx/valstrax/bomb/8.png",
            "ascent": 32,
            "height": 64,
            "chars": [
                "8"
            ]
        },
        {
            "type": "bitmap",
            "file": "minecraft:font/vfx/valstrax/bomb/9.png",
            "ascent": 32,
            "height": 64,
            "chars": [
                "9"
            ]
        }
    ]
}