{
    "providers": [
        {
            "type": "bitmap",
            "file": "minecraft:font/vfx/valstrax/comet_burst/0.png",
            "ascent": 16,
            "height": 32,
            "chars": [
                "0"
            ]
        },
        {
            "type": "bitmap",
            "file": "minecraft:font/vfx/valstrax/comet_burst/1.png",
            "ascent": 16,
            "height": 32,
            "chars": [
                "1"
            ]
        },
        {
            "type": "bitmap",
            "file": "minecraft:font/vfx/valstrax/comet_burst/2.png",
            "ascent": 16,
            "height": 32,
            "chars": [
                "2"
            ]
        },
        {
            "type": "bitmap",
            "file": "minecraft:font/vfx/valstrax/comet_burst/3.png",
            "ascent": 16,
            "height": 32,
            "chars": [
                "3"
            ]
        },
        {
            "type": "bitmap",
            "file": "minecraft:font/vfx/valstrax/comet_burst/4.png",
            "ascent": 16,
            "height": 32,
            "chars": [
                "4"
            ]
        },
        {
            "type": "bitmap",
            "file": "minecraft:font/vfx/valstrax/comet_burst/5.png",
            "ascent": 16,
            "height": 32,
            "chars": [
                "5"
            ]
        },
        {
            "type": "bitmap",
            "file": "minecraft:font/vfx/valstrax/comet_burst/6.png",
            "ascent": 16,
            "height": 32,
            "chars": [
                "6"
            ]
        },
        {
            "type": "bitmap",
            "file": "minecraft:font/vfx/valstrax/comet_burst/7.png",
            "ascent": 16,
            "height": 32,
            "chars": [
                "7"
            ]
        },
        {
            "type": "bitmap",
            "file": "minecraft:font/vfx/valstrax/comet_burst/8.png",
            "ascent": 16,
            "height": 32,
            "chars": [
                "8"
            ]
        }
    ]
}