{
    "providers": [
        {
            "type": "bitmap",
            "file": "minecraft:font/vfx/valstrax/thunder/0.png",
            "ascent": 32,
            "height": 64,
            "chars": [
                "0"
            ]
        },
        {
            "type": "bitmap",
            "file": "minecraft:font/vfx/valstrax/thunder/1.png",
            "ascent": 32,
            "height": 64,
            "chars": [
                "1"
            ]
        },
        {
            "type": "bitmap",
            "file": "minecraft:font/vfx/valstrax/thunder/2.png",
            "ascent": 32,
            "height": 64,
            "chars": [
                "2"
            ]
        }
    ]
}