{
  "parent": "minecraft:item/generated",
  "textures": {
    "layer0": "minecraft:item/paper"
  },
  "overrides": [
    {"predicate": {"custom_model_data":99}, "model": "item/paper/99"},
    {"predicate": {"custom_model_data":100}, "model": "item/paper/100"},
    {"predicate": {"custom_model_data":101}, "model": "item/paper/101"},
    {"predicate": {"custom_model_data":102}, "model": "item/paper/102"},
    {"predicate": {"custom_model_data":103}, "model": "item/paper/103"},
    {"predicate": {"custom_model_data":104}, "model": "item/paper/104"},
    {"predicate": {"custom_model_data":105}, "model": "item/paper/105"},
    {"predicate": {"custom_model_data":106}, "model": "item/paper/106"},
    {"predicate": {"custom_model_data":107}, "model": "item/paper/107"},
    {"predicate": {"custom_model_data":108}, "model": "item/paper/108"},
    {"predicate": {"custom_model_data":109}, "model": "item/paper/109"},
    {"predicate": {"custom_model_data":110}, "model": "item/paper/110"},
    {"predicate": {"custom_model_data":111}, "model": "item/paper/111"},
    {"predicate": {"custom_model_data":112}, "model": "item/paper/112"},
    {"predicate": {"custom_model_data":113}, "model": "item/paper/113"},
    
    {"predicate": {"custom_model_data":201}, "model": "item/paper/201"},
    {"predicate": {"custom_model_data":202}, "model": "item/paper/202"},
    {"predicate": {"custom_model_data":203}, "model": "item/paper/203"},
    {"predicate": {"custom_model_data":204}, "model": "item/paper/204"},
    {"predicate": {"custom_model_data":205}, "model": "item/paper/205"},
    {"predicate": {"custom_model_data":206}, "model": "item/paper/206"},
    {"predicate": {"custom_model_data":207}, "model": "item/paper/207"},
    {"predicate": {"custom_model_data":208}, "model": "item/paper/208"},
    {"predicate": {"custom_model_data":209}, "model": "item/paper/209"},
    {"predicate": {"custom_model_data":210}, "model": "item/paper/210"},
    {"predicate": {"custom_model_data":211}, "model": "item/paper/211"},
    {"predicate": {"custom_model_data":212}, "model": "item/paper/212"},
    {"predicate": {"custom_model_data":213}, "model": "item/paper/213"},
    
    {"predicate": {"custom_model_data":301}, "model": "item/paper/301"},
    {"predicate": {"custom_model_data":302}, "model": "item/paper/302"},
    {"predicate": {"custom_model_data":303}, "model": "item/paper/303"},
    {"predicate": {"custom_model_data":304}, "model": "item/paper/304"},
    {"predicate": {"custom_model_data":305}, "model": "item/paper/305"},
    {"predicate": {"custom_model_data":306}, "model": "item/paper/306"},
    {"predicate": {"custom_model_data":307}, "model": "item/paper/307"},
    {"predicate": {"custom_model_data":308}, "model": "item/paper/308"},
    {"predicate": {"custom_model_data":309}, "model": "item/paper/309"},
    {"predicate": {"custom_model_data":310}, "model": "item/paper/310"},
    {"predicate": {"custom_model_data":311}, "model": "item/paper/311"},
    {"predicate": {"custom_model_data":312}, "model": "item/paper/312"},
    {"predicate": {"custom_model_data":313}, "model": "item/paper/313"},
    
    {"predicate": {"custom_model_data":401}, "model": "item/paper/401"},
    {"predicate": {"custom_model_data":402}, "model": "item/paper/402"},
    {"predicate": {"custom_model_data":403}, "model": "item/paper/403"},
    {"predicate": {"custom_model_data":404}, "model": "item/paper/404"},
    {"predicate": {"custom_model_data":405}, "model": "item/paper/405"},
    {"predicate": {"custom_model_data":406}, "model": "item/paper/406"},
    {"predicate": {"custom_model_data":407}, "model": "item/paper/407"},
    {"predicate": {"custom_model_data":408}, "model": "item/paper/408"},
    {"predicate": {"custom_model_data":409}, "model": "item/paper/409"},
    {"predicate": {"custom_model_data":410}, "model": "item/paper/410"},
    {"predicate": {"custom_model_data":411}, "model": "item/paper/411"},
    {"predicate": {"custom_model_data":412}, "model": "item/paper/412"},
    {"predicate": {"custom_model_data":413}, "model": "item/paper/413"}
  ]
}