{
	"hand_animation_on_swap": false,
	"model": {
		"type": "select",
		"property": "custom_model_data",
		"fallback": {
			"type": "model",
			"model": "item/blaze_rod"
		},
		"cases": [
			{
				"when": "Vagabond",
				"model": {
					"type": "range_dispatch",
					"property": "custom_model_data",
					"fallback":	{
						"type": "model",
						"model": "item/weapon/vagabond/offhand"
					},
					"entries": [
						{
							"model": {
								"type": "model",
								"model": "item/weapon/vagabond/offhand1"
							},
							"threshold": 1
						},
						{
							"model": {
								"type": "model",
								"model": "item/weapon/vagabond/offhand2"
							},
							"threshold": 2
						}
					]
				}
			},
			{
				"when": "Flamewizard",
				"model": {
					"type": "model",
					"model": "item/weapon/flamewizard/offhand"
				}
			}
		]
	}
}