{
	"oversized_in_gui": true,
	"model": {
		"type": "select",
		"property": "custom_model_data",
		"fallback": {
			"type": "model",
			"model": "item/book"
		},
		"cases": [
			{
				"when": "lock",
				"model": {
					"type": "model",
					"model": "item/icon/lock"
				}
			},
			{
				"when": "noslot",
				"model": {
					"type": "model",
					"model": "item/icon/noslot"
				}
			},
			{
				"when": "gem1",
				"model": {
					"type": "model",
					"model": "item/icon/gem1"
				}
			},
			{
				"when": "gem2",
				"model": {
					"type": "model",
					"model": "item/icon/gem2"
				}
			},
			{
				"when": "artifact",
				"model": {
					"type": "model",
					"model": "item/icon/artifact"
				}
			},
			{
				"when": "relic",
				"model": {
					"type": "model",
					"model": "item/icon/relic"
				}
			},
			{
				"when": "sell",
				"model": {
					"type": "model",
					"model": "item/icon/sell"
				}
			}
		]
	}
}