{
	"model": {
		"type": "select",
		"property": "custom_model_data",
		"fallback": {
			"type": "range_dispatch",
			"property": "use_duration",
			"entries": [
				{
					"threshold": 1,
					"model": {
						"type": "model",
						"model": "item/bow_pulling_0"
					}
				},
				{
					"threshold": 13,
					"model": {
						"type": "model",
						"model": "item/bow_pulling_1"
					}
				},
				{
					"threshold": 18,
					"model": {
						"type": "model",
						"model": "item/bow_pulling_2"
					}
				}
			],
			"fallback": {
				"type": "model",
				"model": "item/bow"
			}
		},
		"cases": [
			{
				"when": "Bowmaster_bow",
				"model": {
					"type": "range_dispatch",
					"property": "use_duration",
					"entries": [
						{
							"threshold": 1,
							"model": {
								"type": "model",
								"model": "item/weapon/bowmaster_bow1"
							}
						},
						{
							"threshold": 13,
							"model": {
								"type": "model",
								"model": "item/weapon/bowmaster_bow2"
							}
						},
						{
							"threshold": 18,
							"model": {
								"type": "model",
								"model": "item/weapon/bowmaster_bow3"
							}
						},
						{
							"threshold": 20,
							"model": {
								"type": "model",
								"model": "item/weapon/bowmaster_bow4"
							}
						}
					],
					"fallback": {
						"type": "model",
						"model": "item/weapon/bowmaster_bow"
					}
				}
			}
		]
	}
}