{
	"model": {
		"type": "select",
		"property": "custom_model_data",
		"fallback": {
			"type": "range_dispatch",
			"property": "use_duration",
			"entries": [
				{
					"threshold": 1,
					"model": {
						"type": "model",
						"model": "item/bow_pulling_0"
					}
				},
				{
					"threshold": 13,
					"model": {
						"type": "model",
						"model": "item/bow_pulling_1"
					}
				},
				{
					"threshold": 18,
					"model": {
						"type": "model",
						"model": "item/bow_pulling_2"
					}
				}
			],
			"fallback": {
				"type": "model",
				"model": "item/bow"
			}
		},
		"cases": [
			{
				"when": "Bowmaster",
				"model": {
					"type": "range_dispatch",
					"property": "custom_model_data",
					"fallback":{
						"type": "range_dispatch",
						"property": "use_duration",
						"entries": [
							{
								"threshold": 1,
								"model": {
									"type": "model",
									"model": "item/weapon/bowmaster/bow1"
								}
							},
							{
								"threshold": 13,
								"model": {
									"type": "model",
									"model": "item/weapon/bowmaster/bow2"
								}
							},
							{
								"threshold": 18,
								"model": {
									"type": "model",
									"model": "item/weapon/bowmaster/bow3"
								}
							},
							{
								"threshold": 20,
								"model": {
									"type": "model",
									"model": "item/weapon/bowmaster/bow4"
								}
							}
						],
						"fallback": {
							"type": "model",
							"model": "item/weapon/bowmaster/bow"
						}
					},
					"entries": [
						{
							"model": {
								"type": "range_dispatch",
								"property": "use_duration",
								"entries": [
									{
										"threshold": 1,
										"model": {
											"type": "model",
											"model": "item/weapon/bowmaster/bow3"
										}
									}
								],
								"fallback": {
									"type": "model",
									"model": "item/weapon/bowmaster/bow"
								}
							},
							"threshold": 1
						}
					]
				}
			}
		]
	},
	"hand_animation_on_swap": false
}