{
  "model": {
	"type": "select",
	"property": "custom_model_data",
	"fallback": {
	  "type": "model",
	  "model": "item/paper"
	},
	"cases": [
	  {
		"when": "waypoint_a",
		"model": {
		  "type": "model",
		  "model": "item/waypoint/waypoint_a"
		}
	  },
	  {
		"when": "waypoint_b",
		"model": {
		  "type": "model",
		  "model": "item/waypoint/waypoint_b"
		}
	  },
	  {
		"when": "waypoint_c",
		"model": {
		  "type": "model",
		  "model": "item/waypoint/waypoint_c"
		}
	  }
	]
  }
}