{
	"model": {
		"type": "select",
		"property": "custom_model_data",
		"fallback": {
			"type": "model",
			"model": "item/leather_horse_armor"
		},
		"cases": [
			{
				"when": "Square",
				"model": {
					"type": "model",
					"model": "item/skill/square",
					"tints": [
						{
								"type": "minecraft:dye",
								"default": -1
						}
					]
				}
			},

			
			{
				"when": "Vagabond",
				"model": {
					"type": "model",
					"model": "item/skill/vagabond/storm"
				}
			},
			{
				"when": "Fortress",
				"model": {
					"type": "model",
					"model": "item/skill/fortress/shield",
					"tints": [
						{
								"type": "minecraft:dye",
								"default": -1
						}
					]
				}
			},
			
			{
				"when": "Bowmaster",
				"model": {
					"type": "select",
					"property": "custom_model_data",
					"index": 1,
					"fallback": {
						"type": "model",
						"model": "item/leather_horse_armor"
					},
					"cases": [
						{
							"when": "arrow1",
							"model": {
								"type": "model",
								"model": "item/skill/bowmaster/arrow1"
							}
						},
						{
							"when": "arrow2",
							"model": {
								"type": "model",
								"model": "item/skill/bowmaster/arrow2"
							}
						},
						{
							"when": "arrow3",
							"model": {
								"type": "model",
								"model": "item/skill/bowmaster/arrow3"
							}
						},
						{
							"when": "arrow4",
							"model": {
								"type": "model",
								"model": "item/skill/bowmaster/arrow4"
							}
						},
						{
							"when": "diarrow",
							"model": {
								"type": "model",
								"model": "item/skill/bowmaster/diarrow"
							}
						}
					]
				}
			},
			{
				"when": "Flamewizard",
				"model": {
					"type": "select",
					"property": "custom_model_data",
					"index": 1,
					"fallback": {
						"type": "model",
						"model": "item/leather_horse_armor"
					},
					"cases": [
						{
							"when": "arrow",
							"model": {
							"type": "model",
							"model": "item/skill/flamewizard/arrow"
							}
						},
						{
							"when": "warnin",
							"model": {
								"type": "model",
								"model": "item/skill/flamewizard/warnin",
								"tints": [
									{
											"type": "minecraft:dye",
											"default": -1
									}
								]
							}
						},
						{
							"when": "warnout",
							"model": {
								"type": "model",
								"model": "item/skill/flamewizard/warnout",
								"tints": [
									{
											"type": "minecraft:dye",
											"default": -1
									}
								]
							}
						},
						{
							"when": "meteor",
							"model": {
							"type": "model",
							"model": "item/skill/flamewizard/meteor"
							}
						},
						{
							"when": "trail",
							"model": {
							"type": "model",
							"model": "item/skill/flamewizard/trail"
							}
						}
					]
				}
			},
			{
				"when": "Wraith",
				"model": {
					"type": "model",
					"model": "item/skill/wraith/shadow",
					"tints": [
						{
								"type": "minecraft:dye",
								"default": -1
						}
					]
				}
			},
			
			{
				"when": "Savior",
				"model": {
					"type": "select",
					"property": "custom_model_data",
					"index": 1,
					"fallback": {
						"type": "model",
						"model": "item/leather_horse_armor"
					},
					"cases": [
						{
							"when": "swordbeam",
							"model": {
							"type": "model",
							"model": "item/skill/savior/swordbeam"
							}
						},
						{
							"when": "scythe",
							"model": {
								"type": "model",
								"model": "item/skill/savior/scythe",
								"tints": [
									{
											"type": "minecraft:dye",
											"default": -1
									}
								]
							}
						}
					]
				}
			}
		]
	}
}