{
  "model": {
	"type": "select",
	"property": "custom_model_data",
	"fallback": {
	  "type": "model",
	  "model": "item/leather_horse_armor"
	},
	"cases": [
	  {
		"when": "Square",
		"model": {
		  "type": "model",
		  "model": "item/skill/square",
		  "tints": [
			{
				"type": "minecraft:dye",
				"default": -6265536
			}
		  ]
		}
	  },

	  {
		"when": "Fortress_shield",
		"model": {
		  "type": "model",
		  "model": "item/skill/fortress_shield",
		  "tints": [
			{
				"type": "minecraft:dye",
				"default": -6265536
			}
		  ]
		}
	  },

	  {
		"when": "Flamewizard_warnin",
		"model": {
		  "type": "model",
		  "model": "item/skill/flamewizard_warnin",
		  "tints": [
			{
				"type": "minecraft:dye",
				"default": -6265536
			}
		  ]
		}
	  },
	  {
		"when": "Flamewizard_warnout",
		"model": {
		  "type": "model",
		  "model": "item/skill/flamewizard_warnout",
		  "tints": [
			{
				"type": "minecraft:dye",
				"default": -6265536
			}
		  ]
		}
	  }
	]
  }
}