{
  "model": {
	"type": "select",
	"property": "custom_model_data",
	"fallback": {
	  "type": "model",
	  "model": "item/paper"
	},
	"cases": [
	  {
		"when": "Vagabond_storm",
		"model": {
		  "type": "model",
		  "model": "item/skill/vagabond_storm"
		}
	  },
	  {
		"when": "Bowmaster_arrow1",
		"model": {
		  "type": "model",
		  "model": "item/skill/bowmaster_arrow1"
		}
	  },
	  {
		"when": "Bowmaster_arrow2",
		"model": {
		  "type": "model",
		  "model": "item/skill/bowmaster_arrow2"
		}
	  },
	  {
		"when": "Bowmaster_arrow3",
		"model": {
		  "type": "model",
		  "model": "item/skill/bowmaster_arrow3"
		}
	  },
	  {
		"when": "Bowmaster_arrow4",
		"model": {
		  "type": "model",
		  "model": "item/skill/bowmaster_arrow4"
		}
	  },
	  {
		"when": "Bowmaster_diarrow",
		"model": {
		  "type": "model",
		  "model": "item/skill/bowmaster_diarrow"
		}
	  },
	  {
		"when": "Flamewizard_meteor",
		"model": {
		  "type": "model",
		  "model": "item/skill/flamewizard_meteor"
		}
	  },
	  {
		"when": "Flamewizard_trail",
		"model": {
		  "type": "model",
		  "model": "item/skill/flamewizard_trail"
		}
	  }
	]
  }
}