{
	"hand_animation_on_swap": false,
	"model": {
		"type": "composite",
		"models": [
			{
				"type": "select",
				"property": "custom_model_data",
				"fallback": {
					"type": "model",
					"model": "item/red_dye"
				},
				"cases": [
					{
						"when": "ready",
						"model": {
							"type": "model",
							"model": "item/lime_stained_glass_pane"
						}
					},
					{
						"when": "ready_ult",
						"model": {
							"type": "model",
							"model": "item/purple_stained_glass_pane"
						}
					},
					{
						"when": "active",
						"model": {
							"type": "model",
							"model": "item/light_blue_stained_glass_pane"
						}
					},
					{
						"when": "cool",
						"model": {
							"type": "model",
							"model": "item/black_stained_glass_pane"
						}
					},
					{
						"when": "cool_ult",
						"model": {
							"type": "model",
							"model": "item/gray_stained_glass_pane"
						}
					},
					{
						"when": "blocked",
						"model": {
							"type": "model",
							"model": "item/red_stained_glass_pane"
						}
					}
				]
			},

			{
				"type": "range_dispatch",
				"property": "custom_model_data",
				"index": 0,
				"fallback":	{
					"type": "empty"
				},
				"entries": [
					{
						"model": {
							"type": "condition",
							"property": "custom_model_data",
							"on_true": {
								"type": "model",
								"model": "item/mana/100/0",
								"tints": [{
									"type": "constant",
									"value": 255
								}]
							},
							"on_false": {
								"type": "model",
								"model": "item/mana/100/0",
								"tints": [{
									"type": "constant",
									"value": 16711680
								}]
							}
						},
						"threshold": 10
					},
					{
						"model": {
							"type": "condition",
							"property": "custom_model_data",
							"on_true": {
								"type": "model",
								"model": "item/mana/100/1",
								"tints": [{
									"type": "constant",
									"value": 255
								}]
							},
							"on_false": {
								"type": "model",
								"model": "item/mana/100/1",
								"tints": [{
									"type": "constant",
									"value": 16711680
								}]
							}
						},
						"threshold": 1
					},
					{
						"model": {
							"type": "condition",
							"property": "custom_model_data",
							"on_true": {
								"type": "model",
								"model": "item/mana/100/2",
								"tints": [{
									"type": "constant",
									"value": 255
								}]
							},
							"on_false": {
								"type": "model",
								"model": "item/mana/100/2",
								"tints": [{
									"type": "constant",
									"value": 16711680
								}]
							}
						},
						"threshold": 2
					},
					{
						"model": {
							"type": "condition",
							"property": "custom_model_data",
							"on_true": {
								"type": "model",
								"model": "item/mana/100/3",
								"tints": [{
									"type": "constant",
									"value": 255
								}]
							},
							"on_false": {
								"type": "model",
								"model": "item/mana/100/3",
								"tints": [{
									"type": "constant",
									"value": 16711680
								}]
							}
						},
						"threshold": 3
					},
					{
						"model": {
							"type": "condition",
							"property": "custom_model_data",
							"on_true": {
								"type": "model",
								"model": "item/mana/100/4",
								"tints": [{
									"type": "constant",
									"value": 255
								}]
							},
							"on_false": {
								"type": "model",
								"model": "item/mana/100/4",
								"tints": [{
									"type": "constant",
									"value": 16711680
								}]
							}
						},
						"threshold": 4
					},
					{
						"model": {
							"type": "condition",
							"property": "custom_model_data",
							"on_true": {
								"type": "model",
								"model": "item/mana/100/5",
								"tints": [{
									"type": "constant",
									"value": 255
								}]
							},
							"on_false": {
								"type": "model",
								"model": "item/mana/100/5",
								"tints": [{
									"type": "constant",
									"value": 16711680
								}]
							}
						},
						"threshold": 5
					},
					{
						"model": {
							"type": "condition",
							"property": "custom_model_data",
							"on_true": {
								"type": "model",
								"model": "item/mana/100/6",
								"tints": [{
									"type": "constant",
									"value": 255
								}]
							},
							"on_false": {
								"type": "model",
								"model": "item/mana/100/6",
								"tints": [{
									"type": "constant",
									"value": 16711680
								}]
							}
						},
						"threshold": 6
					},
					{
						"model": {
							"type": "condition",
							"property": "custom_model_data",
							"on_true": {
								"type": "model",
								"model": "item/mana/100/7",
								"tints": [{
									"type": "constant",
									"value": 255
								}]
							},
							"on_false": {
								"type": "model",
								"model": "item/mana/100/7",
								"tints": [{
									"type": "constant",
									"value": 16711680
								}]
							}
						},
						"threshold": 7
					},
					{
						"model": {
							"type": "condition",
							"property": "custom_model_data",
							"on_true": {
								"type": "model",
								"model": "item/mana/100/8",
								"tints": [{
									"type": "constant",
									"value": 255
								}]
							},
							"on_false": {
								"type": "model",
								"model": "item/mana/100/8",
								"tints": [{
									"type": "constant",
									"value": 16711680
								}]
							}
						},
						"threshold": 8
					},
					{
						"model": {
							"type": "condition",
							"property": "custom_model_data",
							"on_true": {
								"type": "model",
								"model": "item/mana/100/9",
								"tints": [{
									"type": "constant",
									"value": 255
								}]
							},
							"on_false": {
								"type": "model",
								"model": "item/mana/100/9",
								"tints": [{
									"type": "constant",
									"value": 16711680
								}]
							}
						},
						"threshold": 9
					}
				]
			},
			{
				"type": "range_dispatch",
				"property": "custom_model_data",
				"index": 1,
				"fallback":	{
					"type": "empty"
				},
				"entries": [
					{
						"model": {
							"type": "condition",
							"property": "custom_model_data",
							"on_true": {
								"type": "model",
								"model": "item/mana/10/0",
								"tints": [{
									"type": "constant",
									"value": 255
								}]
							},
							"on_false": {
								"type": "model",
								"model": "item/mana/10/0",
								"tints": [{
									"type": "constant",
									"value": 16711680
								}]
							}
						},
						"threshold": 10
					},
					{
						"model": {
							"type": "condition",
							"property": "custom_model_data",
							"on_true": {
								"type": "model",
								"model": "item/mana/10/1",
								"tints": [{
									"type": "constant",
									"value": 255
								}]
							},
							"on_false": {
								"type": "model",
								"model": "item/mana/10/1",
								"tints": [{
									"type": "constant",
									"value": 16711680
								}]
							}
						},
						"threshold": 1
					},
					{
						"model": {
							"type": "condition",
							"property": "custom_model_data",
							"on_true": {
								"type": "model",
								"model": "item/mana/10/2",
								"tints": [{
									"type": "constant",
									"value": 255
								}]
							},
							"on_false": {
								"type": "model",
								"model": "item/mana/10/2",
								"tints": [{
									"type": "constant",
									"value": 16711680
								}]
							}
						},
						"threshold": 2
					},
					{
						"model": {
							"type": "condition",
							"property": "custom_model_data",
							"on_true": {
								"type": "model",
								"model": "item/mana/10/3",
								"tints": [{
									"type": "constant",
									"value": 255
								}]
							},
							"on_false": {
								"type": "model",
								"model": "item/mana/10/3",
								"tints": [{
									"type": "constant",
									"value": 16711680
								}]
							}
						},
						"threshold": 3
					},
					{
						"model": {
							"type": "condition",
							"property": "custom_model_data",
							"on_true": {
								"type": "model",
								"model": "item/mana/10/4",
								"tints": [{
									"type": "constant",
									"value": 255
								}]
							},
							"on_false": {
								"type": "model",
								"model": "item/mana/10/4",
								"tints": [{
									"type": "constant",
									"value": 16711680
								}]
							}
						},
						"threshold": 4
					},
					{
						"model": {
							"type": "condition",
							"property": "custom_model_data",
							"on_true": {
								"type": "model",
								"model": "item/mana/10/5",
								"tints": [{
									"type": "constant",
									"value": 255
								}]
							},
							"on_false": {
								"type": "model",
								"model": "item/mana/10/5",
								"tints": [{
									"type": "constant",
									"value": 16711680
								}]
							}
						},
						"threshold": 5
					},
					{
						"model": {
							"type": "condition",
							"property": "custom_model_data",
							"on_true": {
								"type": "model",
								"model": "item/mana/10/6",
								"tints": [{
									"type": "constant",
									"value": 255
								}]
							},
							"on_false": {
								"type": "model",
								"model": "item/mana/10/6",
								"tints": [{
									"type": "constant",
									"value": 16711680
								}]
							}
						},
						"threshold": 6
					},
					{
						"model": {
							"type": "condition",
							"property": "custom_model_data",
							"on_true": {
								"type": "model",
								"model": "item/mana/10/7",
								"tints": [{
									"type": "constant",
									"value": 255
								}]
							},
							"on_false": {
								"type": "model",
								"model": "item/mana/10/7",
								"tints": [{
									"type": "constant",
									"value": 16711680
								}]
							}
						},
						"threshold": 7
					},
					{
						"model": {
							"type": "condition",
							"property": "custom_model_data",
							"on_true": {
								"type": "model",
								"model": "item/mana/10/8",
								"tints": [{
									"type": "constant",
									"value": 255
								}]
							},
							"on_false": {
								"type": "model",
								"model": "item/mana/10/8",
								"tints": [{
									"type": "constant",
									"value": 16711680
								}]
							}
						},
						"threshold": 8
					},
					{
						"model": {
							"type": "condition",
							"property": "custom_model_data",
							"on_true": {
								"type": "model",
								"model": "item/mana/10/9",
								"tints": [{
									"type": "constant",
									"value": 255
								}]
							},
							"on_false": {
								"type": "model",
								"model": "item/mana/10/9",
								"tints": [{
									"type": "constant",
									"value": 16711680
								}]
							}
						},
						"threshold": 9
					}
				]
			},
			{
				"type": "range_dispatch",
				"property": "custom_model_data",
				"index": 2,
				"fallback":	{
					"type": "empty"
				},
				"entries": [
					{
						"model": {
							"type": "condition",
							"property": "custom_model_data",
							"on_true": {
								"type": "model",
								"model": "item/mana/1/0",
								"tints": [{
									"type": "constant",
									"value": 255
								}]
							},
							"on_false": {
								"type": "model",
								"model": "item/mana/1/0",
								"tints": [{
									"type": "constant",
									"value": 16711680
								}]
							}
						},
						"threshold": 10
					},
					{
						"model": {
							"type": "condition",
							"property": "custom_model_data",
							"on_true": {
								"type": "model",
								"model": "item/mana/1/1",
								"tints": [{
									"type": "constant",
									"value": 255
								}]
							},
							"on_false": {
								"type": "model",
								"model": "item/mana/1/1",
								"tints": [{
									"type": "constant",
									"value": 16711680
								}]
							}
						},
						"threshold": 1
					},
					{
						"model": {
							"type": "condition",
							"property": "custom_model_data",
							"on_true": {
								"type": "model",
								"model": "item/mana/1/2",
								"tints": [{
									"type": "constant",
									"value": 255
								}]
							},
							"on_false": {
								"type": "model",
								"model": "item/mana/1/2",
								"tints": [{
									"type": "constant",
									"value": 16711680
								}]
							}
						},
						"threshold": 2
					},
					{
						"model": {
							"type": "condition",
							"property": "custom_model_data",
							"on_true": {
								"type": "model",
								"model": "item/mana/1/3",
								"tints": [{
									"type": "constant",
									"value": 255
								}]
							},
							"on_false": {
								"type": "model",
								"model": "item/mana/1/3",
								"tints": [{
									"type": "constant",
									"value": 16711680
								}]
							}
						},
						"threshold": 3
					},
					{
						"model": {
							"type": "condition",
							"property": "custom_model_data",
							"on_true": {
								"type": "model",
								"model": "item/mana/1/4",
								"tints": [{
									"type": "constant",
									"value": 255
								}]
							},
							"on_false": {
								"type": "model",
								"model": "item/mana/1/4",
								"tints": [{
									"type": "constant",
									"value": 16711680
								}]
							}
						},
						"threshold": 4
					},
					{
						"model": {
							"type": "condition",
							"property": "custom_model_data",
							"on_true": {
								"type": "model",
								"model": "item/mana/1/5",
								"tints": [{
									"type": "constant",
									"value": 255
								}]
							},
							"on_false": {
								"type": "model",
								"model": "item/mana/1/5",
								"tints": [{
									"type": "constant",
									"value": 16711680
								}]
							}
						},
						"threshold": 5
					},
					{
						"model": {
							"type": "condition",
							"property": "custom_model_data",
							"on_true": {
								"type": "model",
								"model": "item/mana/1/6",
								"tints": [{
									"type": "constant",
									"value": 255
								}]
							},
							"on_false": {
								"type": "model",
								"model": "item/mana/1/6",
								"tints": [{
									"type": "constant",
									"value": 16711680
								}]
							}
						},
						"threshold": 6
					},
					{
						"model": {
							"type": "condition",
							"property": "custom_model_data",
							"on_true": {
								"type": "model",
								"model": "item/mana/1/7",
								"tints": [{
									"type": "constant",
									"value": 255
								}]
							},
							"on_false": {
								"type": "model",
								"model": "item/mana/1/7",
								"tints": [{
									"type": "constant",
									"value": 16711680
								}]
							}
						},
						"threshold": 7
					},
					{
						"model": {
							"type": "condition",
							"property": "custom_model_data",
							"on_true": {
								"type": "model",
								"model": "item/mana/1/8",
								"tints": [{
									"type": "constant",
									"value": 255
								}]
							},
							"on_false": {
								"type": "model",
								"model": "item/mana/1/8",
								"tints": [{
									"type": "constant",
									"value": 16711680
								}]
							}
						},
						"threshold": 8
					},
					{
						"model": {
							"type": "condition",
							"property": "custom_model_data",
							"on_true": {
								"type": "model",
								"model": "item/mana/1/9",
								"tints": [{
									"type": "constant",
									"value": 255
								}]
							},
							"on_false": {
								"type": "model",
								"model": "item/mana/1/9",
								"tints": [{
									"type": "constant",
									"value": 16711680
								}]
							}
						},
						"threshold": 9
					}
				]
			}
		]
	}
}