{
  "model": {
	"type": "select",
	"property": "custom_model_data",
	"fallback": {
	  "type": "model",
	  "model": "item/stick"
	},
	"cases": [
	  {
		"when": "Vagabond",
		"model": {
		  "type": "model",
		  "model": "item/weapon/vagabond"
		}
	  },
	  {
		"when": "Vagabond_shield",
		"model": {
		  "type": "model",
		  "model": "item/weapon/vagabond_shield"
		}
	  },
	  {
		"when": "Fortress",
		"model": {
		  "type": "model",
		  "model": "item/weapon/fortress"
		}
	  },
	  {
		"when": "Vanguard",
		"model": {
		  "type": "model",
		  "model": "item/weapon/vanguard"
		}
	  },

	  {
		"when": "Chaser",
		"model": {
		  "type": "model",
		  "model": "item/weapon/chaser"
		}
	  },
	  {
		"when": "Bowmaster",
		"model": {
		  "type": "model",
		  "model": "item/weapon/bowmaster"
		}
	  },
	  {
		"when": "Flamewizard",
		"model": {
		  "type": "model",
		  "model": "item/weapon/flamewizard"
		}
	  },
	  {
		"when": "Flamewizard_book",
		"model": {
		  "type": "model",
		  "model": "item/weapon/flamewizard_book"
		}
	  },

	  {
		"when": "Priest",
		"model": {
		  "type": "model",
		  "model": "item/weapon/priest"
		}
	  },
	  {
		"when": "Medicgunner",
		"model": {
		  "type": "model",
		  "model": "item/weapon/medicgunner"
		}
	  },
	  {
		"when": "Savior",
		"model": {
		  "type": "model",
		  "model": "item/weapon/savior"
		}
	  }
	]
  }
}