{
	"oversized_in_gui": true,
	"hand_animation_on_swap": false,
	"model": {
		"type": "composite",
		"models": [
			{
				"type": "select",
				"property": "custom_model_data",
				"fallback": {
					"type": "model",
					"model": "item/stick"
				},
				"cases": [
					{
						"when": "Vagabond",
						"model": {
							"type": "composite",
							"models": [
								{
									"type": "range_dispatch",
									"property": "custom_model_data",
									"fallback":{
										"type": "model",
										"model": "item/weapon/vagabond/main"
									},
									"entries": [
										{
											"model": {
												"type": "model",
												"model": "item/weapon/vagabond/main1"
											},
											"threshold": 1
										},
										{
											"model": {
												"type": "model",
												"model": "item/weapon/vagabond/main2"
											},
											"threshold": 2
										}
									]
								},
								{
									"type": "model",
									"model": "item/weapon/vagabond/slot"
								}
							]
						}
					},
					{
						"when": "Fortress",
						"model": {
							"type": "condition",
							"property": "using_item",
							"on_false": {
								"type": "range_dispatch",
								"property": "custom_model_data",
								"fallback":{
									"type": "model",
									"model": "item/weapon/fortress/main"
								},
								"entries": [
									{
										"model": {
											"type": "model",
											"model": "item/weapon/fortress/main1"
										},
										"threshold": 1
									}
								]
							},
							"on_true": {
								"type": "model",
								"model": "item/weapon/fortress/block"
							}
						}
					},
					{
						"when": "Vanguard",
						"model": {
							"type": "range_dispatch",
							"property": "custom_model_data",
							"fallback":{
								"type": "model",
								"model": "item/weapon/vanguard/main"
							},
							"entries": [
								{
									"model": {
										"type": "model",
										"model": "item/weapon/vanguard/main1"
									},
									"threshold": 1
								},
								{
									"model": {
										"type": "model",
										"model": "item/weapon/vanguard/main2"
									},
									"threshold": 2
								},
								{
									"model": {
										"type": "model",
										"model": "item/weapon/vanguard/main3"
									},
									"threshold": 3
								},
								{
									"model": {
										"type": "model",
										"model": "item/weapon/vanguard/main4"
									},
									"threshold": 4
								}
							]
						}
					},

					{
						"when": "Chaser",
						"model": {
							"type": "range_dispatch",
							"property": "custom_model_data",
							"fallback":{
								"type": "model",
								"model": "item/weapon/chaser/main"
							},
							"entries": [
								{
									"model": {
										"type": "model",
										"model": "item/weapon/chaser/main1"
									},
									"threshold": 1
								},
								{
									"model": {
										"type": "model",
										"model": "item/weapon/chaser/main2"
									},
									"threshold": 2
								}
							]
						}
					},
					{
						"when": "Bowmaster",
						"model": {
							"type": "model",
							"model": "item/weapon/bowmaster/main"
						}
					},
					{
						"when": "Flamewizard",
						"model": {
							"type": "composite",
							"models": [
								{
									"type": "range_dispatch",
									"property": "custom_model_data",
									"fallback":{
										"type": "model",
										"model": "item/weapon/flamewizard/main"
									},
									"entries": [
										{
											"model": {
												"type": "model",
												"model": "item/weapon/flamewizard/main1"
											},
											"threshold": 1
										},
										{
											"model": {
												"type": "model",
												"model": "item/weapon/flamewizard/main2"
											},
											"threshold": 2
										},
										{
											"model": {
												"type": "model",
												"model": "item/weapon/flamewizard/main3"
											},
											"threshold": 3
										}
									]
								},
								{
									"type": "model",
									"model": "item/weapon/flamewizard/slot"
								}
							]
						}
					},
					{
						"when": "Wraith",
						"model": {
							"type": "composite",
							"models": [
								{
									"type": "range_dispatch",
									"property": "custom_model_data",
									"fallback":{
										"type": "range_dispatch",
										"property": "use_duration",
										"entries": [
											{
												"threshold": 1,
												"model": {
													"type": "model",
													"model": "item/weapon/wraith/main_charge1"
												}
											},
											{
												"threshold": 6,
												"model": {
													"type": "model",
													"model": "item/weapon/wraith/main_charge2"
												}
											},
											{
												"threshold": 15,
												"model": {
													"type": "model",
													"model": "item/weapon/wraith/main_charge3"
												}
											}
										],
										"fallback": {
											"type": "model",
											"model": "item/weapon/wraith/main"
										}
									},
									"entries": [
										{
											"model": {
												"type": "model",
												"model": "item/weapon/wraith/main1"
											},
											"threshold": 1
										},
										{
											"model": {
												"type": "model",
												"model": "item/weapon/wraith/main2"
											},
											"threshold": 2
										},
										{
											"model": {
												"type": "range_dispatch",
												"property": "use_duration",
												"entries": [
													{
														"threshold": 1,
														"model": {
															"type": "model",
															"model": "item/weapon/wraith/stealth/main_charge1"
														}
													},
													{
														"threshold": 6,
														"model": {
															"type": "model",
															"model": "item/weapon/wraith/stealth/main_charge2"
														}
													},
													{
														"threshold": 15,
														"model": {
															"type": "model",
															"model": "item/weapon/wraith/stealth/main_charge3"
														}
													}
												],
												"fallback": {
													"type": "model",
													"model": "item/weapon/wraith/stealth/main"
												}
											},
											"threshold": 3
										},
										{
											"model": {
												"type": "model",
												"model": "item/weapon/wraith/main3"
											},
											"threshold": 4
										},
										{
											"model": {
												"type": "model",
												"model": "item/weapon/wraith/main4"
											},
											"threshold": 5
										}
									]
								},
								{
									"type": "range_dispatch",
									"property": "use_duration",
									"entries": [
										{
											"threshold": 1,
											"model": {
												"type": "range_dispatch",
												"property": "custom_model_data",
												"fallback":{
													"type": "model",
													"model": "item/weapon/wraith/slot_charge"
												},
												"entries": [
													{
														"model": {
															"type": "model",
															"model": "item/weapon/wraith/stealth/slot_charge"
														},
														"threshold": 3
													}
												]
											}
										}
									],
									"fallback": {
										"type": "model",
										"model": "item/weapon/wraith/slot"
									}
								},
								{
									"type": "range_dispatch",
									"property": "use_duration",
									"entries": [
										{
											"threshold": 15,
											"model": {
												"type": "model",
												"model": "item/weapon/wraith/charge4"
											}
										},
										{
											"threshold": 16,
											"model": {
												"type": "model",
												"model": "item/weapon/wraith/charge3"
											}
										},
										{
											"threshold": 17,
											"model": {
												"type": "model",
												"model": "item/weapon/wraith/charge2"
											}
										},
										{
											"threshold": 18,
											"model": {
												"type": "model",
												"model": "item/weapon/wraith/charge1"
											}
										},
										{
											"threshold": 19,
											"model": {
												"type": "empty"
											}
										}
									],
									"fallback": {
										"type": "empty"
									}
								}
							]
						}
					},

					{
						"when": "Priest",
						"model": {
							"type": "range_dispatch",
							"property": "custom_model_data",
							"fallback":{
								"type": "model",
								"model": "item/weapon/priest/main"
							},
							"entries": [
								{
									"model": {
										"type": "model",
										"model": "item/weapon/priest/main1"
									},
									"threshold": 1
								},
								{
									"model": {
										"type": "model",
										"model": "item/weapon/priest/main2"
									},
									"threshold": 2
								}
							]
						}
					},
					{
						"when": "Medicgunner",
						"model": {
							"type": "range_dispatch",
							"property": "custom_model_data",
							"fallback":{
								"type": "model",
								"model": "item/weapon/medicgunner/main"
							},
							"entries": [
								{
									"model": {
										"type": "model",
										"model": "item/weapon/medicgunner/main1"
									},
									"threshold": 1
								},
								{
									"model": {
										"type": "model",
										"model": "item/weapon/medicgunner/main2"
									},
									"threshold": 2
								}
							]
						}
					},
					{
						"when": "Savior",
						"model": {
							"type": "range_dispatch",
							"property": "custom_model_data",
							"fallback":{
								"type": "model",
								"model": "item/weapon/savior/main"
							},
							"entries": [
								{
									"model": {
										"type": "model",
										"model": "item/weapon/savior/main1"
									},
									"threshold": 1
								}
							]
						}
					}
				]
			},
			{
				"type": "range_dispatch",
				"property": "custom_model_data",
				"index": 1,
				"fallback": {
					"type": "empty"
				},
				"entries": [
					{
						"model": {
							"type": "model",
							"model": "item/game/level"
						},	
						"threshold": 1
					},
					{
						"model": {
							"type": "model",
							"model": "item/game/level",
							"tints": [{
								"type": "constant",
								"value": 5635925
							}]
						},	
						"threshold": 2
					},
					{
						"model": {
							"type": "model",
							"model": "item/game/level",
							"tints": [{
								"type": "constant",
								"value": 5636095
							}]
						},	
						"threshold": 3
					},
					{
						"model": {
							"type": "model",
							"model": "item/game/level",
							"tints": [{
								"type": "constant",
								"value": 11141290
							}]
						},	
						"threshold": 4
					},
					{
						"model": {
							"type": "model",
							"model": "item/game/level",
							"tints": [{
								"type": "constant",
								"value": 16711680
							}]
						},	
						"threshold": 5
					}
				]
			}
		]
	}
}