{
	"oversized_in_gui": true,
	"hand_animation_on_swap": false,
	"model": {
		"type": "composite",
		"models": [
			{
				"type": "select",
				"property": "custom_model_data",
				"fallback": {
					"type": "model",
					"model": "item/stick"
				},
				"cases": [
					{
						"when": "Vagabond",
						"model": {
							"type": "composite",
							"models": [
								{
									"type": "range_dispatch",
									"property": "custom_model_data",
									"fallback":{
										"type": "model",
										"model": "item/weapon/vagabond/main"
									},
									"entries": [
										{
											"model": {
												"type": "model",
												"model": "item/weapon/vagabond/main1"
											},
											"threshold": 1
										}
									]
								},
								{
									"type": "model",
									"model": "item/weapon/vagabond/slot"
								}
							]
						}
					},
					{
						"when": "Fortress",
						"model": {
							"type": "condition",
							"property": "using_item",
							"on_false": {
								"type": "range_dispatch",
								"property": "custom_model_data",
								"fallback":{
									"type": "model",
									"model": "item/weapon/fortress/main"
								},
								"entries": [
									{
										"model": {
											"type": "model",
											"model": "item/weapon/fortress/main1"
										},
										"threshold": 1
									}
								]
							},
							"on_true": {
								"type": "model",
								"model": "item/weapon/fortress/block"
							}
						}
					},
					{
						"when": "Vanguard",
						"model": {
							"type": "range_dispatch",
							"property": "custom_model_data",
							"fallback":{
								"type": "model",
								"model": "item/weapon/vanguard/main"
							},
							"entries": [
								{
									"model": {
										"type": "model",
										"model": "item/weapon/vanguard/main1"
									},
									"threshold": 1
								},
								{
									"model": {
										"type": "model",
										"model": "item/weapon/vanguard/main2"
									},
									"threshold": 2
								},
								{
									"model": {
										"type": "model",
										"model": "item/weapon/vanguard/main3"
									},
									"threshold": 3
								},
								{
									"model": {
										"type": "model",
										"model": "item/weapon/vanguard/main4"
									},
									"threshold": 4
								}
							]
						}
					},

					{
						"when": "Chaser",
						"model": {
							"type": "range_dispatch",
							"property": "custom_model_data",
							"fallback":{
								"type": "model",
								"model": "item/weapon/chaser/main"
							},
							"entries": [
								{
									"model": {
										"type": "model",
										"model": "item/weapon/chaser/main1"
									},
									"threshold": 1
								},
								{
									"model": {
										"type": "model",
										"model": "item/weapon/chaser/main2"
									},
									"threshold": 2
								}
							]
						}
					},
					{
						"when": "Bowmaster",
						"model": {
							"type": "model",
							"model": "item/weapon/bowmaster/main"
						}
					},
					{
						"when": "Flamewizard",
						"model": {
							"type": "composite",
							"models": [
								{
									"type": "range_dispatch",
									"property": "custom_model_data",
									"fallback":{
										"type": "model",
										"model": "item/weapon/flamewizard/main"
									},
									"entries": [
										{
											"model": {
												"type": "model",
												"model": "item/weapon/flamewizard/main1"
											},
											"threshold": 1
										},
										{
											"model": {
												"type": "model",
												"model": "item/weapon/flamewizard/main2"
											},
											"threshold": 2
										},
										{
											"model": {
												"type": "model",
												"model": "item/weapon/flamewizard/main3"
											},
											"threshold": 3
										}
									]
								},
								{
									"type": "model",
									"model": "item/weapon/flamewizard/slot"
								}
							]
						}
					},

					{
						"when": "Priest",
						"model": {
							"type": "range_dispatch",
							"property": "custom_model_data",
							"fallback":{
								"type": "model",
								"model": "item/weapon/priest/main"
							},
							"entries": [
								{
									"model": {
										"type": "model",
										"model": "item/weapon/priest/main1"
									},
									"threshold": 1
								},
								{
									"model": {
										"type": "model",
										"model": "item/weapon/priest/main2"
									},
									"threshold": 2
								}
							]
						}
					},
					{
						"when": "Medicgunner",
						"model": {
							"type": "range_dispatch",
							"property": "custom_model_data",
							"fallback":{
								"type": "model",
								"model": "item/weapon/medicgunner/main"
							},
							"entries": [
								{
									"model": {
										"type": "model",
										"model": "item/weapon/medicgunner/main1"
									},
									"threshold": 1
								},
								{
									"model": {
										"type": "model",
										"model": "item/weapon/medicgunner/main2"
									},
									"threshold": 2
								}
							]
						}
					},
					{
						"when": "Savior",
						"model": {
							"type": "model",
							"model": "item/weapon/savior"
						}
					}
				]
			},
			{
				"type": "range_dispatch",
				"property": "custom_model_data",
				"index": 1,
				"fallback": {
					"type": "empty"
				},
				"entries": [
					{
						"model": {
							"type": "model",
							"model": "item/weapon/level"
						},	
						"threshold": 1
					},
					{
						"model": {
							"type": "model",
							"model": "item/weapon/level",
							"tints": [{
								"type": "constant",
								"value": 5635925
							}]
						},	
						"threshold": 2
					},
					{
						"model": {
							"type": "model",
							"model": "item/weapon/level",
							"tints": [{
								"type": "constant",
								"value": 5636095
							}]
						},	
						"threshold": 3
					},
					{
						"model": {
							"type": "model",
							"model": "item/weapon/level",
							"tints": [{
								"type": "constant",
								"value": 11141290
							}]
						},	
						"threshold": 4
					},
					{
						"model": {
							"type": "model",
							"model": "item/weapon/level",
							"tints": [{
								"type": "constant",
								"value": 16711680
							}]
						},	
						"threshold": 5
					}
				]
			}
		]
	}
}