{
	"format_version": "1.21.6",
	"credit": "Made with Blockbench",
	"texture_size": [13, 13],
	"textures": {
		"0": "item/weapon/wraith/charge",
		"particle": "item/weapon/wraith/charge"
	},
	"elements": [
		{
			"from": [7, -3, 4],
			"to": [9, 5, 12],
			"rotation": {"angle": -20, "axis": "x", "origin": [8, -2, 5]},
			"faces": {
				"east": {"uv": [8, 8, 16, 16], "texture": "#0"},
				"west": {"uv": [8, 8, 16, 16], "texture": "#0"}
			}
		}
	],
	"display": {
		"thirdperson_righthand": {
			"scale": [0, 0, 0]
		},
		"thirdperson_lefthand": {
			"scale": [0, 0, 0]
		},
		"firstperson_righthand": {
			"rotation": [-45, -120, 0],
			"translation": [0, 12, -1.5],
			"scale": [0.65, 0.65, 0.65]
		},
		"firstperson_lefthand": {
			"rotation": [-45, -120, 0],
			"translation": [0, 12, -1.5],
			"scale": [0.65, 0.65, 0.65]
		}
	}
}