{
	"format_version": "1.9.0",
	"credit": "Made with Blockbench",
	"textures": {
		"0": "item/weapon/wraith/sheath",
		"particle": "item/weapon/wraith/sheath"
	},
	"elements": [
		{
			"from": [7.3, 0.3, 7.3],
			"to": [8.7, 1.3, 9.3],
			"rotation": {"angle": 0, "axis": "y", "origin": [8, 0.8, 8.2]},
			"faces": {
				"north": {"uv": [8.2, 3.8, 16, 0], "rotation": 180, "texture": "#0"},
				"east": {"uv": [11.4, 3.8, 16, 0], "rotation": 180, "texture": "#0"},
				"south": {"uv": [8.2, 3, 10.8, 0.8], "rotation": 180, "texture": "#0"},
				"west": {"uv": [8.2, 3.8, 16, 0], "rotation": 180, "texture": "#0"},
				"up": {"uv": [16, 0, 8.2, 3.8], "rotation": 90, "texture": "#0"},
				"down": {"uv": [16, 0, 8.2, 3.8], "rotation": 270, "texture": "#0"}
			}
		},
		{
			"from": [7.75, 0.1, 7.25],
			"to": [8.25, 24.9, 8.75],
			"rotation": {"angle": 0, "axis": "y", "origin": [8, 12.5, 8]},
			"faces": {
				"down": {"uv": [9.8, 9.6, 14.8, 5], "rotation": 180, "texture": "#0"}
			}
		},
		{
			"from": [7.45, 0, 6.95],
			"to": [8.55, 25, 7.25],
			"rotation": {"angle": 0, "axis": "y", "origin": [8, 12.5, 7.1]},
			"faces": {
				"north": {"uv": [5, 16, 7, 0], "rotation": 180, "texture": "#0"},
				"south": {"uv": [5, 16, 7, 0], "rotation": 180, "texture": "#0"},
				"down": {"uv": [7, 13.6, 5, 16], "rotation": 270, "texture": "#0"}
			}
		},
		{
			"from": [7.4, 0, 8.75],
			"to": [8.6, 26.13, 9.15],
			"rotation": {"angle": 0, "axis": "y", "origin": [8, 12.45, 8.9]},
			"faces": {
				"north": {"uv": [0, 0, 1, 1], "rotation": 270, "texture": "#0"},
				"east": {"uv": [0, 0, 1, 1], "rotation": 270, "texture": "#0"},
				"south": {"uv": [0, 0, 1, 1], "rotation": 270, "texture": "#0"},
				"west": {"uv": [0, 0, 1, 1], "rotation": 270, "texture": "#0"},
				"up": {"uv": [0, 0, 1, 1], "rotation": 270, "texture": "#0"},
				"down": {"uv": [0, 0, 1, 1], "rotation": 270, "texture": "#0"}
			}
		},
		{
			"from": [7.45, 0, 6.95],
			"to": [7.75, 25, 8.75],
			"rotation": {"angle": 0, "axis": "y", "origin": [7.6, 12.5, 7.85]},
			"faces": {
				"east": {"uv": [5, 16, 7, 0], "rotation": 180, "texture": "#0"},
				"west": {"uv": [5, 16, 7, 0], "rotation": 180, "texture": "#0"},
				"down": {"uv": [7, 13.6, 5, 16], "rotation": 270, "texture": "#0"}
			}
		},
		{
			"from": [8.25, 0, 6.95],
			"to": [8.55, 25, 8.75],
			"rotation": {"angle": 0, "axis": "y", "origin": [8.4, 12.5, 7.85]},
			"faces": {
				"east": {"uv": [5, 16, 7, 0], "rotation": 180, "texture": "#0"},
				"west": {"uv": [5, 16, 7, 0], "rotation": 180, "texture": "#0"},
				"down": {"uv": [7, 13.6, 5, 16], "rotation": 270, "texture": "#0"}
			}
		},
		{
			"from": [7.4, 25, 6.9],
			"to": [8.6, 25.3, 8.75],
			"rotation": {"angle": 0, "axis": "y", "origin": [8, 25.15, 8]},
			"faces": {
				"north": {"uv": [0.6, 3, 2.6, 1], "rotation": 180, "texture": "#0"},
				"east": {"uv": [0.6, 3, 2.6, 1], "rotation": 180, "texture": "#0"},
				"south": {"uv": [0.6, 3, 2.6, 1], "rotation": 180, "texture": "#0"},
				"west": {"uv": [0.6, 3, 2.6, 1], "rotation": 180, "texture": "#0"},
				"down": {"uv": [0.6, 3, 2.6, 1], "rotation": 180, "texture": "#0"}
			}
		},
		{
			"from": [7.4, 25.3, 6.9],
			"to": [8.6, 26.2, 7.25],
			"rotation": {"angle": 22.5, "axis": "x", "origin": [8, 25.3, 6.9]},
			"faces": {
				"north": {"uv": [1, 3, 3, 1], "rotation": 180, "texture": "#0"},
				"east": {"uv": [1, 3, 3, 1], "rotation": 180, "texture": "#0"},
				"west": {"uv": [1, 3, 3, 1], "rotation": 180, "texture": "#0"}
			}
		},
		{
			"from": [7.4, 25.13, 7.243],
			"to": [8.6, 26.13, 9.143],
			"rotation": {"angle": 0, "axis": "y", "origin": [8, 25.15, 8]},
			"faces": {
				"east": {"uv": [0.6, 3, 2.6, 1], "rotation": 180, "texture": "#0"},
				"south": {"uv": [0.6, 3, 2.6, 1], "rotation": 180, "texture": "#0"},
				"west": {"uv": [0.6, 3, 2.6, 1], "rotation": 180, "texture": "#0"},
				"up": {"uv": [0.6, 3, 2.6, 1], "rotation": 180, "texture": "#0"}
			}
		},
		{
			"from": [7.3, 1.7, 7.3],
			"to": [8.7, 2.7, 9.3],
			"rotation": {"angle": 0, "axis": "y", "origin": [8, 2.2, 8.2]},
			"faces": {
				"north": {"uv": [8.2, 3.8, 16, 0], "rotation": 180, "texture": "#0"},
				"east": {"uv": [11.4, 3.8, 16, 0], "rotation": 180, "texture": "#0"},
				"south": {"uv": [8.2, 3, 10.8, 0.8], "rotation": 180, "texture": "#0"},
				"west": {"uv": [8.2, 3.8, 16, 0], "rotation": 180, "texture": "#0"},
				"up": {"uv": [16, 0, 8.2, 3.8], "rotation": 90, "texture": "#0"},
				"down": {"uv": [16, 0, 8.2, 3.8], "rotation": 270, "texture": "#0"}
			}
		}
	],
	"display": {
		"thirdperson_righthand": {
			"rotation": [0, 0, -170],
			"translation": [0, -4.5, 0]
		},
		"thirdperson_lefthand": {
			"rotation": [0, 0, -170],
			"translation": [0, -4.5, 0]
		},
		"firstperson_righthand": {
			"rotation": [-30, 0, -170],
			"translation": [5, -4, 0]
		},
		"firstperson_lefthand": {
			"rotation": [-30, 0, -170],
			"translation": [5, -4, 0]
		},
		"gui": {
			"scale": [0, 0, 0]
		}
	},
	"groups": [
		{
			"name": "main",
			"origin": [8, 19.35, 8.35],
			"color": 0,
			"children": [0, 1, 2, 3, 4, 5, 6, 7, 8, 9]
		}
	]
}