{
	"format_version": "1.21.6",
	"credit": "Made with Blockbench",
	"parent": "light_staff",
	"texture_size": [64, 64],
	"textures": {
		"0": "item/weapon/priest/staff1",
		"1": "item/weapon/priest/staff2",
		"particle": "item/weapon/priest/staff1"
	},
	"elements": [
		{
			"from": [7, -15, 7],
			"to": [9, 7, 9],
			"rotation": {"angle": 0, "axis": "y", "origin": [8, -7, 8]},
			"faces": {
				"north": {"uv": [0, 10.5, 0.5, 16], "texture": "#0"},
				"east": {"uv": [0, 10.5, 0.5, 16], "texture": "#0"},
				"south": {"uv": [0, 10.5, 0.5, 16], "texture": "#0"},
				"west": {"uv": [0, 10.5, 0.5, 16], "texture": "#0"},
				"down": {"uv": [0, 15.5, 0.5, 16], "texture": "#0"}
			}
		},
		{
			"from": [6.51, 6, 11.49],
			"to": [9.49, 11, 12.51],
			"rotation": {"angle": 0, "axis": "y", "origin": [8, 11, 12]},
			"faces": {
				"north": {"uv": [0.5, 11, 1.25, 12.25], "texture": "#0"},
				"east": {"uv": [0.5, 11, 0.75, 12.25], "texture": "#0"},
				"south": {"uv": [0.5, 11, 1.25, 12.25], "texture": "#0"},
				"west": {"uv": [0.5, 11, 0.75, 12.25], "texture": "#0"},
				"up": {"uv": [0.5, 12, 1.25, 12.25], "texture": "#0"},
				"down": {"uv": [0.5, 12, 1.25, 12.25], "texture": "#0"}
			}
		},
		{
			"from": [6.95, 9.95, 11.5],
			"to": [9.05, 12.05, 12.5],
			"rotation": {"angle": 45, "axis": "z", "origin": [8, 11, 12]},
			"faces": {
				"north": {"uv": [0.5, 10.5, 1, 11], "texture": "#0"},
				"east": {"uv": [0.5, 10.5, 0.75, 11], "texture": "#0"},
				"south": {"uv": [0.5, 10.5, 1, 11], "texture": "#0"},
				"west": {"uv": [0.5, 10.5, 0.75, 11], "texture": "#0"},
				"up": {"uv": [0.5, 10.75, 1, 11], "texture": "#0"},
				"down": {"uv": [0.5, 10.75, 1, 11], "texture": "#0"}
			}
		},
		{
			"from": [6.95, 4.95, 11.5],
			"to": [9.05, 7.05, 12.5],
			"rotation": {"angle": 45, "axis": "z", "origin": [8, 6, 12]},
			"faces": {
				"north": {"uv": [0.5, 14.5, 1, 15], "texture": "#0"},
				"east": {"uv": [0.5, 14.5, 0.75, 15], "texture": "#0"},
				"south": {"uv": [0.5, 14.5, 1, 15], "texture": "#0"},
				"west": {"uv": [0.5, 14.5, 0.75, 15], "texture": "#0"},
				"up": {"uv": [0.5, 14.75, 1, 15], "texture": "#0"},
				"down": {"uv": [0.5, 14.75, 1, 15], "texture": "#0"}
			}
		},
		{
			"from": [6.95, 9.95, 3.5],
			"to": [9.05, 12.05, 4.5],
			"rotation": {"angle": -45, "axis": "z", "origin": [8, 11, 4]},
			"faces": {
				"north": {"uv": [0.5, 10.5, 1, 11], "texture": "#0"},
				"east": {"uv": [0.5, 10.5, 0.75, 11], "texture": "#0"},
				"south": {"uv": [0.5, 10.5, 1, 11], "texture": "#0"},
				"west": {"uv": [0.5, 10.5, 0.75, 11], "texture": "#0"},
				"up": {"uv": [1, 11, 0.5, 10.75], "texture": "#0"},
				"down": {"uv": [1, 11, 0.5, 10.75], "texture": "#0"}
			}
		},
		{
			"from": [6.95, 4.95, 3.5],
			"to": [9.05, 7.05, 4.5],
			"rotation": {"angle": -45, "axis": "z", "origin": [8, 6, 4]},
			"faces": {
				"north": {"uv": [0.5, 14.5, 1, 15], "texture": "#0"},
				"east": {"uv": [0.5, 14.5, 0.75, 15], "texture": "#0"},
				"south": {"uv": [0.5, 14.5, 1, 15], "texture": "#0"},
				"west": {"uv": [0.5, 14.5, 0.75, 15], "texture": "#0"},
				"up": {"uv": [1, 15, 0.5, 14.75], "texture": "#0"},
				"down": {"uv": [1, 15, 0.5, 14.75], "texture": "#0"}
			}
		},
		{
			"from": [3.5, 4.95, 6.95],
			"to": [4.5, 7.05, 9.05],
			"rotation": {"angle": -45, "axis": "x", "origin": [4, 6, 8]},
			"faces": {
				"north": {"uv": [0.5, 14.5, 0.75, 15], "texture": "#0"},
				"east": {"uv": [0.5, 14.5, 1, 15], "texture": "#0"},
				"south": {"uv": [0.5, 14.5, 0.75, 15], "texture": "#0"},
				"west": {"uv": [0.5, 14.5, 1, 15], "texture": "#0"},
				"up": {"uv": [0.5, 14.75, 1, 15], "rotation": 90, "texture": "#0"},
				"down": {"uv": [0.5, 14.75, 1, 15], "rotation": 270, "texture": "#0"}
			}
		},
		{
			"from": [3.49, 6, 6.51],
			"to": [4.51, 11, 9.49],
			"rotation": {"angle": 0, "axis": "y", "origin": [4, 11, 8]},
			"faces": {
				"north": {"uv": [0.5, 11, 0.75, 12.25], "texture": "#0"},
				"east": {"uv": [0.5, 11, 1.25, 12.25], "texture": "#0"},
				"south": {"uv": [0.5, 11, 0.75, 12.25], "texture": "#0"},
				"west": {"uv": [0.5, 11, 1.25, 12.25], "texture": "#0"},
				"up": {"uv": [0.5, 12, 1.25, 12.25], "rotation": 90, "texture": "#0"},
				"down": {"uv": [0.5, 12, 1.25, 12.25], "rotation": 270, "texture": "#0"}
			}
		},
		{
			"from": [3.5, 9.95, 6.95],
			"to": [4.5, 12.05, 9.05],
			"rotation": {"angle": -45, "axis": "x", "origin": [4, 11, 8]},
			"faces": {
				"north": {"uv": [0.5, 10.5, 0.75, 11], "texture": "#0"},
				"east": {"uv": [0.5, 10.5, 1, 11], "texture": "#0"},
				"south": {"uv": [0.5, 10.5, 0.75, 11], "texture": "#0"},
				"west": {"uv": [0.5, 10.5, 1, 11], "texture": "#0"},
				"up": {"uv": [0.5, 10.75, 1, 11], "rotation": 90, "texture": "#0"},
				"down": {"uv": [0.5, 10.75, 1, 11], "rotation": 270, "texture": "#0"}
			}
		},
		{
			"from": [11.5, 9.95, 6.95],
			"to": [12.5, 12.05, 9.05],
			"rotation": {"angle": 45, "axis": "x", "origin": [12, 11, 8]},
			"faces": {
				"north": {"uv": [0.5, 10.5, 0.75, 11], "texture": "#0"},
				"east": {"uv": [0.5, 10.5, 1, 11], "texture": "#0"},
				"south": {"uv": [0.5, 10.5, 0.75, 11], "texture": "#0"},
				"west": {"uv": [0.5, 10.5, 1, 11], "texture": "#0"},
				"up": {"uv": [1, 11, 0.5, 10.75], "rotation": 90, "texture": "#0"},
				"down": {"uv": [1, 11, 0.5, 10.75], "rotation": 270, "texture": "#0"}
			}
		},
		{
			"from": [11.5, 4.95, 6.95],
			"to": [12.5, 7.05, 9.05],
			"rotation": {"angle": 45, "axis": "x", "origin": [12, 6, 8]},
			"faces": {
				"north": {"uv": [0.5, 14.5, 0.75, 15], "texture": "#0"},
				"east": {"uv": [0.5, 14.5, 1, 15], "texture": "#0"},
				"south": {"uv": [0.5, 14.5, 0.75, 15], "texture": "#0"},
				"west": {"uv": [0.5, 14.5, 1, 15], "texture": "#0"},
				"up": {"uv": [1, 15, 0.5, 14.75], "rotation": 90, "texture": "#0"},
				"down": {"uv": [1, 15, 0.5, 14.75], "rotation": 270, "texture": "#0"}
			}
		},
		{
			"from": [11.49, 6, 6.51],
			"to": [12.51, 11, 9.49],
			"rotation": {"angle": 0, "axis": "y", "origin": [12, 11, 8]},
			"faces": {
				"north": {"uv": [0.5, 11, 0.75, 12.25], "texture": "#0"},
				"east": {"uv": [0.5, 11, 1.25, 12.25], "texture": "#0"},
				"south": {"uv": [0.5, 11, 0.75, 12.25], "texture": "#0"},
				"west": {"uv": [0.5, 11, 1.25, 12.25], "texture": "#0"},
				"up": {"uv": [1.25, 12.25, 0.5, 12], "rotation": 90, "texture": "#0"},
				"down": {"uv": [1.25, 12.25, 0.5, 12], "rotation": 270, "texture": "#0"}
			}
		},
		{
			"from": [6.51, 6, 3.49],
			"to": [9.49, 11, 4.51],
			"rotation": {"angle": 0, "axis": "y", "origin": [8, 11, 4]},
			"faces": {
				"north": {"uv": [0.5, 11, 1.25, 12.25], "texture": "#0"},
				"east": {"uv": [0.5, 11, 0.75, 12.25], "texture": "#0"},
				"south": {"uv": [0.5, 11, 1.25, 12.25], "texture": "#0"},
				"west": {"uv": [0.5, 11, 0.75, 12.25], "texture": "#0"},
				"up": {"uv": [1.25, 12.25, 0.5, 12], "texture": "#0"},
				"down": {"uv": [1.25, 12.25, 0.5, 12], "texture": "#0"}
			}
		},
		{
			"from": [6.49, 21.99, 6.49],
			"to": [9.51, 25.01, 9.51],
			"rotation": {"angle": 0, "axis": "y", "origin": [8, 21.5, 8]},
			"faces": {
				"north": {"uv": [0.5, 12.25, 1.25, 13], "texture": "#0"},
				"east": {"uv": [0.5, 12.25, 1.25, 13], "texture": "#0"},
				"south": {"uv": [0.5, 12.25, 1.25, 13], "texture": "#0"},
				"west": {"uv": [0.5, 12.25, 1.25, 13], "texture": "#0"},
				"up": {"uv": [0.5, 12.25, 1.25, 13], "texture": "#0"},
				"down": {"uv": [0.5, 12.25, 1.25, 13], "texture": "#0"}
			}
		},
		{
			"from": [10, 21.5, 6],
			"to": [10, 25.5, 10],
			"rotation": {"angle": 0, "axis": "y", "origin": [8, 21.5, 8]},
			"faces": {
				"west": {"uv": [1, 14.5, 1.5, 15], "texture": "#0"}
			}
		},
		{
			"from": [6, 25.5, 6],
			"to": [10, 25.5, 10],
			"rotation": {"angle": 0, "axis": "y", "origin": [8, 21.5, 8]},
			"faces": {
				"down": {"uv": [1, 14.5, 1.5, 15], "texture": "#0"}
			}
		},
		{
			"from": [6, 21.5, 6],
			"to": [10, 21.5, 10],
			"rotation": {"angle": 0, "axis": "y", "origin": [8, 21.5, 8]},
			"faces": {
				"up": {"uv": [1, 14.5, 1.5, 15], "texture": "#0"}
			}
		},
		{
			"from": [6, 21.5, 10],
			"to": [10, 25.5, 10],
			"rotation": {"angle": 0, "axis": "y", "origin": [8, 21.5, 8]},
			"faces": {
				"north": {"uv": [1, 14.5, 1.5, 15], "texture": "#0"}
			}
		},
		{
			"from": [6, 21.5, 6],
			"to": [10, 25.5, 6],
			"rotation": {"angle": 0, "axis": "y", "origin": [8, 21.5, 8]},
			"faces": {
				"south": {"uv": [1, 14.5, 1.5, 15], "texture": "#0"}
			}
		},
		{
			"from": [6, 21.5, 6],
			"to": [6, 25.5, 10],
			"rotation": {"angle": 0, "axis": "y", "origin": [8, 21.5, 8]},
			"faces": {
				"east": {"uv": [1, 14.5, 1.5, 15], "texture": "#0"}
			}
		},
		{
			"from": [4.49, 22.49, 4.49],
			"to": [11.51, 24.51, 11.51],
			"rotation": {"angle": -22.5, "axis": "z", "origin": [8, 23.5, 8]},
			"faces": {
				"north": {"uv": [0.5, 9, 4, 10], "texture": "#1"},
				"east": {"uv": [0.5, 9, 4, 10], "texture": "#1"},
				"south": {"uv": [0.5, 9, 4, 10], "texture": "#1"},
				"west": {"uv": [0.5, 9, 4, 10], "texture": "#1"},
				"up": {"uv": [0.5, 5.5, 4, 9], "texture": "#1"},
				"down": {"uv": [0.5, 5.5, 4, 9], "texture": "#1"}
			}
		},
		{
			"from": [4.49, 22.49, 4.49],
			"to": [11.51, 24.51, 11.51],
			"rotation": {"angle": -45, "axis": "z", "origin": [8, 23.5, 8]},
			"faces": {
				"north": {"uv": [9.5, 4, 13, 5], "texture": "#1"},
				"east": {"uv": [9.5, 4, 13, 5], "texture": "#1"},
				"south": {"uv": [9.5, 4, 13, 5], "texture": "#1"},
				"west": {"uv": [9.5, 4, 13, 5], "texture": "#1"},
				"up": {"uv": [9.5, 0.5, 13, 4], "texture": "#1"},
				"down": {"uv": [9.5, 0.5, 13, 4], "texture": "#1"}
			}
		},
		{
			"from": [6.99, 19.99, 4.49],
			"to": [9.01, 27.01, 11.51],
			"rotation": {"angle": 22.5, "axis": "z", "origin": [8, 23.5, 8]},
			"faces": {
				"north": {"uv": [5, 4, 8.5, 5], "rotation": 270, "texture": "#1"},
				"east": {"uv": [5, 0.5, 8.5, 4], "rotation": 90, "texture": "#1"},
				"south": {"uv": [5, 4, 8.5, 5], "rotation": 90, "texture": "#1"},
				"west": {"uv": [5, 0.5, 8.5, 4], "rotation": 90, "texture": "#1"},
				"up": {"uv": [5, 4, 8.5, 5], "rotation": 90, "texture": "#1"},
				"down": {"uv": [5, 4, 8.5, 5], "rotation": 90, "texture": "#1"}
			}
		},
		{
			"from": [6.99, 19.99, 4.49],
			"to": [9.01, 27.01, 11.51],
			"rotation": {"angle": 0, "axis": "y", "origin": [8, 23.5, 8]},
			"faces": {
				"north": {"uv": [0.5, 4, 4, 5], "rotation": 270, "texture": "#1"},
				"east": {"uv": [0.5, 0.5, 4, 4], "rotation": 90, "texture": "#1"},
				"south": {"uv": [0.5, 4, 4, 5], "rotation": 90, "texture": "#1"},
				"west": {"uv": [0.5, 0.5, 4, 4], "rotation": 90, "texture": "#1"},
				"up": {"uv": [0.5, 4, 4, 5], "rotation": 90, "texture": "#1"},
				"down": {"uv": [0.5, 4, 4, 5], "rotation": 90, "texture": "#1"}
			}
		},
		{
			"from": [6.99, 19.99, 4.49],
			"to": [9.01, 27.01, 11.51],
			"rotation": {"angle": -22.5, "axis": "z", "origin": [8, 23.5, 8]},
			"faces": {
				"north": {"uv": [5, 14, 8.5, 15], "rotation": 270, "texture": "#1"},
				"east": {"uv": [5, 10.5, 8.5, 14], "rotation": 90, "texture": "#1"},
				"south": {"uv": [5, 14, 8.5, 15], "rotation": 90, "texture": "#1"},
				"west": {"uv": [5, 10.5, 8.5, 14], "rotation": 90, "texture": "#1"},
				"up": {"uv": [5, 14, 8.5, 15], "rotation": 90, "texture": "#1"},
				"down": {"uv": [5, 14, 8.5, 15], "rotation": 90, "texture": "#1"}
			}
		},
		{
			"from": [6.99, 19.99, 4.49],
			"to": [9.01, 27.01, 11.51],
			"rotation": {"angle": -45, "axis": "z", "origin": [8, 23.5, 8]},
			"faces": {
				"north": {"uv": [0.5, 14, 4, 15], "rotation": 270, "texture": "#1"},
				"east": {"uv": [0.5, 10.5, 4, 14], "rotation": 90, "texture": "#1"},
				"south": {"uv": [0.5, 14, 4, 15], "rotation": 90, "texture": "#1"},
				"west": {"uv": [0.5, 10.5, 4, 14], "rotation": 90, "texture": "#1"},
				"up": {"uv": [0.5, 14, 4, 15], "rotation": 90, "texture": "#1"},
				"down": {"uv": [0.5, 14, 4, 15], "rotation": 90, "texture": "#1"}
			}
		},
		{
			"from": [4.49, 22.49, 4.49],
			"to": [11.51, 24.51, 11.51],
			"rotation": {"angle": 22.5, "axis": "z", "origin": [8, 23.5, 8]},
			"faces": {
				"north": {"uv": [9.5, 9, 13, 10], "rotation": 180, "texture": "#1"},
				"east": {"uv": [9.5, 9, 13, 10], "rotation": 180, "texture": "#1"},
				"south": {"uv": [9.5, 9, 13, 10], "rotation": 180, "texture": "#1"},
				"west": {"uv": [9.5, 9, 13, 10], "rotation": 180, "texture": "#1"},
				"up": {"uv": [9.5, 5.5, 13, 9], "rotation": 180, "texture": "#1"},
				"down": {"uv": [9.5, 5.5, 13, 9], "rotation": 180, "texture": "#1"}
			}
		},
		{
			"from": [4.49, 22.49, 4.49],
			"to": [11.51, 24.51, 11.51],
			"rotation": {"angle": 0, "axis": "y", "origin": [8, 23.5, 8]},
			"faces": {
				"north": {"uv": [5, 9, 8.5, 10], "rotation": 180, "texture": "#1"},
				"east": {"uv": [5, 9, 8.5, 10], "rotation": 180, "texture": "#1"},
				"south": {"uv": [5, 9, 8.5, 10], "rotation": 180, "texture": "#1"},
				"west": {"uv": [5, 9, 8.5, 10], "rotation": 180, "texture": "#1"},
				"up": {"uv": [5, 5.5, 8.5, 9], "rotation": 180, "texture": "#1"},
				"down": {"uv": [5, 5.5, 8.5, 9], "rotation": 180, "texture": "#1"}
			}
		},
		{
			"from": [3.49, 18.99, 6.99],
			"to": [12.51, 28.01, 9.01],
			"rotation": {"angle": -22.5, "axis": "x", "origin": [8, 23.5, 8]},
			"faces": {
				"north": {"uv": [0, 0, 4.5, 4.5], "rotation": 180, "texture": "#1"},
				"east": {"uv": [0, 4, 4.5, 5], "rotation": 270, "texture": "#1"},
				"south": {"uv": [0, 0, 4.5, 4.5], "texture": "#1"},
				"west": {"uv": [0, 4, 4.5, 5], "rotation": 90, "texture": "#1"},
				"up": {"uv": [0, 4, 4.5, 5], "rotation": 180, "texture": "#1"},
				"down": {"uv": [0, 4, 4.5, 5], "texture": "#1"}
			}
		},
		{
			"from": [3.49, 18.99, 6.99],
			"to": [12.51, 28.01, 9.01],
			"rotation": {"angle": 0, "axis": "y", "origin": [8, 23.5, 8]},
			"faces": {
				"north": {"uv": [4.5, 0, 9, 4.5], "rotation": 180, "texture": "#1"},
				"east": {"uv": [4.5, 4, 9, 5], "rotation": 270, "texture": "#1"},
				"south": {"uv": [4.5, 0, 9, 4.5], "texture": "#1"},
				"west": {"uv": [4.5, 4, 9, 5], "rotation": 90, "texture": "#1"},
				"up": {"uv": [4.5, 4, 9, 5], "rotation": 180, "texture": "#1"},
				"down": {"uv": [4.5, 4, 9, 5], "texture": "#1"}
			}
		},
		{
			"from": [3.49, 18.99, 6.99],
			"to": [12.51, 28.01, 9.01],
			"rotation": {"angle": 22.5, "axis": "x", "origin": [8, 23.5, 8]},
			"faces": {
				"north": {"uv": [9, 0, 13.5, 4.5], "rotation": 180, "texture": "#1"},
				"east": {"uv": [9, 4, 13.5, 5], "rotation": 270, "texture": "#1"},
				"south": {"uv": [9, 0, 13.5, 4.5], "texture": "#1"},
				"west": {"uv": [9, 4, 13.5, 5], "rotation": 90, "texture": "#1"},
				"up": {"uv": [9, 4, 13.5, 5], "rotation": 180, "texture": "#1"},
				"down": {"uv": [9, 4, 13.5, 5], "texture": "#1"}
			}
		},
		{
			"from": [3.49, 18.99, 6.99],
			"to": [12.51, 28.01, 9.01],
			"rotation": {"angle": 45, "axis": "x", "origin": [8, 23.5, 8]},
			"faces": {
				"north": {"uv": [0, 5, 4.5, 9.5], "rotation": 180, "texture": "#1"},
				"east": {"uv": [0, 9, 4.5, 10], "rotation": 270, "texture": "#1"},
				"south": {"uv": [0, 5, 4.5, 9.5], "texture": "#1"},
				"west": {"uv": [0, 9, 4.5, 10], "rotation": 90, "texture": "#1"},
				"up": {"uv": [0, 9, 4.5, 10], "rotation": 180, "texture": "#1"},
				"down": {"uv": [0, 9, 4.5, 10], "texture": "#1"}
			}
		},
		{
			"from": [3.49, 22.49, 3.49],
			"to": [12.51, 24.51, 12.51],
			"rotation": {"angle": -22.5, "axis": "x", "origin": [8, 23.5, 8]},
			"faces": {
				"north": {"uv": [4.5, 9, 9, 10], "rotation": 180, "texture": "#1"},
				"east": {"uv": [4.5, 9, 9, 10], "rotation": 180, "texture": "#1"},
				"south": {"uv": [4.5, 9, 9, 10], "rotation": 180, "texture": "#1"},
				"west": {"uv": [4.5, 9, 9, 10], "rotation": 180, "texture": "#1"},
				"up": {"uv": [4.5, 5, 9, 9.5], "texture": "#1"},
				"down": {"uv": [4.5, 5, 9, 9.5], "texture": "#1"}
			}
		},
		{
			"from": [3.49, 22.49, 3.49],
			"to": [12.51, 24.51, 12.51],
			"rotation": {"angle": 0, "axis": "y", "origin": [8, 23.5, 8]},
			"faces": {
				"north": {"uv": [9, 9, 13.5, 10], "rotation": 180, "texture": "#1"},
				"east": {"uv": [9, 9, 13.5, 10], "rotation": 180, "texture": "#1"},
				"south": {"uv": [9, 9, 13.5, 10], "rotation": 180, "texture": "#1"},
				"west": {"uv": [9, 9, 13.5, 10], "rotation": 180, "texture": "#1"},
				"up": {"uv": [9, 5, 13.5, 9.5], "texture": "#1"},
				"down": {"uv": [9, 5, 13.5, 9.5], "texture": "#1"}
			}
		},
		{
			"from": [3.49, 22.49, 3.49],
			"to": [12.51, 24.51, 12.51],
			"rotation": {"angle": 22.5, "axis": "x", "origin": [8, 23.5, 8]},
			"faces": {
				"north": {"uv": [0, 14, 4.5, 15], "rotation": 180, "texture": "#1"},
				"east": {"uv": [0, 14, 4.5, 15], "rotation": 180, "texture": "#1"},
				"south": {"uv": [0, 14, 4.5, 15], "rotation": 180, "texture": "#1"},
				"west": {"uv": [0, 14, 4.5, 15], "rotation": 180, "texture": "#1"},
				"up": {"uv": [0, 10, 4.5, 14.5], "texture": "#1"},
				"down": {"uv": [0, 10, 4.5, 14.5], "texture": "#1"}
			}
		},
		{
			"from": [3.49, 22.49, 3.49],
			"to": [12.51, 24.51, 12.51],
			"rotation": {"angle": 45, "axis": "x", "origin": [8, 23.5, 8]},
			"faces": {
				"north": {"uv": [4.5, 14, 9, 15], "rotation": 180, "texture": "#1"},
				"east": {"uv": [4.5, 14, 9, 15], "rotation": 180, "texture": "#1"},
				"south": {"uv": [4.5, 14, 9, 15], "rotation": 180, "texture": "#1"},
				"west": {"uv": [4.5, 14, 9, 15], "rotation": 180, "texture": "#1"},
				"up": {"uv": [4.5, 10, 9, 14.5], "texture": "#1"},
				"down": {"uv": [4.5, 10, 9, 14.5], "texture": "#1"}
			}
		},
		{
			"from": [6.5, 14, 7.5],
			"to": [9.5, 18, 9.5],
			"rotation": {"angle": 45, "axis": "x", "origin": [8, 14, 9.5]},
			"faces": {
				"north": {"uv": [1.25, 16, 2, 15], "texture": "#0"},
				"east": {"uv": [1, 16, 1.5, 15], "texture": "#0"},
				"south": {"uv": [0.5, 15, 1.25, 16], "texture": "#0"},
				"west": {"uv": [1.5, 16, 1, 15], "texture": "#0"}
			}
		},
		{
			"from": [6.49, 14.98, 10.07],
			"to": [9.51, 18, 13.09],
			"rotation": {"angle": 22.5, "axis": "x", "origin": [8, 16, 11.1]},
			"faces": {
				"east": {"uv": [0.5, 14.5, 1.25, 13.75], "rotation": 90, "texture": "#0"},
				"south": {"uv": [1.25, 13, 2, 13.75], "texture": "#0"},
				"west": {"uv": [0.5, 13.75, 1.25, 14.5], "rotation": 90, "texture": "#0"},
				"up": {"uv": [1.25, 13, 0.5, 13.75], "texture": "#0"},
				"down": {"uv": [1.25, 13.75, 2, 14.5], "texture": "#0"}
			}
		},
		{
			"from": [6.5, 14, 6.5],
			"to": [8.5, 18, 9.5],
			"rotation": {"angle": 45, "axis": "z", "origin": [6.5, 14, 8]},
			"faces": {
				"north": {"uv": [1.5, 16, 1, 15], "texture": "#0"},
				"east": {"uv": [1.25, 16, 2, 15], "texture": "#0"},
				"south": {"uv": [1, 16, 1.5, 15], "texture": "#0"},
				"west": {"uv": [0.5, 15, 1.25, 16], "texture": "#0"}
			}
		},
		{
			"from": [2.91, 14.98, 6.49],
			"to": [5.93, 18, 9.51],
			"rotation": {"angle": 22.5, "axis": "z", "origin": [4.9, 16, 8]},
			"faces": {
				"north": {"uv": [1.25, 14.5, 0.5, 13.75], "rotation": 270, "texture": "#0"},
				"south": {"uv": [1.25, 13.75, 0.5, 14.5], "rotation": 270, "texture": "#0"},
				"west": {"uv": [1.25, 13, 2, 13.75], "texture": "#0"},
				"up": {"uv": [1.25, 13, 0.5, 13.75], "rotation": 90, "texture": "#0"},
				"down": {"uv": [1.25, 13.75, 2, 14.5], "rotation": 270, "texture": "#0"}
			}
		},
		{
			"from": [6.49, 14.98, 2.91],
			"to": [9.51, 18, 5.93],
			"rotation": {"angle": -22.5, "axis": "x", "origin": [8, 16, 4.9]},
			"faces": {
				"north": {"uv": [1.25, 13, 2, 13.75], "texture": "#0"},
				"east": {"uv": [0.5, 13.75, 1.25, 14.5], "rotation": 90, "texture": "#0"},
				"west": {"uv": [1.25, 13.75, 0.5, 14.5], "rotation": 270, "texture": "#0"},
				"up": {"uv": [0.5, 13.75, 1.25, 13], "texture": "#0"},
				"down": {"uv": [2, 14.5, 1.25, 13.75], "texture": "#0"}
			}
		},
		{
			"from": [6.5, 14, 6.5],
			"to": [9.5, 18, 8.5],
			"rotation": {"angle": -45, "axis": "x", "origin": [8, 14, 6.5]},
			"faces": {
				"north": {"uv": [0.5, 15, 1.25, 16], "texture": "#0"},
				"east": {"uv": [1.5, 16, 1, 15], "texture": "#0"},
				"south": {"uv": [1.25, 16, 2, 15], "texture": "#0"},
				"west": {"uv": [1, 16, 1.5, 15], "texture": "#0"}
			}
		},
		{
			"from": [10.07, 14.98, 6.49],
			"to": [13.09, 18, 9.51],
			"rotation": {"angle": -22.5, "axis": "z", "origin": [11.1, 16, 8]},
			"faces": {
				"north": {"uv": [1.25, 13.75, 0.5, 14.5], "rotation": 270, "texture": "#0"},
				"east": {"uv": [1.25, 13, 2, 13.75], "texture": "#0"},
				"south": {"uv": [0.5, 13.75, 1.25, 14.5], "rotation": 90, "texture": "#0"},
				"up": {"uv": [0.5, 13.75, 1.25, 13], "rotation": 90, "texture": "#0"},
				"down": {"uv": [2, 14.5, 1.25, 13.75], "rotation": 270, "texture": "#0"}
			}
		},
		{
			"from": [7.5, 14, 6.5],
			"to": [9.5, 18, 9.5],
			"rotation": {"angle": -45, "axis": "z", "origin": [9.5, 14, 8]},
			"faces": {
				"north": {"uv": [1, 16, 1.5, 15], "texture": "#0"},
				"east": {"uv": [1.25, 15, 0.5, 16], "texture": "#0"},
				"south": {"uv": [1.5, 16, 1, 15], "texture": "#0"},
				"west": {"uv": [1.25, 16, 2, 15], "texture": "#0"}
			}
		},
		{
			"from": [6.5, 7, 6.5],
			"to": [9.5, 15, 9.5],
			"rotation": {"angle": 0, "axis": "y", "origin": [8, -9, 8]},
			"faces": {
				"north": {"uv": [1.25, 10.5, 2, 12.5], "texture": "#0"},
				"east": {"uv": [1.25, 10.5, 2, 12.5], "texture": "#0"},
				"south": {"uv": [1.25, 10.5, 2, 12.5], "texture": "#0"},
				"west": {"uv": [1.25, 10.5, 2, 12.5], "texture": "#0"},
				"up": {"uv": [0.5, 13.75, 1.25, 14.5], "rotation": 90, "texture": "#0"},
				"down": {"uv": [1.25, 12.25, 2, 13], "rotation": 90, "texture": "#0"}
			}
		}
	],
	"gui_light": "front",
	"display": {
		"thirdperson_righthand": {
			"rotation": [0, 0, 3],
			"translation": [0, 5.5, 1.5],
			"scale": [0.72, 0.72, 0.72]
		},
		"thirdperson_lefthand": {
			"rotation": [0, 0, 3],
			"translation": [0, 5.5, 1.5],
			"scale": [0.72, 0.72, 0.72]
		},
		"firstperson_righthand": {
			"rotation": [-45, 0, 5],
			"translation": [0, 2, -1],
			"scale": [0.55, 0.55, 0.55]
		},
		"firstperson_lefthand": {
			"rotation": [-45, 0, 5],
			"translation": [0, 2, -1],
			"scale": [0.55, 0.55, 0.55]
		},
		"gui": {
			"rotation": [20, -45, 0],
			"translation": [0, 1.5, 0],
			"scale": [0.45, 0.45, 0.45]
		}
	},
	"groups": [
		{
			"name": "light_staff",
			"origin": [8, 8, 8],
			"color": 0,
			"children": [0, 1, 2, 3, 4, 5, 6, 7, 8, 9, 10, 11, 12, 13, 14, 15, 16, 17, 18, 19, 20, 21, 22, 23, 24, 25, 26, 27, 28, 29, 30, 31, 32, 33, 34, 35, 36, 37, 38, 39, 40, 41, 42, 43, 44]
		}
	]
}