{
	"format_version": "1.21.6",
	"credit": "Made with Blockbench",
	"textures": {
		"0": "item/skill/bowmaster_arrow",
		"particle": "item/skill/bowmaster_arrow"
	},
	"elements": [
		{
			"name": "back",
			"from": [6, 6, 15],
			"to": [10, 10, 15],
			"rotation": {"angle": -45, "axis": "z", "origin": [8, 8, 10]},
			"faces": {
				"north": {"uv": [10.5, 10.5, 8, 13], "texture": "#0", "tintindex": 0},
				"south": {"uv": [10.5, 10.5, 8, 13], "texture": "#0", "tintindex": 0}
			}
		},
		{
			"name": "cross_1",
			"from": [6, 8, 0],
			"to": [10, 8, 16],
			"rotation": {"angle": 45, "axis": "z", "origin": [8, 8, 4]},
			"faces": {
				"up": {"uv": [16, 8, 8, 10.5], "rotation": 90, "texture": "#0", "tintindex": 0},
				"down": {"uv": [8, 8, 16, 10.5], "rotation": 90, "texture": "#0", "tintindex": 0}
			}
		},
		{
			"name": "cross_2",
			"from": [6, 8, 0],
			"to": [10, 8, 16],
			"rotation": {"angle": -45, "axis": "z", "origin": [8, 8, 4]},
			"faces": {
				"up": {"uv": [16, 8, 8, 10.5], "rotation": 90, "texture": "#0", "tintindex": 0},
				"down": {"uv": [8, 8, 16, 10.5], "rotation": 90, "texture": "#0", "tintindex": 0}
			}
		}
	]
}