{
	"format_version": "1.9.0",
	"credit": "Made with Blockbench",
	"texture_size": [4, 4],
	"textures": {
		"0": "item/skill/flamewizard_arrow",
		"particle": "item/skill/flamewizard_arrow"
	},
	"elements": [
		{
			"from": [7.5, 7.28087, 4.29623],
			"to": [8.5, 8.18087, 8.09623],
			"rotation": {"angle": 0, "axis": "y", "origin": [7, 6.58087, 9.09623]},
			"faces": {
				"north": {"uv": [15.6, 4.4, 12.4, 7.6], "texture": "#0"},
				"east": {"uv": [15.6, 4.4, 12.4, 7.6], "texture": "#0"},
				"south": {"uv": [15.6, 4.4, 12.4, 7.6], "texture": "#0"},
				"west": {"uv": [15.6, 4.4, 12.4, 7.6], "texture": "#0"},
				"up": {"uv": [12.4, 7.6, 15.6, 4.4], "texture": "#0"},
				"down": {"uv": [12.4, 7.6, 15.6, 4.4], "texture": "#0"}
			}
		},
		{
			"from": [7.5, 7.28087, 5.49623],
			"to": [8.5, 8.18087, 7.49623],
			"rotation": {"angle": -22.5, "axis": "y", "origin": [7, 6.58087, 7.49623]},
			"faces": {
				"north": {"uv": [15.6, 4.4, 12.4, 7.6], "texture": "#0"},
				"east": {"uv": [15.6, 4.4, 12.4, 7.6], "texture": "#0"},
				"south": {"uv": [15.6, 4.4, 12.4, 7.6], "texture": "#0"},
				"west": {"uv": [15.6, 4.4, 12.4, 7.6], "texture": "#0"},
				"up": {"uv": [12.4, 7.6, 15.6, 4.4], "texture": "#0"},
				"down": {"uv": [12.4, 7.6, 15.6, 4.4], "texture": "#0"}
			}
		},
		{
			"from": [7.6, 7.28087, 6.19623],
			"to": [8.6, 8.18087, 8.19623],
			"rotation": {"angle": 22.5, "axis": "y", "origin": [7, 6.58087, 8.19623]},
			"faces": {
				"north": {"uv": [15.6, 4.4, 12.4, 7.6], "texture": "#0"},
				"east": {"uv": [15.6, 4.4, 12.4, 7.6], "texture": "#0"},
				"south": {"uv": [15.6, 4.4, 12.4, 7.6], "texture": "#0"},
				"west": {"uv": [15.6, 4.4, 12.4, 7.6], "texture": "#0"},
				"up": {"uv": [12.4, 7.6, 15.6, 4.4], "texture": "#0"},
				"down": {"uv": [12.4, 7.6, 15.6, 4.4], "texture": "#0"}
			}
		},
		{
			"from": [5.8, 7.28087, 5.69623],
			"to": [10.2, 8.18087, 6.59623],
			"rotation": {"angle": 0, "axis": "y", "origin": [7, 6.58087, 5.09623]},
			"faces": {
				"north": {"uv": [15.6, 4.4, 12.4, 7.6], "texture": "#0"},
				"east": {"uv": [15.6, 4.4, 12.4, 7.6], "texture": "#0"},
				"south": {"uv": [15.6, 4.4, 12.4, 7.6], "texture": "#0"},
				"west": {"uv": [15.6, 4.4, 12.4, 7.6], "texture": "#0"},
				"up": {"uv": [15.6, 4.4, 12.4, 7.6], "rotation": 270, "texture": "#0"},
				"down": {"uv": [15.6, 4.4, 12.4, 7.6], "rotation": 90, "texture": "#0"}
			}
		},
		{
			"from": [7.19985, 7.28087, 4.567],
			"to": [8.19985, 8.18087, 6.267],
			"rotation": {"angle": -22.5, "axis": "y", "origin": [8.03055, 7.58087, 5.18611]},
			"faces": {
				"north": {"uv": [15.6, 4.4, 12.4, 7.6], "texture": "#0"},
				"east": {"uv": [15.6, 4.4, 12.4, 7.6], "texture": "#0"},
				"south": {"uv": [15.6, 4.4, 12.4, 7.6], "texture": "#0"},
				"west": {"uv": [15.6, 4.4, 12.4, 7.6], "texture": "#0"},
				"up": {"uv": [12.4, 7.6, 15.6, 4.4], "rotation": 180, "texture": "#0"},
				"down": {"uv": [12.4, 7.6, 15.6, 4.4], "rotation": 180, "texture": "#0"}
			}
		},
		{
			"from": [7.7605, 7.28087, 4.55911],
			"to": [8.7605, 8.18087, 6.25911],
			"rotation": {"angle": 22.5, "axis": "y", "origin": [7.96945, 7.58087, 5.08247]},
			"faces": {
				"north": {"uv": [15.6, 4.4, 12.4, 7.6], "texture": "#0"},
				"east": {"uv": [15.6, 4.4, 12.4, 7.6], "texture": "#0"},
				"south": {"uv": [15.6, 4.4, 12.4, 7.6], "texture": "#0"},
				"west": {"uv": [15.6, 4.4, 12.4, 7.6], "texture": "#0"},
				"up": {"uv": [12.4, 7.6, 15.6, 4.4], "rotation": 180, "texture": "#0"},
				"down": {"uv": [12.4, 7.6, 15.6, 4.4], "rotation": 180, "texture": "#0"}
			}
		},
		{
			"from": [7.5, 7.28642, 3.86628],
			"to": [8.5, 7.93642, 4.51628],
			"rotation": {"angle": 45, "axis": "x", "origin": [8, 7.56142, 4.39128]},
			"faces": {
				"north": {"uv": [15.6, 4.4, 12.4, 7.6], "texture": "#0"},
				"east": {"uv": [15.6, 4.4, 12.4, 7.6], "texture": "#0"},
				"south": {"uv": [15.6, 4.4, 12.4, 7.6], "texture": "#0"},
				"west": {"uv": [15.6, 4.4, 12.4, 7.6], "texture": "#0"},
				"up": {"uv": [12.4, 7.6, 15.6, 4.4], "texture": "#0"},
				"down": {"uv": [12.4, 7.6, 15.6, 4.4], "texture": "#0"}
			}
		},
		{
			"from": [5.7, 7.28087, 7.69623],
			"to": [6.7, 8.18087, 10.19623],
			"rotation": {"angle": -22.5, "axis": "y", "origin": [5.2, 6.58087, 12.59623]},
			"faces": {
				"north": {"uv": [11.6, 0.4, 8.4, 3.6], "texture": "#0"},
				"east": {"uv": [11.6, 0.4, 8.4, 3.6], "texture": "#0"},
				"south": {"uv": [11.6, 0.4, 8.4, 3.6], "texture": "#0"},
				"west": {"uv": [11.6, 0.4, 8.4, 3.6], "texture": "#0"},
				"up": {"uv": [8.4, 3.6, 11.6, 0.4], "texture": "#0"},
				"down": {"uv": [8.4, 3.6, 11.6, 0.4], "texture": "#0"}
			}
		},
		{
			"from": [6.08805, 7.28087, 9.2724],
			"to": [7.08805, 8.18087, 11.6724],
			"rotation": {"angle": -45, "axis": "y", "origin": [6.58805, 7.73087, 10.5224]},
			"faces": {
				"north": {"uv": [11.6, 0.4, 8.4, 3.6], "texture": "#0"},
				"east": {"uv": [11.6, 0.4, 8.4, 3.6], "texture": "#0"},
				"south": {"uv": [11.6, 0.4, 8.4, 3.6], "texture": "#0"},
				"west": {"uv": [11.6, 0.4, 8.4, 3.6], "texture": "#0"},
				"up": {"uv": [8.4, 3.6, 11.6, 0.4], "texture": "#0"},
				"down": {"uv": [8.4, 3.6, 11.6, 0.4], "texture": "#0"}
			}
		},
		{
			"from": [8.91195, 7.28087, 9.2724],
			"to": [9.91195, 8.18087, 11.6724],
			"rotation": {"angle": 45, "axis": "y", "origin": [9.41195, 7.73087, 10.5224]},
			"faces": {
				"north": {"uv": [11.6, 0.4, 8.4, 3.6], "texture": "#0"},
				"east": {"uv": [11.6, 0.4, 8.4, 3.6], "texture": "#0"},
				"south": {"uv": [11.6, 0.4, 8.4, 3.6], "texture": "#0"},
				"west": {"uv": [11.6, 0.4, 8.4, 3.6], "texture": "#0"},
				"up": {"uv": [8.4, 3.6, 11.6, 0.4], "texture": "#0"},
				"down": {"uv": [8.4, 3.6, 11.6, 0.4], "texture": "#0"}
			}
		},
		{
			"from": [9.3, 7.28087, 7.69623],
			"to": [10.3, 8.18087, 10.19623],
			"rotation": {"angle": 22.5, "axis": "y", "origin": [10.8, 6.58087, 12.59623]},
			"faces": {
				"north": {"uv": [11.6, 0.4, 8.4, 3.6], "texture": "#0"},
				"east": {"uv": [11.6, 0.4, 8.4, 3.6], "texture": "#0"},
				"south": {"uv": [11.6, 0.4, 8.4, 3.6], "texture": "#0"},
				"west": {"uv": [11.6, 0.4, 8.4, 3.6], "texture": "#0"},
				"up": {"uv": [8.4, 3.6, 11.6, 0.4], "texture": "#0"},
				"down": {"uv": [8.4, 3.6, 11.6, 0.4], "texture": "#0"}
			}
		},
		{
			"from": [6.4, 7.28087, 10.19623],
			"to": [7.4, 8.18087, 12.59623],
			"rotation": {"angle": -22.5, "axis": "y", "origin": [7.9, 6.58087, 15.09623]},
			"faces": {
				"north": {"uv": [11.6, 0.4, 8.4, 3.6], "texture": "#0"},
				"east": {"uv": [11.6, 0.4, 8.4, 3.6], "texture": "#0"},
				"south": {"uv": [11.6, 0.4, 8.4, 3.6], "texture": "#0"},
				"west": {"uv": [11.6, 0.4, 8.4, 3.6], "texture": "#0"},
				"up": {"uv": [8.4, 3.6, 11.6, 0.4], "texture": "#0"},
				"down": {"uv": [8.4, 3.6, 11.6, 0.4], "texture": "#0"}
			}
		},
		{
			"from": [8.5, 7.28087, 9.49623],
			"to": [9.5, 8.18087, 11.79623],
			"rotation": {"angle": 22.5, "axis": "y", "origin": [10, 6.58087, 14.39623]},
			"faces": {
				"north": {"uv": [11.6, 0.4, 8.4, 3.6], "texture": "#0"},
				"east": {"uv": [11.6, 0.4, 8.4, 3.6], "texture": "#0"},
				"south": {"uv": [11.6, 0.4, 8.4, 3.6], "texture": "#0"},
				"west": {"uv": [11.6, 0.4, 8.4, 3.6], "texture": "#0"},
				"up": {"uv": [8.4, 3.6, 11.6, 0.4], "texture": "#0"},
				"down": {"uv": [8.4, 3.6, 11.6, 0.4], "texture": "#0"}
			}
		},
		{
			"from": [7.48805, 7.78087, 9.4724],
			"to": [8.48805, 8.68087, 11.7724],
			"rotation": {"angle": -22.5, "axis": "x", "origin": [7.98805, 8.23087, 10.7224]},
			"faces": {
				"north": {"uv": [15.6, 0.4, 12.4, 3.6], "texture": "#0"},
				"east": {"uv": [15.6, 0.4, 12.4, 3.6], "texture": "#0"},
				"south": {"uv": [15.6, 0.4, 12.4, 3.6], "texture": "#0"},
				"west": {"uv": [15.6, 0.4, 12.4, 3.6], "texture": "#0"},
				"up": {"uv": [12.4, 3.6, 15.6, 0.4], "texture": "#0"},
				"down": {"uv": [12.4, 3.6, 15.6, 0.4], "texture": "#0"}
			}
		},
		{
			"from": [10, 7.48087, 6.79623],
			"to": [11, 7.98087, 9.09623],
			"rotation": {"angle": -22.5, "axis": "y", "origin": [10.5, 7.73087, 7.94623]},
			"faces": {
				"north": {"uv": [15.6, 0.4, 12.4, 3.6], "texture": "#0"},
				"east": {"uv": [15.6, 0.4, 12.4, 3.6], "texture": "#0"},
				"south": {"uv": [15.6, 0.4, 12.4, 3.6], "texture": "#0"},
				"west": {"uv": [15.6, 0.4, 12.4, 3.6], "texture": "#0"},
				"up": {"uv": [12.4, 3.6, 15.6, 0.4], "texture": "#0"},
				"down": {"uv": [12.4, 3.6, 15.6, 0.4], "texture": "#0"}
			}
		},
		{
			"from": [2.5, 7.48087, 6.79623],
			"to": [3.5, 7.98087, 9.09623],
			"rotation": {"angle": -22.5, "axis": "y", "origin": [3, 7.73087, 7.94623]},
			"faces": {
				"north": {"uv": [15.6, 0.4, 12.4, 3.6], "texture": "#0"},
				"east": {"uv": [15.6, 0.4, 12.4, 3.6], "texture": "#0"},
				"south": {"uv": [15.6, 0.4, 12.4, 3.6], "texture": "#0"},
				"west": {"uv": [15.6, 0.4, 12.4, 3.6], "texture": "#0"},
				"up": {"uv": [12.4, 3.6, 15.6, 0.4], "texture": "#0"},
				"down": {"uv": [12.4, 3.6, 15.6, 0.4], "texture": "#0"}
			}
		},
		{
			"from": [0.25, 7.48087, 5.79623],
			"to": [1.25, 7.98087, 8.09623],
			"rotation": {"angle": -45, "axis": "y", "origin": [0.75, 7.73087, 6.94623]},
			"faces": {
				"north": {"uv": [15.6, 0.4, 12.4, 3.6], "texture": "#0"},
				"east": {"uv": [15.6, 0.4, 12.4, 3.6], "texture": "#0"},
				"south": {"uv": [15.6, 0.4, 12.4, 3.6], "texture": "#0"},
				"west": {"uv": [15.6, 0.4, 12.4, 3.6], "texture": "#0"},
				"up": {"uv": [12.4, 3.6, 15.6, 0.4], "texture": "#0"},
				"down": {"uv": [12.4, 3.6, 15.6, 0.4], "texture": "#0"}
			}
		},
		{
			"from": [5, 7.48087, 6.79623],
			"to": [6, 7.98087, 9.09623],
			"rotation": {"angle": 22.5, "axis": "y", "origin": [5.5, 7.73087, 7.94623]},
			"faces": {
				"north": {"uv": [15.6, 0.4, 12.4, 3.6], "texture": "#0"},
				"east": {"uv": [15.6, 0.4, 12.4, 3.6], "texture": "#0"},
				"south": {"uv": [15.6, 0.4, 12.4, 3.6], "texture": "#0"},
				"west": {"uv": [15.6, 0.4, 12.4, 3.6], "texture": "#0"},
				"up": {"uv": [12.4, 3.6, 15.6, 0.4], "texture": "#0"},
				"down": {"uv": [12.4, 3.6, 15.6, 0.4], "texture": "#0"}
			}
		},
		{
			"from": [12.5, 7.48087, 6.79623],
			"to": [13.5, 7.98087, 9.09623],
			"rotation": {"angle": 22.5, "axis": "y", "origin": [13, 7.73087, 7.94623]},
			"faces": {
				"north": {"uv": [15.6, 0.4, 12.4, 3.6], "texture": "#0"},
				"east": {"uv": [15.6, 0.4, 12.4, 3.6], "texture": "#0"},
				"south": {"uv": [15.6, 0.4, 12.4, 3.6], "texture": "#0"},
				"west": {"uv": [15.6, 0.4, 12.4, 3.6], "texture": "#0"},
				"up": {"uv": [12.4, 3.6, 15.6, 0.4], "texture": "#0"},
				"down": {"uv": [12.4, 3.6, 15.6, 0.4], "texture": "#0"}
			}
		},
		{
			"from": [14.75, 7.48087, 5.79623],
			"to": [15.75, 7.98087, 8.09623],
			"rotation": {"angle": 45, "axis": "y", "origin": [15.25, 7.73087, 6.94623]},
			"faces": {
				"north": {"uv": [15.6, 0.4, 12.4, 3.6], "texture": "#0"},
				"east": {"uv": [15.6, 0.4, 12.4, 3.6], "texture": "#0"},
				"south": {"uv": [15.6, 0.4, 12.4, 3.6], "texture": "#0"},
				"west": {"uv": [15.6, 0.4, 12.4, 3.6], "texture": "#0"},
				"up": {"uv": [12.4, 3.6, 15.6, 0.4], "texture": "#0"},
				"down": {"uv": [12.4, 3.6, 15.6, 0.4], "texture": "#0"}
			}
		},
		{
			"from": [6.68695, 7.78087, 10.3724],
			"to": [7.48695, 8.68087, 13.0724],
			"rotation": {"angle": -22.5, "axis": "x", "origin": [6.98695, 8.23087, 11.6224]},
			"faces": {
				"north": {"uv": [15.6, 0.4, 12.4, 3.6], "texture": "#0"},
				"east": {"uv": [12.4, 0.4, 15.6, 3.6], "texture": "#0"},
				"south": {"uv": [15.6, 0.4, 12.4, 3.6], "texture": "#0"},
				"west": {"uv": [12.4, 0.4, 15.6, 3.6], "texture": "#0"},
				"up": {"uv": [12.4, 3.6, 15.6, 0.4], "texture": "#0"},
				"down": {"uv": [12.4, 3.6, 15.6, 0.4], "texture": "#0"}
			}
		},
		{
			"from": [8.48695, 7.78087, 10.3724],
			"to": [9.28695, 8.68087, 13.0724],
			"rotation": {"angle": -22.5, "axis": "x", "origin": [8.98695, 8.23087, 11.6224]},
			"faces": {
				"north": {"uv": [15.6, 0.4, 12.4, 3.6], "texture": "#0"},
				"east": {"uv": [12.4, 0.4, 15.6, 3.6], "texture": "#0"},
				"south": {"uv": [15.6, 0.4, 12.4, 3.6], "texture": "#0"},
				"west": {"uv": [12.4, 0.4, 15.6, 3.6], "texture": "#0"},
				"up": {"uv": [12.4, 3.6, 15.6, 0.4], "texture": "#0"},
				"down": {"uv": [12.4, 3.6, 15.6, 0.4], "texture": "#0"}
			}
		},
		{
			"from": [7.5, 7.28087, 8.09623],
			"to": [8.5, 8.18087, 9.29623],
			"rotation": {"angle": 0, "axis": "y", "origin": [7, 6.58087, 9.09623]},
			"faces": {
				"north": {"uv": [11.6, 0.4, 8.4, 3.6], "texture": "#0"},
				"east": {"uv": [11.6, 0.4, 8.4, 3.6], "texture": "#0"},
				"south": {"uv": [11.6, 0.4, 8.4, 3.6], "texture": "#0"},
				"west": {"uv": [11.6, 0.4, 8.4, 3.6], "texture": "#0"},
				"up": {"uv": [8.4, 3.6, 11.6, 0.4], "texture": "#0"},
				"down": {"uv": [8.4, 3.6, 11.6, 0.4], "texture": "#0"}
			}
		},
		{
			"from": [7.3789, 7.28087, 6.65885],
			"to": [10.5789, 8.18087, 7.55885],
			"rotation": {"angle": -22.5, "axis": "y", "origin": [12.80528, 7.73087, 6.32177]},
			"faces": {
				"north": {"uv": [15.6, 4.4, 12.4, 7.6], "texture": "#0"},
				"east": {"uv": [15.6, 4.4, 12.4, 7.6], "texture": "#0"},
				"south": {"uv": [15.6, 4.4, 12.4, 7.6], "texture": "#0"},
				"west": {"uv": [15.6, 4.4, 12.4, 7.6], "texture": "#0"},
				"up": {"uv": [15.6, 4.4, 12.4, 7.6], "rotation": 270, "texture": "#0"},
				"down": {"uv": [15.6, 4.4, 12.4, 7.6], "rotation": 90, "texture": "#0"}
			}
		},
		{
			"from": [8.81336, 7.28087, 5.27363],
			"to": [11.51336, 8.18087, 6.77363],
			"rotation": {"angle": 0, "axis": "y", "origin": [12.80528, 7.73087, 6.32177]},
			"faces": {
				"north": {"uv": [15.6, 4.4, 12.4, 7.6], "texture": "#0"},
				"east": {"uv": [15.6, 4.4, 12.4, 7.6], "texture": "#0"},
				"south": {"uv": [15.6, 4.4, 12.4, 7.6], "texture": "#0"},
				"west": {"uv": [15.6, 4.4, 12.4, 7.6], "texture": "#0"},
				"up": {"uv": [15.6, 4.4, 12.4, 7.6], "rotation": 270, "texture": "#0"},
				"down": {"uv": [15.6, 4.4, 12.4, 7.6], "rotation": 90, "texture": "#0"}
			}
		},
		{
			"from": [8.67056, 7.28087, 4.39407],
			"to": [11.47056, 8.18087, 5.29407],
			"rotation": {"angle": 22.5, "axis": "y", "origin": [11.80528, 7.73087, 6.32177]},
			"faces": {
				"north": {"uv": [15.6, 4.4, 12.4, 7.6], "texture": "#0"},
				"east": {"uv": [15.6, 4.4, 12.4, 7.6], "texture": "#0"},
				"south": {"uv": [15.6, 4.4, 12.4, 7.6], "texture": "#0"},
				"west": {"uv": [15.6, 4.4, 12.4, 7.6], "texture": "#0"},
				"up": {"uv": [15.6, 4.4, 12.4, 7.6], "rotation": 270, "texture": "#0"},
				"down": {"uv": [15.6, 4.4, 12.4, 7.6], "rotation": 90, "texture": "#0"}
			}
		},
		{
			"from": [9.69824, 7.28087, 5.48642],
			"to": [12.44824, 8.18087, 7.78642],
			"rotation": {"angle": -45, "axis": "y", "origin": [11.80353, 7.73087, 6.31196]},
			"faces": {
				"north": {"uv": [15.6, 4.4, 12.4, 7.6], "texture": "#0"},
				"east": {"uv": [15.6, 4.4, 12.4, 7.6], "texture": "#0"},
				"south": {"uv": [15.6, 4.4, 12.4, 7.6], "texture": "#0"},
				"west": {"uv": [15.6, 4.4, 12.4, 7.6], "texture": "#0"},
				"up": {"uv": [12.4, 7.6, 15.6, 4.4], "texture": "#0"},
				"down": {"uv": [12.4, 7.6, 15.6, 4.4], "texture": "#0"}
			}
		},
		{
			"from": [10.17617, 7.28087, 4.75341],
			"to": [13.17617, 8.18087, 6.55341],
			"rotation": {"angle": -22.5, "axis": "y", "origin": [11.80528, 7.73087, 6.32177]},
			"faces": {
				"north": {"uv": [15.6, 4.4, 12.4, 7.6], "texture": "#0"},
				"east": {"uv": [15.6, 4.4, 12.4, 7.6], "texture": "#0"},
				"south": {"uv": [15.6, 4.4, 12.4, 7.6], "texture": "#0"},
				"west": {"uv": [15.6, 4.4, 12.4, 7.6], "texture": "#0"},
				"up": {"uv": [15.6, 4.4, 12.4, 7.6], "rotation": 90, "texture": "#0"},
				"down": {"uv": [15.6, 4.4, 12.4, 7.6], "rotation": 270, "texture": "#0"}
			}
		},
		{
			"from": [13.2035, 7.28087, 5.24455],
			"to": [14.9035, 8.18087, 6.64455],
			"rotation": {"angle": 0, "axis": "y", "origin": [11.80528, 7.73087, 6.32177]},
			"faces": {
				"north": {"uv": [15.6, 4.4, 12.4, 7.6], "texture": "#0"},
				"east": {"uv": [15.6, 4.4, 12.4, 7.6], "texture": "#0"},
				"south": {"uv": [15.6, 4.4, 12.4, 7.6], "texture": "#0"},
				"west": {"uv": [15.6, 4.4, 12.4, 7.6], "texture": "#0"},
				"up": {"uv": [15.6, 4.4, 12.4, 7.6], "rotation": 90, "texture": "#0"},
				"down": {"uv": [15.6, 4.4, 12.4, 7.6], "rotation": 270, "texture": "#0"}
			}
		},
		{
			"from": [14.25543, 7.28087, 4.14091],
			"to": [16.95543, 8.18087, 4.64091],
			"rotation": {"angle": -22.5, "axis": "y", "origin": [11.80528, 7.73087, 6.32177]},
			"faces": {
				"north": {"uv": [15.6, 4.4, 12.4, 7.6], "texture": "#0"},
				"east": {"uv": [15.6, 4.4, 12.4, 7.6], "texture": "#0"},
				"south": {"uv": [15.6, 4.4, 12.4, 7.6], "texture": "#0"},
				"west": {"uv": [15.6, 4.4, 12.4, 7.6], "texture": "#0"},
				"up": {"uv": [15.6, 4.4, 12.4, 7.6], "rotation": 90, "texture": "#0"},
				"down": {"uv": [15.6, 4.4, 12.4, 7.6], "rotation": 270, "texture": "#0"}
			}
		},
		{
			"from": [14.50663, 7.28087, 6.23974],
			"to": [17.20663, 8.18087, 6.73974],
			"rotation": {"angle": 0, "axis": "y", "origin": [11.80528, 7.73087, 6.32177]},
			"faces": {
				"north": {"uv": [15.6, 4.4, 12.4, 7.6], "texture": "#0"},
				"east": {"uv": [15.6, 4.4, 12.4, 7.6], "texture": "#0"},
				"south": {"uv": [15.6, 4.4, 12.4, 7.6], "texture": "#0"},
				"west": {"uv": [15.6, 4.4, 12.4, 7.6], "texture": "#0"},
				"up": {"uv": [15.6, 4.4, 12.4, 7.6], "rotation": 90, "texture": "#0"},
				"down": {"uv": [15.6, 4.4, 12.4, 7.6], "rotation": 270, "texture": "#0"}
			}
		},
		{
			"from": [14.25543, 7.28087, 5.84091],
			"to": [16.15543, 8.18087, 6.34091],
			"rotation": {"angle": 0, "axis": "y", "origin": [11.80528, 7.73087, 8.02177]},
			"faces": {
				"north": {"uv": [15.6, 4.4, 12.4, 7.6], "texture": "#0"},
				"east": {"uv": [15.6, 4.4, 12.4, 7.6], "texture": "#0"},
				"south": {"uv": [15.6, 4.4, 12.4, 7.6], "texture": "#0"},
				"west": {"uv": [15.6, 4.4, 12.4, 7.6], "texture": "#0"},
				"up": {"uv": [15.6, 4.4, 12.4, 7.6], "rotation": 90, "texture": "#0"},
				"down": {"uv": [15.6, 4.4, 12.4, 7.6], "rotation": 270, "texture": "#0"}
			}
		},
		{
			"from": [9.29824, 7.28087, 7.08642],
			"to": [12.04824, 8.18087, 7.48642],
			"rotation": {"angle": -22.5, "axis": "y", "origin": [11.40353, 7.73087, 6.01196]},
			"faces": {
				"north": {"uv": [15.6, 4.4, 12.4, 7.6], "texture": "#0"},
				"east": {"uv": [15.6, 4.4, 12.4, 7.6], "texture": "#0"},
				"south": {"uv": [15.6, 4.4, 12.4, 7.6], "texture": "#0"},
				"west": {"uv": [15.6, 4.4, 12.4, 7.6], "texture": "#0"},
				"up": {"uv": [12.4, 7.6, 15.6, 4.4], "texture": "#0"},
				"down": {"uv": [12.4, 7.6, 15.6, 4.4], "texture": "#0"}
			}
		},
		{
			"from": [11.1205, 7.28087, 7.53735],
			"to": [15.0205, 8.18087, 8.43735],
			"rotation": {"angle": 22.5, "axis": "y", "origin": [10.03383, 7.73087, 6.67532]},
			"faces": {
				"north": {"uv": [15.6, 4.4, 12.4, 7.6], "texture": "#0"},
				"east": {"uv": [15.6, 4.4, 12.4, 7.6], "texture": "#0"},
				"south": {"uv": [15.6, 4.4, 12.4, 7.6], "texture": "#0"},
				"west": {"uv": [15.6, 4.4, 12.4, 7.6], "texture": "#0"},
				"up": {"uv": [15.6, 4.4, 12.4, 7.6], "rotation": 90, "texture": "#0"},
				"down": {"uv": [15.6, 4.4, 12.4, 7.6], "rotation": 270, "texture": "#0"}
			}
		},
		{
			"from": [11.67298, 7.28087, 3.94149],
			"to": [12.37298, 8.18087, 6.64149],
			"rotation": {"angle": -45, "axis": "y", "origin": [10.03383, 7.73087, 6.67532]},
			"faces": {
				"north": {"uv": [15.6, 4.4, 12.4, 7.6], "texture": "#0"},
				"east": {"uv": [15.6, 4.4, 12.4, 7.6], "texture": "#0"},
				"south": {"uv": [15.6, 4.4, 12.4, 7.6], "texture": "#0"},
				"west": {"uv": [15.6, 4.4, 12.4, 7.6], "texture": "#0"},
				"up": {"uv": [12.4, 7.6, 15.6, 4.4], "rotation": 180, "texture": "#0"},
				"down": {"uv": [12.4, 7.6, 15.6, 4.4], "rotation": 180, "texture": "#0"}
			}
		},
		{
			"from": [5.4211, 7.28087, 6.65885],
			"to": [8.6211, 8.18087, 7.55885],
			"rotation": {"angle": 22.5, "axis": "y", "origin": [3.19472, 7.73087, 6.32177]},
			"faces": {
				"north": {"uv": [12.4, 4.4, 15.6, 7.6], "texture": "#0"},
				"east": {"uv": [12.4, 4.4, 15.6, 7.6], "texture": "#0"},
				"south": {"uv": [12.4, 4.4, 15.6, 7.6], "texture": "#0"},
				"west": {"uv": [12.4, 4.4, 15.6, 7.6], "texture": "#0"},
				"up": {"uv": [15.6, 7.6, 12.4, 4.4], "rotation": 270, "texture": "#0"},
				"down": {"uv": [15.6, 7.6, 12.4, 4.4], "rotation": 90, "texture": "#0"}
			}
		},
		{
			"from": [4.48664, 7.28087, 5.27363],
			"to": [7.18664, 8.18087, 6.77363],
			"rotation": {"angle": 0, "axis": "y", "origin": [3.19472, 7.73087, 6.32177]},
			"faces": {
				"north": {"uv": [12.4, 4.4, 15.6, 7.6], "texture": "#0"},
				"east": {"uv": [12.4, 4.4, 15.6, 7.6], "texture": "#0"},
				"south": {"uv": [12.4, 4.4, 15.6, 7.6], "texture": "#0"},
				"west": {"uv": [12.4, 4.4, 15.6, 7.6], "texture": "#0"},
				"up": {"uv": [15.6, 7.6, 12.4, 4.4], "rotation": 270, "texture": "#0"},
				"down": {"uv": [15.6, 7.6, 12.4, 4.4], "rotation": 90, "texture": "#0"}
			}
		},
		{
			"from": [4.52944, 7.28087, 4.39407],
			"to": [7.32944, 8.18087, 5.29407],
			"rotation": {"angle": -22.5, "axis": "y", "origin": [4.19472, 7.73087, 6.32177]},
			"faces": {
				"north": {"uv": [12.4, 4.4, 15.6, 7.6], "texture": "#0"},
				"east": {"uv": [12.4, 4.4, 15.6, 7.6], "texture": "#0"},
				"south": {"uv": [12.4, 4.4, 15.6, 7.6], "texture": "#0"},
				"west": {"uv": [12.4, 4.4, 15.6, 7.6], "texture": "#0"},
				"up": {"uv": [15.6, 7.6, 12.4, 4.4], "rotation": 270, "texture": "#0"},
				"down": {"uv": [15.6, 7.6, 12.4, 4.4], "rotation": 90, "texture": "#0"}
			}
		},
		{
			"from": [3.55176, 7.28087, 5.48642],
			"to": [6.30176, 8.18087, 7.78642],
			"rotation": {"angle": 45, "axis": "y", "origin": [4.19647, 7.73087, 6.31196]},
			"faces": {
				"north": {"uv": [12.4, 4.4, 15.6, 7.6], "texture": "#0"},
				"east": {"uv": [12.4, 4.4, 15.6, 7.6], "texture": "#0"},
				"south": {"uv": [12.4, 4.4, 15.6, 7.6], "texture": "#0"},
				"west": {"uv": [12.4, 4.4, 15.6, 7.6], "texture": "#0"},
				"up": {"uv": [15.6, 7.6, 12.4, 4.4], "texture": "#0"},
				"down": {"uv": [15.6, 7.6, 12.4, 4.4], "texture": "#0"}
			}
		},
		{
			"from": [2.82383, 7.28087, 4.75341],
			"to": [5.82383, 8.18087, 6.55341],
			"rotation": {"angle": 22.5, "axis": "y", "origin": [4.19472, 7.73087, 6.32177]},
			"faces": {
				"north": {"uv": [12.4, 4.4, 15.6, 7.6], "texture": "#0"},
				"east": {"uv": [12.4, 4.4, 15.6, 7.6], "texture": "#0"},
				"south": {"uv": [12.4, 4.4, 15.6, 7.6], "texture": "#0"},
				"west": {"uv": [12.4, 4.4, 15.6, 7.6], "texture": "#0"},
				"up": {"uv": [15.6, 7.6, 12.4, 4.4], "rotation": 90, "texture": "#0"},
				"down": {"uv": [15.6, 7.6, 12.4, 4.4], "rotation": 270, "texture": "#0"}
			}
		},
		{
			"from": [1.0965, 7.28087, 5.24455],
			"to": [2.7965, 8.18087, 6.64455],
			"rotation": {"angle": 0, "axis": "y", "origin": [4.19472, 7.73087, 6.32177]},
			"faces": {
				"north": {"uv": [12.4, 4.4, 15.6, 7.6], "texture": "#0"},
				"east": {"uv": [12.4, 4.4, 15.6, 7.6], "texture": "#0"},
				"south": {"uv": [12.4, 4.4, 15.6, 7.6], "texture": "#0"},
				"west": {"uv": [12.4, 4.4, 15.6, 7.6], "texture": "#0"},
				"up": {"uv": [15.6, 7.6, 12.4, 4.4], "rotation": 90, "texture": "#0"},
				"down": {"uv": [15.6, 7.6, 12.4, 4.4], "rotation": 270, "texture": "#0"}
			}
		},
		{
			"from": [-0.95543, 7.28087, 4.14091],
			"to": [1.74457, 8.18087, 4.64091],
			"rotation": {"angle": 22.5, "axis": "y", "origin": [4.19472, 7.73087, 6.32177]},
			"faces": {
				"north": {"uv": [12.4, 4.4, 15.6, 7.6], "texture": "#0"},
				"east": {"uv": [12.4, 4.4, 15.6, 7.6], "texture": "#0"},
				"south": {"uv": [12.4, 4.4, 15.6, 7.6], "texture": "#0"},
				"west": {"uv": [12.4, 4.4, 15.6, 7.6], "texture": "#0"},
				"up": {"uv": [15.6, 7.6, 12.4, 4.4], "rotation": 90, "texture": "#0"},
				"down": {"uv": [15.6, 7.6, 12.4, 4.4], "rotation": 270, "texture": "#0"}
			}
		},
		{
			"from": [-1.20663, 7.28087, 6.23974],
			"to": [1.49337, 8.18087, 6.73974],
			"rotation": {"angle": 0, "axis": "y", "origin": [4.19472, 7.73087, 6.32177]},
			"faces": {
				"north": {"uv": [12.4, 4.4, 15.6, 7.6], "texture": "#0"},
				"east": {"uv": [12.4, 4.4, 15.6, 7.6], "texture": "#0"},
				"south": {"uv": [12.4, 4.4, 15.6, 7.6], "texture": "#0"},
				"west": {"uv": [12.4, 4.4, 15.6, 7.6], "texture": "#0"},
				"up": {"uv": [15.6, 7.6, 12.4, 4.4], "rotation": 90, "texture": "#0"},
				"down": {"uv": [15.6, 7.6, 12.4, 4.4], "rotation": 270, "texture": "#0"}
			}
		},
		{
			"from": [-0.15543, 7.28087, 5.84091],
			"to": [1.74457, 8.18087, 6.34091],
			"rotation": {"angle": 0, "axis": "y", "origin": [4.19472, 7.73087, 8.02177]},
			"faces": {
				"north": {"uv": [12.4, 4.4, 15.6, 7.6], "texture": "#0"},
				"east": {"uv": [12.4, 4.4, 15.6, 7.6], "texture": "#0"},
				"south": {"uv": [12.4, 4.4, 15.6, 7.6], "texture": "#0"},
				"west": {"uv": [12.4, 4.4, 15.6, 7.6], "texture": "#0"},
				"up": {"uv": [15.6, 7.6, 12.4, 4.4], "rotation": 90, "texture": "#0"},
				"down": {"uv": [15.6, 7.6, 12.4, 4.4], "rotation": 270, "texture": "#0"}
			}
		},
		{
			"from": [3.95176, 7.28087, 7.08642],
			"to": [6.70176, 8.18087, 7.48642],
			"rotation": {"angle": 22.5, "axis": "y", "origin": [4.59647, 7.73087, 6.01196]},
			"faces": {
				"north": {"uv": [12.4, 4.4, 15.6, 7.6], "texture": "#0"},
				"east": {"uv": [12.4, 4.4, 15.6, 7.6], "texture": "#0"},
				"south": {"uv": [12.4, 4.4, 15.6, 7.6], "texture": "#0"},
				"west": {"uv": [12.4, 4.4, 15.6, 7.6], "texture": "#0"},
				"up": {"uv": [15.6, 7.6, 12.4, 4.4], "texture": "#0"},
				"down": {"uv": [15.6, 7.6, 12.4, 4.4], "texture": "#0"}
			}
		},
		{
			"from": [0.9795, 7.28087, 7.53735],
			"to": [4.8795, 8.18087, 8.43735],
			"rotation": {"angle": -22.5, "axis": "y", "origin": [5.96617, 7.73087, 6.67532]},
			"faces": {
				"north": {"uv": [12.4, 4.4, 15.6, 7.6], "texture": "#0"},
				"east": {"uv": [12.4, 4.4, 15.6, 7.6], "texture": "#0"},
				"south": {"uv": [12.4, 4.4, 15.6, 7.6], "texture": "#0"},
				"west": {"uv": [12.4, 4.4, 15.6, 7.6], "texture": "#0"},
				"up": {"uv": [15.6, 7.6, 12.4, 4.4], "rotation": 90, "texture": "#0"},
				"down": {"uv": [15.6, 7.6, 12.4, 4.4], "rotation": 270, "texture": "#0"}
			}
		},
		{
			"from": [3.62702, 7.28087, 3.94149],
			"to": [4.32702, 8.18087, 6.64149],
			"rotation": {"angle": 45, "axis": "y", "origin": [5.96617, 7.73087, 6.67532]},
			"faces": {
				"north": {"uv": [12.4, 4.4, 15.6, 7.6], "texture": "#0"},
				"east": {"uv": [12.4, 4.4, 15.6, 7.6], "texture": "#0"},
				"south": {"uv": [12.4, 4.4, 15.6, 7.6], "texture": "#0"},
				"west": {"uv": [12.4, 4.4, 15.6, 7.6], "texture": "#0"},
				"up": {"uv": [15.6, 7.6, 12.4, 4.4], "rotation": 180, "texture": "#0"},
				"down": {"uv": [15.6, 7.6, 12.4, 4.4], "rotation": 180, "texture": "#0"}
			}
		}
	],
	"groups": [
		0,
		1,
		2,
		3,
		4,
		5,
		6,
		7,
		8,
		9,
		10,
		11,
		12,
		13,
		14,
		15,
		16,
		17,
		18,
		19,
		20,
		21,
		22,
		{
			"name": "group",
			"origin": [10.70001, 6.58087, 7.58023],
			"color": 0,
			"children": [23, 24, 25, 26, 27, 28, 29, 30, 31, 32, 33, 34]
		},
		{
			"name": "group",
			"origin": [10.70001, 6.58087, 7.58023],
			"color": 0,
			"children": [35, 36, 37, 38, 39, 40, 41, 42, 43, 44, 45, 46]
		}
	]
}