{
	"format_version": "1.21.6",
	"credit": "Made with Blockbench",
	"textures": {
		"1": "item/skill/flamewizard_warnin",
		"2": "item/blank",
		"particle": "item/skill/flamewizard_warnin"
	},
	"elements": [
		{
			"from": [-1.5, 8, -1.5],
			"to": [17.5, 8, 17.5],
			"light_emission": 15,
			"rotation": {"angle": 0, "axis": "y", "origin": [-3, 8, -2]},
			"faces": {
				"north": {"uv": [0, 0, 16, 0], "texture": "#missing"},
				"east": {"uv": [0, 0, 16, 0], "texture": "#missing"},
				"south": {"uv": [0, 0, 16, 0], "texture": "#missing"},
				"west": {"uv": [0, 0, 16, 0], "texture": "#missing"},
				"up": {"uv": [0, 0, 16, 16], "texture": "#1", "tintindex": 0},
				"down": {"uv": [4.72483, 4.40268, 11.0604, 11.00671], "texture": "#2"}
			}
		}
	],
	"display": {
		"head": {
			"rotation": [90, 0, -90],
			"translation": [-23.25, -21, -5],
			"scale": [3.75, 3, 3]
		}
	}
}