{
	"format_version": "1.9.0",
	"credit": "Made with Blockbench",
	"textures": {
		"0": "item/skill/Vagabond_storm",
		"particle": "item/skill/Vagabond_storm"
	},
	"elements": [
		{
			"from": [0, 0, 0],
			"to": [16, 2, 16],
			"faces": {
				"north": {"uv": [0.25, 0.25, 0.75, 0.75], "texture": "#0"},
				"east": {"uv": [0.25, 0.25, 0.75, 0.75], "texture": "#0"},
				"south": {"uv": [0.25, 0.25, 0.75, 0.75], "texture": "#0"},
				"west": {"uv": [0.25, 0.25, 0.75, 0.75], "texture": "#0"},
				"up": {"uv": [15.5, 15.5, 16, 16], "texture": "#0"},
				"down": {"uv": [15.5, 15.5, 16, 16], "texture": "#0"}
			}
		},
		{
			"name": "cube inverted",
			"from": [16, 2, 16],
			"to": [0, 0, 0],
			"faces": {
				"north": {"uv": [0.25, 0.75, 0.75, 0.25], "texture": "#0"},
				"east": {"uv": [0.25, 0.75, 0.75, 0.25], "texture": "#0"},
				"south": {"uv": [0.25, 0.75, 0.75, 0.25], "texture": "#0"},
				"west": {"uv": [0.25, 0.75, 0.75, 0.25], "texture": "#0"},
				"up": {"uv": [16, 15.5, 15.5, 16], "texture": "#0"},
				"down": {"uv": [16, 15.5, 15.5, 16], "texture": "#0"}
			}
		},
		{
			"from": [0, 8, 0],
			"to": [16, 10, 16],
			"rotation": {"angle": 0, "axis": "y", "origin": [0, 8, 0]},
			"faces": {
				"north": {"uv": [0.25, 0.25, 0.75, 0.75], "texture": "#0"},
				"east": {"uv": [0.25, 0.25, 0.75, 0.75], "texture": "#0"},
				"south": {"uv": [0.25, 0.25, 0.75, 0.75], "texture": "#0"},
				"west": {"uv": [0.25, 0.25, 0.75, 0.75], "texture": "#0"},
				"up": {"uv": [15.5, 15.5, 16, 16], "texture": "#0"},
				"down": {"uv": [15.5, 15.5, 16, 16], "texture": "#0"}
			}
		},
		{
			"from": [1, 2, 1],
			"to": [15, 4, 15],
			"rotation": {"angle": 22.5, "axis": "y", "origin": [8, 0, 8]},
			"faces": {
				"north": {"uv": [0.25, 0.25, 0.75, 0.75], "texture": "#0"},
				"east": {"uv": [0.25, 0.25, 0.75, 0.75], "texture": "#0"},
				"south": {"uv": [0.25, 0.25, 0.75, 0.75], "texture": "#0"},
				"west": {"uv": [0.25, 0.25, 0.75, 0.75], "texture": "#0"},
				"up": {"uv": [15.5, 15.5, 16, 16], "texture": "#0"},
				"down": {"uv": [15.5, 15.5, 16, 16], "texture": "#0"}
			}
		},
		{
			"from": [1, 6, 1],
			"to": [15, 8, 15],
			"rotation": {"angle": -22.5, "axis": "y", "origin": [8, 4, 8]},
			"faces": {
				"north": {"uv": [0.25, 0.25, 0.75, 0.75], "texture": "#0"},
				"east": {"uv": [0.25, 0.25, 0.75, 0.75], "texture": "#0"},
				"south": {"uv": [0.25, 0.25, 0.75, 0.75], "texture": "#0"},
				"west": {"uv": [0.25, 0.25, 0.75, 0.75], "texture": "#0"},
				"up": {"uv": [15.5, 15.5, 16, 16], "texture": "#0"},
				"down": {"uv": [15.5, 15.5, 16, 16], "texture": "#0"}
			}
		},
		{
			"from": [2, 4, 2],
			"to": [14, 6, 14],
			"rotation": {"angle": 45, "axis": "y", "origin": [8, 2, 8]},
			"faces": {
				"north": {"uv": [0.25, 0.25, 0.75, 0.75], "texture": "#0"},
				"east": {"uv": [0.25, 0.25, 0.75, 0.75], "texture": "#0"},
				"south": {"uv": [0.25, 0.25, 0.75, 0.75], "texture": "#0"},
				"west": {"uv": [0.25, 0.25, 0.75, 0.75], "texture": "#0"},
				"up": {"uv": [15.5, 15.5, 16, 16], "texture": "#0"},
				"down": {"uv": [15.5, 15.5, 16, 16], "texture": "#0"}
			}
		},
		{
			"name": "cube inverted",
			"from": [15, 4, 15],
			"to": [1, 2, 1],
			"rotation": {"angle": 22.5, "axis": "y", "origin": [8, 0, 8]},
			"faces": {
				"north": {"uv": [0.25, 0.75, 0.75, 0.25], "texture": "#0"},
				"east": {"uv": [0.25, 0.75, 0.75, 0.25], "texture": "#0"},
				"south": {"uv": [0.25, 0.75, 0.75, 0.25], "texture": "#0"},
				"west": {"uv": [0.25, 0.75, 0.75, 0.25], "texture": "#0"},
				"up": {"uv": [16, 15.5, 15.5, 16], "texture": "#0"},
				"down": {"uv": [16, 15.5, 15.5, 16], "texture": "#0"}
			}
		},
		{
			"name": "cube inverted",
			"from": [14, 6, 14],
			"to": [2, 4, 2],
			"rotation": {"angle": 45, "axis": "y", "origin": [8, 2, 8]},
			"faces": {
				"north": {"uv": [0.25, 0.75, 0.75, 0.25], "texture": "#0"},
				"east": {"uv": [0.25, 0.75, 0.75, 0.25], "texture": "#0"},
				"south": {"uv": [0.25, 0.75, 0.75, 0.25], "texture": "#0"},
				"west": {"uv": [0.25, 0.75, 0.75, 0.25], "texture": "#0"},
				"up": {"uv": [16, 15.5, 15.5, 16], "texture": "#0"},
				"down": {"uv": [16, 15.5, 15.5, 16], "texture": "#0"}
			}
		},
		{
			"name": "cube inverted",
			"from": [15, 8, 15],
			"to": [1, 6, 1],
			"rotation": {"angle": -22.5, "axis": "y", "origin": [8, 4, 8]},
			"faces": {
				"north": {"uv": [0.25, 0.75, 0.75, 0.25], "texture": "#0"},
				"east": {"uv": [0.25, 0.75, 0.75, 0.25], "texture": "#0"},
				"south": {"uv": [0.25, 0.75, 0.75, 0.25], "texture": "#0"},
				"west": {"uv": [0.25, 0.75, 0.75, 0.25], "texture": "#0"},
				"up": {"uv": [16, 15.5, 15.5, 16], "texture": "#0"},
				"down": {"uv": [16, 15.5, 15.5, 16], "texture": "#0"}
			}
		},
		{
			"name": "cube inverted",
			"from": [16, 10, 16],
			"to": [0, 8, 0],
			"rotation": {"angle": 0, "axis": "y", "origin": [0, 8, 0]},
			"faces": {
				"north": {"uv": [0.25, 0.75, 0.75, 0.25], "texture": "#0"},
				"east": {"uv": [0.25, 0.75, 0.75, 0.25], "texture": "#0"},
				"south": {"uv": [0.25, 0.75, 0.75, 0.25], "texture": "#0"},
				"west": {"uv": [0.25, 0.75, 0.75, 0.25], "texture": "#0"},
				"up": {"uv": [16, 15.5, 15.5, 16], "texture": "#0"},
				"down": {"uv": [16, 15.5, 15.5, 16], "texture": "#0"}
			}
		}
	]
}