{
	"textures": {
		"0": "animated_java:item/valk_aj/main"
	},
	"display": {
		"head": {
			"rotation": [0, 180, 0]
		}
	},
	"elements": [
		{
			"from": [9.57686, 4.71344, 8.78632],
			"to": [11.32686, 6.96344, 9.53632],
			"rotation": {
				"angle": -22.5,
				"axis": "z",
				"origin": [12.32686, 13.96344, 5.03632]
			},
			"faces": {
				"north": {
					"uv": [11.125, 10, 11.34375, 10.28125],
					"texture": "#0"
				},
				"east": {
					"uv": [12.875, 2.125, 12.96875, 2.40625],
					"texture": "#0"
				},
				"south": {
					"uv": [11.125, 10.375, 11.34375, 10.65625],
					"texture": "#0"
				},
				"west": {
					"uv": [2.375, 12.875, 2.46875, 13.15625],
					"texture": "#0"
				},
				"up": {
					"uv": [13.46875, 9.09375, 13.25, 9],
					"texture": "#0"
				},
				"down": {
					"uv": [13.46875, 9.125, 13.25, 9.21875],
					"texture": "#0"
				}
			}
		},
		{
			"from": [9.57686, 2.71344, 8.53632],
			"to": [11.32686, 4.71344, 9.28632],
			"rotation": {
				"angle": -22.5,
				"axis": "z",
				"origin": [12.32686, 13.96344, 5.03632]
			},
			"faces": {
				"north": {
					"uv": [10.875, 11.375, 11.09375, 11.625],
					"texture": "#0"
				},
				"east": {
					"uv": [9.75, 13, 9.84375, 13.25],
					"texture": "#0"
				},
				"south": {
					"uv": [11.375, 11, 11.59375, 11.25],
					"texture": "#0"
				},
				"west": {
					"uv": [13, 9.75, 13.09375, 10],
					"texture": "#0"
				},
				"up": {
					"uv": [13.46875, 9.34375, 13.25, 9.25],
					"texture": "#0"
				},
				"down": {
					"uv": [13.46875, 9.375, 13.25, 9.46875],
					"texture": "#0"
				}
			}
		},
		{
			"from": [6.37686, 2.73844, 4.68632],
			"to": [6.77686, 3.73844, 5.28632],
			"rotation": {
				"angle": -22.5,
				"axis": "x",
				"origin": [12.32686, 13.96344, 5.03632]
			},
			"faces": {
				"north": {
					"uv": [14.125, 3.875, 14.1875, 4],
					"texture": "#0"
				},
				"east": {
					"uv": [14.125, 4, 14.1875, 4.125],
					"texture": "#0"
				},
				"south": {
					"uv": [14.125, 4.125, 14.1875, 4.25],
					"texture": "#0"
				},
				"west": {
					"uv": [14.125, 4.25, 14.1875, 4.375],
					"texture": "#0"
				},
				"up": {
					"uv": [14.4375, 4.5625, 14.375, 4.5],
					"texture": "#0"
				},
				"down": {
					"uv": [4.6875, 14.375, 4.625, 14.4375],
					"texture": "#0"
				}
			}
		},
		{
			"from": [6.32686, 2.48844, 5.28632],
			"to": [6.82686, 3.98844, 6.03632],
			"rotation": {
				"angle": -22.5,
				"axis": "x",
				"origin": [12.32686, 13.96344, 5.03632]
			},
			"faces": {
				"north": {
					"uv": [6.875, 13.875, 6.9375, 14.0625],
					"texture": "#0"
				},
				"east": {
					"uv": [13.5, 7.125, 13.59375, 7.3125],
					"texture": "#0"
				},
				"south": {
					"uv": [13.875, 6.875, 13.9375, 7.0625],
					"texture": "#0"
				},
				"west": {
					"uv": [7.25, 13.5, 7.34375, 13.6875],
					"texture": "#0"
				},
				"up": {
					"uv": [4.6875, 14.34375, 4.625, 14.25],
					"texture": "#0"
				},
				"down": {
					"uv": [14.3125, 4.625, 14.25, 4.71875],
					"texture": "#0"
				}
			}
		},
		{
			"from": [6.37686, 1.73844, 5.28632],
			"to": [6.77686, 2.48844, 5.88632],
			"rotation": {
				"angle": -22.5,
				"axis": "x",
				"origin": [12.32686, 13.96344, 5.03632]
			},
			"faces": {
				"north": {
					"uv": [4.75, 14.25, 4.8125, 14.34375],
					"texture": "#0"
				},
				"east": {
					"uv": [14.25, 4.75, 14.3125, 4.84375],
					"texture": "#0"
				},
				"south": {
					"uv": [4.875, 14.25, 4.9375, 14.34375],
					"texture": "#0"
				},
				"west": {
					"uv": [14.25, 4.875, 14.3125, 4.96875],
					"texture": "#0"
				},
				"up": {
					"uv": [14.4375, 4.6875, 14.375, 4.625],
					"texture": "#0"
				},
				"down": {
					"uv": [4.8125, 14.375, 4.75, 14.4375],
					"texture": "#0"
				}
			}
		},
		{
			"from": [9.57686, 0.46344, 8.53632],
			"to": [11.32686, 2.71344, 9.03632],
			"rotation": {
				"angle": -22.5,
				"axis": "z",
				"origin": [12.32686, 13.96344, 5.03632]
			},
			"faces": {
				"north": {
					"uv": [11.125, 10.75, 11.34375, 11.03125],
					"texture": "#0"
				},
				"east": {
					"uv": [7.375, 13.5, 7.4375, 13.78125],
					"texture": "#0"
				},
				"south": {
					"uv": [11.125, 11.125, 11.34375, 11.40625],
					"texture": "#0"
				},
				"west": {
					"uv": [7.5, 13.5, 7.5625, 13.78125],
					"texture": "#0"
				},
				"up": {
					"uv": [13.96875, 8.0625, 13.75, 8],
					"texture": "#0"
				},
				"down": {
					"uv": [8.59375, 13.75, 8.375, 13.8125],
					"texture": "#0"
				}
			}
		},
		{
			"from": [9.32686, 0.46344, 7.03632],
			"to": [11.32686, 6.96344, 7.28632],
			"rotation": {
				"angle": -22.5,
				"axis": "z",
				"origin": [12.32686, 13.96344, 5.03632]
			},
			"faces": {
				"north": {
					"uv": [3, 6.125, 3.25, 6.9375],
					"texture": "#0"
				},
				"east": {
					"uv": [5.875, 12.875, 5.90625, 13.6875],
					"texture": "#0"
				},
				"south": {
					"uv": [6.25, 6.5, 6.5, 7.3125],
					"texture": "#0"
				},
				"west": {
					"uv": [6, 12.875, 6.03125, 13.6875],
					"texture": "#0"
				},
				"up": {
					"uv": [4.625, 14.15625, 4.375, 14.125],
					"texture": "#0"
				},
				"down": {
					"uv": [4.875, 14.125, 4.625, 14.15625],
					"texture": "#0"
				}
			}
		},
		{
			"from": [9.77686, 0.46344, 6.78632],
			"to": [10.87686, 3.96344, 7.03632],
			"rotation": {
				"angle": -22.5,
				"axis": "z",
				"origin": [12.32686, 13.96344, 5.03632]
			},
			"faces": {
				"north": {
					"uv": [11.375, 11.25, 11.5, 11.6875],
					"texture": "#0"
				},
				"east": {
					"uv": [8.125, 13.75, 8.15625, 14.1875],
					"texture": "#0"
				},
				"south": {
					"uv": [0, 11.5, 0.125, 11.9375],
					"texture": "#0"
				},
				"west": {
					"uv": [8.625, 13.75, 8.65625, 14.1875],
					"texture": "#0"
				},
				"up": {
					"uv": [14.5, 4.78125, 14.375, 4.75],
					"texture": "#0"
				},
				"down": {
					"uv": [5, 14.375, 4.875, 14.40625],
					"texture": "#0"
				}
			}
		},
		{
			"from": [9.07686, 4.96344, 7.28632],
			"to": [11.82686, 6.96344, 9.03632],
			"rotation": {
				"angle": -22.5,
				"axis": "z",
				"origin": [12.32686, 13.96344, 5.03632]
			},
			"faces": {
				"north": {
					"uv": [4.375, 0.75, 4.71875, 1],
					"texture": "#0"
				},
				"east": {
					"uv": [0.125, 11.5, 0.34375, 11.75],
					"texture": "#0"
				},
				"south": {
					"uv": [8.875, 7.25, 9.21875, 7.5],
					"texture": "#0"
				},
				"west": {
					"uv": [0.375, 11.5, 0.59375, 11.75],
					"texture": "#0"
				},
				"up": {
					"uv": [10.96875, 7.21875, 10.625, 7],
					"texture": "#0"
				},
				"down": {
					"uv": [7.96875, 10.625, 7.625, 10.84375],
					"texture": "#0"
				}
			}
		},
		{
			"from": [9.57686, 6.96344, 7.28632],
			"to": [11.32686, 7.46344, 9.03632],
			"rotation": {
				"angle": -22.5,
				"axis": "z",
				"origin": [12.32686, 13.96344, 5.03632]
			},
			"faces": {
				"north": {
					"uv": [8.75, 13.75, 8.96875, 13.8125],
					"texture": "#0"
				},
				"east": {
					"uv": [9, 13.75, 9.21875, 13.8125],
					"texture": "#0"
				},
				"south": {
					"uv": [9.25, 13.75, 9.46875, 13.8125],
					"texture": "#0"
				},
				"west": {
					"uv": [9.625, 13.75, 9.84375, 13.8125],
					"texture": "#0"
				},
				"up": {
					"uv": [7.21875, 11.96875, 7, 11.75],
					"texture": "#0"
				},
				"down": {
					"uv": [11.96875, 11.25, 11.75, 11.46875],
					"texture": "#0"
				}
			}
		},
		{
			"from": [9.07686, 2.96344, 7.28632],
			"to": [11.57686, 4.96344, 8.78632],
			"rotation": {
				"angle": -22.5,
				"axis": "z",
				"origin": [12.32686, 13.96344, 5.03632]
			},
			"faces": {
				"north": {
					"uv": [0.375, 10.625, 0.6875, 10.875],
					"texture": "#0"
				},
				"east": {
					"uv": [11.875, 2.75, 12.0625, 3],
					"texture": "#0"
				},
				"south": {
					"uv": [10.625, 0.75, 10.9375, 1],
					"texture": "#0"
				},
				"west": {
					"uv": [11.875, 3, 12.0625, 3.25],
					"texture": "#0"
				},
				"up": {
					"uv": [11.5625, 4.5625, 11.25, 4.375],
					"texture": "#0"
				},
				"down": {
					"uv": [11.5625, 4.625, 11.25, 4.8125],
					"texture": "#0"
				}
			}
		},
		{
			"from": [9.07686, 0.46344, 7.28632],
			"to": [11.57686, 2.96344, 8.53632],
			"rotation": {
				"angle": -22.5,
				"axis": "z",
				"origin": [12.32686, 13.96344, 5.03632]
			},
			"faces": {
				"north": {
					"uv": [1.5, 10, 1.8125, 10.3125],
					"texture": "#0"
				},
				"east": {
					"uv": [7.625, 11.625, 7.78125, 11.9375],
					"texture": "#0"
				},
				"south": {
					"uv": [3.5, 10, 3.8125, 10.3125],
					"texture": "#0"
				},
				"west": {
					"uv": [8.125, 11.625, 8.28125, 11.9375],
					"texture": "#0"
				},
				"up": {
					"uv": [11.9375, 5.40625, 11.625, 5.25],
					"texture": "#0"
				},
				"down": {
					"uv": [11.9375, 5.875, 11.625, 6.03125],
					"texture": "#0"
				}
			}
		},
		{
			"from": [11.57686, 0.96344, 7.28632],
			"to": [11.82686, 2.96344, 8.53632],
			"rotation": {
				"angle": -22.5,
				"axis": "z",
				"origin": [12.32686, 13.96344, 5.03632]
			},
			"faces": {
				"north": {
					"uv": [14.125, 4.75, 14.15625, 5],
					"texture": "#0"
				},
				"east": {
					"uv": [12.25, 2.75, 12.40625, 3],
					"texture": "#0"
				},
				"south": {
					"uv": [5.25, 14.125, 5.28125, 14.375],
					"texture": "#0"
				},
				"west": {
					"uv": [12.25, 6.125, 12.40625, 6.375],
					"texture": "#0"
				},
				"up": {
					"uv": [11.53125, 14.40625, 11.5, 14.25],
					"texture": "#0"
				},
				"down": {
					"uv": [11.65625, 14.25, 11.625, 14.40625],
					"texture": "#0"
				}
			}
		},
		{
			"from": [6.1604, 5.27954, 6.78732],
			"to": [7.1604, 8.52954, 8.78732],
			"rotation": {
				"angle": 0,
				"axis": "y",
				"origin": [12.4104, 14.02954, 5.03632]
			},
			"faces": {
				"north": {
					"uv": [4.625, 11.625, 4.75, 12.03125],
					"texture": "#0"
				},
				"east": {
					"uv": [6.75, 9.75, 7, 10.15625],
					"texture": "#0"
				},
				"south": {
					"uv": [4.75, 11.625, 4.875, 12.03125],
					"texture": "#0"
				},
				"west": {
					"uv": [7.75, 9.75, 8, 10.15625],
					"texture": "#0"
				},
				"up": {
					"uv": [1.375, 6.375, 1.25, 6.125],
					"texture": "#0"
				},
				"down": {
					"uv": [1.875, 6.375, 1.75, 6.625],
					"texture": "#0"
				}
			}
		},
		{
			"from": [6.1604, 9.52954, 7.53632],
			"to": [7.1604, 10.27954, 8.53632],
			"rotation": {
				"angle": 0,
				"axis": "y",
				"origin": [12.4104, 14.02954, 5.03632]
			},
			"faces": {
				"north": {
					"uv": [7.375, 13.875, 7.5, 13.96875],
					"texture": "#0"
				},
				"east": {
					"uv": [7.5, 13.875, 7.625, 13.96875],
					"texture": "#0"
				},
				"south": {
					"uv": [7.625, 13.875, 7.75, 13.96875],
					"texture": "#0"
				},
				"west": {
					"uv": [7.75, 13.875, 7.875, 13.96875],
					"texture": "#0"
				},
				"up": {
					"uv": [2.125, 8.875, 2, 8.75],
					"texture": "#0"
				},
				"down": {
					"uv": [8.875, 3.625, 8.75, 3.75],
					"texture": "#0"
				}
			}
		},
		{
			"from": [6.1604, 10.27954, 8.03632],
			"to": [7.1604, 11.27954, 8.53632],
			"rotation": {
				"angle": 0,
				"axis": "y",
				"origin": [12.4104, 14.02954, 5.03632]
			},
			"faces": {
				"north": {
					"uv": [3.875, 9, 4, 9.125],
					"texture": "#0"
				},
				"east": {
					"uv": [14.125, 5, 14.1875, 5.125],
					"texture": "#0"
				},
				"south": {
					"uv": [9.125, 2.375, 9.25, 2.5],
					"texture": "#0"
				},
				"west": {
					"uv": [5.375, 14.125, 5.4375, 14.25],
					"texture": "#0"
				},
				"up": {
					"uv": [5.625, 14.1875, 5.5, 14.125],
					"texture": "#0"
				},
				"down": {
					"uv": [5.75, 14.125, 5.625, 14.1875],
					"texture": "#0"
				}
			}
		},
		{
			"from": [6.1604, 11.27954, 8.28632],
			"to": [7.1604, 11.52954, 8.53632],
			"rotation": {
				"angle": 0,
				"axis": "y",
				"origin": [12.4104, 14.02954, 5.03632]
			},
			"faces": {
				"north": {
					"uv": [14.375, 4.875, 14.5, 4.90625],
					"texture": "#0"
				},
				"east": {
					"uv": [10.875, 14.5, 10.90625, 14.53125],
					"texture": "#0"
				},
				"south": {
					"uv": [5, 14.375, 5.125, 14.40625],
					"texture": "#0"
				},
				"west": {
					"uv": [14.5, 10.875, 14.53125, 10.90625],
					"texture": "#0"
				},
				"up": {
					"uv": [14.5, 5.03125, 14.375, 5],
					"texture": "#0"
				},
				"down": {
					"uv": [5.25, 14.375, 5.125, 14.40625],
					"texture": "#0"
				}
			}
		},
		{
			"from": [6.1604, 8.52954, 7.28632],
			"to": [7.1604, 9.52954, 8.53632],
			"rotation": {
				"angle": 0,
				"axis": "y",
				"origin": [12.4104, 14.02954, 5.03632]
			},
			"faces": {
				"north": {
					"uv": [9.25, 5.875, 9.375, 6],
					"texture": "#0"
				},
				"east": {
					"uv": [13.375, 2, 13.53125, 2.125],
					"texture": "#0"
				},
				"south": {
					"uv": [9.25, 8.75, 9.375, 8.875],
					"texture": "#0"
				},
				"west": {
					"uv": [13.375, 2.25, 13.53125, 2.375],
					"texture": "#0"
				},
				"up": {
					"uv": [2.5, 13.53125, 2.375, 13.375],
					"texture": "#0"
				},
				"down": {
					"uv": [13.5, 2.375, 13.375, 2.53125],
					"texture": "#0"
				}
			}
		},
		{
			"from": [6.1624, 9.60303, 8.88952],
			"to": [7.1604, 13.85303, 9.38952],
			"rotation": {
				"angle": 22.5,
				"axis": "x",
				"origin": [12.4114, 14.35303, 5.13952]
			},
			"faces": {
				"north": {
					"uv": [1.125, 11, 1.25, 11.53125],
					"texture": "#0"
				},
				"east": {
					"uv": [7.125, 12.5, 7.1875, 13.03125],
					"texture": "#0"
				},
				"south": {
					"uv": [1.875, 11, 2, 11.53125],
					"texture": "#0"
				},
				"west": {
					"uv": [7.5, 12.5, 7.5625, 13.03125],
					"texture": "#0"
				},
				"up": {
					"uv": [14.25, 5.6875, 14.125, 5.625],
					"texture": "#0"
				},
				"down": {
					"uv": [14.25, 5.75, 14.125, 5.8125],
					"texture": "#0"
				}
			}
		},
		{
			"from": [6.1604, 8.52954, 8.53632],
			"to": [7.1604, 12.27954, 8.78632],
			"rotation": {
				"angle": 0,
				"axis": "y",
				"origin": [12.4104, 14.02954, 5.03632]
			},
			"faces": {
				"north": {
					"uv": [1.625, 6.875, 1.75, 7.34375],
					"texture": "#0"
				},
				"east": {
					"uv": [1, 13.75, 1.03125, 14.21875],
					"texture": "#0"
				},
				"south": {
					"uv": [2.625, 6.875, 2.75, 7.34375],
					"texture": "#0"
				},
				"west": {
					"uv": [13.75, 1.125, 13.78125, 1.59375],
					"texture": "#0"
				},
				"up": {
					"uv": [14.5, 5.15625, 14.375, 5.125],
					"texture": "#0"
				},
				"down": {
					"uv": [5.375, 14.375, 5.25, 14.40625],
					"texture": "#0"
				}
			}
		},
		{
			"from": [4.82686, 3.71344, 7.28732],
			"to": [5.57686, 5.21344, 8.53532],
			"rotation": {
				"angle": 0,
				"axis": "y",
				"origin": [12.32686, 13.96344, 5.03632]
			},
			"faces": {
				"north": {
					"uv": [13.5, 7.5, 13.59375, 7.6875],
					"texture": "#0"
				},
				"east": {
					"uv": [6, 12.625, 6.15625, 12.8125],
					"texture": "#0"
				},
				"south": {
					"uv": [13.5, 7.75, 13.59375, 7.9375],
					"texture": "#0"
				},
				"west": {
					"uv": [6.375, 12.625, 6.53125, 12.8125],
					"texture": "#0"
				},
				"up": {
					"uv": [1.46875, 13.90625, 1.375, 13.75],
					"texture": "#0"
				},
				"down": {
					"uv": [1.59375, 13.75, 1.5, 13.90625],
					"texture": "#0"
				}
			}
		},
		{
			"from": [4.82686, 6.80491, 10.78648],
			"to": [5.57686, 9.30491, 11.03648],
			"rotation": {
				"angle": 22.5,
				"axis": "x",
				"origin": [12.57686, 14.80491, 5.03648]
			},
			"faces": {
				"north": {
					"uv": [12.625, 6.375, 12.71875, 6.6875],
					"texture": "#0"
				},
				"east": {
					"uv": [5, 14, 5.03125, 14.3125],
					"texture": "#0"
				},
				"south": {
					"uv": [6.625, 12.625, 6.71875, 12.9375],
					"texture": "#0"
				},
				"west": {
					"uv": [5.125, 14, 5.15625, 14.3125],
					"texture": "#0"
				},
				"up": {
					"uv": [12.71875, 14.40625, 12.625, 14.375],
					"texture": "#0"
				},
				"down": {
					"uv": [12.84375, 14.375, 12.75, 14.40625],
					"texture": "#0"
				}
			}
		},
		{
			"from": [4.82786, 6.76685, 11.22782],
			"to": [5.57786, 8.76685, 11.47782],
			"rotation": {
				"angle": 22.5,
				"axis": "x",
				"origin": [12.57686, 15.26685, 5.22782]
			},
			"faces": {
				"north": {
					"uv": [10, 13, 10.09375, 13.25],
					"texture": "#0"
				},
				"east": {
					"uv": [14.125, 5.875, 14.15625, 6.125],
					"texture": "#0"
				},
				"south": {
					"uv": [13, 10, 13.09375, 10.25],
					"texture": "#0"
				},
				"west": {
					"uv": [6, 14.125, 6.03125, 14.375],
					"texture": "#0"
				},
				"up": {
					"uv": [12.96875, 14.40625, 12.875, 14.375],
					"texture": "#0"
				},
				"down": {
					"uv": [13.09375, 14.375, 13, 14.40625],
					"texture": "#0"
				}
			}
		},
		{
			"from": [4.82686, 5.21344, 8.28532],
			"to": [5.57686, 7.46344, 8.53532],
			"rotation": {
				"angle": 0,
				"axis": "y",
				"origin": [12.57686, 14.21344, 5.03532]
			},
			"faces": {
				"north": {
					"uv": [2.5, 12.875, 2.59375, 13.15625],
					"texture": "#0"
				},
				"east": {
					"uv": [14, 11, 14.03125, 11.28125],
					"texture": "#0"
				},
				"south": {
					"uv": [12.875, 2.5, 12.96875, 2.78125],
					"texture": "#0"
				},
				"west": {
					"uv": [11.125, 14, 11.15625, 14.28125],
					"texture": "#0"
				},
				"up": {
					"uv": [13.21875, 14.40625, 13.125, 14.375],
					"texture": "#0"
				},
				"down": {
					"uv": [13.34375, 14.375, 13.25, 14.40625],
					"texture": "#0"
				}
			}
		},
		{
			"from": [4.82786, 5.21344, 8.03532],
			"to": [5.57786, 6.46344, 8.28532],
			"rotation": {
				"angle": 0,
				"axis": "y",
				"origin": [12.57686, 14.21344, 5.28532]
			},
			"faces": {
				"north": {
					"uv": [1.625, 13.75, 1.71875, 13.90625],
					"texture": "#0"
				},
				"east": {
					"uv": [14.25, 11.625, 14.28125, 11.78125],
					"texture": "#0"
				},
				"south": {
					"uv": [13.75, 1.625, 13.84375, 1.78125],
					"texture": "#0"
				},
				"west": {
					"uv": [11.875, 14.25, 11.90625, 14.40625],
					"texture": "#0"
				},
				"up": {
					"uv": [14.46875, 13.28125, 14.375, 13.25],
					"texture": "#0"
				},
				"down": {
					"uv": [14.46875, 13.375, 14.375, 13.40625],
					"texture": "#0"
				}
			}
		},
		{
			"from": [4.82686, 5.21344, 7.78532],
			"to": [5.57686, 5.71344, 8.03532],
			"rotation": {
				"angle": 0,
				"axis": "y",
				"origin": [12.57686, 14.21344, 5.03532]
			},
			"faces": {
				"north": {
					"uv": [14.25, 5, 14.34375, 5.0625],
					"texture": "#0"
				},
				"east": {
					"uv": [6.625, 14.5, 6.65625, 14.5625],
					"texture": "#0"
				},
				"south": {
					"uv": [14.25, 5.125, 14.34375, 5.1875],
					"texture": "#0"
				},
				"west": {
					"uv": [14.5, 6.625, 14.53125, 6.6875],
					"texture": "#0"
				},
				"up": {
					"uv": [14.46875, 13.53125, 14.375, 13.5],
					"texture": "#0"
				},
				"down": {
					"uv": [14.46875, 13.625, 14.375, 13.65625],
					"texture": "#0"
				}
			}
		}
	]
}