{
	"textures": {
		"0": "animated_java:item/valk_aj/main"
	},
	"display": {
		"head": {
			"rotation": [0, 180, 0]
		}
	},
	"elements": [
		{
			"from": [7.23837, 6.65412, 5.47908],
			"to": [8.48837, 9.15412, 8.22908],
			"rotation": {
				"angle": 0,
				"axis": "y",
				"origin": [9.86337, 19.65412, 4.72908]
			},
			"faces": {
				"north": {
					"uv": [6.75, 11.625, 6.90625, 11.9375],
					"texture": "#0"
				},
				"east": {
					"uv": [9.625, 6.75, 9.96875, 7.0625],
					"texture": "#0"
				},
				"south": {
					"uv": [11.625, 7, 11.78125, 7.3125],
					"texture": "#0"
				},
				"west": {
					"uv": [9.625, 7.125, 9.96875, 7.4375],
					"texture": "#0"
				},
				"up": {
					"uv": [8.90625, 11.84375, 8.75, 11.5],
					"texture": "#0"
				},
				"down": {
					"uv": [9.15625, 11.5, 9, 11.84375],
					"texture": "#0"
				}
			}
		},
		{
			"from": [7.48837, 7.10412, 4.47908],
			"to": [8.23837, 8.85412, 5.47908],
			"rotation": {
				"angle": 0,
				"axis": "y",
				"origin": [9.86337, 19.65412, 4.72908]
			},
			"faces": {
				"north": {
					"uv": [8, 13.25, 8.09375, 13.46875],
					"texture": "#0"
				},
				"east": {
					"uv": [12.75, 7.5, 12.875, 7.71875],
					"texture": "#0"
				},
				"south": {
					"uv": [8.25, 13.25, 8.34375, 13.46875],
					"texture": "#0"
				},
				"west": {
					"uv": [8.5, 12.75, 8.625, 12.96875],
					"texture": "#0"
				},
				"up": {
					"uv": [13.96875, 6.75, 13.875, 6.625],
					"texture": "#0"
				},
				"down": {
					"uv": [13.96875, 6.75, 13.875, 6.875],
					"texture": "#0"
				}
			}
		},
		{
			"from": [7.61337, 6.65412, 3.22908],
			"to": [8.11337, 8.65412, 4.47908],
			"rotation": {
				"angle": 0,
				"axis": "y",
				"origin": [9.86337, 19.65412, 4.72908]
			},
			"faces": {
				"north": {
					"uv": [6.875, 13.625, 6.9375, 13.875],
					"texture": "#0"
				},
				"east": {
					"uv": [12.25, 0.5, 12.40625, 0.75],
					"texture": "#0"
				},
				"south": {
					"uv": [13.625, 6.875, 13.6875, 7.125],
					"texture": "#0"
				},
				"west": {
					"uv": [12.25, 1.5, 12.40625, 1.75],
					"texture": "#0"
				},
				"up": {
					"uv": [14.0625, 4.90625, 14, 4.75],
					"texture": "#0"
				},
				"down": {
					"uv": [4.9375, 14, 4.875, 14.15625],
					"texture": "#0"
				}
			}
		},
		{
			"from": [6.71337, 6.65412, 5.97908],
			"to": [7.96337, 8.90412, 7.97908],
			"rotation": {
				"angle": 22.5,
				"axis": "y",
				"origin": [7.86337, 6.65412, 8.47908]
			},
			"faces": {
				"north": {
					"uv": [11.125, 11.875, 11.28125, 12.15625],
					"texture": "#0"
				},
				"east": {
					"uv": [0, 10.875, 0.25, 11.15625],
					"texture": "#0"
				},
				"south": {
					"uv": [11.5, 11.875, 11.65625, 12.15625],
					"texture": "#0"
				},
				"west": {
					"uv": [0.25, 10.875, 0.5, 11.15625],
					"texture": "#0"
				},
				"up": {
					"uv": [12.40625, 2, 12.25, 1.75],
					"texture": "#0"
				},
				"down": {
					"uv": [12.40625, 2, 12.25, 2.25],
					"texture": "#0"
				}
			}
		},
		{
			"from": [7.76337, 6.65412, 5.97908],
			"to": [9.01337, 8.90412, 7.97908],
			"rotation": {
				"angle": -22.5,
				"axis": "y",
				"origin": [7.86337, 6.65412, 8.47908]
			},
			"faces": {
				"north": {
					"uv": [0, 12, 0.15625, 12.28125],
					"texture": "#0"
				},
				"east": {
					"uv": [0.5, 10.875, 0.75, 11.15625],
					"texture": "#0"
				},
				"south": {
					"uv": [0.25, 12, 0.40625, 12.28125],
					"texture": "#0"
				},
				"west": {
					"uv": [1.375, 10.875, 1.625, 11.15625],
					"texture": "#0"
				},
				"up": {
					"uv": [12.40625, 2.5, 12.25, 2.25],
					"texture": "#0"
				},
				"down": {
					"uv": [12.40625, 2.5, 12.25, 2.75],
					"texture": "#0"
				}
			}
		},
		{
			"from": [6.96337, 7.10412, 5.22908],
			"to": [7.71337, 8.60412, 5.97908],
			"rotation": {
				"angle": 22.5,
				"axis": "y",
				"origin": [7.86337, 6.65412, 8.47908]
			},
			"faces": {
				"north": {
					"uv": [13.5, 4.625, 13.59375, 4.8125],
					"texture": "#0"
				},
				"east": {
					"uv": [13.5, 6.125, 13.59375, 6.3125],
					"texture": "#0"
				},
				"south": {
					"uv": [13.5, 6.375, 13.59375, 6.5625],
					"texture": "#0"
				},
				"west": {
					"uv": [13.5, 6.625, 13.59375, 6.8125],
					"texture": "#0"
				},
				"up": {
					"uv": [14.09375, 10.59375, 14, 10.5],
					"texture": "#0"
				},
				"down": {
					"uv": [14.09375, 10.625, 14, 10.71875],
					"texture": "#0"
				}
			}
		},
		{
			"from": [7.08837, 6.65412, 4.22908],
			"to": [7.58837, 8.40412, 5.22908],
			"rotation": {
				"angle": 22.5,
				"axis": "y",
				"origin": [7.86337, 6.65412, 8.47908]
			},
			"faces": {
				"north": {
					"uv": [7.25, 13.75, 7.3125, 13.96875],
					"texture": "#0"
				},
				"east": {
					"uv": [8.625, 12.75, 8.75, 12.96875],
					"texture": "#0"
				},
				"south": {
					"uv": [13.75, 7.75, 13.8125, 7.96875],
					"texture": "#0"
				},
				"west": {
					"uv": [8.75, 12.75, 8.875, 12.96875],
					"texture": "#0"
				},
				"up": {
					"uv": [14.1875, 3.375, 14.125, 3.25],
					"texture": "#0"
				},
				"down": {
					"uv": [14.1875, 3.375, 14.125, 3.5],
					"texture": "#0"
				}
			}
		},
		{
			"from": [8.13837, 6.65412, 4.22908],
			"to": [8.63837, 8.40412, 5.22908],
			"rotation": {
				"angle": -22.5,
				"axis": "y",
				"origin": [7.86337, 6.65412, 8.47908]
			},
			"faces": {
				"north": {
					"uv": [7.875, 13.75, 7.9375, 13.96875],
					"texture": "#0"
				},
				"east": {
					"uv": [12.75, 9, 12.875, 9.21875],
					"texture": "#0"
				},
				"south": {
					"uv": [8, 13.75, 8.0625, 13.96875],
					"texture": "#0"
				},
				"west": {
					"uv": [9.75, 12.75, 9.875, 12.96875],
					"texture": "#0"
				},
				"up": {
					"uv": [3.6875, 14.25, 3.625, 14.125],
					"texture": "#0"
				},
				"down": {
					"uv": [14.1875, 3.75, 14.125, 3.875],
					"texture": "#0"
				}
			}
		},
		{
			"from": [8.01337, 7.10412, 5.22908],
			"to": [8.76337, 8.60412, 5.97908],
			"rotation": {
				"angle": -22.5,
				"axis": "y",
				"origin": [7.86337, 6.65412, 8.47908]
			},
			"faces": {
				"north": {
					"uv": [6.75, 13.5, 6.84375, 13.6875],
					"texture": "#0"
				},
				"east": {
					"uv": [13.5, 6.875, 13.59375, 7.0625],
					"texture": "#0"
				},
				"south": {
					"uv": [7, 13.5, 7.09375, 13.6875],
					"texture": "#0"
				},
				"west": {
					"uv": [7.125, 13.5, 7.21875, 13.6875],
					"texture": "#0"
				},
				"up": {
					"uv": [14.09375, 10.84375, 14, 10.75],
					"texture": "#0"
				},
				"down": {
					"uv": [14.09375, 10.875, 14, 10.96875],
					"texture": "#0"
				}
			}
		}
	]
}