{
	"textures": {
		"0": "animated_java:item/valk_aj/main"
	},
	"display": {
		"head": {
			"rotation": [0, 180, 0]
		}
	},
	"elements": [
		{
			"from": [6.52082, 16.34461, 0.98345],
			"to": [7.52, 26.87523, 4.41202],
			"rotation": {
				"angle": 45,
				"axis": "x",
				"origin": [8, 6.79359, -4.6492]
			},
			"faces": {
				"north": {
					"uv": [6.75, 7.25, 6.875, 8.59375],
					"texture": "#0"
				},
				"east": {
					"uv": [2, 1.75, 2.4375, 3.09375],
					"texture": "#0"
				},
				"south": {
					"uv": [2, 7.375, 2.125, 8.71875],
					"texture": "#0"
				},
				"west": {
					"uv": [2.5, 1.75, 2.9375, 3.09375],
					"texture": "#0"
				},
				"up": {
					"uv": [5.375, 11.8125, 5.25, 11.375],
					"texture": "#0"
				},
				"down": {
					"uv": [8.5, 11.375, 8.375, 11.8125],
					"texture": "#0"
				}
			}
		},
		{
			"from": [7.01061, 16.34461, 0.00386],
			"to": [7.7649, 19.28339, 0.98345],
			"rotation": {
				"angle": 45,
				"axis": "x",
				"origin": [8, 6.79359, -4.6492]
			},
			"faces": {
				"north": {
					"uv": [3.25, 12.375, 3.34375, 12.75],
					"texture": "#0"
				},
				"east": {
					"uv": [1.5, 3.75, 1.625, 4.125],
					"texture": "#0"
				},
				"south": {
					"uv": [3.375, 12.375, 3.46875, 12.75],
					"texture": "#0"
				},
				"west": {
					"uv": [2.25, 4.125, 2.375, 4.5],
					"texture": "#0"
				},
				"up": {
					"uv": [5.21875, 14, 5.125, 13.875],
					"texture": "#0"
				},
				"down": {
					"uv": [5.34375, 13.875, 5.25, 14],
					"texture": "#0"
				}
			}
		},
		{
			"from": [7.02041, 13.52829, 4.16712],
			"to": [7.7551, 16.46706, 4.90182],
			"rotation": {
				"angle": 22.5,
				"axis": "x",
				"origin": [8, 6.79359, -4.6492]
			},
			"faces": {
				"north": {
					"uv": [3.5, 12.375, 3.59375, 12.75],
					"texture": "#0"
				},
				"east": {
					"uv": [3.625, 12.375, 3.71875, 12.75],
					"texture": "#0"
				},
				"south": {
					"uv": [12.375, 3.625, 12.46875, 4],
					"texture": "#0"
				},
				"west": {
					"uv": [3.75, 12.375, 3.84375, 12.75],
					"texture": "#0"
				},
				"up": {
					"uv": [10.46875, 14.09375, 10.375, 14],
					"texture": "#0"
				},
				"down": {
					"uv": [14.09375, 10.375, 14, 10.46875],
					"texture": "#0"
				}
			}
		},
		{
			"from": [6.53061, 15.85482, 6.6161],
			"to": [7.5102, 22.95686, 9.55488],
			"rotation": {
				"angle": 22.5,
				"axis": "x",
				"origin": [8, 6.79359, -4.6492]
			},
			"faces": {
				"north": {
					"uv": [6.375, 9.375, 6.5, 10.28125],
					"texture": "#0"
				},
				"east": {
					"uv": [3.875, 3, 4.25, 3.90625],
					"texture": "#0"
				},
				"south": {
					"uv": [7.125, 9.375, 7.25, 10.28125],
					"texture": "#0"
				},
				"west": {
					"uv": [4, 0, 4.375, 0.90625],
					"texture": "#0"
				},
				"up": {
					"uv": [5, 4.75, 4.875, 4.375],
					"texture": "#0"
				},
				"down": {
					"uv": [5.625, 1.75, 5.5, 2.125],
					"texture": "#0"
				}
			}
		},
		{
			"from": [6.53159, 2.87523, 12.00386],
			"to": [7.50922, 5.07931, 12.73855],
			"rotation": {
				"angle": -22.5,
				"axis": "x",
				"origin": [8, 6.79359, -4.6492]
			},
			"faces": {
				"north": {
					"uv": [3.875, 12.375, 4, 12.65625],
					"texture": "#0"
				},
				"east": {
					"uv": [12.875, 1.375, 12.96875, 1.65625],
					"texture": "#0"
				},
				"south": {
					"uv": [12.375, 4, 12.5, 4.28125],
					"texture": "#0"
				},
				"west": {
					"uv": [12.875, 1.75, 12.96875, 2.03125],
					"texture": "#0"
				},
				"up": {
					"uv": [5.625, 13.96875, 5.5, 13.875],
					"texture": "#0"
				},
				"down": {
					"uv": [5.75, 13.875, 5.625, 13.96875],
					"texture": "#0"
				}
			}
		},
		{
			"from": [8.48, 16.34461, 0.98345],
			"to": [9.47918, 26.87523, 4.41202],
			"rotation": {
				"angle": 45,
				"axis": "x",
				"origin": [8, 6.79359, -4.6492]
			},
			"faces": {
				"north": {
					"uv": [6.875, 7.25, 6.75, 8.59375],
					"texture": "#0"
				},
				"east": {
					"uv": [2.9375, 1.75, 2.5, 3.09375],
					"texture": "#0"
				},
				"south": {
					"uv": [2.125, 7.375, 2, 8.71875],
					"texture": "#0"
				},
				"west": {
					"uv": [2.4375, 1.75, 2, 3.09375],
					"texture": "#0"
				},
				"up": {
					"uv": [5.25, 11.8125, 5.375, 11.375],
					"texture": "#0"
				},
				"down": {
					"uv": [8.375, 11.375, 8.5, 11.8125],
					"texture": "#0"
				}
			}
		},
		{
			"from": [8.2351, 16.34461, 0.00386],
			"to": [8.98939, 19.28339, 0.98345],
			"rotation": {
				"angle": 45,
				"axis": "x",
				"origin": [8, 6.79359, -4.6492]
			},
			"faces": {
				"north": {
					"uv": [3.34375, 12.375, 3.25, 12.75],
					"texture": "#0"
				},
				"east": {
					"uv": [2.375, 4.125, 2.25, 4.5],
					"texture": "#0"
				},
				"south": {
					"uv": [3.46875, 12.375, 3.375, 12.75],
					"texture": "#0"
				},
				"west": {
					"uv": [1.625, 3.75, 1.5, 4.125],
					"texture": "#0"
				},
				"up": {
					"uv": [5.125, 14, 5.21875, 13.875],
					"texture": "#0"
				},
				"down": {
					"uv": [5.25, 13.875, 5.34375, 14],
					"texture": "#0"
				}
			}
		},
		{
			"from": [8.2449, 13.52829, 4.16712],
			"to": [8.97959, 16.46706, 4.90182],
			"rotation": {
				"angle": 22.5,
				"axis": "x",
				"origin": [8, 6.79359, -4.6492]
			},
			"faces": {
				"north": {
					"uv": [3.59375, 12.375, 3.5, 12.75],
					"texture": "#0"
				},
				"east": {
					"uv": [3.84375, 12.375, 3.75, 12.75],
					"texture": "#0"
				},
				"south": {
					"uv": [12.46875, 3.625, 12.375, 4],
					"texture": "#0"
				},
				"west": {
					"uv": [3.71875, 12.375, 3.625, 12.75],
					"texture": "#0"
				},
				"up": {
					"uv": [10.375, 14.09375, 10.46875, 14],
					"texture": "#0"
				},
				"down": {
					"uv": [14, 10.375, 14.09375, 10.46875],
					"texture": "#0"
				}
			}
		},
		{
			"from": [8.4898, 15.85482, 6.6161],
			"to": [9.46939, 22.95686, 9.55488],
			"rotation": {
				"angle": 22.5,
				"axis": "x",
				"origin": [8, 6.79359, -4.6492]
			},
			"faces": {
				"north": {
					"uv": [6.5, 9.375, 6.375, 10.28125],
					"texture": "#0"
				},
				"east": {
					"uv": [4.375, 0, 4, 0.90625],
					"texture": "#0"
				},
				"south": {
					"uv": [7.25, 9.375, 7.125, 10.28125],
					"texture": "#0"
				},
				"west": {
					"uv": [4.25, 3, 3.875, 3.90625],
					"texture": "#0"
				},
				"up": {
					"uv": [4.875, 4.75, 5, 4.375],
					"texture": "#0"
				},
				"down": {
					"uv": [5.5, 1.75, 5.625, 2.125],
					"texture": "#0"
				}
			}
		},
		{
			"from": [8.49078, 2.87523, 12.00386],
			"to": [9.46841, 5.07931, 12.73855],
			"rotation": {
				"angle": -22.5,
				"axis": "x",
				"origin": [8, 6.79359, -4.6492]
			},
			"faces": {
				"north": {
					"uv": [4, 12.375, 3.875, 12.65625],
					"texture": "#0"
				},
				"east": {
					"uv": [12.96875, 1.75, 12.875, 2.03125],
					"texture": "#0"
				},
				"south": {
					"uv": [12.5, 4, 12.375, 4.28125],
					"texture": "#0"
				},
				"west": {
					"uv": [12.96875, 1.375, 12.875, 1.65625],
					"texture": "#0"
				},
				"up": {
					"uv": [5.5, 13.96875, 5.625, 13.875],
					"texture": "#0"
				},
				"down": {
					"uv": [5.625, 13.875, 5.75, 13.96875],
					"texture": "#0"
				}
			}
		},
		{
			"from": [6.28571, 6.79359, 7.59569],
			"to": [9.71429, 9.73237, 10.53447],
			"rotation": {
				"angle": 0,
				"axis": "y",
				"origin": [8, 6.79359, -4.6492]
			},
			"faces": {
				"north": {
					"uv": [7.75, 2.75, 8.1875, 3.125],
					"texture": "#0"
				},
				"east": {
					"uv": [8.25, 8.125, 8.625, 8.5],
					"texture": "#0"
				},
				"south": {
					"uv": [7.75, 4.875, 8.1875, 5.25],
					"texture": "#0"
				},
				"west": {
					"uv": [8.375, 1.25, 8.75, 1.625],
					"texture": "#0"
				},
				"up": {
					"uv": [0.4375, 8.25, 0, 7.875],
					"texture": "#0"
				},
				"down": {
					"uv": [2.5625, 7.875, 2.125, 8.25],
					"texture": "#0"
				}
			}
		},
		{
			"from": [6.28571, 9.73237, 8.82018],
			"to": [9.71429, 10.71196, 10.77937],
			"rotation": {
				"angle": 0,
				"axis": "y",
				"origin": [8, 6.79359, -4.6492]
			},
			"faces": {
				"north": {
					"uv": [11.375, 9.75, 11.8125, 9.875],
					"texture": "#0"
				},
				"east": {
					"uv": [2.375, 7.75, 2.625, 7.875],
					"texture": "#0"
				},
				"south": {
					"uv": [11.375, 9.875, 11.8125, 10],
					"texture": "#0"
				},
				"west": {
					"uv": [0.5, 9.125, 0.75, 9.25],
					"texture": "#0"
				},
				"up": {
					"uv": [6.0625, 2.5, 5.625, 2.25],
					"texture": "#0"
				},
				"down": {
					"uv": [9.9375, 6.25, 9.5, 6.5],
					"texture": "#0"
				}
			}
		},
		{
			"from": [6.77551, 10.71196, 8.82018],
			"to": [9.22449, 11.20176, 10.77937],
			"rotation": {
				"angle": 0,
				"axis": "y",
				"origin": [8, 6.79359, -4.6492]
			},
			"faces": {
				"north": {
					"uv": [13.375, 0.375, 13.6875, 0.4375],
					"texture": "#0"
				},
				"east": {
					"uv": [13.625, 6.375, 13.875, 6.4375],
					"texture": "#0"
				},
				"south": {
					"uv": [13.375, 0.625, 13.6875, 0.6875],
					"texture": "#0"
				},
				"west": {
					"uv": [13.625, 6.5, 13.875, 6.5625],
					"texture": "#0"
				},
				"up": {
					"uv": [10.9375, 0.25, 10.625, 0],
					"texture": "#0"
				},
				"down": {
					"uv": [10.9375, 0.25, 10.625, 0.5],
					"texture": "#0"
				}
			}
		},
		{
			"from": [6.28669, 4.27857, 5.64698],
			"to": [9.71331, 5.25816, 9.32045],
			"rotation": {
				"angle": -22.5,
				"axis": "x",
				"origin": [7.99902, 6.72755, -4.63873]
			},
			"faces": {
				"north": {
					"uv": [11.375, 10, 11.8125, 10.125],
					"texture": "#0"
				},
				"east": {
					"uv": [6, 5.5, 6.46875, 5.625],
					"texture": "#0"
				},
				"south": {
					"uv": [11.375, 10.125, 11.8125, 10.25],
					"texture": "#0"
				},
				"west": {
					"uv": [6.75, 4.875, 7.21875, 5],
					"texture": "#0"
				},
				"up": {
					"uv": [0.4375, 6.71875, 0, 6.25],
					"texture": "#0"
				},
				"down": {
					"uv": [1.6875, 6.375, 1.25, 6.84375],
					"texture": "#0"
				}
			}
		},
		{
			"from": [6.77551, 5.20173, 6.58775],
			"to": [9.22449, 5.69152, 9.52653],
			"rotation": {
				"angle": -22.5,
				"axis": "x",
				"origin": [8.4898, 6.67112, -4.67755]
			},
			"faces": {
				"north": {
					"uv": [13.375, 0.875, 13.6875, 0.9375],
					"texture": "#0"
				},
				"east": {
					"uv": [13, 8.375, 13.375, 8.4375],
					"texture": "#0"
				},
				"south": {
					"uv": [13.375, 1, 13.6875, 1.0625],
					"texture": "#0"
				},
				"west": {
					"uv": [8.625, 13, 9, 13.0625],
					"texture": "#0"
				},
				"up": {
					"uv": [9.4375, 6.75, 9.125, 6.375],
					"texture": "#0"
				},
				"down": {
					"uv": [7.5625, 9.125, 7.25, 9.5],
					"texture": "#0"
				}
			}
		},
		{
			"from": [6.28669, 15.33275, 8.09372],
			"to": [9.71331, 16.31235, 10.5427],
			"rotation": {
				"angle": 22.5,
				"axis": "x",
				"origin": [7.99902, 6.76133, -4.64098]
			},
			"faces": {
				"north": {
					"uv": [11.375, 10.25, 11.8125, 10.375],
					"texture": "#0"
				},
				"east": {
					"uv": [12.125, 7.375, 12.4375, 7.5],
					"texture": "#0"
				},
				"south": {
					"uv": [11.375, 10.375, 11.8125, 10.5],
					"texture": "#0"
				},
				"west": {
					"uv": [12.125, 8, 12.4375, 8.125],
					"texture": "#0"
				},
				"up": {
					"uv": [9.1875, 1.5625, 8.75, 1.25],
					"texture": "#0"
				},
				"down": {
					"uv": [9.1875, 3.25, 8.75, 3.5625],
					"texture": "#0"
				}
			}
		},
		{
			"from": [6.28571, 7.52829, 10.53447],
			"to": [9.71429, 9.73237, 12.98345],
			"rotation": {
				"angle": 0,
				"axis": "y",
				"origin": [8, 6.79359, -4.6492]
			},
			"faces": {
				"north": {
					"uv": [9, 4.75, 9.4375, 5.03125],
					"texture": "#0"
				},
				"east": {
					"uv": [10.125, 10.125, 10.4375, 10.40625],
					"texture": "#0"
				},
				"south": {
					"uv": [6.75, 9, 7.1875, 9.28125],
					"texture": "#0"
				},
				"west": {
					"uv": [0, 10.25, 0.3125, 10.53125],
					"texture": "#0"
				},
				"up": {
					"uv": [4.4375, 9.0625, 4, 8.75],
					"texture": "#0"
				},
				"down": {
					"uv": [9.1875, 6.75, 8.75, 7.0625],
					"texture": "#0"
				}
			}
		},
		{
			"from": [6.77551, 9.73237, 12.00386],
			"to": [9.22449, 10.28927, 12.98345],
			"rotation": {
				"angle": 0,
				"axis": "y",
				"origin": [8, 6.79359, -4.6492]
			},
			"faces": {
				"north": {
					"uv": [13.375, 1.125, 13.6875, 1.1875],
					"texture": "#0"
				},
				"east": {
					"uv": [14.125, 2.25, 14.25, 2.3125],
					"texture": "#0"
				},
				"south": {
					"uv": [13.375, 1.375, 13.6875, 1.4375],
					"texture": "#0"
				},
				"west": {
					"uv": [14.125, 2.375, 14.25, 2.4375],
					"texture": "#0"
				},
				"up": {
					"uv": [9.3125, 12.25, 9, 12.125],
					"texture": "#0"
				},
				"down": {
					"uv": [12.3125, 12.125, 12, 12.25],
					"texture": "#0"
				}
			}
		},
		{
			"from": [6.77551, 16.25591, 7.88764],
			"to": [9.22449, 16.74571, 10.27295],
			"rotation": {
				"angle": 22.5,
				"axis": "x",
				"origin": [8, 6.70489, -4.60216]
			},
			"faces": {
				"north": {
					"uv": [13.375, 1.5, 13.6875, 1.5625],
					"texture": "#0"
				},
				"east": {
					"uv": [13.375, 1.625, 13.6875, 1.6875],
					"texture": "#0"
				},
				"south": {
					"uv": [13.375, 1.75, 13.6875, 1.8125],
					"texture": "#0"
				},
				"west": {
					"uv": [13.375, 1.875, 13.6875, 1.9375],
					"texture": "#0"
				},
				"up": {
					"uv": [0.3125, 10.1875, 0, 9.875],
					"texture": "#0"
				},
				"down": {
					"uv": [0.6875, 9.875, 0.375, 10.1875],
					"texture": "#0"
				}
			}
		},
		{
			"from": [6.78781, 5.58141, 7.59569],
			"to": [9.21219, 8.00578, 10.53447],
			"rotation": {
				"angle": 45,
				"axis": "z",
				"origin": [8, 6.79359, -4.6492]
			},
			"faces": {
				"north": {
					"uv": [9.875, 0.75, 10.1875, 1.0625],
					"texture": "#0"
				},
				"east": {
					"uv": [0, 9.25, 0.375, 9.5625],
					"texture": "#0"
				},
				"south": {
					"uv": [9.875, 2.25, 10.1875, 2.5625],
					"texture": "#0"
				},
				"west": {
					"uv": [9.25, 0, 9.625, 0.3125],
					"texture": "#0"
				},
				"up": {
					"uv": [0.6875, 9.625, 0.375, 9.25],
					"texture": "#0"
				},
				"down": {
					"uv": [9.5625, 0.375, 9.25, 0.75],
					"texture": "#0"
				}
			}
		},
		{
			"from": [7.30732, 6.10091, 10.53349],
			"to": [9.73169, 8.52529, 12.98247],
			"rotation": {
				"angle": 45,
				"axis": "z",
				"origin": [8, 6.79359, -4.6492]
			},
			"faces": {
				"north": {
					"uv": [9.875, 2.625, 10.1875, 2.9375],
					"texture": "#0"
				},
				"east": {
					"uv": [9.875, 3, 10.1875, 3.3125],
					"texture": "#0"
				},
				"south": {
					"uv": [8.25, 9.875, 8.5625, 10.1875],
					"texture": "#0"
				},
				"west": {
					"uv": [8.625, 9.875, 8.9375, 10.1875],
					"texture": "#0"
				},
				"up": {
					"uv": [10.1875, 8.9375, 9.875, 8.625],
					"texture": "#0"
				},
				"down": {
					"uv": [10.1875, 9, 9.875, 9.3125],
					"texture": "#0"
				}
			}
		},
		{
			"from": [6.28571, 7.52829, 4.16712],
			"to": [9.71429, 9.48747, 7.59569],
			"rotation": {
				"angle": 0,
				"axis": "y",
				"origin": [8, 6.79359, -5.6288]
			},
			"faces": {
				"north": {
					"uv": [9.5, 6.5, 9.9375, 6.75],
					"texture": "#0"
				},
				"east": {
					"uv": [9.375, 9.5, 9.8125, 9.75],
					"texture": "#0"
				},
				"south": {
					"uv": [0, 9.625, 0.4375, 9.875],
					"texture": "#0"
				},
				"west": {
					"uv": [9.625, 0, 10.0625, 0.25],
					"texture": "#0"
				},
				"up": {
					"uv": [7.3125, 6.9375, 6.875, 6.5],
					"texture": "#0"
				},
				"down": {
					"uv": [7.4375, 0, 7, 0.4375],
					"texture": "#0"
				}
			}
		},
		{
			"from": [6.77551, 9.48747, 4.16712],
			"to": [9.22449, 10.22216, 7.1059],
			"rotation": {
				"angle": 0,
				"axis": "y",
				"origin": [8, 6.79359, -5.6288]
			},
			"faces": {
				"north": {
					"uv": [12.625, 4.5, 12.9375, 4.59375],
					"texture": "#0"
				},
				"east": {
					"uv": [12.375, 3.25, 12.75, 3.34375],
					"texture": "#0"
				},
				"south": {
					"uv": [12.625, 4.75, 12.9375, 4.84375],
					"texture": "#0"
				},
				"west": {
					"uv": [4.125, 12.375, 4.5, 12.46875],
					"texture": "#0"
				},
				"up": {
					"uv": [9.5625, 1.625, 9.25, 1.25],
					"texture": "#0"
				},
				"down": {
					"uv": [9.5625, 2.375, 9.25, 2.75],
					"texture": "#0"
				}
			}
		},
		{
			"from": [7.30732, 6.10091, 4.1681],
			"to": [9.73169, 8.52529, 7.59667],
			"rotation": {
				"angle": 45,
				"axis": "z",
				"origin": [8, 6.79359, -5.6288]
			},
			"faces": {
				"north": {
					"uv": [9.875, 9.375, 10.1875, 9.6875],
					"texture": "#0"
				},
				"east": {
					"uv": [8.75, 7.5, 9.1875, 7.8125],
					"texture": "#0"
				},
				"south": {
					"uv": [9.875, 9.75, 10.1875, 10.0625],
					"texture": "#0"
				},
				"west": {
					"uv": [0, 8.875, 0.4375, 9.1875],
					"texture": "#0"
				},
				"up": {
					"uv": [5.8125, 9.0625, 5.5, 8.625],
					"texture": "#0"
				},
				"down": {
					"uv": [7.5625, 8.625, 7.25, 9.0625],
					"texture": "#0"
				}
			}
		}
	]
}