{
	"textures": {
		"1": "animated_java:item/valk_aj/fire"
	},
	"display": {
		"head": {
			"rotation": [0, 180, 0]
		}
	},
	"elements": [
		{
			"from": [8, 5.6, 8],
			"to": [8, 10.4, 32],
			"rotation": {
				"angle": -45,
				"axis": "z",
				"origin": [8, 8, 8]
			},
			"faces": {
				"east": {
					"uv": [7, 0, 9, 10],
					"rotation": 90,
					"texture": "#1"
				},
				"west": {
					"uv": [7, 10, 9, 0],
					"rotation": 90,
					"texture": "#1"
				}
			}
		},
		{
			"from": [8, 5.6, 8],
			"to": [8, 10.4, 32],
			"rotation": {
				"angle": 45,
				"axis": "z",
				"origin": [8, 8, 8]
			},
			"faces": {
				"east": {
					"uv": [7, 0, 9, 10],
					"rotation": 90,
					"texture": "#1"
				},
				"west": {
					"uv": [7, 10, 9, 0],
					"rotation": 90,
					"texture": "#1"
				}
			}
		}
	]
}