{
	"textures": {
		"0": "animated_java:item/valk_aj/main"
	},
	"display": {
		"head": {
			"rotation": [0, 180, 0]
		}
	},
	"elements": [
		{
			"from": [7.74266, 7.63878, 2.24053],
			"to": [8.24464, 8.99686, 2.79382],
			"rotation": {
				"angle": 22.5,
				"axis": "x",
				"origin": [10.00511, -4.7348, 6.51595]
			},
			"faces": {
				"north": {
					"uv": [4.875, 12, 5, 12.34375],
					"texture": "#0"
				},
				"east": {
					"uv": [5, 12, 5.125, 12.34375],
					"texture": "#0"
				},
				"south": {
					"uv": [5.375, 12, 5.5, 12.34375],
					"texture": "#0"
				},
				"west": {
					"uv": [5.5, 12, 5.625, 12.34375],
					"texture": "#0"
				},
				"up": {
					"uv": [6.5, 10.5, 6.375, 10.375],
					"texture": "#0"
				},
				"down": {
					"uv": [10.5, 6.375, 10.375, 6.5],
					"texture": "#0"
				}
			}
		},
		{
			"from": [7.74216, 7.61924, 9.56005],
			"to": [8.24515, 8.12223, 13.58398],
			"rotation": {
				"angle": -22.5,
				"axis": "x",
				"origin": [10.00562, -4.70404, 6.5421]
			},
			"faces": {
				"north": {
					"uv": [4.125, 10.5, 4.25, 10.625],
					"texture": "#0"
				},
				"east": {
					"uv": [4.375, 2.875, 5.375, 3],
					"texture": "#0"
				},
				"south": {
					"uv": [9, 10.75, 9.125, 10.875],
					"texture": "#0"
				},
				"west": {
					"uv": [8.25, 3, 9.25, 3.125],
					"texture": "#0"
				},
				"up": {
					"uv": [3.75, 10, 3.625, 9],
					"texture": "#0"
				},
				"down": {
					"uv": [3.875, 9, 3.75, 10],
					"texture": "#0"
				}
			}
		},
		{
			"from": [7.74216, 7.51864, 9.56005],
			"to": [8.24515, 7.61924, 9.68579],
			"rotation": {
				"angle": -22.5,
				"axis": "x",
				"origin": [10.00562, -4.70404, 6.5421]
			},
			"faces": {
				"north": {
					"uv": [14.375, 6.5, 14.5, 6.53125],
					"texture": "#0"
				},
				"east": {
					"uv": [11.625, 14.5, 11.65625, 14.53125],
					"texture": "#0"
				},
				"south": {
					"uv": [6.625, 14.375, 6.75, 14.40625],
					"texture": "#0"
				},
				"west": {
					"uv": [14.5, 11.625, 14.53125, 11.65625],
					"texture": "#0"
				},
				"up": {
					"uv": [14.5, 6.65625, 14.375, 6.625],
					"texture": "#0"
				},
				"down": {
					"uv": [6.875, 14.375, 6.75, 14.40625],
					"texture": "#0"
				}
			}
		},
		{
			"from": [7.74216, 6.9905, 10.94327],
			"to": [8.24515, 7.61924, 12.82949],
			"rotation": {
				"angle": -22.5,
				"axis": "x",
				"origin": [10.00562, -4.70404, 6.5421]
			},
			"faces": {
				"north": {
					"uv": [13.375, 4, 13.5, 4.15625],
					"texture": "#0"
				},
				"east": {
					"uv": [8.5, 10.625, 8.96875, 10.78125],
					"texture": "#0"
				},
				"south": {
					"uv": [4.125, 13.375, 4.25, 13.53125],
					"texture": "#0"
				},
				"west": {
					"uv": [10.625, 8.625, 11.09375, 8.78125],
					"texture": "#0"
				},
				"up": {
					"uv": [1.625, 7.96875, 1.5, 7.5],
					"texture": "#0"
				},
				"down": {
					"uv": [2, 8.375, 1.875, 8.84375],
					"texture": "#0"
				}
			}
		},
		{
			"from": [7.74165, 7.74316, 4.6529],
			"to": [8.24565, 8.37373, 7.92533],
			"rotation": {
				"angle": 0,
				"axis": "y",
				"origin": [10.00562, -4.70404, 6.5421]
			},
			"faces": {
				"north": {
					"uv": [13.375, 4.25, 13.5, 4.40625],
					"texture": "#0"
				},
				"east": {
					"uv": [8.875, 4.5, 9.6875, 4.65625],
					"texture": "#0"
				},
				"south": {
					"uv": [13.375, 4.5, 13.5, 4.65625],
					"texture": "#0"
				},
				"west": {
					"uv": [8.875, 5.25, 9.6875, 5.40625],
					"texture": "#0"
				},
				"up": {
					"uv": [4.875, 6.8125, 4.75, 6],
					"texture": "#0"
				},
				"down": {
					"uv": [5.375, 9.75, 5.25, 10.5625],
					"texture": "#0"
				}
			}
		},
		{
			"from": [7.67979, 8.01967, 3.28909],
			"to": [8.30752, 8.52266, 3.66633],
			"rotation": {
				"angle": 22.5,
				"axis": "x",
				"origin": [10.00562, -3.54912, 7.06152]
			},
			"faces": {
				"north": {
					"uv": [13.375, 4.875, 13.53125, 5],
					"texture": "#0"
				},
				"east": {
					"uv": [9.5, 13.875, 9.59375, 14],
					"texture": "#0"
				},
				"south": {
					"uv": [13.375, 5.125, 13.53125, 5.25],
					"texture": "#0"
				},
				"west": {
					"uv": [13.875, 9.5, 13.96875, 9.625],
					"texture": "#0"
				},
				"up": {
					"uv": [13.90625, 2.96875, 13.75, 2.875],
					"texture": "#0"
				},
				"down": {
					"uv": [13.90625, 3, 13.75, 3.09375],
					"texture": "#0"
				}
			}
		},
		{
			"from": [7.67928, 6.23602, 13.33248],
			"to": [8.30802, 7.36775, 14.71571],
			"rotation": {
				"angle": -22.5,
				"axis": "x",
				"origin": [10.00562, -4.70404, 6.5421]
			},
			"faces": {
				"north": {
					"uv": [0.5, 12, 0.65625, 12.28125],
					"texture": "#0"
				},
				"east": {
					"uv": [10, 5.75, 10.34375, 6.03125],
					"texture": "#0"
				},
				"south": {
					"uv": [0.875, 12, 1.03125, 12.28125],
					"texture": "#0"
				},
				"west": {
					"uv": [10, 6.125, 10.34375, 6.40625],
					"texture": "#0"
				},
				"up": {
					"uv": [11.78125, 0.71875, 11.625, 0.375],
					"texture": "#0"
				},
				"down": {
					"uv": [1.53125, 11.625, 1.375, 11.96875],
					"texture": "#0"
				}
			}
		},
		{
			"from": [7.55354, 4.60129, 16.35043],
			"to": [8.43377, 6.9905, 18.48814],
			"rotation": {
				"angle": -22.5,
				"axis": "x",
				"origin": [10.00562, -4.70404, 6.5421]
			},
			"faces": {
				"north": {
					"uv": [6.5, 8.875, 6.71875, 9.46875],
					"texture": "#0"
				},
				"east": {
					"uv": [2, 4.5, 2.53125, 5.09375],
					"texture": "#0"
				},
				"south": {
					"uv": [0.75, 9, 0.96875, 9.59375],
					"texture": "#0"
				},
				"west": {
					"uv": [4.75, 0.75, 5.28125, 1.34375],
					"texture": "#0"
				},
				"up": {
					"uv": [2.84375, 9.65625, 2.625, 9.125],
					"texture": "#0"
				},
				"down": {
					"uv": [4.46875, 9.125, 4.25, 9.65625],
					"texture": "#0"
				}
			}
		},
		{
			"from": [16.29301, 3.59531, 11.44576],
			"to": [17.67623, 4.97854, 13.70922],
			"rotation": {
				"angle": 45,
				"axis": "z",
				"origin": [7.99365, -4.70404, 6.5421]
			},
			"faces": {
				"north": {
					"uv": [9.125, 3.625, 9.46875, 3.96875],
					"texture": "#0"
				},
				"east": {
					"uv": [6.625, 5.375, 7.1875, 5.71875],
					"texture": "#0"
				},
				"south": {
					"uv": [3.875, 9.125, 4.21875, 9.46875],
					"texture": "#0"
				},
				"west": {
					"uv": [6.75, 4.25, 7.3125, 4.59375],
					"texture": "#0"
				},
				"up": {
					"uv": [1.21875, 7.4375, 0.875, 6.875],
					"texture": "#0"
				},
				"down": {
					"uv": [1.59375, 6.875, 1.25, 7.4375],
					"texture": "#0"
				}
			}
		},
		{
			"from": [16.41875, 3.72106, 9.93679],
			"to": [17.55048, 4.85279, 11.44576],
			"rotation": {
				"angle": 45,
				"axis": "z",
				"origin": [7.99365, -4.70404, 6.5421]
			},
			"faces": {
				"north": {
					"uv": [5.875, 10.5, 6.15625, 10.78125],
					"texture": "#0"
				},
				"east": {
					"uv": [9.625, 7.5, 10, 7.78125],
					"texture": "#0"
				},
				"south": {
					"uv": [6.375, 10.5, 6.65625, 10.78125],
					"texture": "#0"
				},
				"west": {
					"uv": [9.625, 7.875, 10, 8.15625],
					"texture": "#0"
				},
				"up": {
					"uv": [9.90625, 8.625, 9.625, 8.25],
					"texture": "#0"
				},
				"down": {
					"uv": [9.28125, 9.625, 9, 10],
					"texture": "#0"
				}
			}
		},
		{
			"from": [16.5445, 3.84681, 7.92482],
			"to": [17.42474, 4.72704, 9.93679],
			"rotation": {
				"angle": 45,
				"axis": "z",
				"origin": [7.99365, -4.70404, 6.5421]
			},
			"faces": {
				"north": {
					"uv": [11.875, 0, 12.09375, 0.21875],
					"texture": "#0"
				},
				"east": {
					"uv": [9.625, 0.25, 10.125, 0.46875],
					"texture": "#0"
				},
				"south": {
					"uv": [11.875, 0.25, 12.09375, 0.46875],
					"texture": "#0"
				},
				"west": {
					"uv": [0.5, 9.625, 1, 9.84375],
					"texture": "#0"
				},
				"up": {
					"uv": [9.84375, 2.875, 9.625, 2.375],
					"texture": "#0"
				},
				"down": {
					"uv": [9.84375, 2.875, 9.625, 3.375],
					"texture": "#0"
				}
			}
		},
		{
			"from": [7.61641, 5.23003, 18.48814],
			"to": [8.3709, 6.73901, 20.62585],
			"rotation": {
				"angle": -22.5,
				"axis": "x",
				"origin": [10.00562, -4.70404, 6.5421]
			},
			"faces": {
				"north": {
					"uv": [1.625, 10.875, 1.8125, 11.25],
					"texture": "#0"
				},
				"east": {
					"uv": [6.625, 1.375, 7.15625, 1.75],
					"texture": "#0"
				},
				"south": {
					"uv": [2, 10.875, 2.1875, 11.25],
					"texture": "#0"
				},
				"west": {
					"uv": [6.625, 5, 7.15625, 5.375],
					"texture": "#0"
				},
				"up": {
					"uv": [9.5625, 10.28125, 9.375, 9.75],
					"texture": "#0"
				},
				"down": {
					"uv": [9.8125, 9.75, 9.625, 10.28125],
					"texture": "#0"
				}
			}
		},
		{
			"from": [7.61641, 4.85279, 19.49412],
			"to": [8.3709, 5.23003, 20.37436],
			"rotation": {
				"angle": -22.5,
				"axis": "x",
				"origin": [10.00562, -4.70404, 6.5421]
			},
			"faces": {
				"north": {
					"uv": [13.5, 10.375, 13.6875, 10.46875],
					"texture": "#0"
				},
				"east": {
					"uv": [10, 13.25, 10.21875, 13.34375],
					"texture": "#0"
				},
				"south": {
					"uv": [13.5, 11, 13.6875, 11.09375],
					"texture": "#0"
				},
				"west": {
					"uv": [13.25, 10, 13.46875, 10.09375],
					"texture": "#0"
				},
				"up": {
					"uv": [11.9375, 12.21875, 11.75, 12],
					"texture": "#0"
				},
				"down": {
					"uv": [12.1875, 11.75, 12, 11.96875],
					"texture": "#0"
				}
			}
		},
		{
			"from": [16.16726, 3.46956, 13.70922],
			"to": [16.41875, 4.97854, 16.34992],
			"rotation": {
				"angle": 45,
				"axis": "z",
				"origin": [7.99365, -4.70404, 6.5421]
			},
			"faces": {
				"north": {
					"uv": [13, 12.25, 13.0625, 12.625],
					"texture": "#0"
				},
				"east": {
					"uv": [5.875, 5.625, 6.53125, 6],
					"texture": "#0"
				},
				"south": {
					"uv": [13, 12.625, 13.0625, 13],
					"texture": "#0"
				},
				"west": {
					"uv": [4, 6, 4.65625, 6.375],
					"texture": "#0"
				},
				"up": {
					"uv": [9.8125, 12.65625, 9.75, 12],
					"texture": "#0"
				},
				"down": {
					"uv": [10.6875, 12, 10.625, 12.65625],
					"texture": "#0"
				}
			}
		},
		{
			"from": [16.41875, 3.72106, 15.09245],
			"to": [16.67025, 4.85279, 16.09843],
			"rotation": {
				"angle": 45,
				"axis": "z",
				"origin": [7.99365, -4.70404, 6.5421]
			},
			"faces": {
				"north": {
					"uv": [13.5, 11.375, 13.5625, 11.65625],
					"texture": "#0"
				},
				"east": {
					"uv": [10.875, 2.25, 11.125, 2.53125],
					"texture": "#0"
				},
				"south": {
					"uv": [11.625, 13.5, 11.6875, 13.78125],
					"texture": "#0"
				},
				"west": {
					"uv": [2.625, 10.875, 2.875, 11.15625],
					"texture": "#0"
				},
				"up": {
					"uv": [9.5625, 13.875, 9.5, 13.625],
					"texture": "#0"
				},
				"down": {
					"uv": [10.5625, 13.625, 10.5, 13.875],
					"texture": "#0"
				}
			}
		},
		{
			"from": [16.67025, 3.72106, 15.09245],
			"to": [17.55048, 3.97256, 16.09843],
			"rotation": {
				"angle": 45,
				"axis": "z",
				"origin": [7.99365, -4.70404, 6.5421]
			},
			"faces": {
				"north": {
					"uv": [13.75, 11.875, 13.96875, 11.9375],
					"texture": "#0"
				},
				"east": {
					"uv": [13.625, 9.875, 13.875, 9.9375],
					"texture": "#0"
				},
				"south": {
					"uv": [13.75, 12, 13.96875, 12.0625],
					"texture": "#0"
				},
				"west": {
					"uv": [10.625, 13.625, 10.875, 13.6875],
					"texture": "#0"
				},
				"up": {
					"uv": [3.71875, 11.75, 3.5, 11.5],
					"texture": "#0"
				},
				"down": {
					"uv": [4.09375, 11.5, 3.875, 11.75],
					"texture": "#0"
				}
			}
		},
		{
			"from": [16.67025, 3.84681, 15.09295],
			"to": [17.67623, 4.97854, 15.84744],
			"rotation": {
				"angle": 45,
				"axis": "z",
				"origin": [7.99365, -4.70404, 6.5421]
			},
			"faces": {
				"north": {
					"uv": [10.875, 3.625, 11.125, 3.90625],
					"texture": "#0"
				},
				"east": {
					"uv": [1.875, 11.625, 2.0625, 11.90625],
					"texture": "#0"
				},
				"south": {
					"uv": [3.875, 10.875, 4.125, 11.15625],
					"texture": "#0"
				},
				"west": {
					"uv": [11.625, 1.875, 11.8125, 2.15625],
					"texture": "#0"
				},
				"up": {
					"uv": [12.125, 6.8125, 11.875, 6.625],
					"texture": "#0"
				},
				"down": {
					"uv": [12.125, 6.875, 11.875, 7.0625],
					"texture": "#0"
				}
			}
		},
		{
			"from": [16.16726, 4.97854, 13.70922],
			"to": [16.67025, 5.10429, 16.34992],
			"rotation": {
				"angle": 45,
				"axis": "z",
				"origin": [7.99365, -4.70404, 6.5421]
			},
			"faces": {
				"north": {
					"uv": [14.375, 6.75, 14.5, 6.78125],
					"texture": "#0"
				},
				"east": {
					"uv": [13.25, 10.5, 13.90625, 10.53125],
					"texture": "#0"
				},
				"south": {
					"uv": [6.875, 14.375, 7, 14.40625],
					"texture": "#0"
				},
				"west": {
					"uv": [13.25, 10.625, 13.90625, 10.65625],
					"texture": "#0"
				},
				"up": {
					"uv": [5.125, 11.03125, 5, 10.375],
					"texture": "#0"
				},
				"down": {
					"uv": [5.25, 10.375, 5.125, 11.03125],
					"texture": "#0"
				}
			}
		},
		{
			"from": [16.41875, 3.46956, 13.70922],
			"to": [17.67623, 3.72106, 16.34992],
			"rotation": {
				"angle": 45,
				"axis": "z",
				"origin": [7.99365, -4.70404, 6.5421]
			},
			"faces": {
				"north": {
					"uv": [13.375, 5.375, 13.6875, 5.4375],
					"texture": "#0"
				},
				"east": {
					"uv": [12, 9.125, 12.65625, 9.1875],
					"texture": "#0"
				},
				"south": {
					"uv": [13.375, 5.5, 13.6875, 5.5625],
					"texture": "#0"
				},
				"west": {
					"uv": [12, 12, 12.65625, 12.0625],
					"texture": "#0"
				},
				"up": {
					"uv": [6.6875, 3.28125, 6.375, 2.625],
					"texture": "#0"
				},
				"down": {
					"uv": [4.3125, 6.375, 4, 7.03125],
					"texture": "#0"
				}
			}
		},
		{
			"from": [17.67623, 3.46956, 13.70922],
			"to": [17.80198, 3.97256, 16.34992],
			"rotation": {
				"angle": 45,
				"axis": "z",
				"origin": [7.99365, -4.70404, 6.5421]
			},
			"faces": {
				"north": {
					"uv": [14.375, 6.875, 14.40625, 7],
					"texture": "#0"
				},
				"east": {
					"uv": [10.375, 1.875, 11.03125, 2],
					"texture": "#0"
				},
				"south": {
					"uv": [7, 14.375, 7.03125, 14.5],
					"texture": "#0"
				},
				"west": {
					"uv": [10.375, 5.75, 11.03125, 5.875],
					"texture": "#0"
				},
				"up": {
					"uv": [10.28125, 13.90625, 10.25, 13.25],
					"texture": "#0"
				},
				"down": {
					"uv": [10.40625, 13.25, 10.375, 13.90625],
					"texture": "#0"
				}
			}
		},
		{
			"from": [7.61641, 3.84681, 20.37436],
			"to": [7.74216, 5.23003, 24.14679],
			"rotation": {
				"angle": -22.5,
				"axis": "x",
				"origin": [10.00562, -4.70404, 6.5421]
			},
			"faces": {
				"north": {
					"uv": [14, 0.75, 14.03125, 1.09375],
					"texture": "#0"
				},
				"east": {
					"uv": [4.25, 3.375, 5.1875, 3.71875],
					"texture": "#0"
				},
				"south": {
					"uv": [1.125, 14, 1.15625, 14.34375],
					"texture": "#0"
				},
				"west": {
					"uv": [4.375, 0, 5.3125, 0.34375],
					"texture": "#0"
				},
				"up": {
					"uv": [9.28125, 13.5625, 9.25, 12.625],
					"texture": "#0"
				},
				"down": {
					"uv": [9.40625, 12.625, 9.375, 13.5625],
					"texture": "#0"
				}
			}
		},
		{
			"from": [8.24515, 3.84681, 20.37436],
			"to": [8.3709, 5.23003, 24.14679],
			"rotation": {
				"angle": -22.5,
				"axis": "x",
				"origin": [10.00562, -4.70404, 6.5421]
			},
			"faces": {
				"north": {
					"uv": [14, 1.125, 14.03125, 1.46875],
					"texture": "#0"
				},
				"east": {
					"uv": [4.375, 0.375, 5.3125, 0.71875],
					"texture": "#0"
				},
				"south": {
					"uv": [1.25, 14, 1.28125, 14.34375],
					"texture": "#0"
				},
				"west": {
					"uv": [4.375, 2.5, 5.3125, 2.84375],
					"texture": "#0"
				},
				"up": {
					"uv": [9.53125, 13.5625, 9.5, 12.625],
					"texture": "#0"
				},
				"down": {
					"uv": [12.65625, 9.875, 12.625, 10.8125],
					"texture": "#0"
				}
			}
		},
		{
			"from": [7.74216, 4.0983, 19.49412],
			"to": [8.24515, 5.23003, 24.14679],
			"rotation": {
				"angle": -22.5,
				"axis": "x",
				"origin": [10.00562, -4.70404, 6.5421]
			},
			"faces": {
				"north": {
					"uv": [6.875, 12.375, 7, 12.65625],
					"texture": "#0"
				},
				"east": {
					"uv": [3.875, 4, 5.03125, 4.28125],
					"texture": "#0"
				},
				"south": {
					"uv": [7.25, 12.375, 7.375, 12.65625],
					"texture": "#0"
				},
				"west": {
					"uv": [4.25, 3, 5.40625, 3.28125],
					"texture": "#0"
				},
				"up": {
					"uv": [6.5, 9.28125, 6.375, 8.125],
					"texture": "#0"
				},
				"down": {
					"uv": [7.75, 8.125, 7.625, 9.28125],
					"texture": "#0"
				}
			}
		},
		{
			"from": [7.61641, 7.74499, 13.70972],
			"to": [7.8679, 9.37971, 16.35043],
			"rotation": {
				"angle": -22.5,
				"axis": "z",
				"origin": [7.99365, 9.37971, 6.5421]
			},
			"faces": {
				"north": {
					"uv": [6.125, 12.875, 6.1875, 13.28125],
					"texture": "#0"
				},
				"east": {
					"uv": [5.25, 4.625, 5.90625, 5.03125],
					"texture": "#0"
				},
				"south": {
					"uv": [6.375, 12.875, 6.4375, 13.28125],
					"texture": "#0"
				},
				"west": {
					"uv": [5.25, 5.125, 5.90625, 5.53125],
					"texture": "#0"
				},
				"up": {
					"uv": [12.1875, 0.65625, 12.125, 0],
					"texture": "#0"
				},
				"down": {
					"uv": [1.1875, 12.125, 1.125, 12.78125],
					"texture": "#0"
				}
			}
		},
		{
			"from": [7.8679, 7.74499, 13.70972],
			"to": [8.1194, 8.87672, 16.09893],
			"rotation": {
				"angle": -22.5,
				"axis": "z",
				"origin": [7.99365, 9.37971, 6.5421]
			},
			"faces": {
				"north": {
					"uv": [12.375, 13.5, 12.4375, 13.78125],
					"texture": "#0"
				},
				"east": {
					"uv": [7.5, 6, 8.09375, 6.28125],
					"texture": "#0"
				},
				"south": {
					"uv": [13.5, 13, 13.5625, 13.28125],
					"texture": "#0"
				},
				"west": {
					"uv": [6.875, 7.5, 7.46875, 7.78125],
					"texture": "#0"
				},
				"up": {
					"uv": [0.0625, 12.96875, 0, 12.375],
					"texture": "#0"
				},
				"down": {
					"uv": [0.1875, 12.375, 0.125, 12.96875],
					"texture": "#0"
				}
			}
		},
		{
			"from": [8.1194, 7.74499, 13.70972],
			"to": [8.3709, 9.37971, 16.35043],
			"rotation": {
				"angle": 22.5,
				"axis": "z",
				"origin": [7.99365, 9.37971, 6.5421]
			},
			"faces": {
				"north": {
					"uv": [6.5, 12.875, 6.5625, 13.28125],
					"texture": "#0"
				},
				"east": {
					"uv": [5.375, 0, 6.03125, 0.40625],
					"texture": "#0"
				},
				"south": {
					"uv": [7.625, 12.875, 7.6875, 13.28125],
					"texture": "#0"
				},
				"west": {
					"uv": [5.375, 0.5, 6.03125, 0.90625],
					"texture": "#0"
				},
				"up": {
					"uv": [12.1875, 2.15625, 12.125, 1.5],
					"texture": "#0"
				},
				"down": {
					"uv": [12.1875, 2.25, 12.125, 2.90625],
					"texture": "#0"
				}
			}
		},
		{
			"from": [7.8679, 7.74499, 13.70972],
			"to": [8.1194, 8.87672, 16.09893],
			"rotation": {
				"angle": 22.5,
				"axis": "z",
				"origin": [7.99365, 9.37971, 6.5421]
			},
			"faces": {
				"north": {
					"uv": [13.5, 13.375, 13.5625, 13.65625],
					"texture": "#0"
				},
				"east": {
					"uv": [7.5, 7.5, 8.09375, 7.78125],
					"texture": "#0"
				},
				"south": {
					"uv": [13.625, 0, 13.6875, 0.28125],
					"texture": "#0"
				},
				"west": {
					"uv": [7.625, 1, 8.21875, 1.28125],
					"texture": "#0"
				},
				"up": {
					"uv": [0.3125, 12.96875, 0.25, 12.375],
					"texture": "#0"
				},
				"down": {
					"uv": [0.4375, 12.375, 0.375, 12.96875],
					"texture": "#0"
				}
			}
		},
		{
			"from": [7.74216, 7.74499, 11.44626],
			"to": [7.99365, 9.37971, 13.83547],
			"rotation": {
				"angle": -22.5,
				"axis": "z",
				"origin": [7.99365, 9.37971, 6.5421]
			},
			"faces": {
				"north": {
					"uv": [7.75, 12.875, 7.8125, 13.28125],
					"texture": "#0"
				},
				"east": {
					"uv": [6, 5, 6.59375, 5.40625],
					"texture": "#0"
				},
				"south": {
					"uv": [7.875, 12.875, 7.9375, 13.28125],
					"texture": "#0"
				},
				"west": {
					"uv": [5.875, 6, 6.46875, 6.40625],
					"texture": "#0"
				},
				"up": {
					"uv": [0.5625, 12.96875, 0.5, 12.375],
					"texture": "#0"
				},
				"down": {
					"uv": [0.6875, 12.375, 0.625, 12.96875],
					"texture": "#0"
				}
			}
		},
		{
			"from": [7.99365, 7.74499, 11.44626],
			"to": [8.24515, 9.37971, 13.83547],
			"rotation": {
				"angle": 22.5,
				"axis": "z",
				"origin": [7.99365, 9.37971, 6.5421]
			},
			"faces": {
				"north": {
					"uv": [8.125, 12.875, 8.1875, 13.28125],
					"texture": "#0"
				},
				"east": {
					"uv": [6.125, 0, 6.71875, 0.40625],
					"texture": "#0"
				},
				"south": {
					"uv": [12.875, 9, 12.9375, 9.40625],
					"texture": "#0"
				},
				"west": {
					"uv": [6.125, 0.5, 6.71875, 0.90625],
					"texture": "#0"
				},
				"up": {
					"uv": [12.4375, 1.34375, 12.375, 0.75],
					"texture": "#0"
				},
				"down": {
					"uv": [0.9375, 12.375, 0.875, 12.96875],
					"texture": "#0"
				}
			}
		},
		{
			"from": [7.8679, 7.87074, 9.93729],
			"to": [8.1194, 9.37971, 11.44626],
			"rotation": {
				"angle": 22.5,
				"axis": "z",
				"origin": [7.99365, 9.37971, 6.5421]
			},
			"faces": {
				"north": {
					"uv": [12.75, 13, 12.8125, 13.375],
					"texture": "#0"
				},
				"east": {
					"uv": [4.75, 8.5, 5.125, 8.875],
					"texture": "#0"
				},
				"south": {
					"uv": [13, 13, 13.0625, 13.375],
					"texture": "#0"
				},
				"west": {
					"uv": [5.125, 8.5, 5.5, 8.875],
					"texture": "#0"
				},
				"up": {
					"uv": [13.1875, 0.625, 13.125, 0.25],
					"texture": "#0"
				},
				"down": {
					"uv": [1.4375, 13.125, 1.375, 13.5],
					"texture": "#0"
				}
			}
		},
		{
			"from": [7.74216, 7.87074, 7.92533],
			"to": [7.99365, 8.75097, 9.93729],
			"rotation": {
				"angle": 22.5,
				"axis": "z",
				"origin": [7.99365, 9.37971, 6.5421]
			},
			"faces": {
				"north": {
					"uv": [11.5, 13.75, 11.5625, 13.96875],
					"texture": "#0"
				},
				"east": {
					"uv": [9.625, 0.5, 10.125, 0.71875],
					"texture": "#0"
				},
				"south": {
					"uv": [11.75, 13.75, 11.8125, 13.96875],
					"texture": "#0"
				},
				"west": {
					"uv": [9.625, 1.25, 10.125, 1.46875],
					"texture": "#0"
				},
				"up": {
					"uv": [10.3125, 13, 10.25, 12.5],
					"texture": "#0"
				},
				"down": {
					"uv": [10.4375, 12.5, 10.375, 13],
					"texture": "#0"
				}
			}
		},
		{
			"from": [7.8679, 7.87074, 9.93729],
			"to": [8.1194, 9.37971, 11.44626],
			"rotation": {
				"angle": -22.5,
				"axis": "z",
				"origin": [7.99365, 9.37971, 6.5421]
			},
			"faces": {
				"north": {
					"uv": [4.375, 13.125, 4.4375, 13.5],
					"texture": "#0"
				},
				"east": {
					"uv": [8.5, 5.25, 8.875, 5.625],
					"texture": "#0"
				},
				"south": {
					"uv": [13.125, 6.5, 13.1875, 6.875],
					"texture": "#0"
				},
				"west": {
					"uv": [8.25, 8.5, 8.625, 8.875],
					"texture": "#0"
				},
				"up": {
					"uv": [6.8125, 13.5, 6.75, 13.125],
					"texture": "#0"
				},
				"down": {
					"uv": [7.1875, 13.125, 7.125, 13.5],
					"texture": "#0"
				}
			}
		},
		{
			"from": [7.99365, 7.87074, 7.92533],
			"to": [8.24515, 8.75097, 9.93729],
			"rotation": {
				"angle": -22.5,
				"axis": "z",
				"origin": [7.99365, 9.37971, 6.5421]
			},
			"faces": {
				"north": {
					"uv": [13.75, 12.125, 13.8125, 12.34375],
					"texture": "#0"
				},
				"east": {
					"uv": [9.625, 3.375, 10.125, 3.59375],
					"texture": "#0"
				},
				"south": {
					"uv": [13.75, 12.375, 13.8125, 12.59375],
					"texture": "#0"
				},
				"west": {
					"uv": [9.625, 5.5, 10.125, 5.71875],
					"texture": "#0"
				},
				"up": {
					"uv": [10.5625, 13, 10.5, 12.5],
					"texture": "#0"
				},
				"down": {
					"uv": [10.8125, 12.5, 10.75, 13],
					"texture": "#0"
				}
			}
		},
		{
			"from": [7.61641, 5.48153, 14.71571],
			"to": [8.3709, 7.242, 16.35043],
			"rotation": {
				"angle": -22.5,
				"axis": "x",
				"origin": [10.00562, -4.70404, 6.5421]
			},
			"faces": {
				"north": {
					"uv": [5.375, 10.375, 5.5625, 10.8125],
					"texture": "#0"
				},
				"east": {
					"uv": [7.375, 6.5, 7.78125, 6.9375],
					"texture": "#0"
				},
				"south": {
					"uv": [10.375, 5.875, 10.5625, 6.3125],
					"texture": "#0"
				},
				"west": {
					"uv": [7.375, 7, 7.78125, 7.4375],
					"texture": "#0"
				},
				"up": {
					"uv": [10.8125, 2.65625, 10.625, 2.25],
					"texture": "#0"
				},
				"down": {
					"uv": [2.5625, 10.625, 2.375, 11.03125],
					"texture": "#0"
				}
			}
		},
		{
			"from": [7.61591, 9.87435, 15.17473],
			"to": [8.3714, 11.25758, 26.24053],
			"rotation": {
				"angle": 0,
				"axis": "y",
				"origin": [10.00612, -4.71239, 6.49813]
			},
			"faces": {
				"north": {
					"uv": [3.5, 11.125, 3.6875, 11.46875],
					"texture": "#0"
				},
				"east": {
					"uv": [2, 1, 4.75, 1.34375],
					"texture": "#0"
				},
				"south": {
					"uv": [11.125, 3.625, 11.3125, 3.96875],
					"texture": "#0"
				},
				"west": {
					"uv": [2, 1.375, 4.75, 1.71875],
					"texture": "#0"
				},
				"up": {
					"uv": [0.1875, 5.75, 0, 3],
					"texture": "#0"
				},
				"down": {
					"uv": [0.4375, 3, 0.25, 5.75],
					"texture": "#0"
				}
			}
		}
	]
}