{
	"textures": {
		"0": "animated_java:item/valk_aj/main"
	},
	"display": {
		"head": {
			"rotation": [0, 180, 0]
		}
	},
	"elements": [
		{
			"from": [7.66677, 7.897, 10.21354],
			"to": [8.3505, 8.4098, 14.48685],
			"rotation": {
				"angle": -22.5,
				"axis": "x",
				"origin": [1.17134, -7.65785, 5.08557]
			},
			"faces": {
				"north": {
					"uv": [9.75, 13.875, 9.625, 13.96875],
					"texture": "#0"
				},
				"east": {
					"uv": [11.40625, 5.5, 10.625, 5.59375],
					"texture": "#0"
				},
				"south": {
					"uv": [14, 9.625, 13.875, 9.71875],
					"texture": "#0"
				},
				"west": {
					"uv": [11.40625, 1.75, 10.625, 1.84375],
					"texture": "#0"
				},
				"up": {
					"uv": [7, 10.53125, 7.125, 9.75],
					"texture": "#0"
				},
				"down": {
					"uv": [0.75, 9.875, 0.875, 10.65625],
					"texture": "#0"
				}
			}
		},
		{
			"from": [7.66677, 7.79444, 10.21354],
			"to": [8.3505, 7.897, 10.38447],
			"rotation": {
				"angle": -22.5,
				"axis": "x",
				"origin": [1.17134, -7.65785, 5.08557]
			},
			"faces": {
				"north": {
					"uv": [14.5, 7, 14.375, 7.03125],
					"texture": "#0"
				},
				"east": {
					"uv": [14.53125, 11.75, 14.5, 11.78125],
					"texture": "#0"
				},
				"south": {
					"uv": [7.25, 14.375, 7.125, 14.40625],
					"texture": "#0"
				},
				"west": {
					"uv": [11.78125, 14.5, 11.75, 14.53125],
					"texture": "#0"
				},
				"up": {
					"uv": [14.375, 7.15625, 14.5, 7.125],
					"texture": "#0"
				},
				"down": {
					"uv": [7.25, 14.375, 7.375, 14.40625],
					"texture": "#0"
				}
			}
		},
		{
			"from": [7.66745, 8.2408, 0.05907],
			"to": [8.34982, 9.95012, 0.7428],
			"rotation": {
				"angle": 22.5,
				"axis": "x",
				"origin": [1.17134, -7.65592, 5.18704]
			},
			"faces": {
				"north": {
					"uv": [7.875, 12.25, 7.75, 12.5625],
					"texture": "#0"
				},
				"east": {
					"uv": [8.875, 12.25, 8.75, 12.5625],
					"texture": "#0"
				},
				"south": {
					"uv": [12.375, 8.625, 12.25, 8.9375],
					"texture": "#0"
				},
				"west": {
					"uv": [8.75, 12.25, 8.625, 12.5625],
					"texture": "#0"
				},
				"up": {
					"uv": [10.875, 2.75, 11, 2.625],
					"texture": "#0"
				},
				"down": {
					"uv": [11, 10, 11.125, 10.125],
					"texture": "#0"
				}
			}
		},
		{
			"from": [7.66609, 8.5806, 3.90986],
			"to": [8.35118, 9.09353, 7.30769],
			"rotation": {
				"angle": 0,
				"axis": "y",
				"origin": [1.17134, -7.65785, 5.08557]
			},
			"faces": {
				"north": {
					"uv": [9.875, 13.875, 9.75, 13.96875],
					"texture": "#0"
				},
				"east": {
					"uv": [8.75, 7.75, 8.125, 7.84375],
					"texture": "#0"
				},
				"south": {
					"uv": [14, 9.75, 13.875, 9.84375],
					"texture": "#0"
				},
				"west": {
					"uv": [7.625, 1, 7, 1.09375],
					"texture": "#0"
				},
				"up": {
					"uv": [2.5, 5.75, 2.625, 5.125],
					"texture": "#0"
				},
				"down": {
					"uv": [5.125, 3.75, 5.25, 4.375],
					"texture": "#0"
				}
			}
		},
		{
			"from": [7.66677, 7.21327, 11.75193],
			"to": [8.3505, 7.897, 13.63219],
			"rotation": {
				"angle": -22.5,
				"axis": "x",
				"origin": [1.17134, -7.65785, 5.08557]
			},
			"faces": {
				"north": {
					"uv": [6.25, 11.125, 6.125, 11.25],
					"texture": "#0"
				},
				"east": {
					"uv": [5.96875, 12, 5.625, 12.125],
					"texture": "#0"
				},
				"south": {
					"uv": [11.625, 2.5, 11.5, 2.625],
					"texture": "#0"
				},
				"west": {
					"uv": [12.34375, 5.375, 12, 5.5],
					"texture": "#0"
				},
				"up": {
					"uv": [6, 12.34375, 6.125, 12],
					"texture": "#0"
				},
				"down": {
					"uv": [6.125, 12, 6.25, 12.34375],
					"texture": "#0"
				}
			}
		},
		{
			"from": [7.66677, 7.55514, 11.23914],
			"to": [8.3505, 7.897, 11.75193],
			"rotation": {
				"angle": -22.5,
				"axis": "x",
				"origin": [1.17134, -7.65785, 5.08557]
			},
			"faces": {
				"north": {
					"uv": [14.25, 6.75, 14.125, 6.8125],
					"texture": "#0"
				},
				"east": {
					"uv": [14.34375, 7.375, 14.25, 7.4375],
					"texture": "#0"
				},
				"south": {
					"uv": [7, 14.125, 6.875, 14.1875],
					"texture": "#0"
				},
				"west": {
					"uv": [14.34375, 7.25, 14.25, 7.3125],
					"texture": "#0"
				},
				"up": {
					"uv": [9.875, 13.96875, 10, 13.875],
					"texture": "#0"
				},
				"down": {
					"uv": [13.875, 9.875, 14, 9.96875],
					"texture": "#0"
				}
			}
		},
		{
			"from": [-4.12757, 3.45276, 7.30701],
			"to": [-3.10197, 4.47835, 9.35819],
			"rotation": {
				"angle": -45,
				"axis": "z",
				"origin": [8.00864, -7.65785, 5.08557]
			},
			"faces": {
				"north": {
					"uv": [8.0625, 12.375, 7.875, 12.5625],
					"texture": "#0"
				},
				"east": {
					"uv": [11.25, 1.25, 10.875, 1.4375],
					"texture": "#0"
				},
				"south": {
					"uv": [8.5625, 12.375, 8.375, 12.5625],
					"texture": "#0"
				},
				"west": {
					"uv": [11.25, 0.5, 10.875, 0.6875],
					"texture": "#0"
				},
				"up": {
					"uv": [4.125, 11.25, 4.3125, 10.875],
					"texture": "#0"
				},
				"down": {
					"uv": [4.375, 10.875, 4.5625, 11.25],
					"texture": "#0"
				}
			}
		},
		{
			"from": [7.5813, 6.35861, 14.14499],
			"to": [8.43597, 7.55514, 15.51245],
			"rotation": {
				"angle": -22.5,
				"axis": "x",
				"origin": [1.17134, -7.65785, 5.08557]
			},
			"faces": {
				"north": {
					"uv": [12.65625, 5.625, 12.5, 5.84375],
					"texture": "#0"
				},
				"east": {
					"uv": [11.75, 4.125, 11.5, 4.34375],
					"texture": "#0"
				},
				"south": {
					"uv": [12.65625, 5.875, 12.5, 6.09375],
					"texture": "#0"
				},
				"west": {
					"uv": [4.375, 11.5, 4.125, 11.71875],
					"texture": "#0"
				},
				"up": {
					"uv": [9, 12.5, 9.15625, 12.25],
					"texture": "#0"
				},
				"down": {
					"uv": [12.25, 9.25, 12.40625, 9.5],
					"texture": "#0"
				}
			}
		},
		{
			"from": [7.58199, 9.04198, 0.46599],
			"to": [8.43528, 9.72571, 0.97879],
			"rotation": {
				"angle": 22.5,
				"axis": "x",
				"origin": [1.17134, -8.22219, 4.39743]
			},
			"faces": {
				"north": {
					"uv": [5.78125, 13.375, 5.625, 13.5],
					"texture": "#0"
				},
				"east": {
					"uv": [13.96875, 10, 13.875, 10.125],
					"texture": "#0"
				},
				"south": {
					"uv": [13.53125, 5.625, 13.375, 5.75],
					"texture": "#0"
				},
				"west": {
					"uv": [10.09375, 13.875, 10, 14],
					"texture": "#0"
				},
				"up": {
					"uv": [13.75, 3.21875, 13.90625, 3.125],
					"texture": "#0"
				},
				"down": {
					"uv": [13.75, 3.25, 13.90625, 3.34375],
					"texture": "#0"
				}
			}
		},
		{
			"from": [-4.2985, 3.28183, 9.35819],
			"to": [-2.93104, 4.64929, 11.06752],
			"rotation": {
				"angle": -45,
				"axis": "z",
				"origin": [8.00864, -7.65785, 5.08557]
			},
			"faces": {
				"north": {
					"uv": [9.25, 7.875, 9, 8.125],
					"texture": "#0"
				},
				"east": {
					"uv": [1.8125, 10.625, 1.5, 10.875],
					"texture": "#0"
				},
				"south": {
					"uv": [9.5, 0.75, 9.25, 1],
					"texture": "#0"
				},
				"west": {
					"uv": [10.9375, 1, 10.625, 1.25],
					"texture": "#0"
				},
				"up": {
					"uv": [9.125, 10.8125, 9.375, 10.5],
					"texture": "#0"
				},
				"down": {
					"uv": [1, 10.625, 1.25, 10.9375],
					"texture": "#0"
				}
			}
		},
		{
			"from": [7.49584, 5.84581, 15.51245],
			"to": [8.52143, 7.38421, 17.22177],
			"rotation": {
				"angle": -22.5,
				"axis": "x",
				"origin": [1.17134, -7.65785, 5.08557]
			},
			"faces": {
				"north": {
					"uv": [2.3125, 11.625, 2.125, 11.90625],
					"texture": "#0"
				},
				"east": {
					"uv": [8.9375, 10.25, 8.625, 10.53125],
					"texture": "#0"
				},
				"south": {
					"uv": [11.8125, 2.25, 11.625, 2.53125],
					"texture": "#0"
				},
				"west": {
					"uv": [8.5625, 10.25, 8.25, 10.53125],
					"texture": "#0"
				},
				"up": {
					"uv": [5.375, 11.5625, 5.5625, 11.25],
					"texture": "#0"
				},
				"down": {
					"uv": [6.5, 11.25, 6.6875, 11.5625],
					"texture": "#0"
				}
			}
		},
		{
			"from": [7.41037, 4.82022, 17.22177],
			"to": [8.6069, 7.04234, 19.27296],
			"rotation": {
				"angle": -22.5,
				"axis": "x",
				"origin": [1.17134, -7.65785, 5.08557]
			},
			"faces": {
				"north": {
					"uv": [10.34375, 1.5, 10.125, 1.90625],
					"texture": "#0"
				},
				"east": {
					"uv": [7.625, 8.125, 7.25, 8.53125],
					"texture": "#0"
				},
				"south": {
					"uv": [2.59375, 10.125, 2.375, 10.53125],
					"texture": "#0"
				},
				"west": {
					"uv": [7.25, 8.125, 6.875, 8.53125],
					"texture": "#0"
				},
				"up": {
					"uv": [9.375, 10.75, 9.59375, 10.375],
					"texture": "#0"
				},
				"down": {
					"uv": [9.625, 10.375, 9.84375, 10.75],
					"texture": "#0"
				}
			}
		},
		{
			"from": [-4.46943, 3.11089, 11.06752],
			"to": [-2.76011, 4.82022, 13.11871],
			"rotation": {
				"angle": -45,
				"axis": "z",
				"origin": [8.00864, -7.65785, 5.08557]
			},
			"faces": {
				"north": {
					"uv": [10.3125, 4.375, 10, 4.6875],
					"texture": "#0"
				},
				"east": {
					"uv": [9.625, 3.25, 9.25, 3.5625],
					"texture": "#0"
				},
				"south": {
					"uv": [4.8125, 10, 4.5, 10.3125],
					"texture": "#0"
				},
				"west": {
					"uv": [9.625, 2.75, 9.25, 3.0625],
					"texture": "#0"
				},
				"up": {
					"uv": [9.25, 5.875, 9.5625, 5.5],
					"texture": "#0"
				},
				"down": {
					"uv": [9.25, 6.75, 9.5625, 7.125],
					"texture": "#0"
				}
			}
		},
		{
			"from": [8.52143, 8.23887, 13.11939],
			"to": [8.8633, 10.46099, 15.68338],
			"rotation": {
				"angle": 22.5,
				"axis": "z",
				"origin": [8.00864, 9.43539, 5.08557]
			},
			"faces": {
				"north": {
					"uv": [12.9375, 9.5, 12.875, 9.90625],
					"texture": "#0"
				},
				"east": {
					"uv": [3.71875, 7, 3.25, 7.40625],
					"texture": "#0"
				},
				"south": {
					"uv": [12.9375, 10, 12.875, 10.40625],
					"texture": "#0"
				},
				"west": {
					"uv": [7.46875, 0.5, 7, 0.90625],
					"texture": "#0"
				},
				"up": {
					"uv": [12.625, 11.59375, 12.6875, 11.125],
					"texture": "#0"
				},
				"down": {
					"uv": [11.25, 12.625, 11.3125, 13.09375],
					"texture": "#0"
				}
			}
		},
		{
			"from": [8.17957, 8.23887, 14.14499],
			"to": [8.52143, 10.46099, 15.34151],
			"rotation": {
				"angle": 22.5,
				"axis": "z",
				"origin": [8.00864, 9.43539, 5.08557]
			},
			"faces": {
				"north": {
					"uv": [10.9375, 12.875, 10.875, 13.28125],
					"texture": "#0"
				},
				"east": {
					"uv": [10.34375, 4.75, 10.125, 5.15625],
					"texture": "#0"
				},
				"south": {
					"uv": [12.9375, 10.875, 12.875, 11.28125],
					"texture": "#0"
				},
				"west": {
					"uv": [3.34375, 10.125, 3.125, 10.53125],
					"texture": "#0"
				},
				"up": {
					"uv": [12.75, 13.96875, 12.8125, 13.75],
					"texture": "#0"
				},
				"down": {
					"uv": [12.875, 13.75, 12.9375, 13.96875],
					"texture": "#0"
				}
			}
		},
		{
			"from": [7.15397, 8.23887, 13.11939],
			"to": [7.49584, 10.46099, 15.68338],
			"rotation": {
				"angle": -22.5,
				"axis": "z",
				"origin": [8.00864, 9.43539, 5.08557]
			},
			"faces": {
				"north": {
					"uv": [11.0625, 12.875, 11, 13.28125],
					"texture": "#0"
				},
				"east": {
					"uv": [7.34375, 7, 6.875, 7.40625],
					"texture": "#0"
				},
				"south": {
					"uv": [11.1875, 12.875, 11.125, 13.28125],
					"texture": "#0"
				},
				"west": {
					"uv": [7.46875, 6, 7, 6.40625],
					"texture": "#0"
				},
				"up": {
					"uv": [12.625, 12.59375, 12.6875, 12.125],
					"texture": "#0"
				},
				"down": {
					"uv": [12.375, 12.625, 12.4375, 13.09375],
					"texture": "#0"
				}
			}
		},
		{
			"from": [7.49584, 8.23887, 13.80312],
			"to": [7.8377, 10.46099, 15.34151],
			"rotation": {
				"angle": -22.5,
				"axis": "z",
				"origin": [8.00864, 9.43539, 5.08557]
			},
			"faces": {
				"north": {
					"uv": [11.4375, 12.875, 11.375, 13.28125],
					"texture": "#0"
				},
				"east": {
					"uv": [8.90625, 9.375, 8.625, 9.78125],
					"texture": "#0"
				},
				"south": {
					"uv": [12.9375, 11.375, 12.875, 11.78125],
					"texture": "#0"
				},
				"west": {
					"uv": [8.53125, 9.375, 8.25, 9.78125],
					"texture": "#0"
				},
				"up": {
					"uv": [0.5, 13.90625, 0.5625, 13.625],
					"texture": "#0"
				},
				"down": {
					"uv": [0.625, 13.625, 0.6875, 13.90625],
					"texture": "#0"
				}
			}
		},
		{
			"from": [8.17957, 8.58073, 9.35888],
			"to": [8.52143, 9.60633, 11.0682],
			"rotation": {
				"angle": 22.5,
				"axis": "z",
				"origin": [8.00864, 9.43539, 5.08557]
			},
			"faces": {
				"north": {
					"uv": [10.5625, 13.875, 10.5, 14.0625],
					"texture": "#0"
				},
				"east": {
					"uv": [9.1875, 11.25, 8.875, 11.4375],
					"texture": "#0"
				},
				"south": {
					"uv": [10.6875, 13.875, 10.625, 14.0625],
					"texture": "#0"
				},
				"west": {
					"uv": [8.8125, 11.25, 8.5, 11.4375],
					"texture": "#0"
				},
				"up": {
					"uv": [5.125, 13.6875, 5.1875, 13.375],
					"texture": "#0"
				},
				"down": {
					"uv": [6.125, 13.375, 6.1875, 13.6875],
					"texture": "#0"
				}
			}
		},
		{
			"from": [8.00864, 8.58073, 7.30769],
			"to": [8.3505, 9.60633, 9.35888],
			"rotation": {
				"angle": 22.5,
				"axis": "z",
				"origin": [8.00864, 9.43539, 5.08557]
			},
			"faces": {
				"north": {
					"uv": [10.8125, 13.875, 10.75, 14.0625],
					"texture": "#0"
				},
				"east": {
					"uv": [5, 10.875, 4.625, 11.0625],
					"texture": "#0"
				},
				"south": {
					"uv": [10.9375, 13.875, 10.875, 14.0625],
					"texture": "#0"
				},
				"west": {
					"uv": [11.25, 4.375, 10.875, 4.5625],
					"texture": "#0"
				},
				"up": {
					"uv": [7.5, 13.5, 7.5625, 13.125],
					"texture": "#0"
				},
				"down": {
					"uv": [13.125, 7.5, 13.1875, 7.875],
					"texture": "#0"
				}
			}
		},
		{
			"from": [8.3505, 8.4098, 11.0682],
			"to": [8.69237, 10.46099, 13.11939],
			"rotation": {
				"angle": 22.5,
				"axis": "z",
				"origin": [8.00864, 9.43539, 5.08557]
			},
			"faces": {
				"north": {
					"uv": [8.4375, 13.125, 8.375, 13.5],
					"texture": "#0"
				},
				"east": {
					"uv": [1.5, 8.625, 1.125, 9],
					"texture": "#0"
				},
				"south": {
					"uv": [8.5625, 13.125, 8.5, 13.5],
					"texture": "#0"
				},
				"west": {
					"uv": [1.125, 8.625, 0.75, 9],
					"texture": "#0"
				},
				"up": {
					"uv": [13.125, 8.875, 13.1875, 8.5],
					"texture": "#0"
				},
				"down": {
					"uv": [8.625, 13.125, 8.6875, 13.5],
					"texture": "#0"
				}
			}
		},
		{
			"from": [7.32491, 8.4098, 11.0682],
			"to": [7.66677, 10.46099, 13.11939],
			"rotation": {
				"angle": -22.5,
				"axis": "z",
				"origin": [8.00864, 9.43539, 5.08557]
			},
			"faces": {
				"north": {
					"uv": [8.8125, 13.125, 8.75, 13.5],
					"texture": "#0"
				},
				"east": {
					"uv": [4, 8.625, 3.625, 9],
					"texture": "#0"
				},
				"south": {
					"uv": [8.9375, 13.125, 8.875, 13.5],
					"texture": "#0"
				},
				"west": {
					"uv": [3.625, 8.625, 3.25, 9],
					"texture": "#0"
				},
				"up": {
					"uv": [13.125, 9.25, 13.1875, 8.875],
					"texture": "#0"
				},
				"down": {
					"uv": [13.125, 9.75, 13.1875, 10.125],
					"texture": "#0"
				}
			}
		},
		{
			"from": [7.49584, 8.58073, 9.35888],
			"to": [7.8377, 9.60633, 11.0682],
			"rotation": {
				"angle": -22.5,
				"axis": "z",
				"origin": [8.00864, 9.43539, 5.08557]
			},
			"faces": {
				"north": {
					"uv": [13.9375, 10.875, 13.875, 11.0625],
					"texture": "#0"
				},
				"east": {
					"uv": [10.4375, 11.25, 10.125, 11.4375],
					"texture": "#0"
				},
				"south": {
					"uv": [11.0625, 13.875, 11, 14.0625],
					"texture": "#0"
				},
				"west": {
					"uv": [11.5625, 9.375, 11.25, 9.5625],
					"texture": "#0"
				},
				"up": {
					"uv": [13.375, 6.5625, 13.4375, 6.25],
					"texture": "#0"
				},
				"down": {
					"uv": [6.375, 13.375, 6.4375, 13.6875],
					"texture": "#0"
				}
			}
		},
		{
			"from": [7.66677, 8.58073, 7.30769],
			"to": [8.00864, 9.60633, 9.35888],
			"rotation": {
				"angle": -22.5,
				"axis": "z",
				"origin": [8.00864, 9.43539, 5.08557]
			},
			"faces": {
				"north": {
					"uv": [13.9375, 11.125, 13.875, 11.3125],
					"texture": "#0"
				},
				"east": {
					"uv": [11.25, 4.875, 10.875, 5.0625],
					"texture": "#0"
				},
				"south": {
					"uv": [11.6875, 13.875, 11.625, 14.0625],
					"texture": "#0"
				},
				"west": {
					"uv": [11.25, 4.625, 10.875, 4.8125],
					"texture": "#0"
				},
				"up": {
					"uv": [13.125, 10.875, 13.1875, 10.5],
					"texture": "#0"
				},
				"down": {
					"uv": [13.125, 10.875, 13.1875, 11.25],
					"texture": "#0"
				}
			}
		},
		{
			"from": [-2.93104, 2.93996, 13.11871],
			"to": [-2.58918, 4.82022, 15.68269],
			"rotation": {
				"angle": -45,
				"axis": "z",
				"origin": [8.00864, -7.65785, 5.08557]
			},
			"faces": {
				"north": {
					"uv": [6.3125, 13.25, 6.25, 13.59375],
					"texture": "#0"
				},
				"east": {
					"uv": [8.46875, 0.375, 8, 0.71875],
					"texture": "#0"
				},
				"south": {
					"uv": [13.3125, 6.5, 13.25, 6.84375],
					"texture": "#0"
				},
				"west": {
					"uv": [8.46875, 0, 8, 0.34375],
					"texture": "#0"
				},
				"up": {
					"uv": [12.5, 13.09375, 12.5625, 12.625],
					"texture": "#0"
				},
				"down": {
					"uv": [12.625, 12.625, 12.6875, 13.09375],
					"texture": "#0"
				}
			}
		},
		{
			"from": [-3.2729, 3.11089, 14.6571],
			"to": [-2.93104, 4.82022, 15.34083],
			"rotation": {
				"angle": -45,
				"axis": "z",
				"origin": [8.00864, -7.65785, 5.08557]
			},
			"faces": {
				"north": {
					"uv": [6.5625, 13.375, 6.5, 13.6875],
					"texture": "#0"
				},
				"east": {
					"uv": [12.375, 9.5, 12.25, 9.8125],
					"texture": "#0"
				},
				"south": {
					"uv": [6.6875, 13.375, 6.625, 13.6875],
					"texture": "#0"
				},
				"west": {
					"uv": [9.375, 12.25, 9.25, 12.5625],
					"texture": "#0"
				},
				"up": {
					"uv": [14.125, 7, 14.1875, 6.875],
					"texture": "#0"
				},
				"down": {
					"uv": [14.125, 7, 14.1875, 7.125],
					"texture": "#0"
				}
			}
		},
		{
			"from": [-4.2985, 3.11089, 14.6571],
			"to": [-3.2729, 3.62369, 15.34083],
			"rotation": {
				"angle": -45,
				"axis": "z",
				"origin": [8.00864, -7.65785, 5.08557]
			},
			"faces": {
				"north": {
					"uv": [13.6875, 11.125, 13.5, 11.21875],
					"texture": "#0"
				},
				"east": {
					"uv": [14, 12.125, 13.875, 12.21875],
					"texture": "#0"
				},
				"south": {
					"uv": [13.8125, 0.5, 13.625, 0.59375],
					"texture": "#0"
				},
				"west": {
					"uv": [14, 10.125, 13.875, 10.21875],
					"texture": "#0"
				},
				"up": {
					"uv": [13.125, 0.75, 13.3125, 0.625],
					"texture": "#0"
				},
				"down": {
					"uv": [13.125, 4.875, 13.3125, 5],
					"texture": "#0"
				}
			}
		},
		{
			"from": [-4.2985, 3.62369, 14.31592],
			"to": [-3.2729, 4.64929, 14.99965],
			"rotation": {
				"angle": -45,
				"axis": "z",
				"origin": [8.00864, -7.65785, 5.08557]
			},
			"faces": {
				"north": {
					"uv": [12.5625, 8.625, 12.375, 8.8125],
					"texture": "#0"
				},
				"east": {
					"uv": [13.25, 7.875, 13.125, 8.0625],
					"texture": "#0"
				},
				"south": {
					"uv": [9.5625, 12.375, 9.375, 12.5625],
					"texture": "#0"
				},
				"west": {
					"uv": [13.25, 6.875, 13.125, 7.0625],
					"texture": "#0"
				},
				"up": {
					"uv": [13.125, 10.25, 13.3125, 10.125],
					"texture": "#0"
				},
				"down": {
					"uv": [13.125, 11.25, 13.3125, 11.375],
					"texture": "#0"
				}
			}
		},
		{
			"from": [-3.2729, 4.82022, 13.11871],
			"to": [-2.58918, 4.99115, 15.68269],
			"rotation": {
				"angle": -45,
				"axis": "z",
				"origin": [8.00864, -7.65785, 5.08557]
			},
			"faces": {
				"north": {
					"uv": [14.5, 7.25, 14.375, 7.28125],
					"texture": "#0"
				},
				"east": {
					"uv": [14.21875, 3.625, 13.75, 3.65625],
					"texture": "#0"
				},
				"south": {
					"uv": [7.5, 14.375, 7.375, 14.40625],
					"texture": "#0"
				},
				"west": {
					"uv": [14.21875, 3.5, 13.75, 3.53125],
					"texture": "#0"
				},
				"up": {
					"uv": [2.875, 8.96875, 3, 8.5],
					"texture": "#0"
				},
				"down": {
					"uv": [5.75, 11.25, 5.875, 11.71875],
					"texture": "#0"
				}
			}
		},
		{
			"from": [-4.46943, 2.93996, 13.11871],
			"to": [-2.93104, 3.28183, 15.68269],
			"rotation": {
				"angle": -45,
				"axis": "z",
				"origin": [8.00864, -7.65785, 5.08557]
			},
			"faces": {
				"north": {
					"uv": [1.03125, 13.625, 0.75, 13.6875],
					"texture": "#0"
				},
				"east": {
					"uv": [13.09375, 8.75, 12.625, 8.8125],
					"texture": "#0"
				},
				"south": {
					"uv": [13.90625, 0.75, 13.625, 0.8125],
					"texture": "#0"
				},
				"west": {
					"uv": [13.09375, 8.625, 12.625, 8.6875],
					"texture": "#0"
				},
				"up": {
					"uv": [8.875, 2.96875, 9.15625, 2.5],
					"texture": "#0"
				},
				"down": {
					"uv": [5, 8.875, 5.28125, 9.34375],
					"texture": "#0"
				}
			}
		},
		{
			"from": [-4.64036, 2.93996, 13.11871],
			"to": [-4.46943, 3.62369, 15.68269],
			"rotation": {
				"angle": -45,
				"axis": "z",
				"origin": [8.00864, -7.65785, 5.08557]
			},
			"faces": {
				"north": {
					"uv": [14.40625, 7.375, 14.375, 7.5],
					"texture": "#0"
				},
				"east": {
					"uv": [9.59375, 4.375, 9.125, 4.5],
					"texture": "#0"
				},
				"south": {
					"uv": [7.53125, 14.375, 7.5, 14.5],
					"texture": "#0"
				},
				"west": {
					"uv": [9.46875, 5.125, 9, 5.25],
					"texture": "#0"
				},
				"up": {
					"uv": [3, 14.21875, 3.03125, 13.75],
					"texture": "#0"
				},
				"down": {
					"uv": [3.875, 13.75, 3.90625, 14.21875],
					"texture": "#0"
				}
			}
		},
		{
			"from": [7.49584, 5.33302, 19.27296],
			"to": [8.52143, 6.87141, 21.49508],
			"rotation": {
				"angle": -22.5,
				"axis": "x",
				"origin": [1.17134, -7.65785, 5.08557]
			},
			"faces": {
				"north": {
					"uv": [2.8125, 11.625, 2.625, 11.90625],
					"texture": "#0"
				},
				"east": {
					"uv": [9.78125, 9.125, 9.375, 9.40625],
					"texture": "#0"
				},
				"south": {
					"uv": [11.8125, 2.625, 11.625, 2.90625],
					"texture": "#0"
				},
				"west": {
					"uv": [9.78125, 8.75, 9.375, 9.03125],
					"texture": "#0"
				},
				"up": {
					"uv": [3.125, 11.03125, 3.3125, 10.625],
					"texture": "#0"
				},
				"down": {
					"uv": [3.5, 10.625, 3.6875, 11.03125],
					"texture": "#0"
				}
			}
		},
		{
			"from": [7.66677, 4.30742, 19.10203],
			"to": [8.3505, 5.33302, 24.05907],
			"rotation": {
				"angle": -22.5,
				"axis": "x",
				"origin": [1.17134, -7.65785, 5.08557]
			},
			"faces": {
				"north": {
					"uv": [11.375, 13.125, 11.25, 13.3125],
					"texture": "#0"
				},
				"east": {
					"uv": [8.40625, 5.75, 7.5, 5.9375],
					"texture": "#0"
				},
				"south": {
					"uv": [13.25, 11.75, 13.125, 11.9375],
					"texture": "#0"
				},
				"west": {
					"uv": [8.40625, 0.75, 7.5, 0.9375],
					"texture": "#0"
				},
				"up": {
					"uv": [7.625, 10.28125, 7.75, 9.375],
					"texture": "#0"
				},
				"down": {
					"uv": [2.125, 9.5, 2.25, 10.40625],
					"texture": "#0"
				}
			}
		},
		{
			"from": [7.49584, 3.96556, 20.81135],
			"to": [7.66677, 5.33302, 24.05907],
			"rotation": {
				"angle": -22.5,
				"axis": "x",
				"origin": [1.17134, -7.65785, 5.08557]
			},
			"faces": {
				"north": {
					"uv": [7.28125, 14.125, 7.25, 14.375],
					"texture": "#0"
				},
				"east": {
					"uv": [8.84375, 1, 8.25, 1.25],
					"texture": "#0"
				},
				"south": {
					"uv": [14.15625, 7.25, 14.125, 7.5],
					"texture": "#0"
				},
				"west": {
					"uv": [8.71875, 7.5, 8.125, 7.75],
					"texture": "#0"
				},
				"up": {
					"uv": [11.125, 13.96875, 11.15625, 13.375],
					"texture": "#0"
				},
				"down": {
					"uv": [11.25, 13.375, 11.28125, 13.96875],
					"texture": "#0"
				}
			}
		},
		{
			"from": [8.3505, 3.96556, 20.81135],
			"to": [8.52143, 5.33302, 24.05907],
			"rotation": {
				"angle": -22.5,
				"axis": "x",
				"origin": [1.17134, -7.65785, 5.08557]
			},
			"faces": {
				"north": {
					"uv": [7.40625, 14.125, 7.375, 14.375],
					"texture": "#0"
				},
				"east": {
					"uv": [8.84375, 3.75, 8.25, 4],
					"texture": "#0"
				},
				"south": {
					"uv": [14.15625, 7.5, 14.125, 7.75],
					"texture": "#0"
				},
				"west": {
					"uv": [8.84375, 2.75, 8.25, 3],
					"texture": "#0"
				},
				"up": {
					"uv": [11.375, 13.96875, 11.40625, 13.375],
					"texture": "#0"
				},
				"down": {
					"uv": [11.875, 13.375, 11.90625, 13.96875],
					"texture": "#0"
				}
			}
		},
		{
			"from": [7.49515, 10.33576, 14.68588],
			"to": [8.52212, 12.04508, 22.89063],
			"rotation": {
				"angle": 0,
				"axis": "y",
				"origin": [1.17065, -7.61215, 5.11366]
			},
			"faces": {
				"north": {
					"uv": [10.6875, 11.25, 10.5, 11.5625],
					"texture": "#0"
				},
				"east": {
					"uv": [4.5, 2.125, 3, 2.4375],
					"texture": "#0"
				},
				"south": {
					"uv": [11.5625, 2.625, 11.375, 2.9375],
					"texture": "#0"
				},
				"west": {
					"uv": [4.5, 1.75, 3, 2.0625],
					"texture": "#0"
				},
				"up": {
					"uv": [1.375, 6.375, 1.5625, 4.875],
					"texture": "#0"
				},
				"down": {
					"uv": [1.625, 4.875, 1.8125, 6.375],
					"texture": "#0"
				}
			}
		}
	]
}