{
	"textures": {
		"1": "animated_java:item/valk_aj/fire"
	},
	"display": {
		"head": {
			"rotation": [0, 180, 0]
		}
	},
	"elements": [
		{
			"from": [3.6875, 8, 8],
			"to": [12.3125, 8, 32],
			"rotation": {
				"angle": -45,
				"axis": "z",
				"origin": [8, 8, 8]
			},
			"faces": {
				"up": {
					"uv": [14.875, 16, 9.125, 0],
					"rotation": 180,
					"texture": "#1"
				},
				"down": {
					"uv": [14.875, 16, 9.125, 0],
					"texture": "#1"
				}
			}
		},
		{
			"from": [8, 3.6875, 8],
			"to": [8, 12.3125, 32],
			"rotation": {
				"angle": -45,
				"axis": "z",
				"origin": [8, 8, 8]
			},
			"faces": {
				"east": {
					"uv": [9.125, 0, 14.875, 16],
					"rotation": 90,
					"texture": "#1"
				},
				"west": {
					"uv": [9.125, 0, 14.875, 16],
					"rotation": 270,
					"texture": "#1"
				}
			}
		}
	]
}