{
	"textures": {
		"0": "animated_java:item/valk_aj/main"
	},
	"display": {
		"head": {
			"rotation": [0, 180, 0]
		}
	},
	"elements": [
		{
			"from": [7.66859, 4.81492, 6.50869],
			"to": [8.91859, 8.31492, 9.00869],
			"rotation": {
				"angle": 0,
				"axis": "y",
				"origin": [5.41859, 5.81492, -6.49131]
			},
			"faces": {
				"north": {
					"uv": [11.03125, 10.875, 10.875, 11.3125],
					"texture": "#0"
				},
				"east": {
					"uv": [9.1875, 0.5, 8.875, 0.9375],
					"texture": "#0"
				},
				"south": {
					"uv": [11.15625, 0, 11, 0.4375],
					"texture": "#0"
				},
				"west": {
					"uv": [9.1875, 0, 8.875, 0.4375],
					"texture": "#0"
				},
				"up": {
					"uv": [11.625, 9.5625, 11.78125, 9.25],
					"texture": "#0"
				},
				"down": {
					"uv": [10.5, 11.625, 10.65625, 11.9375],
					"texture": "#0"
				}
			}
		},
		{
			"from": [5.13306, 9.09005, 6.50969],
			"to": [6.13306, 10.09005, 9.00769],
			"rotation": {
				"angle": -45,
				"axis": "z",
				"origin": [5.38306, 5.84005, -6.49131]
			},
			"faces": {
				"north": {
					"uv": [9.5, 6.25, 9.375, 6.375],
					"texture": "#0"
				},
				"east": {
					"uv": [12.5625, 6.375, 12.25, 6.5],
					"texture": "#0"
				},
				"south": {
					"uv": [9.625, 3.125, 9.5, 3.25],
					"texture": "#0"
				},
				"west": {
					"uv": [6.6875, 12.25, 6.375, 12.375],
					"texture": "#0"
				},
				"up": {
					"uv": [1.25, 12.5625, 1.375, 12.25],
					"texture": "#0"
				},
				"down": {
					"uv": [12.25, 6.5, 12.375, 6.8125],
					"texture": "#0"
				}
			}
		},
		{
			"from": [17.68851, 2.81492, 1.70234],
			"to": [19.2795, 8.31492, 3.29333],
			"rotation": {
				"angle": -45,
				"axis": "y",
				"origin": [5.5295, 7.81492, -6.54766]
			},
			"faces": {
				"north": {
					"uv": [1.1875, 9, 1, 9.6875],
					"texture": "#0"
				},
				"east": {
					"uv": [3.0625, 9, 2.875, 9.6875],
					"texture": "#0"
				},
				"south": {
					"uv": [2.5625, 9, 2.375, 9.6875],
					"texture": "#0"
				},
				"west": {
					"uv": [1.4375, 9, 1.25, 9.6875],
					"texture": "#0"
				},
				"up": {
					"uv": [12.375, 4.9375, 12.5625, 4.75],
					"texture": "#0"
				},
				"down": {
					"uv": [5.375, 12.375, 5.5625, 12.5625],
					"texture": "#0"
				}
			}
		},
		{
			"from": [8.16859, 12.13287, 5.53036],
			"to": [9.41859, 15.88287, 6.03036],
			"rotation": {
				"angle": 22.5,
				"axis": "x",
				"origin": [5.41859, 5.88287, -6.46964]
			},
			"faces": {
				"north": {
					"uv": [8.15625, 10.625, 8, 11.09375],
					"texture": "#0"
				},
				"east": {
					"uv": [12.6875, 7.25, 12.625, 7.71875],
					"texture": "#0"
				},
				"south": {
					"uv": [8.40625, 10.625, 8.25, 11.09375],
					"texture": "#0"
				},
				"west": {
					"uv": [6.8125, 12.625, 6.75, 13.09375],
					"texture": "#0"
				},
				"up": {
					"uv": [5.25, 14.0625, 5.40625, 14],
					"texture": "#0"
				},
				"down": {
					"uv": [14, 5.375, 14.15625, 5.4375],
					"texture": "#0"
				}
			}
		},
		{
			"from": [8.16859, 15.63287, 6.03036],
			"to": [9.41859, 15.88287, 6.13036],
			"rotation": {
				"angle": 22.5,
				"axis": "x",
				"origin": [5.41859, 5.88287, -6.46964]
			},
			"faces": {
				"north": {
					"uv": [14.40625, 12.25, 14.25, 12.28125],
					"texture": "#0"
				},
				"east": {
					"uv": [14.53125, 11, 14.5, 11.03125],
					"texture": "#0"
				},
				"south": {
					"uv": [14.40625, 12.375, 14.25, 12.40625],
					"texture": "#0"
				},
				"west": {
					"uv": [11.03125, 14.5, 11, 14.53125],
					"texture": "#0"
				},
				"up": {
					"uv": [14.25, 12.53125, 14.40625, 12.5],
					"texture": "#0"
				},
				"down": {
					"uv": [14.25, 12.625, 14.40625, 12.65625],
					"texture": "#0"
				}
			}
		},
		{
			"from": [8.16859, 12.13287, 6.03036],
			"to": [9.41859, 14.88287, 6.53036],
			"rotation": {
				"angle": 22.5,
				"axis": "x",
				"origin": [5.41859, 5.88287, -6.46964]
			},
			"faces": {
				"north": {
					"uv": [9.40625, 11.5, 9.25, 11.84375],
					"texture": "#0"
				},
				"east": {
					"uv": [5.4375, 13.25, 5.375, 13.59375],
					"texture": "#0"
				},
				"south": {
					"uv": [9.65625, 11.5, 9.5, 11.84375],
					"texture": "#0"
				},
				"west": {
					"uv": [5.3125, 13.25, 5.25, 13.59375],
					"texture": "#0"
				},
				"up": {
					"uv": [5.5, 14.0625, 5.65625, 14],
					"texture": "#0"
				},
				"down": {
					"uv": [14, 5.5, 14.15625, 5.5625],
					"texture": "#0"
				}
			}
		},
		{
			"from": [7.16959, 4.06492, 7.75869],
			"to": [9.41959, 8.06492, 8.50869],
			"rotation": {
				"angle": 0,
				"axis": "y",
				"origin": [5.41859, 5.81492, -6.49131]
			},
			"faces": {
				"north": {
					"uv": [8.78125, 0, 8.5, 0.5],
					"texture": "#0"
				},
				"east": {
					"uv": [11.96875, 3.625, 11.875, 4.125],
					"texture": "#0"
				},
				"south": {
					"uv": [8.78125, 0.5, 8.5, 1],
					"texture": "#0"
				},
				"west": {
					"uv": [3.46875, 11.875, 3.375, 12.375],
					"texture": "#0"
				},
				"up": {
					"uv": [2.625, 12.96875, 2.90625, 12.875],
					"texture": "#0"
				},
				"down": {
					"uv": [12.875, 3, 13.15625, 3.09375],
					"texture": "#0"
				}
			}
		},
		{
			"from": [7.16959, 5.06492, 7.00869],
			"to": [9.41959, 7.06492, 7.75869],
			"rotation": {
				"angle": 0,
				"axis": "y",
				"origin": [5.41859, 5.81492, -6.49131]
			},
			"faces": {
				"north": {
					"uv": [10.90625, 9.875, 10.625, 10.125],
					"texture": "#0"
				},
				"east": {
					"uv": [10.34375, 13, 10.25, 13.25],
					"texture": "#0"
				},
				"south": {
					"uv": [11.03125, 4.125, 10.75, 4.375],
					"texture": "#0"
				},
				"west": {
					"uv": [10.21875, 13, 10.125, 13.25],
					"texture": "#0"
				},
				"up": {
					"uv": [12.875, 3.21875, 13.15625, 3.125],
					"texture": "#0"
				},
				"down": {
					"uv": [12.875, 3.25, 13.15625, 3.34375],
					"texture": "#0"
				}
			}
		},
		{
			"from": [7.16859, 7.06492, 7.00869],
			"to": [7.66859, 8.31492, 9.00869],
			"rotation": {
				"angle": 0,
				"axis": "y",
				"origin": [5.41859, 5.81492, -6.49131]
			},
			"faces": {
				"north": {
					"uv": [14.0625, 5.625, 14, 5.78125],
					"texture": "#0"
				},
				"east": {
					"uv": [12.5, 7.5, 12.25, 7.65625],
					"texture": "#0"
				},
				"south": {
					"uv": [5.8125, 14, 5.75, 14.15625],
					"texture": "#0"
				},
				"west": {
					"uv": [7.75, 12.25, 7.5, 12.40625],
					"texture": "#0"
				},
				"up": {
					"uv": [13.625, 7.375, 13.6875, 7.125],
					"texture": "#0"
				},
				"down": {
					"uv": [13.625, 7.5, 13.6875, 7.75],
					"texture": "#0"
				}
			}
		},
		{
			"from": [7.16959, 3.56492, 8.50869],
			"to": [7.66959, 7.06492, 9.00869],
			"rotation": {
				"angle": 0,
				"axis": "y",
				"origin": [5.41859, 5.81492, -6.49131]
			},
			"faces": {
				"north": {
					"uv": [12.8125, 9.75, 12.75, 10.1875],
					"texture": "#0"
				},
				"east": {
					"uv": [12.8125, 11.125, 12.75, 11.5625],
					"texture": "#0"
				},
				"south": {
					"uv": [10.6875, 12.75, 10.625, 13.1875],
					"texture": "#0"
				},
				"west": {
					"uv": [12.8125, 10.25, 12.75, 10.6875],
					"texture": "#0"
				},
				"up": {
					"uv": [5.375, 14.4375, 5.4375, 14.375],
					"texture": "#0"
				},
				"down": {
					"uv": [14.375, 5.375, 14.4375, 5.4375],
					"texture": "#0"
				}
			}
		},
		{
			"from": [7.16859, -4.06064, 5.74074],
			"to": [9.41859, -0.06064, 6.24074],
			"rotation": {
				"angle": -22.5,
				"axis": "x",
				"origin": [5.41859, 5.68936, -6.50926]
			},
			"faces": {
				"north": {
					"uv": [8.78125, 1.625, 8.5, 2.125],
					"texture": "#0"
				},
				"east": {
					"uv": [10.1875, 12.5, 10.125, 13],
					"texture": "#0"
				},
				"south": {
					"uv": [8.78125, 2.125, 8.5, 2.625],
					"texture": "#0"
				},
				"west": {
					"uv": [10.0625, 12.5, 10, 13],
					"texture": "#0"
				},
				"up": {
					"uv": [13.5, 5.0625, 13.78125, 5],
					"texture": "#0"
				},
				"down": {
					"uv": [13.5, 5.25, 13.78125, 5.3125],
					"texture": "#0"
				}
			}
		},
		{
			"from": [7.16859, -2.81064, 6.24074],
			"to": [9.41859, -0.06064, 6.74074],
			"rotation": {
				"angle": -22.5,
				"axis": "x",
				"origin": [5.41859, 5.68936, -6.50926]
			},
			"faces": {
				"north": {
					"uv": [5.15625, 10, 4.875, 10.34375],
					"texture": "#0"
				},
				"east": {
					"uv": [13.3125, 5.625, 13.25, 5.96875],
					"texture": "#0"
				},
				"south": {
					"uv": [5.65625, 10, 5.375, 10.34375],
					"texture": "#0"
				},
				"west": {
					"uv": [5.5625, 13.25, 5.5, 13.59375],
					"texture": "#0"
				},
				"up": {
					"uv": [13.5, 8.1875, 13.78125, 8.125],
					"texture": "#0"
				},
				"down": {
					"uv": [8.25, 13.5, 8.53125, 13.5625],
					"texture": "#0"
				}
			}
		},
		{
			"from": [7.66859, -4.63833, 5.107],
			"to": [8.91859, -0.13833, 5.857],
			"rotation": {
				"angle": -22.5,
				"axis": "x",
				"origin": [5.41859, 5.86167, -6.643]
			},
			"faces": {
				"north": {
					"uv": [2.78125, 10.25, 2.625, 10.8125],
					"texture": "#0"
				},
				"east": {
					"uv": [7.46875, 11.5, 7.375, 12.0625],
					"texture": "#0"
				},
				"south": {
					"uv": [10.40625, 2.75, 10.25, 3.3125],
					"texture": "#0"
				},
				"west": {
					"uv": [6.46875, 11.5, 6.375, 12.0625],
					"texture": "#0"
				},
				"up": {
					"uv": [13.75, 0.71875, 13.90625, 0.625],
					"texture": "#0"
				},
				"down": {
					"uv": [1.75, 13.75, 1.90625, 13.84375],
					"texture": "#0"
				}
			}
		},
		{
			"from": [7.66859, -4.63833, 5.857],
			"to": [8.91859, -3.88833, 5.957],
			"rotation": {
				"angle": -22.5,
				"axis": "x",
				"origin": [5.41859, 5.86167, -6.643]
			},
			"faces": {
				"north": {
					"uv": [13.90625, 1.875, 13.75, 1.96875],
					"texture": "#0"
				},
				"east": {
					"uv": [14.40625, 13.875, 14.375, 13.96875],
					"texture": "#0"
				},
				"south": {
					"uv": [13.90625, 2.25, 13.75, 2.34375],
					"texture": "#0"
				},
				"west": {
					"uv": [14.40625, 13.75, 14.375, 13.84375],
					"texture": "#0"
				},
				"up": {
					"uv": [14.25, 12.78125, 14.40625, 12.75],
					"texture": "#0"
				},
				"down": {
					"uv": [12.875, 14.25, 13.03125, 14.28125],
					"texture": "#0"
				}
			}
		},
		{
			"from": [8.16959, 1.56492, 8.50869],
			"to": [9.41959, 10.31492, 9.00869],
			"rotation": {
				"angle": 0,
				"axis": "y",
				"origin": [5.41859, 5.81492, -6.49131]
			},
			"faces": {
				"north": {
					"uv": [0.90625, 7.5, 0.75, 8.59375],
					"texture": "#0"
				},
				"east": {
					"uv": [0.8125, 10.75, 0.75, 11.84375],
					"texture": "#0"
				},
				"south": {
					"uv": [1.15625, 7.5, 1, 8.59375],
					"texture": "#0"
				},
				"west": {
					"uv": [7.0625, 10.625, 7, 11.71875],
					"texture": "#0"
				},
				"up": {
					"uv": [14, 6.1875, 14.15625, 6.125],
					"texture": "#0"
				},
				"down": {
					"uv": [14, 6.25, 14.15625, 6.3125],
					"texture": "#0"
				}
			}
		},
		{
			"from": [7.16959, 1.56492, 8.50869],
			"to": [8.16959, 3.56492, 9.00869],
			"rotation": {
				"angle": 0,
				"axis": "y",
				"origin": [5.41859, 5.81492, -6.49131]
			},
			"faces": {
				"north": {
					"uv": [0.875, 7.25, 0.75, 7.5],
					"texture": "#0"
				},
				"east": {
					"uv": [8.3125, 13.625, 8.25, 13.875],
					"texture": "#0"
				},
				"south": {
					"uv": [5.5, 8.25, 5.375, 8.5],
					"texture": "#0"
				},
				"west": {
					"uv": [13.6875, 7.75, 13.625, 8],
					"texture": "#0"
				},
				"up": {
					"uv": [6.25, 14.1875, 6.375, 14.125],
					"texture": "#0"
				},
				"down": {
					"uv": [6.375, 14.125, 6.5, 14.1875],
					"texture": "#0"
				}
			}
		},
		{
			"from": [7.66859, 0.98992, 8.75869],
			"to": [8.91859, 1.56492, 9.00869],
			"rotation": {
				"angle": 0,
				"axis": "y",
				"origin": [5.41859, 5.81492, -6.49131]
			},
			"faces": {
				"north": {
					"uv": [6.53125, 14, 6.375, 14.0625],
					"texture": "#0"
				},
				"east": {
					"uv": [14.53125, 6.75, 14.5, 6.8125],
					"texture": "#0"
				},
				"south": {
					"uv": [14.15625, 6.375, 14, 6.4375],
					"texture": "#0"
				},
				"west": {
					"uv": [6.78125, 14.5, 6.75, 14.5625],
					"texture": "#0"
				},
				"up": {
					"uv": [14.25, 12.90625, 14.40625, 12.875],
					"texture": "#0"
				},
				"down": {
					"uv": [14.25, 13, 14.40625, 13.03125],
					"texture": "#0"
				}
			}
		}
	]
}