{
	"textures": {
		"0": "animated_java:item/valk_aj/main"
	},
	"display": {
		"head": {
			"rotation": [0, 180, 0]
		}
	},
	"elements": [
		{
			"from": [7.08141, 4.81492, 6.50869],
			"to": [8.33141, 8.31492, 9.00869],
			"rotation": {
				"angle": 0,
				"axis": "y",
				"origin": [10.58141, 5.81492, -6.49131]
			},
			"faces": {
				"north": {
					"uv": [10.875, 10.875, 11.03125, 11.3125],
					"texture": "#0"
				},
				"east": {
					"uv": [8.875, 0, 9.1875, 0.4375],
					"texture": "#0"
				},
				"south": {
					"uv": [11, 0, 11.15625, 0.4375],
					"texture": "#0"
				},
				"west": {
					"uv": [8.875, 0.5, 9.1875, 0.9375],
					"texture": "#0"
				},
				"up": {
					"uv": [11.78125, 9.5625, 11.625, 9.25],
					"texture": "#0"
				},
				"down": {
					"uv": [10.65625, 11.625, 10.5, 11.9375],
					"texture": "#0"
				}
			}
		},
		{
			"from": [9.86694, 9.09005, 6.50969],
			"to": [10.86694, 10.09005, 9.00769],
			"rotation": {
				"angle": 45,
				"axis": "z",
				"origin": [10.61694, 5.84005, -6.49131]
			},
			"faces": {
				"north": {
					"uv": [9.375, 6.25, 9.5, 6.375],
					"texture": "#0"
				},
				"east": {
					"uv": [6.375, 12.25, 6.6875, 12.375],
					"texture": "#0"
				},
				"south": {
					"uv": [9.5, 3.125, 9.625, 3.25],
					"texture": "#0"
				},
				"west": {
					"uv": [12.25, 6.375, 12.5625, 6.5],
					"texture": "#0"
				},
				"up": {
					"uv": [1.375, 12.5625, 1.25, 12.25],
					"texture": "#0"
				},
				"down": {
					"uv": [12.375, 6.5, 12.25, 6.8125],
					"texture": "#0"
				}
			}
		},
		{
			"from": [-3.2795, 2.81492, 1.70234],
			"to": [-1.68851, 8.31492, 3.29333],
			"rotation": {
				"angle": 45,
				"axis": "y",
				"origin": [10.4705, 7.81492, -6.54766]
			},
			"faces": {
				"north": {
					"uv": [1, 9, 1.1875, 9.6875],
					"texture": "#0"
				},
				"east": {
					"uv": [1.25, 9, 1.4375, 9.6875],
					"texture": "#0"
				},
				"south": {
					"uv": [2.375, 9, 2.5625, 9.6875],
					"texture": "#0"
				},
				"west": {
					"uv": [2.875, 9, 3.0625, 9.6875],
					"texture": "#0"
				},
				"up": {
					"uv": [12.5625, 4.9375, 12.375, 4.75],
					"texture": "#0"
				},
				"down": {
					"uv": [5.5625, 12.375, 5.375, 12.5625],
					"texture": "#0"
				}
			}
		},
		{
			"from": [6.58141, 12.13287, 5.53036],
			"to": [7.83141, 15.88287, 6.03036],
			"rotation": {
				"angle": 22.5,
				"axis": "x",
				"origin": [10.58141, 5.88287, -6.46964]
			},
			"faces": {
				"north": {
					"uv": [8, 10.625, 8.15625, 11.09375],
					"texture": "#0"
				},
				"east": {
					"uv": [6.75, 12.625, 6.8125, 13.09375],
					"texture": "#0"
				},
				"south": {
					"uv": [8.25, 10.625, 8.40625, 11.09375],
					"texture": "#0"
				},
				"west": {
					"uv": [12.625, 7.25, 12.6875, 7.71875],
					"texture": "#0"
				},
				"up": {
					"uv": [5.40625, 14.0625, 5.25, 14],
					"texture": "#0"
				},
				"down": {
					"uv": [14.15625, 5.375, 14, 5.4375],
					"texture": "#0"
				}
			}
		},
		{
			"from": [6.58141, 15.63287, 6.03036],
			"to": [7.83141, 15.88287, 6.13036],
			"rotation": {
				"angle": 22.5,
				"axis": "x",
				"origin": [10.58141, 5.88287, -6.46964]
			},
			"faces": {
				"north": {
					"uv": [14.25, 12.25, 14.40625, 12.28125],
					"texture": "#0"
				},
				"east": {
					"uv": [11, 14.5, 11.03125, 14.53125],
					"texture": "#0"
				},
				"south": {
					"uv": [14.25, 12.375, 14.40625, 12.40625],
					"texture": "#0"
				},
				"west": {
					"uv": [14.5, 11, 14.53125, 11.03125],
					"texture": "#0"
				},
				"up": {
					"uv": [14.40625, 12.53125, 14.25, 12.5],
					"texture": "#0"
				},
				"down": {
					"uv": [14.40625, 12.625, 14.25, 12.65625],
					"texture": "#0"
				}
			}
		},
		{
			"from": [6.58141, 12.13287, 6.03036],
			"to": [7.83141, 14.88287, 6.53036],
			"rotation": {
				"angle": 22.5,
				"axis": "x",
				"origin": [10.58141, 5.88287, -6.46964]
			},
			"faces": {
				"north": {
					"uv": [9.25, 11.5, 9.40625, 11.84375],
					"texture": "#0"
				},
				"east": {
					"uv": [5.25, 13.25, 5.3125, 13.59375],
					"texture": "#0"
				},
				"south": {
					"uv": [9.5, 11.5, 9.65625, 11.84375],
					"texture": "#0"
				},
				"west": {
					"uv": [5.375, 13.25, 5.4375, 13.59375],
					"texture": "#0"
				},
				"up": {
					"uv": [5.65625, 14.0625, 5.5, 14],
					"texture": "#0"
				},
				"down": {
					"uv": [14.15625, 5.5, 14, 5.5625],
					"texture": "#0"
				}
			}
		},
		{
			"from": [6.58041, 4.06492, 7.75869],
			"to": [8.83041, 8.06492, 8.50869],
			"rotation": {
				"angle": 0,
				"axis": "y",
				"origin": [10.58141, 5.81492, -6.49131]
			},
			"faces": {
				"north": {
					"uv": [8.5, 0, 8.78125, 0.5],
					"texture": "#0"
				},
				"east": {
					"uv": [3.375, 11.875, 3.46875, 12.375],
					"texture": "#0"
				},
				"south": {
					"uv": [8.5, 0.5, 8.78125, 1],
					"texture": "#0"
				},
				"west": {
					"uv": [11.875, 3.625, 11.96875, 4.125],
					"texture": "#0"
				},
				"up": {
					"uv": [2.90625, 12.96875, 2.625, 12.875],
					"texture": "#0"
				},
				"down": {
					"uv": [13.15625, 3, 12.875, 3.09375],
					"texture": "#0"
				}
			}
		},
		{
			"from": [6.58041, 5.06492, 7.00869],
			"to": [8.83041, 7.06492, 7.75869],
			"rotation": {
				"angle": 0,
				"axis": "y",
				"origin": [10.58141, 5.81492, -6.49131]
			},
			"faces": {
				"north": {
					"uv": [10.625, 9.875, 10.90625, 10.125],
					"texture": "#0"
				},
				"east": {
					"uv": [10.125, 13, 10.21875, 13.25],
					"texture": "#0"
				},
				"south": {
					"uv": [10.75, 4.125, 11.03125, 4.375],
					"texture": "#0"
				},
				"west": {
					"uv": [10.25, 13, 10.34375, 13.25],
					"texture": "#0"
				},
				"up": {
					"uv": [13.15625, 3.21875, 12.875, 3.125],
					"texture": "#0"
				},
				"down": {
					"uv": [13.15625, 3.25, 12.875, 3.34375],
					"texture": "#0"
				}
			}
		},
		{
			"from": [8.33141, 7.06492, 7.00869],
			"to": [8.83141, 8.31492, 9.00869],
			"rotation": {
				"angle": 0,
				"axis": "y",
				"origin": [10.58141, 5.81492, -6.49131]
			},
			"faces": {
				"north": {
					"uv": [14, 5.625, 14.0625, 5.78125],
					"texture": "#0"
				},
				"east": {
					"uv": [7.5, 12.25, 7.75, 12.40625],
					"texture": "#0"
				},
				"south": {
					"uv": [5.75, 14, 5.8125, 14.15625],
					"texture": "#0"
				},
				"west": {
					"uv": [12.25, 7.5, 12.5, 7.65625],
					"texture": "#0"
				},
				"up": {
					"uv": [13.6875, 7.375, 13.625, 7.125],
					"texture": "#0"
				},
				"down": {
					"uv": [13.6875, 7.5, 13.625, 7.75],
					"texture": "#0"
				}
			}
		},
		{
			"from": [8.33041, 3.56492, 8.50869],
			"to": [8.83041, 7.06492, 9.00869],
			"rotation": {
				"angle": 0,
				"axis": "y",
				"origin": [10.58141, 5.81492, -6.49131]
			},
			"faces": {
				"north": {
					"uv": [12.75, 9.75, 12.8125, 10.1875],
					"texture": "#0"
				},
				"east": {
					"uv": [12.75, 10.25, 12.8125, 10.6875],
					"texture": "#0"
				},
				"south": {
					"uv": [10.625, 12.75, 10.6875, 13.1875],
					"texture": "#0"
				},
				"west": {
					"uv": [12.75, 11.125, 12.8125, 11.5625],
					"texture": "#0"
				},
				"up": {
					"uv": [5.4375, 14.4375, 5.375, 14.375],
					"texture": "#0"
				},
				"down": {
					"uv": [14.4375, 5.375, 14.375, 5.4375],
					"texture": "#0"
				}
			}
		},
		{
			"from": [6.58141, -4.06064, 5.74074],
			"to": [8.83141, -0.06064, 6.24074],
			"rotation": {
				"angle": -22.5,
				"axis": "x",
				"origin": [10.58141, 5.68936, -6.50926]
			},
			"faces": {
				"north": {
					"uv": [8.5, 1.625, 8.78125, 2.125],
					"texture": "#0"
				},
				"east": {
					"uv": [10, 12.5, 10.0625, 13],
					"texture": "#0"
				},
				"south": {
					"uv": [8.5, 2.125, 8.78125, 2.625],
					"texture": "#0"
				},
				"west": {
					"uv": [10.125, 12.5, 10.1875, 13],
					"texture": "#0"
				},
				"up": {
					"uv": [13.78125, 5.0625, 13.5, 5],
					"texture": "#0"
				},
				"down": {
					"uv": [13.78125, 5.25, 13.5, 5.3125],
					"texture": "#0"
				}
			}
		},
		{
			"from": [6.58141, -2.81064, 6.24074],
			"to": [8.83141, -0.06064, 6.74074],
			"rotation": {
				"angle": -22.5,
				"axis": "x",
				"origin": [10.58141, 5.68936, -6.50926]
			},
			"faces": {
				"north": {
					"uv": [4.875, 10, 5.15625, 10.34375],
					"texture": "#0"
				},
				"east": {
					"uv": [5.5, 13.25, 5.5625, 13.59375],
					"texture": "#0"
				},
				"south": {
					"uv": [5.375, 10, 5.65625, 10.34375],
					"texture": "#0"
				},
				"west": {
					"uv": [13.25, 5.625, 13.3125, 5.96875],
					"texture": "#0"
				},
				"up": {
					"uv": [13.78125, 8.1875, 13.5, 8.125],
					"texture": "#0"
				},
				"down": {
					"uv": [8.53125, 13.5, 8.25, 13.5625],
					"texture": "#0"
				}
			}
		},
		{
			"from": [7.08141, -4.63833, 5.107],
			"to": [8.33141, -0.13833, 5.857],
			"rotation": {
				"angle": -22.5,
				"axis": "x",
				"origin": [10.58141, 5.86167, -6.643]
			},
			"faces": {
				"north": {
					"uv": [2.625, 10.25, 2.78125, 10.8125],
					"texture": "#0"
				},
				"east": {
					"uv": [6.375, 11.5, 6.46875, 12.0625],
					"texture": "#0"
				},
				"south": {
					"uv": [10.25, 2.75, 10.40625, 3.3125],
					"texture": "#0"
				},
				"west": {
					"uv": [7.375, 11.5, 7.46875, 12.0625],
					"texture": "#0"
				},
				"up": {
					"uv": [13.90625, 0.71875, 13.75, 0.625],
					"texture": "#0"
				},
				"down": {
					"uv": [1.90625, 13.75, 1.75, 13.84375],
					"texture": "#0"
				}
			}
		},
		{
			"from": [7.08141, -4.63833, 5.857],
			"to": [8.33141, -3.88833, 5.957],
			"rotation": {
				"angle": -22.5,
				"axis": "x",
				"origin": [10.58141, 5.86167, -6.643]
			},
			"faces": {
				"north": {
					"uv": [13.75, 1.875, 13.90625, 1.96875],
					"texture": "#0"
				},
				"east": {
					"uv": [14.375, 13.75, 14.40625, 13.84375],
					"texture": "#0"
				},
				"south": {
					"uv": [13.75, 2.25, 13.90625, 2.34375],
					"texture": "#0"
				},
				"west": {
					"uv": [14.375, 13.875, 14.40625, 13.96875],
					"texture": "#0"
				},
				"up": {
					"uv": [14.40625, 12.78125, 14.25, 12.75],
					"texture": "#0"
				},
				"down": {
					"uv": [13.03125, 14.25, 12.875, 14.28125],
					"texture": "#0"
				}
			}
		},
		{
			"from": [6.58041, 1.56492, 8.50869],
			"to": [7.83041, 10.31492, 9.00869],
			"rotation": {
				"angle": 0,
				"axis": "y",
				"origin": [10.58141, 5.81492, -6.49131]
			},
			"faces": {
				"north": {
					"uv": [0.75, 7.5, 0.90625, 8.59375],
					"texture": "#0"
				},
				"east": {
					"uv": [7, 10.625, 7.0625, 11.71875],
					"texture": "#0"
				},
				"south": {
					"uv": [1, 7.5, 1.15625, 8.59375],
					"texture": "#0"
				},
				"west": {
					"uv": [0.75, 10.75, 0.8125, 11.84375],
					"texture": "#0"
				},
				"up": {
					"uv": [14.15625, 6.1875, 14, 6.125],
					"texture": "#0"
				},
				"down": {
					"uv": [14.15625, 6.25, 14, 6.3125],
					"texture": "#0"
				}
			}
		},
		{
			"from": [7.83041, 1.56492, 8.50869],
			"to": [8.83041, 3.56492, 9.00869],
			"rotation": {
				"angle": 0,
				"axis": "y",
				"origin": [10.58141, 5.81492, -6.49131]
			},
			"faces": {
				"north": {
					"uv": [0.75, 7.25, 0.875, 7.5],
					"texture": "#0"
				},
				"east": {
					"uv": [13.625, 7.75, 13.6875, 8],
					"texture": "#0"
				},
				"south": {
					"uv": [5.375, 8.25, 5.5, 8.5],
					"texture": "#0"
				},
				"west": {
					"uv": [8.25, 13.625, 8.3125, 13.875],
					"texture": "#0"
				},
				"up": {
					"uv": [6.375, 14.1875, 6.25, 14.125],
					"texture": "#0"
				},
				"down": {
					"uv": [6.5, 14.125, 6.375, 14.1875],
					"texture": "#0"
				}
			}
		},
		{
			"from": [7.08141, 0.98992, 8.75869],
			"to": [8.33141, 1.56492, 9.00869],
			"rotation": {
				"angle": 0,
				"axis": "y",
				"origin": [10.58141, 5.81492, -6.49131]
			},
			"faces": {
				"north": {
					"uv": [6.375, 14, 6.53125, 14.0625],
					"texture": "#0"
				},
				"east": {
					"uv": [6.75, 14.5, 6.78125, 14.5625],
					"texture": "#0"
				},
				"south": {
					"uv": [14, 6.375, 14.15625, 6.4375],
					"texture": "#0"
				},
				"west": {
					"uv": [14.5, 6.75, 14.53125, 6.8125],
					"texture": "#0"
				},
				"up": {
					"uv": [14.40625, 12.90625, 14.25, 12.875],
					"texture": "#0"
				},
				"down": {
					"uv": [14.40625, 13, 14.25, 13.03125],
					"texture": "#0"
				}
			}
		}
	]
}