{
	"textures": {
		"0": "animated_java:item/valk_aj/main"
	},
	"display": {
		"head": {
			"rotation": [0, 180, 0]
		}
	},
	"elements": [
		{
			"from": [8, 6.67644, 5.35718],
			"to": [9.41421, 8.09065, 8.10518],
			"rotation": {
				"angle": 45,
				"axis": "z",
				"origin": [8, 6.67644, 14.35618]
			},
			"faces": {
				"north": {
					"uv": [2.375, 12.375, 2.5625, 12.5625],
					"texture": "#0"
				},
				"east": {
					"uv": [11, 7, 11.34375, 7.1875],
					"texture": "#0"
				},
				"south": {
					"uv": [2.625, 12.375, 2.8125, 12.5625],
					"texture": "#0"
				},
				"west": {
					"uv": [11, 8.875, 11.34375, 9.0625],
					"texture": "#0"
				},
				"up": {
					"uv": [6.9375, 11.34375, 6.75, 11],
					"texture": "#0"
				},
				"down": {
					"uv": [11.1875, 9.375, 11, 9.71875],
					"texture": "#0"
				}
			}
		},
		{
			"from": [7, 7.67644, 5.35618],
			"to": [9, 9.17644, 8.10618],
			"rotation": {
				"angle": 0,
				"axis": "y",
				"origin": [8, 6.17644, 14.35618]
			},
			"faces": {
				"north": {
					"uv": [11.875, 1.75, 12.125, 1.9375],
					"texture": "#0"
				},
				"east": {
					"uv": [11, 9.75, 11.34375, 9.9375],
					"texture": "#0"
				},
				"south": {
					"uv": [11.875, 2, 12.125, 2.1875],
					"texture": "#0"
				},
				"west": {
					"uv": [11.125, 1.5, 11.46875, 1.6875],
					"texture": "#0"
				},
				"up": {
					"uv": [4.5, 10.59375, 4.25, 10.25],
					"texture": "#0"
				},
				"down": {
					"uv": [7, 10.25, 6.75, 10.59375],
					"texture": "#0"
				}
			}
		},
		{
			"from": [7.25, 11.17644, 7.95618],
			"to": [7.5, 11.92644, 9.45618],
			"rotation": {
				"angle": -22.5,
				"axis": "x",
				"origin": [8, 6.17644, 14.35618]
			},
			"faces": {
				"north": {
					"uv": [14.375, 12.125, 14.40625, 12.21875],
					"texture": "#0"
				},
				"east": {
					"uv": [13.375, 11.25, 13.5625, 11.34375],
					"texture": "#0"
				},
				"south": {
					"uv": [12.25, 14.375, 12.28125, 14.46875],
					"texture": "#0"
				},
				"west": {
					"uv": [13.5, 1.25, 13.6875, 1.34375],
					"texture": "#0"
				},
				"up": {
					"uv": [1.78125, 14.4375, 1.75, 14.25],
					"texture": "#0"
				},
				"down": {
					"uv": [14.28125, 1.75, 14.25, 1.9375],
					"texture": "#0"
				}
			}
		},
		{
			"from": [8.5, 11.17644, 7.95618],
			"to": [8.75, 11.92644, 9.45618],
			"rotation": {
				"angle": -22.5,
				"axis": "x",
				"origin": [8, 6.17644, 14.35618]
			},
			"faces": {
				"north": {
					"uv": [14.40625, 12.125, 14.375, 12.21875],
					"texture": "#0"
				},
				"east": {
					"uv": [13.6875, 1.25, 13.5, 1.34375],
					"texture": "#0"
				},
				"south": {
					"uv": [12.28125, 14.375, 12.25, 14.46875],
					"texture": "#0"
				},
				"west": {
					"uv": [13.5625, 11.25, 13.375, 11.34375],
					"texture": "#0"
				},
				"up": {
					"uv": [1.75, 14.4375, 1.78125, 14.25],
					"texture": "#0"
				},
				"down": {
					"uv": [14.25, 1.75, 14.28125, 1.9375],
					"texture": "#0"
				}
			}
		},
		{
			"from": [7.5, 9.17644, 5.35618],
			"to": [8.5, 9.67644, 8.10618],
			"rotation": {
				"angle": 0,
				"axis": "y",
				"origin": [8, 5.92644, 14.35618]
			},
			"faces": {
				"north": {
					"uv": [14.125, 1.625, 14.25, 1.6875],
					"texture": "#0"
				},
				"east": {
					"uv": [3.375, 13.25, 3.71875, 13.3125],
					"texture": "#0"
				},
				"south": {
					"uv": [1.75, 14.125, 1.875, 14.1875],
					"texture": "#0"
				},
				"west": {
					"uv": [13.25, 3.375, 13.59375, 3.4375],
					"texture": "#0"
				},
				"up": {
					"uv": [2.375, 12.34375, 2.25, 12],
					"texture": "#0"
				},
				"down": {
					"uv": [2.5, 12, 2.375, 12.34375],
					"texture": "#0"
				}
			}
		},
		{
			"from": [7.75, 9.67644, 5.35618],
			"to": [8.25, 9.92644, 8.10618],
			"rotation": {
				"angle": 0,
				"axis": "y",
				"origin": [8, 5.92644, 14.35618]
			},
			"faces": {
				"north": {
					"uv": [6.125, 14.5, 6.1875, 14.53125],
					"texture": "#0"
				},
				"east": {
					"uv": [0.625, 14, 0.96875, 14.03125],
					"texture": "#0"
				},
				"south": {
					"uv": [14.5, 6.125, 14.5625, 6.15625],
					"texture": "#0"
				},
				"west": {
					"uv": [14, 0.625, 14.34375, 0.65625],
					"texture": "#0"
				},
				"up": {
					"uv": [13.3125, 3.84375, 13.25, 3.5],
					"texture": "#0"
				},
				"down": {
					"uv": [3.8125, 13.25, 3.75, 13.59375],
					"texture": "#0"
				}
			}
		}
	]
}