{
	"textures": {
		"0": "animated_java:item/valk_aj/main"
	},
	"display": {
		"head": {
			"rotation": [0, 180, 0]
		}
	},
	"elements": [
		{
			"from": [6.94817, 19.73294, 2.25363],
			"to": [7.59096, 25.78511, 4.34059],
			"rotation": {
				"angle": 45,
				"axis": "x",
				"origin": [7.7913, 7.0025, -7.13767]
			},
			"faces": {
				"north": {
					"uv": [1.25, 10.125, 1.34375, 11.03125],
					"texture": "#0"
				},
				"east": {
					"uv": [2.625, 4.75, 2.9375, 5.65625],
					"texture": "#0"
				},
				"south": {
					"uv": [3.375, 10.125, 3.46875, 11.03125],
					"texture": "#0"
				},
				"west": {
					"uv": [3, 4.75, 3.3125, 5.65625],
					"texture": "#0"
				},
				"up": {
					"uv": [0.84375, 12.9375, 0.75, 12.625],
					"texture": "#0"
				},
				"down": {
					"uv": [1.34375, 12.625, 1.25, 12.9375],
					"texture": "#0"
				}
			}
		},
		{
			"from": [6.95652, 15.76772, 7.47102],
			"to": [7.58261, 20.56772, 9.55798],
			"rotation": {
				"angle": 22.5,
				"axis": "x",
				"origin": [7.7913, 7.0025, -7.13767]
			},
			"faces": {
				"north": {
					"uv": [7.375, 10.75, 7.46875, 11.46875],
					"texture": "#0"
				},
				"east": {
					"uv": [5.125, 6.125, 5.4375, 6.84375],
					"texture": "#0"
				},
				"south": {
					"uv": [2.25, 10.875, 2.34375, 11.59375],
					"texture": "#0"
				},
				"west": {
					"uv": [5.5, 6.125, 5.8125, 6.84375],
					"texture": "#0"
				},
				"up": {
					"uv": [4.59375, 12.9375, 4.5, 12.625],
					"texture": "#0"
				},
				"down": {
					"uv": [4.71875, 12.625, 4.625, 12.9375],
					"texture": "#0"
				}
			}
		},
		{
			"from": [6.95736, 1.78511, 11.01885],
			"to": [7.58177, 2.82859, 11.85363],
			"rotation": {
				"angle": -22.5,
				"axis": "x",
				"origin": [7.7913, 7.0025, -7.13767]
			},
			"faces": {
				"north": {
					"uv": [0.875, 13.75, 0.96875, 13.90625],
					"texture": "#0"
				},
				"east": {
					"uv": [1, 13.375, 1.125, 13.53125],
					"texture": "#0"
				},
				"south": {
					"uv": [13.75, 0.875, 13.84375, 1.03125],
					"texture": "#0"
				},
				"west": {
					"uv": [1.125, 13.375, 1.25, 13.53125],
					"texture": "#0"
				},
				"up": {
					"uv": [5.84375, 14, 5.75, 13.875],
					"texture": "#0"
				},
				"down": {
					"uv": [5.96875, 13.875, 5.875, 14],
					"texture": "#0"
				}
			}
		},
		{
			"from": [6.74783, 7.83728, 7.88841],
			"to": [9.25217, 9.29815, 12.89711],
			"rotation": {
				"angle": 0,
				"axis": "y",
				"origin": [8, 7.0025, -7.13767]
			},
			"faces": {
				"north": {
					"uv": [3.5, 10.375, 3.875, 10.59375],
					"texture": "#0"
				},
				"east": {
					"uv": [7.875, 6.375, 8.625, 6.59375],
					"texture": "#0"
				},
				"south": {
					"uv": [10.375, 4.125, 10.75, 4.34375],
					"texture": "#0"
				},
				"west": {
					"uv": [7.875, 6.625, 8.625, 6.84375],
					"texture": "#0"
				},
				"up": {
					"uv": [5, 5.5, 4.625, 4.75],
					"texture": "#0"
				},
				"down": {
					"uv": [1.375, 4.875, 1, 5.625],
					"texture": "#0"
				}
			}
		},
		{
			"from": [7.0836, 8.23617, 7.88925],
			"to": [7.50099, 9.07095, 12.89628],
			"rotation": {
				"angle": 22.5,
				"axis": "z",
				"origin": [7.91838, 7.19269, -7.13767]
			},
			"faces": {
				"north": {
					"uv": [2.5, 14.125, 2.5625, 14.25],
					"texture": "#0"
				},
				"east": {
					"uv": [10.125, 0.5, 10.875, 0.625],
					"texture": "#0"
				},
				"south": {
					"uv": [2.625, 14.125, 2.6875, 14.25],
					"texture": "#0"
				},
				"west": {
					"uv": [10.125, 0.625, 10.875, 0.75],
					"texture": "#0"
				},
				"up": {
					"uv": [11.4375, 12.5, 11.375, 11.75],
					"texture": "#0"
				},
				"down": {
					"uv": [0.8125, 11.875, 0.75, 12.625],
					"texture": "#0"
				}
			}
		},
		{
			"from": [7.16522, 9.29815, 7.88841],
			"to": [8.83478, 9.71555, 12.89711],
			"rotation": {
				"angle": 0,
				"axis": "y",
				"origin": [8, 7.0025, -7.13767]
			},
			"faces": {
				"north": {
					"uv": [13.625, 6.625, 13.875, 6.6875],
					"texture": "#0"
				},
				"east": {
					"uv": [11.75, 3.5, 12.5, 3.5625],
					"texture": "#0"
				},
				"south": {
					"uv": [13.625, 6.75, 13.875, 6.8125],
					"texture": "#0"
				},
				"west": {
					"uv": [11.75, 5.125, 12.5, 5.1875],
					"texture": "#0"
				},
				"up": {
					"uv": [2.375, 7.875, 2.125, 7.125],
					"texture": "#0"
				},
				"down": {
					"uv": [4.75, 7.125, 4.5, 7.875],
					"texture": "#0"
				}
			}
		},
		{
			"from": [7.65857, 6.78947, 7.88925],
			"to": [9.42941, 8.56031, 12.89628],
			"rotation": {
				"angle": 45,
				"axis": "z",
				"origin": [8.07596, 7.09944, -7.13767]
			},
			"faces": {
				"north": {
					"uv": [7, 3, 7.25, 3.25],
					"texture": "#0"
				},
				"east": {
					"uv": [7.25, 5.25, 8, 5.5],
					"texture": "#0"
				},
				"south": {
					"uv": [4.25, 8.5, 4.5, 8.75],
					"texture": "#0"
				},
				"west": {
					"uv": [7.25, 5.5, 8, 5.75],
					"texture": "#0"
				},
				"up": {
					"uv": [0.75, 8, 0.5, 7.25],
					"texture": "#0"
				},
				"down": {
					"uv": [6, 7.25, 5.75, 8],
					"texture": "#0"
				}
			}
		},
		{
			"from": [8.73785, 9.08946, 7.88925],
			"to": [9.32813, 9.51119, 12.89628],
			"rotation": {
				"angle": 45,
				"axis": "z",
				"origin": [8, 7.0025, -7.13767]
			},
			"faces": {
				"north": {
					"uv": [14.25, 2.25, 14.34375, 2.3125],
					"texture": "#0"
				},
				"east": {
					"uv": [11.75, 7.875, 12.5, 7.9375],
					"texture": "#0"
				},
				"south": {
					"uv": [2.375, 14.25, 2.46875, 14.3125],
					"texture": "#0"
				},
				"west": {
					"uv": [11.75, 8.5, 12.5, 8.5625],
					"texture": "#0"
				},
				"up": {
					"uv": [3.84375, 11.375, 3.75, 10.625],
					"texture": "#0"
				},
				"down": {
					"uv": [5.34375, 10.625, 5.25, 11.375],
					"texture": "#0"
				}
			}
		},
		{
			"from": [8.40904, 19.73294, 2.25363],
			"to": [9.05183, 25.78511, 4.34059],
			"rotation": {
				"angle": 45,
				"axis": "x",
				"origin": [8.2087, 7.0025, -7.13767]
			},
			"faces": {
				"north": {
					"uv": [1.34375, 10.125, 1.25, 11.03125],
					"texture": "#0"
				},
				"east": {
					"uv": [3.3125, 4.75, 3, 5.65625],
					"texture": "#0"
				},
				"south": {
					"uv": [3.46875, 10.125, 3.375, 11.03125],
					"texture": "#0"
				},
				"west": {
					"uv": [2.9375, 4.75, 2.625, 5.65625],
					"texture": "#0"
				},
				"up": {
					"uv": [0.75, 12.9375, 0.84375, 12.625],
					"texture": "#0"
				},
				"down": {
					"uv": [1.25, 12.625, 1.34375, 12.9375],
					"texture": "#0"
				}
			}
		},
		{
			"from": [8.41739, 15.76772, 7.47102],
			"to": [9.04348, 20.56772, 9.55798],
			"rotation": {
				"angle": 22.5,
				"axis": "x",
				"origin": [8.2087, 7.0025, -7.13767]
			},
			"faces": {
				"north": {
					"uv": [7.46875, 10.75, 7.375, 11.46875],
					"texture": "#0"
				},
				"east": {
					"uv": [5.8125, 6.125, 5.5, 6.84375],
					"texture": "#0"
				},
				"south": {
					"uv": [2.34375, 10.875, 2.25, 11.59375],
					"texture": "#0"
				},
				"west": {
					"uv": [5.4375, 6.125, 5.125, 6.84375],
					"texture": "#0"
				},
				"up": {
					"uv": [4.5, 12.9375, 4.59375, 12.625],
					"texture": "#0"
				},
				"down": {
					"uv": [4.625, 12.625, 4.71875, 12.9375],
					"texture": "#0"
				}
			}
		},
		{
			"from": [8.41823, 1.78511, 11.01885],
			"to": [9.04264, 2.82859, 11.85363],
			"rotation": {
				"angle": -22.5,
				"axis": "x",
				"origin": [8.2087, 7.0025, -7.13767]
			},
			"faces": {
				"north": {
					"uv": [0.96875, 13.75, 0.875, 13.90625],
					"texture": "#0"
				},
				"east": {
					"uv": [1.25, 13.375, 1.125, 13.53125],
					"texture": "#0"
				},
				"south": {
					"uv": [13.84375, 0.875, 13.75, 1.03125],
					"texture": "#0"
				},
				"west": {
					"uv": [1.125, 13.375, 1, 13.53125],
					"texture": "#0"
				},
				"up": {
					"uv": [5.75, 14, 5.84375, 13.875],
					"texture": "#0"
				},
				"down": {
					"uv": [5.875, 13.875, 5.96875, 14],
					"texture": "#0"
				}
			}
		},
		{
			"from": [8.49901, 8.23617, 7.88925],
			"to": [8.9164, 9.07095, 12.89628],
			"rotation": {
				"angle": -22.5,
				"axis": "z",
				"origin": [8.08162, 7.19269, -7.13767]
			},
			"faces": {
				"north": {
					"uv": [2.5625, 14.125, 2.5, 14.25],
					"texture": "#0"
				},
				"east": {
					"uv": [10.875, 0.625, 10.125, 0.75],
					"texture": "#0"
				},
				"south": {
					"uv": [2.6875, 14.125, 2.625, 14.25],
					"texture": "#0"
				},
				"west": {
					"uv": [10.875, 0.5, 10.125, 0.625],
					"texture": "#0"
				},
				"up": {
					"uv": [11.375, 12.5, 11.4375, 11.75],
					"texture": "#0"
				},
				"down": {
					"uv": [0.75, 11.875, 0.8125, 12.625],
					"texture": "#0"
				}
			}
		},
		{
			"from": [6.67187, 9.08946, 7.88925],
			"to": [7.26215, 9.51119, 12.89628],
			"rotation": {
				"angle": -45,
				"axis": "z",
				"origin": [8, 7.0025, -7.13767]
			},
			"faces": {
				"north": {
					"uv": [14.34375, 2.25, 14.25, 2.3125],
					"texture": "#0"
				},
				"east": {
					"uv": [12.5, 8.5, 11.75, 8.5625],
					"texture": "#0"
				},
				"south": {
					"uv": [2.46875, 14.25, 2.375, 14.3125],
					"texture": "#0"
				},
				"west": {
					"uv": [12.5, 7.875, 11.75, 7.9375],
					"texture": "#0"
				},
				"up": {
					"uv": [3.75, 11.375, 3.84375, 10.625],
					"texture": "#0"
				},
				"down": {
					"uv": [5.25, 10.625, 5.34375, 11.375],
					"texture": "#0"
				}
			}
		}
	]
}