{
	"textures": {
		"0": "animated_java:item/valk_aj/main"
	},
	"display": {
		"head": {
			"rotation": [0, 180, 0]
		}
	},
	"elements": [
		{
			"from": [14.7947, 7.70704, 7.93617],
			"to": [15.77956, 15.83413, 10.66585],
			"rotation": {
				"angle": -45,
				"axis": "y",
				"origin": [13.07119, -5.58761, 0.05727]
			},
			"faces": {
				"north": {
					"uv": [5.375, 8.875, 5.5, 9.90625],
					"texture": "#0"
				},
				"east": {
					"uv": [3.125, 3.25, 3.46875, 4.28125],
					"texture": "#0"
				},
				"south": {
					"uv": [3.125, 9, 3.25, 10.03125],
					"texture": "#0"
				},
				"west": {
					"uv": [3.5, 3.25, 3.84375, 4.28125],
					"texture": "#0"
				},
				"up": {
					"uv": [4.25, 12.34375, 4.125, 12],
					"texture": "#0"
				},
				"down": {
					"uv": [4.375, 12, 4.25, 12.34375],
					"texture": "#0"
				}
			}
		},
		{
			"from": [10.61497, 7.70803, 9.04072],
			"to": [11.59983, 15.83314, 10.51802],
			"rotation": {
				"angle": -22.5,
				"axis": "y",
				"origin": [13.07712, -5.58761, 0.02923]
			},
			"faces": {
				"north": {
					"uv": [3.25, 9, 3.375, 10.03125],
					"texture": "#0"
				},
				"east": {
					"uv": [0, 6.75, 0.1875, 7.78125],
					"texture": "#0"
				},
				"south": {
					"uv": [3.375, 9, 3.5, 10.03125],
					"texture": "#0"
				},
				"west": {
					"uv": [6.75, 0, 6.9375, 1.03125],
					"texture": "#0"
				},
				"up": {
					"uv": [13.125, 11.1875, 13, 11],
					"texture": "#0"
				},
				"down": {
					"uv": [13.125, 11.25, 13, 11.4375],
					"texture": "#0"
				}
			}
		},
		{
			"from": [8.18303, 9.98227, 2.31484],
			"to": [9.4141, 11.99102, 3.24966],
			"rotation": {
				"angle": 22.5,
				"axis": "x",
				"origin": [13.2068, -5.52931, 0.68982]
			},
			"faces": {
				"north": {
					"uv": [8.125, 12.25, 8.28125, 12.5],
					"texture": "#0"
				},
				"east": {
					"uv": [9.125, 5.75, 9.25, 6],
					"texture": "#0"
				},
				"south": {
					"uv": [12.25, 8.125, 12.40625, 8.375],
					"texture": "#0"
				},
				"west": {
					"uv": [10.125, 2, 10.25, 2.25],
					"texture": "#0"
				},
				"up": {
					"uv": [3.15625, 13.5, 3, 13.375],
					"texture": "#0"
				},
				"down": {
					"uv": [13.53125, 3, 13.375, 3.125],
					"texture": "#0"
				}
			}
		},
		{
			"from": [8.184, 9.67775, 8.77468],
			"to": [9.41508, 13.12477, 9.75955],
			"rotation": {
				"angle": 0,
				"axis": "y",
				"origin": [13.2068, -3.37167, 0.25562]
			},
			"faces": {
				"north": {
					"uv": [11, 0.75, 11.15625, 1.1875],
					"texture": "#0"
				},
				"east": {
					"uv": [2.5, 11.5, 2.625, 11.9375],
					"texture": "#0"
				},
				"south": {
					"uv": [0.875, 11, 1.03125, 11.4375],
					"texture": "#0"
				},
				"west": {
					"uv": [3, 11.5, 3.125, 11.9375],
					"texture": "#0"
				},
				"up": {
					"uv": [13.53125, 3.25, 13.375, 3.125],
					"texture": "#0"
				},
				"down": {
					"uv": [3.40625, 13.375, 3.25, 13.5],
					"texture": "#0"
				}
			}
		},
		{
			"from": [8.184, 7.70803, 7.5436],
			"to": [9.41508, 15.83314, 8.77468],
			"rotation": {
				"angle": 0,
				"axis": "y",
				"origin": [13.2068, -5.58761, 0.00941]
			},
			"faces": {
				"north": {
					"uv": [3, 7.875, 3.15625, 8.90625],
					"texture": "#0"
				},
				"east": {
					"uv": [4.5, 7.875, 4.65625, 8.90625],
					"texture": "#0"
				},
				"south": {
					"uv": [7.75, 7.875, 7.90625, 8.90625],
					"texture": "#0"
				},
				"west": {
					"uv": [0.5, 8, 0.65625, 9.03125],
					"texture": "#0"
				},
				"up": {
					"uv": [13.15625, 3.78125, 13, 3.625],
					"texture": "#0"
				},
				"down": {
					"uv": [13.15625, 3.875, 13, 4.03125],
					"texture": "#0"
				}
			}
		},
		{
			"from": [8.184, 7.70803, 8.77468],
			"to": [9.41508, 9.18532, 9.0209],
			"rotation": {
				"angle": 0,
				"axis": "y",
				"origin": [13.2068, -5.58761, 0.00941]
			},
			"faces": {
				"north": {
					"uv": [7.75, 12.625, 7.90625, 12.8125],
					"texture": "#0"
				},
				"east": {
					"uv": [14.25, 6.375, 14.28125, 6.5625],
					"texture": "#0"
				},
				"south": {
					"uv": [12.625, 7.875, 12.78125, 8.0625],
					"texture": "#0"
				},
				"west": {
					"uv": [6.5, 14.25, 6.53125, 14.4375],
					"texture": "#0"
				},
				"up": {
					"uv": [14.40625, 14.03125, 14.25, 14],
					"texture": "#0"
				},
				"down": {
					"uv": [14.28125, 14.25, 14.125, 14.28125],
					"texture": "#0"
				}
			}
		},
		{
			"from": [8.18303, 8.0688, 15.16766],
			"to": [9.4141, 10.77717, 16.15252],
			"rotation": {
				"angle": -22.5,
				"axis": "x",
				"origin": [13.2068, -5.47305, 0.247]
			},
			"faces": {
				"north": {
					"uv": [11.5, 11.25, 11.65625, 11.59375],
					"texture": "#0"
				},
				"east": {
					"uv": [4.375, 12, 4.5, 12.34375],
					"texture": "#0"
				},
				"south": {
					"uv": [11.625, 0, 11.78125, 0.34375],
					"texture": "#0"
				},
				"west": {
					"uv": [4.5, 12, 4.625, 12.34375],
					"texture": "#0"
				},
				"up": {
					"uv": [13.53125, 3.375, 13.375, 3.25],
					"texture": "#0"
				},
				"down": {
					"uv": [3.65625, 13.375, 3.5, 13.5],
					"texture": "#0"
				}
			}
		},
		{
			"from": [8.67643, 12.13991, 9.75955],
			"to": [9.41508, 13.12477, 12.2217],
			"rotation": {
				"angle": 0,
				"axis": "y",
				"origin": [13.2068, -4.84897, 0.25562]
			},
			"faces": {
				"north": {
					"uv": [13.875, 8.875, 13.96875, 9],
					"texture": "#0"
				},
				"east": {
					"uv": [12.25, 7.25, 12.5625, 7.375],
					"texture": "#0"
				},
				"south": {
					"uv": [9, 13.875, 9.09375, 14],
					"texture": "#0"
				},
				"west": {
					"uv": [12.25, 7.75, 12.5625, 7.875],
					"texture": "#0"
				},
				"up": {
					"uv": [8.09375, 12.9375, 8, 12.625],
					"texture": "#0"
				},
				"down": {
					"uv": [8.46875, 12.625, 8.375, 12.9375],
					"texture": "#0"
				}
			}
		},
		{
			"from": [8.67743, 14.59844, -6.19636],
			"to": [9.4141, 16.81438, -5.70392],
			"rotation": {
				"angle": 45,
				"axis": "x",
				"origin": [13.20777, -4.60637, 0.30373]
			},
			"faces": {
				"north": {
					"uv": [12.875, 3.375, 12.96875, 3.65625],
					"texture": "#0"
				},
				"east": {
					"uv": [13.5, 9, 13.5625, 9.28125],
					"texture": "#0"
				},
				"south": {
					"uv": [3.5, 12.875, 3.59375, 13.15625],
					"texture": "#0"
				},
				"west": {
					"uv": [13.5, 9.375, 13.5625, 9.65625],
					"texture": "#0"
				},
				"up": {
					"uv": [6.71875, 14.3125, 6.625, 14.25],
					"texture": "#0"
				},
				"down": {
					"uv": [14.34375, 6.625, 14.25, 6.6875],
					"texture": "#0"
				}
			}
		},
		{
			"from": [8.67643, 10.17018, 9.75955],
			"to": [9.41508, 10.66261, 11.48305],
			"rotation": {
				"angle": 0,
				"axis": "y",
				"origin": [13.2068, -2.87924, 0.25562]
			},
			"faces": {
				"north": {
					"uv": [6.75, 14.25, 6.84375, 14.3125],
					"texture": "#0"
				},
				"east": {
					"uv": [13.75, 11.625, 13.96875, 11.6875],
					"texture": "#0"
				},
				"south": {
					"uv": [14.25, 6.75, 14.34375, 6.8125],
					"texture": "#0"
				},
				"west": {
					"uv": [13.75, 11.75, 13.96875, 11.8125],
					"texture": "#0"
				},
				"up": {
					"uv": [9.84375, 13.46875, 9.75, 13.25],
					"texture": "#0"
				},
				"down": {
					"uv": [13.34375, 9.75, 13.25, 9.96875],
					"texture": "#0"
				}
			}
		},
		{
			"from": [8.67643, 9.92397, 9.75955],
			"to": [9.41508, 10.17018, 10.49819],
			"rotation": {
				"angle": 0,
				"axis": "y",
				"origin": [13.2068, -2.87924, 0.25562]
			},
			"faces": {
				"north": {
					"uv": [1.125, 14.5, 1.21875, 14.53125],
					"texture": "#0"
				},
				"east": {
					"uv": [14.5, 1.125, 14.59375, 1.15625],
					"texture": "#0"
				},
				"south": {
					"uv": [1.25, 14.5, 1.34375, 14.53125],
					"texture": "#0"
				},
				"west": {
					"uv": [14.5, 1.25, 14.59375, 1.28125],
					"texture": "#0"
				},
				"up": {
					"uv": [14.09375, 11.46875, 14, 11.375],
					"texture": "#0"
				},
				"down": {
					"uv": [11.59375, 14, 11.5, 14.09375],
					"texture": "#0"
				}
			}
		},
		{
			"from": [8.67743, 6.23696, 15.09527],
			"to": [9.4141, 7.22182, 17.80364],
			"rotation": {
				"angle": -22.5,
				"axis": "x",
				"origin": [13.2068, -4.84274, 0.17461]
			},
			"faces": {
				"north": {
					"uv": [13.875, 9, 13.96875, 9.125],
					"texture": "#0"
				},
				"east": {
					"uv": [12, 4.75, 12.34375, 4.875],
					"texture": "#0"
				},
				"south": {
					"uv": [9.125, 13.875, 9.21875, 14],
					"texture": "#0"
				},
				"west": {
					"uv": [12, 4.875, 12.34375, 5],
					"texture": "#0"
				},
				"up": {
					"uv": [12.59375, 8.21875, 12.5, 7.875],
					"texture": "#0"
				},
				"down": {
					"uv": [8.21875, 12.5, 8.125, 12.84375],
					"texture": "#0"
				}
			}
		},
		{
			"from": [8.67743, 4.6259, 14.19002],
			"to": [9.4141, 5.11833, 16.40596],
			"rotation": {
				"angle": -22.5,
				"axis": "x",
				"origin": [13.2068, -4.97651, 0.008]
			},
			"faces": {
				"north": {
					"uv": [6.875, 14.25, 6.96875, 14.3125],
					"texture": "#0"
				},
				"east": {
					"uv": [13.5, 8.25, 13.78125, 8.3125],
					"texture": "#0"
				},
				"south": {
					"uv": [14.25, 6.875, 14.34375, 6.9375],
					"texture": "#0"
				},
				"west": {
					"uv": [13.5, 9.75, 13.78125, 9.8125],
					"texture": "#0"
				},
				"up": {
					"uv": [3.71875, 13.15625, 3.625, 12.875],
					"texture": "#0"
				},
				"down": {
					"uv": [3.84375, 12.875, 3.75, 13.15625],
					"texture": "#0"
				}
			}
		},
		{
			"from": [8.67643, 8.8855, 14.81467],
			"to": [9.41508, 9.62415, 16.78439],
			"rotation": {
				"angle": -22.5,
				"axis": "x",
				"origin": [13.2068, -2.1942, -0.84464]
			},
			"faces": {
				"north": {
					"uv": [14, 11.5, 14.09375, 11.59375],
					"texture": "#0"
				},
				"east": {
					"uv": [13, 11.5, 13.25, 11.59375],
					"texture": "#0"
				},
				"south": {
					"uv": [14, 11.625, 14.09375, 11.71875],
					"texture": "#0"
				},
				"west": {
					"uv": [13, 11.625, 13.25, 11.71875],
					"texture": "#0"
				},
				"up": {
					"uv": [11.84375, 13.25, 11.75, 13],
					"texture": "#0"
				},
				"down": {
					"uv": [13.09375, 11.75, 13, 12],
					"texture": "#0"
				}
			}
		},
		{
			"from": [8.67643, 8.46804, 15.19155],
			"to": [9.41508, 8.96047, 15.9302],
			"rotation": {
				"angle": -22.5,
				"axis": "x",
				"origin": [13.2068, -3.1041, -0.46776]
			},
			"faces": {
				"north": {
					"uv": [7, 14.25, 7.09375, 14.3125],
					"texture": "#0"
				},
				"east": {
					"uv": [14.25, 7, 14.34375, 7.0625],
					"texture": "#0"
				},
				"south": {
					"uv": [7.125, 14.25, 7.21875, 14.3125],
					"texture": "#0"
				},
				"west": {
					"uv": [14.25, 7.125, 14.34375, 7.1875],
					"texture": "#0"
				},
				"up": {
					"uv": [11.84375, 14.09375, 11.75, 14],
					"texture": "#0"
				},
				"down": {
					"uv": [14.09375, 11.75, 14, 11.84375],
					"texture": "#0"
				}
			}
		},
		{
			"from": [4.94511, 7.70901, 4.65929],
			"to": [6.42241, 15.83216, 5.15172],
			"rotation": {
				"angle": 22.5,
				"axis": "y",
				"origin": [13.07023, -5.58761, -0.01881]
			},
			"faces": {
				"north": {
					"uv": [0.25, 6.75, 0.4375, 7.78125],
					"texture": "#0"
				},
				"east": {
					"uv": [7.25, 11, 7.3125, 12.03125],
					"texture": "#0"
				},
				"south": {
					"uv": [6.75, 2.125, 6.9375, 3.15625],
					"texture": "#0"
				},
				"west": {
					"uv": [1.25, 11.125, 1.3125, 12.15625],
					"texture": "#0"
				},
				"up": {
					"uv": [14.0625, 9.1875, 13.875, 9.125],
					"texture": "#0"
				},
				"down": {
					"uv": [9.4375, 13.875, 9.25, 13.9375],
					"texture": "#0"
				}
			}
		},
		{
			"from": [4.26618, 7.70901, 5.84915],
			"to": [6.2359, 15.83216, 6.5878],
			"rotation": {
				"angle": 22.5,
				"axis": "y",
				"origin": [13.12994, -5.58761, -0.06002]
			},
			"faces": {
				"north": {
					"uv": [3.25, 5.875, 3.5, 6.90625],
					"texture": "#0"
				},
				"east": {
					"uv": [0.875, 9.875, 0.96875, 10.90625],
					"texture": "#0"
				},
				"south": {
					"uv": [3.5, 5.875, 3.75, 6.90625],
					"texture": "#0"
				},
				"west": {
					"uv": [1.875, 9.875, 1.96875, 10.90625],
					"texture": "#0"
				},
				"up": {
					"uv": [13.25, 12.09375, 13, 12],
					"texture": "#0"
				},
				"down": {
					"uv": [13.25, 12.125, 13, 12.21875],
					"texture": "#0"
				}
			}
		}
	]
}