{
    "providers": [
        {
            "type": "bitmap",
            "file": "minecraft:font/vfx/blow_strong/0.png",
            "ascent": 16,
            "height": 32,
            "chars": [
                "0"
            ]
        },
        {
            "type": "bitmap",
            "file": "minecraft:font/vfx/blow_strong/1.png",
            "ascent": 16,
            "height": 32,
            "chars": [
                "1"
            ]
        },
        {
            "type": "bitmap",
            "file": "minecraft:font/vfx/blow_strong/2.png",
            "ascent": 16,
            "height": 32,
            "chars": [
                "2"
            ]
        },
        {
            "type": "bitmap",
            "file": "minecraft:font/vfx/blow_strong/3.png",
            "ascent": 16,
            "height": 32,
            "chars": [
                "3"
            ]
        },
        {
            "type": "bitmap",
            "file": "minecraft:font/vfx/blow_strong/4.png",
            "ascent": 16,
            "height": 32,
            "chars": [
                "4"
            ]
        },
        {
            "type": "bitmap",
            "file": "minecraft:font/vfx/blow_strong/5.png",
            "ascent": 16,
            "height": 32,
            "chars": [
                "5"
            ]
        },
        {
            "type": "bitmap",
            "file": "minecraft:font/vfx/blow_strong/6.png",
            "ascent": 16,
            "height": 32,
            "chars": [
                "6"
            ]
        },
        {
            "type": "bitmap",
            "file": "minecraft:font/vfx/blow_strong/7.png",
            "ascent": 16,
            "height": 32,
            "chars": [
                "7"
            ]
        },
        {
            "type": "bitmap",
            "file": "minecraft:font/vfx/blow_strong/8.png",
            "ascent": 16,
            "height": 32,
            "chars": [
                "8"
            ]
        }
    ]
}