{
    "providers": [
        {
            "type": "bitmap",
            "file": "minecraft:font/vfx/slash/0.png",
            "ascent": 16,
            "height": 32,
            "chars": [
                "0"
            ]
        },
        {
            "type": "bitmap",
            "file": "minecraft:font/vfx/slash/1.png",
            "ascent": 16,
            "height": 32,
            "chars": [
                "1"
            ]
        },
        {
            "type": "bitmap",
            "file": "minecraft:font/vfx/slash/2.png",
            "ascent": 16,
            "height": 32,
            "chars": [
                "2"
            ]
        },
        {
            "type": "bitmap",
            "file": "minecraft:font/vfx/slash/3.png",
            "ascent": 16,
            "height": 32,
            "chars": [
                "3"
            ]
        },
        {
            "type": "bitmap",
            "file": "minecraft:font/vfx/slash/4.png",
            "ascent": 16,
            "height": 32,
            "chars": [
                "4"
            ]
        },
        {
            "type": "bitmap",
            "file": "minecraft:font/vfx/slash/5.png",
            "ascent": 16,
            "height": 32,
            "chars": [
                "5"
            ]
        },
        {
            "type": "bitmap",
            "file": "minecraft:font/vfx/slash/6.png",
            "ascent": 16,
            "height": 32,
            "chars": [
                "6"
            ]
        },
        {
            "type": "bitmap",
            "file": "minecraft:font/vfx/slash/7.png",
            "ascent": 16,
            "height": 32,
            "chars": [
                "7"
            ]
        },
        {
            "type": "bitmap",
            "file": "minecraft:font/vfx/slash/8.png",
            "ascent": 16,
            "height": 32,
            "chars": [
                "8"
            ]
        }
    ]
}