{
	"format_version": "1.9.0",
	"credit": "Made with Blockbench",
	"texture_size": [64, 64],
	"textures": {
		"0": "item/skill/savior/scythe",
		"particle": "item/skill/savior/scythe"
	},
	"elements": [
		{
			"from": [8.5, -2.1, 8.5],
			"to": [9.5, 27.9, 9.5],
			"rotation": {"angle": 0, "axis": "y", "origin": [8, 13.9, 9]},
			"faces": {
				"north": {"uv": [1, 4.25, 0.75, 11.75], "texture": "#0", "tintindex": 0},
				"east": {"uv": [0.75, 4.25, 0.5, 11.75], "texture": "#0", "tintindex": 0},
				"south": {"uv": [0.5, 4.25, 0.25, 11.75], "texture": "#0", "tintindex": 0},
				"west": {"uv": [0.25, 4.25, 0, 11.75], "texture": "#0", "tintindex": 0},
				"up": {"uv": [6.25, 5.75, 6, 6], "rotation": 90, "texture": "#0", "tintindex": 0},
				"down": {"uv": [5.75, 6.5, 5.5, 6.25], "rotation": 270, "texture": "#0", "tintindex": 0}
			}
		},
		{
			"from": [8.25, 26.9, 8.25],
			"to": [9.75, 27.4, 9.75],
			"rotation": {"angle": 0, "axis": "y", "origin": [8, 13.9, 9]},
			"faces": {
				"north": {"uv": [6.875, 1.75, 6.5, 1.875], "texture": "#0", "tintindex": 0},
				"east": {"uv": [6.875, 1.5, 6.5, 1.625], "texture": "#0", "tintindex": 0},
				"south": {"uv": [6.875, 1.25, 6.5, 1.375], "texture": "#0", "tintindex": 0},
				"west": {"uv": [6.875, 1, 6.5, 1.125], "texture": "#0", "tintindex": 0},
				"up": {"uv": [1.875, 6.25, 1.5, 6.625], "rotation": 90, "texture": "#0", "tintindex": 0},
				"down": {"uv": [2.375, 6.625, 2, 6.25], "rotation": 270, "texture": "#0", "tintindex": 0}
			}
		},
		{
			"from": [8.25, 27.9, 8.25],
			"to": [9.75, 28.4, 9.75],
			"rotation": {"angle": 0, "axis": "y", "origin": [8, 13.9, 9]},
			"faces": {
				"north": {"uv": [6.875, 6.25, 6.5, 6.375], "texture": "#0", "tintindex": 0},
				"east": {"uv": [6.875, 6, 6.5, 6.125], "texture": "#0", "tintindex": 0},
				"south": {"uv": [6.375, 6.5, 6, 6.625], "texture": "#0", "tintindex": 0},
				"west": {"uv": [6.875, 5.75, 6.5, 5.875], "texture": "#0", "tintindex": 0},
				"up": {"uv": [3.375, 6.25, 3, 6.625], "rotation": 90, "texture": "#0", "tintindex": 0},
				"down": {"uv": [3.875, 6.625, 3.5, 6.25], "rotation": 270, "texture": "#0", "tintindex": 0}
			}
		},
		{
			"from": [8.25, 20.9, 8.25],
			"to": [9.75, 21.4, 9.75],
			"rotation": {"angle": 0, "axis": "y", "origin": [8, 13.9, 9]},
			"faces": {
				"north": {"uv": [6.875, 5.5, 6.5, 5.625], "texture": "#0", "tintindex": 0},
				"east": {"uv": [5.875, 6.5, 5.5, 6.625], "texture": "#0", "tintindex": 0},
				"south": {"uv": [6.875, 2.25, 6.5, 2.375], "texture": "#0", "tintindex": 0},
				"west": {"uv": [6.875, 2, 6.5, 2.125], "texture": "#0", "tintindex": 0},
				"up": {"uv": [2.875, 6.25, 2.5, 6.625], "rotation": 90, "texture": "#0", "tintindex": 0},
				"down": {"uv": [6.625, 2.875, 6.25, 2.5], "rotation": 270, "texture": "#0", "tintindex": 0}
			}
		},
		{
			"from": [8.25, 12.9, 8.25],
			"to": [9.75, 13.4, 9.75],
			"rotation": {"angle": 0, "axis": "y", "origin": [8, 13.9, 9]},
			"faces": {
				"north": {"uv": [7.125, 0.5, 6.75, 0.625], "texture": "#0", "tintindex": 0},
				"east": {"uv": [7.125, 0.25, 6.75, 0.375], "texture": "#0", "tintindex": 0},
				"south": {"uv": [7.125, 0, 6.75, 0.125], "texture": "#0", "tintindex": 0},
				"west": {"uv": [6.875, 6.5, 6.5, 6.625], "texture": "#0", "tintindex": 0},
				"up": {"uv": [4.375, 6.25, 4, 6.625], "rotation": 90, "texture": "#0", "tintindex": 0},
				"down": {"uv": [4.875, 6.625, 4.5, 6.25], "rotation": 270, "texture": "#0", "tintindex": 0}
			}
		},
		{
			"from": [8.5, 25.15086, -4.44275],
			"to": [9.5, 26.15086, 0.55725],
			"rotation": {"angle": 22.5, "axis": "x", "origin": [8, 13.9, 9]},
			"faces": {
				"north": {"uv": [6.5, 5.75, 6.25, 6], "texture": "#0", "tintindex": 0},
				"east": {"uv": [3.5, 5.5, 2.25, 5.75], "texture": "#0", "tintindex": 0},
				"south": {"uv": [6, 6.25, 5.75, 6.5], "texture": "#0", "tintindex": 0},
				"west": {"uv": [2.25, 5.5, 1, 5.75], "texture": "#0", "tintindex": 0},
				"up": {"uv": [6.75, 3, 5.5, 3.25], "rotation": 90, "texture": "#0", "tintindex": 0},
				"down": {"uv": [6.75, 3.5, 5.5, 3.25], "rotation": 270, "texture": "#0", "tintindex": 0}
			}
		},
		{
			"from": [8.5, 24.65086, 0.55725],
			"to": [9.5, 26.15086, 4.30725],
			"rotation": {"angle": 22.5, "axis": "x", "origin": [8, 13.9, 9]},
			"faces": {
				"north": {"uv": [5.5, 6.25, 5.25, 6.625], "texture": "#0", "tintindex": 0},
				"east": {"uv": [5.375, 5.25, 4.5, 5.625], "texture": "#0", "tintindex": 0},
				"south": {"uv": [5.25, 6.25, 5, 6.625], "texture": "#0", "tintindex": 0},
				"west": {"uv": [5.375, 4.75, 4.5, 5.125], "texture": "#0", "tintindex": 0},
				"up": {"uv": [3.875, 5.75, 3, 6], "rotation": 90, "texture": "#0", "tintindex": 0},
				"down": {"uv": [4.875, 6, 4, 5.75], "rotation": 270, "texture": "#0", "tintindex": 0}
			}
		},
		{
			"from": [8.525, 27.88636, 7.48799],
			"to": [9.475, 28.88636, 11.23799],
			"rotation": {"angle": 22.5, "axis": "x", "origin": [8, 13.9, 9]},
			"faces": {
				"north": {"uv": [6.75, 0.75, 6.5, 1], "texture": "#0", "tintindex": 0},
				"east": {"uv": [1.875, 6, 1, 6.25], "texture": "#0", "tintindex": 0},
				"south": {"uv": [6.75, 0.5, 6.5, 0.75], "texture": "#0", "tintindex": 0},
				"west": {"uv": [5.875, 5.75, 5, 6], "texture": "#0", "tintindex": 0},
				"up": {"uv": [2.875, 6, 2, 6.25], "rotation": 90, "texture": "#0", "tintindex": 0},
				"down": {"uv": [3.875, 6.25, 3, 6], "rotation": 270, "texture": "#0", "tintindex": 0}
			}
		},
		{
			"from": [8.975, 20.26504, -4.86872],
			"to": [9.025, 25.26504, 6.08128],
			"rotation": {"angle": 22.5, "axis": "x", "origin": [8, 13.9, 9]},
			"faces": {
				"north": {"uv": [1.125, 6.25, 1, 7.5], "texture": "#0", "tintindex": 0},
				"east": {"uv": [5.5, 3, 2.75, 4.25], "texture": "#0", "tintindex": 0},
				"south": {"uv": [6.375, 0, 6.25, 1.25], "texture": "#0", "tintindex": 0},
				"west": {"uv": [2.75, 3, 0, 4.25], "texture": "#0", "tintindex": 0},
				"up": {"uv": [6.25, 2.5, 3.5, 2.625], "rotation": 90, "texture": "#0", "tintindex": 0},
				"down": {"uv": [6.25, 2.875, 3.5, 2.75], "rotation": 270, "texture": "#0", "tintindex": 0}
			}
		},
		{
			"from": [8.975, 23.39216, 7.90708],
			"to": [9.025, 28.39216, 18.85708],
			"rotation": {"angle": 22.5, "axis": "x", "origin": [8, 13.9, 9]},
			"faces": {
				"north": {"uv": [6.375, 1.25, 6.25, 2.5], "texture": "#0", "tintindex": 0},
				"east": {"uv": [6.25, 1.25, 3.5, 2.5], "texture": "#0", "tintindex": 0},
				"south": {"uv": [1.375, 6.25, 1.25, 7.5], "texture": "#0", "tintindex": 0},
				"west": {"uv": [6.25, 0, 3.5, 1.25], "texture": "#0", "tintindex": 0},
				"up": {"uv": [7.25, 4.25, 4.5, 4.375], "rotation": 90, "texture": "#0", "tintindex": 0},
				"down": {"uv": [7.25, 4.625, 4.5, 4.5], "rotation": 270, "texture": "#0", "tintindex": 0}
			}
		},
		{
			"from": [8.5, 31.5, -0.82349],
			"to": [9.5, 32, 4.17651],
			"rotation": {"angle": -22.5, "axis": "x", "origin": [8, 13.9, 9]},
			"faces": {
				"north": {"uv": [1.75, 6.75, 1.5, 6.875], "texture": "#0", "tintindex": 0},
				"east": {"uv": [6.5, 6, 5.25, 6.125], "texture": "#0", "tintindex": 0},
				"south": {"uv": [7, 0.75, 6.75, 0.875], "texture": "#0", "tintindex": 0},
				"west": {"uv": [5.25, 6, 4, 6.125], "texture": "#0", "tintindex": 0},
				"up": {"uv": [6.75, 3.5, 5.5, 3.75], "rotation": 90, "texture": "#0", "tintindex": 0},
				"down": {"uv": [6.75, 4, 5.5, 3.75], "rotation": 270, "texture": "#0", "tintindex": 0}
			}
		},
		{
			"from": [8.65, 24.57514, 13.53627],
			"to": [9.35, 25.57514, 18.53627],
			"rotation": {"angle": -22.5, "axis": "x", "origin": [8, 13.9, 9]},
			"faces": {
				"north": {"uv": [6.75, 0.25, 6.5, 0.5], "texture": "#0", "tintindex": 0},
				"east": {"uv": [6.75, 4.75, 5.5, 5], "texture": "#0", "tintindex": 0},
				"south": {"uv": [6.75, 0, 6.5, 0.25], "texture": "#0", "tintindex": 0},
				"west": {"uv": [6.75, 4, 5.5, 4.25], "texture": "#0", "tintindex": 0},
				"up": {"uv": [6.75, 5, 5.5, 5.25], "rotation": 90, "texture": "#0", "tintindex": 0},
				"down": {"uv": [6.75, 5.5, 5.5, 5.25], "rotation": 270, "texture": "#0", "tintindex": 0}
			}
		},
		{
			"from": [8.5, 31, 4.17651],
			"to": [9.5, 32, 8.17651],
			"rotation": {"angle": -22.5, "axis": "x", "origin": [8, 13.9, 9]},
			"faces": {
				"north": {"uv": [6.5, 6.25, 6.25, 6.5], "texture": "#0", "tintindex": 0},
				"east": {"uv": [6.5, 5.5, 5.5, 5.75], "texture": "#0", "tintindex": 0},
				"south": {"uv": [6.25, 6.25, 6, 6.5], "texture": "#0", "tintindex": 0},
				"west": {"uv": [4.5, 5.5, 3.5, 5.75], "texture": "#0", "tintindex": 0},
				"up": {"uv": [2, 5.75, 1, 6], "rotation": 90, "texture": "#0", "tintindex": 0},
				"down": {"uv": [3, 6, 2, 5.75], "rotation": 270, "texture": "#0", "tintindex": 0}
			}
		},
		{
			"from": [9, 26.14047, -5.20617],
			"to": [9, 31.64047, 8.49383],
			"rotation": {"angle": -22.5, "axis": "x", "origin": [8, 13.9, 9]},
			"faces": {
				"north": {"uv": [0, 0, 0, 1.375], "texture": "#0", "tintindex": 0},
				"east": {"uv": [3.375, 1.5, 0, 2.875], "texture": "#0", "tintindex": 0},
				"south": {"uv": [0, 0, 0, 1.375], "texture": "#0", "tintindex": 0},
				"west": {"uv": [3.375, 0, 0, 1.375], "texture": "#0", "tintindex": 0},
				"up": {"uv": [3.375, 0, 0, 0], "rotation": 90, "texture": "#0", "tintindex": 0},
				"down": {"uv": [3.375, 0, 0, 0], "rotation": 270, "texture": "#0", "tintindex": 0}
			}
		},
		{
			"from": [9, 20.63485, 11.49978],
			"to": [9, 25.13485, 18.19978],
			"rotation": {"angle": -22.5, "axis": "x", "origin": [8, 13.9, 9]},
			"faces": {
				"north": {"uv": [0, 0, 0, 1.125], "texture": "#0", "tintindex": 0},
				"east": {"uv": [4.375, 4.25, 2.75, 5.375], "texture": "#0", "tintindex": 0},
				"south": {"uv": [0, 0, 0, 1.125], "texture": "#0", "tintindex": 0},
				"west": {"uv": [2.625, 4.25, 1, 5.375], "texture": "#0", "tintindex": 0},
				"up": {"uv": [1.625, 0, 0, 0], "rotation": 90, "texture": "#0", "tintindex": 0},
				"down": {"uv": [1.625, 0, 0, 0], "rotation": 270, "texture": "#0", "tintindex": 0}
			}
		}
	],
	"display": {}
}