{
	"format_version": "1.9.0",
	"credit": "Made with Blockbench",
	"texture_size": [1, 1],
	"textures": {
		"0": "item/skill/savior/swordbeam",
		"particle": "item/skill/savior/swordbeam"
	},
	"elements": [
		{
			"from": [3.25, 7.25, 8],
			"to": [5.25, 8.75, 18],
			"rotation": {"angle": 22.5, "axis": "y", "origin": [3.25, 7.25, 8]},
			"faces": {
				"north": {"uv": [0, 0, 16, 16], "texture": "#0"},
				"east": {"uv": [0, 0, 16, 16], "texture": "#0"},
				"south": {"uv": [0, 0, 16, 16], "texture": "#0"},
				"west": {"uv": [0, 0, 16, 16], "texture": "#0"},
				"up": {"uv": [0, 0, 16, 16], "texture": "#0"},
				"down": {"uv": [0, 0, 16, 16], "texture": "#0"}
			}
		},
		{
			"from": [3.25, 7.25, -2],
			"to": [5.25, 8.75, 8],
			"rotation": {"angle": -22.5, "axis": "y", "origin": [3.25, 7.25, 8]},
			"faces": {
				"north": {"uv": [0, 0, 16, 16], "texture": "#0"},
				"east": {"uv": [0, 0, 16, 16], "texture": "#0"},
				"south": {"uv": [0, 0, 16, 16], "texture": "#0"},
				"west": {"uv": [0, 0, 16, 16], "texture": "#0"},
				"up": {"uv": [0, 0, 16, 16], "texture": "#0"},
				"down": {"uv": [0, 0, 16, 16], "texture": "#0"}
			}
		},
		{
			"from": [10.75, 7.25, 8],
			"to": [12.75, 8.75, 18],
			"rotation": {"angle": -22.5, "axis": "y", "origin": [12.75, 7.25, 8]},
			"faces": {
				"north": {"uv": [16, 0, 0, 16], "texture": "#0"},
				"east": {"uv": [16, 0, 0, 16], "texture": "#0"},
				"south": {"uv": [16, 0, 0, 16], "texture": "#0"},
				"west": {"uv": [16, 0, 0, 16], "texture": "#0"},
				"up": {"uv": [16, 0, 0, 16], "texture": "#0"},
				"down": {"uv": [16, 0, 0, 16], "texture": "#0"}
			}
		},
		{
			"from": [10.75, 7.25, -2],
			"to": [12.75, 8.75, 8],
			"rotation": {"angle": 22.5, "axis": "y", "origin": [12.75, 7.25, 8]},
			"faces": {
				"north": {"uv": [16, 0, 0, 16], "texture": "#0"},
				"east": {"uv": [16, 0, 0, 16], "texture": "#0"},
				"south": {"uv": [16, 0, 0, 16], "texture": "#0"},
				"west": {"uv": [16, 0, 0, 16], "texture": "#0"},
				"up": {"uv": [16, 0, 0, 16], "texture": "#0"},
				"down": {"uv": [16, 0, 0, 16], "texture": "#0"}
			}
		}
	],
	"display": {}
}